-- MySQL dump 10.13  Distrib 5.5.41, for debian-linux-gnu (x86_64)
--
-- Host: localhost    Database: craft
-- ------------------------------------------------------
-- Server version	5.5.41-0ubuntu0.12.04.1

/*!40101 SET @OLD_CHARACTER_SET_CLIENT=@@CHARACTER_SET_CLIENT */;
/*!40101 SET @OLD_CHARACTER_SET_RESULTS=@@CHARACTER_SET_RESULTS */;
/*!40101 SET @OLD_COLLATION_CONNECTION=@@COLLATION_CONNECTION */;
/*!40101 SET NAMES utf8 */;
/*!40103 SET @OLD_TIME_ZONE=@@TIME_ZONE */;
/*!40103 SET TIME_ZONE='+00:00' */;
/*!40014 SET @OLD_UNIQUE_CHECKS=@@UNIQUE_CHECKS, UNIQUE_CHECKS=0 */;
/*!40014 SET @OLD_FOREIGN_KEY_CHECKS=@@FOREIGN_KEY_CHECKS, FOREIGN_KEY_CHECKS=0 */;
/*!40101 SET @OLD_SQL_MODE=@@SQL_MODE, SQL_MODE='NO_AUTO_VALUE_ON_ZERO' */;
/*!40111 SET @OLD_SQL_NOTES=@@SQL_NOTES, SQL_NOTES=0 */;

--
-- Table structure for table `craft_assetfiles`
--

DROP TABLE IF EXISTS `craft_assetfiles`;
/*!40101 SET @saved_cs_client     = @@character_set_client */;
/*!40101 SET character_set_client = utf8 */;
CREATE TABLE `craft_assetfiles` (
  `id` int(11) NOT NULL,
  `sourceId` int(11) DEFAULT NULL,
  `folderId` int(11) NOT NULL,
  `filename` varchar(255) COLLATE utf8_unicode_ci NOT NULL,
  `kind` varchar(50) COLLATE utf8_unicode_ci NOT NULL DEFAULT 'unknown',
  `width` smallint(6) unsigned DEFAULT NULL,
  `height` smallint(6) unsigned DEFAULT NULL,
  `size` int(11) unsigned DEFAULT NULL,
  `dateModified` datetime DEFAULT NULL,
  `dateCreated` datetime NOT NULL,
  `dateUpdated` datetime NOT NULL,
  `uid` char(36) COLLATE utf8_unicode_ci NOT NULL DEFAULT '0',
  PRIMARY KEY (`id`),
  UNIQUE KEY `craft_assetfiles_filename_folderId_unq_idx` (`filename`,`folderId`),
  KEY `craft_assetfiles_sourceId_fk` (`sourceId`),
  KEY `craft_assetfiles_folderId_fk` (`folderId`),
  CONSTRAINT `craft_assetfiles_folderId_fk` FOREIGN KEY (`folderId`) REFERENCES `craft_assetfolders` (`id`) ON DELETE CASCADE,
  CONSTRAINT `craft_assetfiles_id_fk` FOREIGN KEY (`id`) REFERENCES `craft_elements` (`id`) ON DELETE CASCADE,
  CONSTRAINT `craft_assetfiles_sourceId_fk` FOREIGN KEY (`sourceId`) REFERENCES `craft_assetsources` (`id`) ON DELETE CASCADE
) ENGINE=InnoDB DEFAULT CHARSET=utf8 COLLATE=utf8_unicode_ci;
/*!40101 SET character_set_client = @saved_cs_client */;

--
-- Dumping data for table `craft_assetfiles`
--

LOCK TABLES `craft_assetfiles` WRITE;
/*!40000 ALTER TABLE `craft_assetfiles` DISABLE KEYS */;
INSERT INTO `craft_assetfiles` VALUES (109,2,2,'janiss.jpg','image',224,300,26360,'2015-02-26 22:10:46','2015-02-26 21:26:02','2015-03-04 21:28:12','3d4c67ad-22d9-41a2-817b-3bd92db84274'),(134,2,2,'lighthouse.jpg','image',1000,667,340747,'2015-03-05 14:11:29','2015-03-05 14:11:29','2015-03-05 14:11:29','d22382d0-be7c-4edb-b5c8-5ede699c1c17'),(169,2,2,'Screen-Shot-2015-03-09-at-8.37.07-AM.png','image',576,296,41702,'2015-03-10 17:44:08','2015-03-10 17:44:09','2015-03-10 17:44:09','f4da81b6-ea3f-462d-a43c-9458ab505796'),(177,2,2,'gatheringplace_logoperson.svg','image',NULL,NULL,132399,'2015-03-11 14:44:55','2015-03-11 14:44:55','2015-03-11 14:44:55','23461142-de3c-4113-bf50-a28ece05e57a'),(182,2,2,'Newsletter.Final.pdf','pdf',NULL,NULL,1371201,'2015-03-11 20:52:04','2015-03-11 20:52:04','2015-03-11 20:52:04','f5197aa3-5171-4e61-9acd-d9716b294911'),(195,2,2,'girl.jpg','image',183,107,16153,'2015-03-18 17:48:25','2015-03-18 17:48:25','2015-03-18 17:48:25','3474d9d1-7fbb-4e4b-91d8-24a3d9b8117c'),(196,2,2,'girl2.jpg','image',489,308,110387,'2015-03-18 17:48:26','2015-03-18 17:48:26','2015-03-18 17:48:26','0fb5c2fb-1e73-4956-bc35-01d52f368911'),(197,2,2,'girl3.jpg','image',413,238,95772,'2015-03-18 17:48:26','2015-03-18 17:48:27','2015-03-18 17:48:27','16d909b0-8f7e-4a50-afa6-d8200a374e98'),(198,2,2,'girl4.jpg','image',861,539,273496,'2015-03-18 17:48:28','2015-03-18 17:48:28','2015-03-18 17:48:28','18263811-3e17-437f-b4f0-b43e5fc46723'),(205,2,2,'921-At-A-Glance6.hires.pdf','pdf',NULL,NULL,216574,'2015-03-20 21:19:48','2015-03-20 21:19:49','2015-03-20 21:19:49','7bd39ef2-c253-4dc2-b22a-36195c0de980'),(228,2,2,'TGP-AuditedFinancialStatements-FY1314.pdf','pdf',NULL,NULL,756046,'2015-03-31 19:42:37','2015-03-31 19:42:37','2015-03-31 19:42:37','7558678c-03ae-4087-b086-2c0f4476ec50'),(242,2,2,'113722870-paintedhands.jpg','image',2045,1468,1497439,'2015-04-16 02:09:55','2015-04-16 02:09:56','2015-04-16 02:09:56','3bc948f0-d01d-48e6-926e-8ccf5532bfe0'),(261,2,2,'Kris-Austin.jpg','image',156,225,33153,'2015-04-20 18:15:55','2015-04-20 18:15:55','2015-04-20 18:15:55','9544c3b2-64a3-4209-869a-7a1804d2e21d'),(262,2,2,'o-YOGA-HEALTH-BENEFITS-facebook.jpg','image',2000,1000,469625,'2015-04-20 18:27:55','2015-04-20 18:27:56','2015-04-20 18:27:56','a4a98e3a-f474-4b87-b79e-638f3df221bb'),(271,2,2,'staffphotos_16.jpg','image',600,302,39711,'2015-05-01 20:58:05','2015-05-01 20:58:05','2015-05-01 20:58:05','769ddee9-6639-4337-97bc-90bb9596613e'),(272,2,2,'staffphotos_12.jpg','image',600,302,39869,'2015-05-01 20:59:02','2015-05-01 20:59:03','2015-05-01 20:59:03','45c43f48-0e6b-4f7b-91f7-e4b0b08b73a4'),(273,2,2,'staffphotos_15.jpg','image',600,302,40150,'2015-05-01 20:59:44','2015-05-01 20:59:44','2015-05-01 20:59:44','765a7879-af3f-456c-94d7-d6677077c65c'),(274,2,2,'staffphotos_19.jpg','image',600,302,44053,'2015-05-01 21:00:00','2015-05-01 21:00:00','2015-05-01 21:00:00','14ab6a69-b91e-420e-8ae7-f09793f7f617'),(275,2,2,'staffphotos_10.jpg','image',600,302,40769,'2015-05-01 21:00:13','2015-05-01 21:00:13','2015-05-01 21:00:13','2474c64b-bd22-485f-bc04-913bbc1f915c'),(276,2,2,'staffphotos_14.jpg','image',600,302,39275,'2015-05-01 21:00:31','2015-05-01 21:00:32','2015-05-01 21:00:32','d4b86b8a-049b-44c0-8cc7-71f3a7c64d09'),(279,2,2,'daisyhomepage.png','image',1520,700,1528198,'2015-05-07 02:36:35','2015-05-07 02:36:37','2015-05-07 02:36:37','749651e9-90ec-4c3e-a6fa-5a43f5c6e209'),(282,2,2,'2012-08-30-11.09.13.jpg','image',3264,2448,1847997,'2015-05-26 14:07:46','2015-05-26 14:07:47','2015-05-26 14:07:47','97785d4f-4e4d-44d1-97c6-634c1c59ac98'),(283,2,2,'InthePink.jpg','image',363,486,18575,'2015-05-26 14:36:59','2015-05-26 14:36:59','2015-05-26 14:36:59','2c868422-deab-482d-9113-0e05ca8cf3b1'),(284,2,2,'InthePinkCanvasses.jpg','image',705,529,59676,'2015-05-26 14:36:59','2015-05-26 14:37:00','2015-05-26 14:37:00','d4552d86-5eae-4b05-a88b-f589ff1a7fb3'),(287,2,2,'Family-Drumming.westside.2014.jpg','image',2048,1536,644651,'2015-05-26 14:52:28','2015-05-26 14:52:28','2015-05-26 14:52:28','d77db90f-db9f-4055-9a65-f17fbf0a0272'),(288,2,2,'Simplicity.jpg','image',2448,3264,1971158,'2015-05-26 15:02:41','2015-05-26 15:02:42','2015-05-26 15:02:42','1da7d99f-8f9f-443e-9f7c-ec62eb4260b8'),(289,2,2,'AbstractArt.jpg','image',594,480,142898,'2015-05-26 15:09:27','2015-05-26 15:09:27','2015-05-26 15:09:27','be6b1a45-1c27-4900-be66-4f00b05d933d');
/*!40000 ALTER TABLE `craft_assetfiles` ENABLE KEYS */;
UNLOCK TABLES;

--
-- Table structure for table `craft_assetfolders`
--

DROP TABLE IF EXISTS `craft_assetfolders`;
/*!40101 SET @saved_cs_client     = @@character_set_client */;
/*!40101 SET character_set_client = utf8 */;
CREATE TABLE `craft_assetfolders` (
  `id` int(11) NOT NULL AUTO_INCREMENT,
  `parentId` int(11) DEFAULT NULL,
  `sourceId` int(11) DEFAULT NULL,
  `name` varchar(255) COLLATE utf8_unicode_ci NOT NULL,
  `path` varchar(255) COLLATE utf8_unicode_ci DEFAULT NULL,
  `dateCreated` datetime NOT NULL,
  `dateUpdated` datetime NOT NULL,
  `uid` char(36) COLLATE utf8_unicode_ci NOT NULL DEFAULT '0',
  PRIMARY KEY (`id`),
  UNIQUE KEY `craft_assetfolders_name_parentId_sourceId_unq_idx` (`name`,`parentId`,`sourceId`),
  KEY `craft_assetfolders_parentId_fk` (`parentId`),
  KEY `craft_assetfolders_sourceId_fk` (`sourceId`),
  CONSTRAINT `craft_assetfolders_parentId_fk` FOREIGN KEY (`parentId`) REFERENCES `craft_assetfolders` (`id`) ON DELETE CASCADE,
  CONSTRAINT `craft_assetfolders_sourceId_fk` FOREIGN KEY (`sourceId`) REFERENCES `craft_assetsources` (`id`) ON DELETE CASCADE
) ENGINE=InnoDB AUTO_INCREMENT=3 DEFAULT CHARSET=utf8 COLLATE=utf8_unicode_ci;
/*!40101 SET character_set_client = @saved_cs_client */;

--
-- Dumping data for table `craft_assetfolders`
--

LOCK TABLES `craft_assetfolders` WRITE;
/*!40000 ALTER TABLE `craft_assetfolders` DISABLE KEYS */;
INSERT INTO `craft_assetfolders` VALUES (2,NULL,2,'Images','','2015-01-27 16:22:57','2015-01-27 16:22:57','b047bf55-22db-40a7-a99a-ebcb1c94a807');
/*!40000 ALTER TABLE `craft_assetfolders` ENABLE KEYS */;
UNLOCK TABLES;

--
-- Table structure for table `craft_assetindexdata`
--

DROP TABLE IF EXISTS `craft_assetindexdata`;
/*!40101 SET @saved_cs_client     = @@character_set_client */;
/*!40101 SET character_set_client = utf8 */;
CREATE TABLE `craft_assetindexdata` (
  `id` int(11) NOT NULL AUTO_INCREMENT,
  `sessionId` varchar(36) COLLATE utf8_unicode_ci NOT NULL DEFAULT '',
  `sourceId` int(10) NOT NULL,
  `offset` int(10) NOT NULL,
  `uri` varchar(255) COLLATE utf8_unicode_ci DEFAULT NULL,
  `size` int(10) DEFAULT NULL,
  `recordId` int(10) DEFAULT NULL,
  `dateCreated` datetime NOT NULL,
  `dateUpdated` datetime NOT NULL,
  `uid` char(36) COLLATE utf8_unicode_ci NOT NULL DEFAULT '0',
  PRIMARY KEY (`id`),
  UNIQUE KEY `craft_assetindexdata_sessionId_sourceId_offset_unq_idx` (`sessionId`,`sourceId`,`offset`),
  KEY `craft_assetindexdata_sourceId_fk` (`sourceId`),
  CONSTRAINT `craft_assetindexdata_sourceId_fk` FOREIGN KEY (`sourceId`) REFERENCES `craft_assetsources` (`id`) ON DELETE CASCADE
) ENGINE=InnoDB DEFAULT CHARSET=utf8 COLLATE=utf8_unicode_ci;
/*!40101 SET character_set_client = @saved_cs_client */;

--
-- Dumping data for table `craft_assetindexdata`
--

LOCK TABLES `craft_assetindexdata` WRITE;
/*!40000 ALTER TABLE `craft_assetindexdata` DISABLE KEYS */;
/*!40000 ALTER TABLE `craft_assetindexdata` ENABLE KEYS */;
UNLOCK TABLES;

--
-- Table structure for table `craft_assetsources`
--

DROP TABLE IF EXISTS `craft_assetsources`;
/*!40101 SET @saved_cs_client     = @@character_set_client */;
/*!40101 SET character_set_client = utf8 */;
CREATE TABLE `craft_assetsources` (
  `id` int(11) NOT NULL AUTO_INCREMENT,
  `name` varchar(255) COLLATE utf8_unicode_ci NOT NULL,
  `handle` varchar(255) COLLATE utf8_unicode_ci NOT NULL,
  `type` varchar(150) COLLATE utf8_unicode_ci NOT NULL,
  `settings` text COLLATE utf8_unicode_ci,
  `sortOrder` tinyint(4) DEFAULT NULL,
  `fieldLayoutId` int(10) DEFAULT NULL,
  `dateCreated` datetime NOT NULL,
  `dateUpdated` datetime NOT NULL,
  `uid` char(36) COLLATE utf8_unicode_ci NOT NULL DEFAULT '0',
  PRIMARY KEY (`id`),
  UNIQUE KEY `craft_assetsources_name_unq_idx` (`name`),
  UNIQUE KEY `craft_assetsources_handle_unq_idx` (`handle`),
  KEY `craft_assetsources_fieldLayoutId_fk` (`fieldLayoutId`),
  CONSTRAINT `craft_assetsources_fieldLayoutId_fk` FOREIGN KEY (`fieldLayoutId`) REFERENCES `craft_fieldlayouts` (`id`) ON DELETE SET NULL
) ENGINE=InnoDB AUTO_INCREMENT=3 DEFAULT CHARSET=utf8 COLLATE=utf8_unicode_ci;
/*!40101 SET character_set_client = @saved_cs_client */;

--
-- Dumping data for table `craft_assetsources`
--

LOCK TABLES `craft_assetsources` WRITE;
/*!40000 ALTER TABLE `craft_assetsources` DISABLE KEYS */;
INSERT INTO `craft_assetsources` VALUES (2,'Images','images','Local','{\"path\":\"uploads\\/images\\/\",\"url\":\"\\/uploads\\/images\\/\"}',1,457,'2015-01-27 16:22:57','2015-03-10 17:43:02','fbd0b787-8e27-46f1-bf40-17f7b879768f');
/*!40000 ALTER TABLE `craft_assetsources` ENABLE KEYS */;
UNLOCK TABLES;

--
-- Table structure for table `craft_assettransformindex`
--

DROP TABLE IF EXISTS `craft_assettransformindex`;
/*!40101 SET @saved_cs_client     = @@character_set_client */;
/*!40101 SET character_set_client = utf8 */;
CREATE TABLE `craft_assettransformindex` (
  `id` int(11) NOT NULL AUTO_INCREMENT,
  `fileId` int(11) NOT NULL,
  `filename` varchar(255) COLLATE utf8_unicode_ci DEFAULT NULL,
  `format` varchar(255) COLLATE utf8_unicode_ci DEFAULT NULL,
  `location` varchar(255) COLLATE utf8_unicode_ci NOT NULL,
  `sourceId` int(11) DEFAULT NULL,
  `fileExists` tinyint(1) DEFAULT NULL,
  `inProgress` tinyint(1) DEFAULT NULL,
  `dateIndexed` datetime DEFAULT NULL,
  `dateCreated` datetime NOT NULL,
  `dateUpdated` datetime NOT NULL,
  `uid` char(36) COLLATE utf8_unicode_ci NOT NULL DEFAULT '0',
  PRIMARY KEY (`id`),
  KEY `craft_assettransformindex_sourceId_fileId_location_idx` (`sourceId`,`fileId`,`location`)
) ENGINE=InnoDB DEFAULT CHARSET=utf8 COLLATE=utf8_unicode_ci;
/*!40101 SET character_set_client = @saved_cs_client */;

--
-- Dumping data for table `craft_assettransformindex`
--

LOCK TABLES `craft_assettransformindex` WRITE;
/*!40000 ALTER TABLE `craft_assettransformindex` DISABLE KEYS */;
/*!40000 ALTER TABLE `craft_assettransformindex` ENABLE KEYS */;
UNLOCK TABLES;

--
-- Table structure for table `craft_assettransforms`
--

DROP TABLE IF EXISTS `craft_assettransforms`;
/*!40101 SET @saved_cs_client     = @@character_set_client */;
/*!40101 SET character_set_client = utf8 */;
CREATE TABLE `craft_assettransforms` (
  `id` int(11) NOT NULL AUTO_INCREMENT,
  `name` varchar(255) COLLATE utf8_unicode_ci NOT NULL,
  `handle` varchar(255) COLLATE utf8_unicode_ci NOT NULL,
  `mode` enum('stretch','fit','crop') COLLATE utf8_unicode_ci NOT NULL DEFAULT 'crop',
  `position` enum('top-left','top-center','top-right','center-left','center-center','center-right','bottom-left','bottom-center','bottom-right') COLLATE utf8_unicode_ci NOT NULL DEFAULT 'center-center',
  `height` int(10) DEFAULT NULL,
  `width` int(10) DEFAULT NULL,
  `format` varchar(255) COLLATE utf8_unicode_ci DEFAULT NULL,
  `quality` int(10) DEFAULT NULL,
  `dimensionChangeTime` datetime DEFAULT NULL,
  `dateCreated` datetime NOT NULL,
  `dateUpdated` datetime NOT NULL,
  `uid` char(36) COLLATE utf8_unicode_ci NOT NULL DEFAULT '0',
  PRIMARY KEY (`id`),
  UNIQUE KEY `craft_assettransforms_name_unq_idx` (`name`),
  UNIQUE KEY `craft_assettransforms_handle_unq_idx` (`handle`)
) ENGINE=InnoDB DEFAULT CHARSET=utf8 COLLATE=utf8_unicode_ci;
/*!40101 SET character_set_client = @saved_cs_client */;

--
-- Dumping data for table `craft_assettransforms`
--

LOCK TABLES `craft_assettransforms` WRITE;
/*!40000 ALTER TABLE `craft_assettransforms` DISABLE KEYS */;
/*!40000 ALTER TABLE `craft_assettransforms` ENABLE KEYS */;
UNLOCK TABLES;

--
-- Table structure for table `craft_calendars_calendars`
--

DROP TABLE IF EXISTS `craft_calendars_calendars`;
/*!40101 SET @saved_cs_client     = @@character_set_client */;
/*!40101 SET character_set_client = utf8 */;
CREATE TABLE `craft_calendars_calendars` (
  `id` int(11) NOT NULL AUTO_INCREMENT,
  `name` varchar(255) COLLATE utf8_unicode_ci NOT NULL,
  `handle` varchar(255) COLLATE utf8_unicode_ci NOT NULL,
  `fieldLayoutId` int(10) DEFAULT NULL,
  `dateCreated` datetime NOT NULL,
  `dateUpdated` datetime NOT NULL,
  `uid` char(36) COLLATE utf8_unicode_ci NOT NULL DEFAULT '0',
  PRIMARY KEY (`id`),
  UNIQUE KEY `craft_calendars_calendars_name_unq_idx` (`name`),
  UNIQUE KEY `craft_calendars_calendars_handle_unq_idx` (`handle`),
  KEY `craft_calendars_calendars_fieldLayoutId_fk` (`fieldLayoutId`),
  CONSTRAINT `craft_calendars_calendars_fieldLayoutId_fk` FOREIGN KEY (`fieldLayoutId`) REFERENCES `craft_fieldlayouts` (`id`) ON DELETE SET NULL
) ENGINE=InnoDB AUTO_INCREMENT=5 DEFAULT CHARSET=utf8 COLLATE=utf8_unicode_ci;
/*!40101 SET character_set_client = @saved_cs_client */;

--
-- Dumping data for table `craft_calendars_calendars`
--

LOCK TABLES `craft_calendars_calendars` WRITE;
/*!40000 ALTER TABLE `craft_calendars_calendars` DISABLE KEYS */;
INSERT INTO `craft_calendars_calendars` VALUES (1,'Events','eventsCalendar',543,'2015-01-28 17:03:59','2015-05-26 15:32:10','95cad1cb-c7b9-46f0-b03d-a61992474c52'),(4,'Warehouse Calendar','warehouseCalendar',477,'2015-03-17 21:07:37','2015-03-17 21:07:37','e4d8794b-20f8-46cc-a91a-728a4ccf4981');
/*!40000 ALTER TABLE `craft_calendars_calendars` ENABLE KEYS */;
UNLOCK TABLES;

--
-- Table structure for table `craft_calendars_eventdata`
--

DROP TABLE IF EXISTS `craft_calendars_eventdata`;
/*!40101 SET @saved_cs_client     = @@character_set_client */;
/*!40101 SET character_set_client = utf8 */;
CREATE TABLE `craft_calendars_eventdata` (
  `id` int(11) NOT NULL AUTO_INCREMENT,
  `elementId` int(11) NOT NULL,
  `calendarId` int(11) NOT NULL,
  `fieldId` int(11) DEFAULT NULL,
  `fieldHandle` varchar(255) COLLATE utf8_unicode_ci DEFAULT NULL,
  `elementType` varchar(255) COLLATE utf8_unicode_ci DEFAULT NULL,
  `startDate` datetime DEFAULT NULL,
  `endDate` datetime DEFAULT NULL,
  `allDay` tinyint(1) unsigned NOT NULL DEFAULT '0',
  `repeats` tinyint(1) unsigned NOT NULL DEFAULT '0',
  `repeatsForever` tinyint(1) unsigned NOT NULL DEFAULT '0',
  `lastPossibleDate` datetime DEFAULT NULL,
  `recurrenceRules` text COLLATE utf8_unicode_ci,
  `exceptionRules` text COLLATE utf8_unicode_ci,
  `locale` char(12) COLLATE utf8_unicode_ci DEFAULT NULL,
  `timeZoneOffset` int(10) DEFAULT NULL,
  `dateCreated` datetime NOT NULL,
  `dateUpdated` datetime NOT NULL,
  `uid` char(36) COLLATE utf8_unicode_ci NOT NULL DEFAULT '0',
  PRIMARY KEY (`id`),
  KEY `craft_calendars_eventdata_elementId_fk` (`elementId`),
  KEY `craft_calendars_eventdata_calendarId_fk` (`calendarId`),
  KEY `craft_calendars_eventdata_fieldId_fk` (`fieldId`),
  CONSTRAINT `craft_calendars_eventdata_calendarId_fk` FOREIGN KEY (`calendarId`) REFERENCES `craft_calendars_calendars` (`id`) ON DELETE CASCADE,
  CONSTRAINT `craft_calendars_eventdata_elementId_fk` FOREIGN KEY (`elementId`) REFERENCES `craft_elements` (`id`) ON DELETE CASCADE,
  CONSTRAINT `craft_calendars_eventdata_fieldId_fk` FOREIGN KEY (`fieldId`) REFERENCES `craft_fields` (`id`) ON DELETE SET NULL
) ENGINE=InnoDB AUTO_INCREMENT=25 DEFAULT CHARSET=utf8 COLLATE=utf8_unicode_ci;
/*!40101 SET character_set_client = @saved_cs_client */;

--
-- Dumping data for table `craft_calendars_eventdata`
--

LOCK TABLES `craft_calendars_eventdata` WRITE;
/*!40000 ALTER TABLE `craft_calendars_eventdata` DISABLE KEYS */;
INSERT INTO `craft_calendars_eventdata` VALUES (3,93,1,143,'eventsField','Entry','2015-03-11 14:00:00','2015-03-11 15:15:00',0,0,0,NULL,'{\r\n  \"rules\": [\r\n    {\r\n      \"ruleType\": {\r\n        \"name\": \"weekly\",\r\n        \"title\": \"Weekly\"\r\n      },\r\n      \"uiTemplateName\": \"fields-weekly_Template\",\r\n      \"showRepeatUntilDate\": true,\r\n      \"showRepeatUntilCount\": false,\r\n      \"repeatUntilType\": \"date\",\r\n      \"repeatUntilDate\": \"1/27/2016\",\r\n      \"repeatForever\": 0,\r\n      \"weeksInterval\": \"1\",\r\n      \"daysOfWeek\": \"Wed\"\r\n    }\r\n  ]\r\n}',NULL,'en_us',0,'2015-02-20 19:51:53','2015-03-27 15:58:19','6cfda760-1130-45b5-a350-73cb81f0b1ed'),(4,156,1,143,'eventsField','Entry','2015-03-12 11:00:00','2015-03-12 12:15:00',0,0,0,NULL,'{\r\n  \"rules\": [\r\n    {\r\n      \"ruleType\": {\r\n        \"name\": \"weekly\",\r\n        \"title\": \"Weekly\"\r\n      },\r\n      \"uiTemplateName\": \"fields-weekly_Template\",\r\n      \"showRepeatUntilDate\": false,\r\n      \"showRepeatUntilCount\": false,\r\n      \"repeatUntilType\": \"forever\",\r\n      \"repeatForever\": 1,\r\n      \"weeksInterval\": \"1\",\r\n      \"daysOfWeek\": \"Thu\"\r\n    }\r\n  ]\r\n}',NULL,'en_us',0,'2015-03-05 20:32:16','2015-03-26 15:16:04','5bb4b2ff-aa0a-4fa4-a80b-ef04fe626afd'),(5,159,1,143,'eventsField','Entry','2015-03-12 18:30:00','2015-03-12 19:15:00',0,0,0,NULL,'{\r\n  \"rules\": [\r\n    {\r\n      \"ruleType\": {\r\n        \"name\": \"weekly\",\r\n        \"title\": \"Weekly\"\r\n      },\r\n      \"uiTemplateName\": \"fields-weekly_Template\",\r\n      \"showRepeatUntilDate\": false,\r\n      \"showRepeatUntilCount\": false,\r\n      \"repeatUntilType\": \"forever\",\r\n      \"repeatForever\": 1,\r\n      \"weeksInterval\": \"1\",\r\n      \"daysOfWeek\": \"Thu\"\r\n    }\r\n  ]\r\n}',NULL,'en_us',0,'2015-03-05 20:42:49','2015-03-27 16:35:58','cbde9870-4205-4c6a-bd18-c01695b88ce7'),(6,193,1,143,'eventsField','Entry','2015-04-25 09:00:00','2015-04-25 14:00:00',0,0,0,NULL,'{\r\n  \"rules\": []\r\n}',NULL,'en_us',0,'2015-03-17 16:42:46','2015-04-01 18:57:25','b42395b3-747a-4f51-a602-f573d3f89a81'),(7,194,1,143,'eventsField','Entry','2015-03-29 11:00:00','2015-03-29 13:00:00',0,0,0,NULL,'{\r\n  \"rules\": []\r\n}',NULL,'en_us',0,'2015-03-17 16:43:26','2015-04-01 18:53:52','b4b76b63-cf1f-481b-94af-303c391f305a'),(8,220,1,143,'eventsField','Entry','2015-03-30 23:00:00','2015-03-30 23:30:00',0,0,0,NULL,'{\r\n  \"rules\": [\r\n    {\r\n      \"ruleType\": {\r\n        \"name\": \"weekly\",\r\n        \"title\": \"Weekly\"\r\n      },\r\n      \"uiTemplateName\": \"fields-weekly_Template\",\r\n      \"showRepeatUntilDate\": false,\r\n      \"showRepeatUntilCount\": false,\r\n      \"repeatUntilType\": \"forever\",\r\n      \"repeatForever\": 1,\r\n      \"weeksInterval\": \"1\",\r\n      \"daysOfWeek\": \"Mon\"\r\n    }\r\n  ]\r\n}',NULL,'en_us',0,'2015-03-27 19:06:44','2015-05-03 02:07:09','fe802c66-3055-4fdd-8062-178f253f9447'),(9,221,1,143,'eventsField','Entry','2015-03-31 13:30:00','2015-03-31 13:30:00',0,0,0,NULL,'{\r\n  \"rules\": [\r\n    {\r\n      \"ruleType\": {\r\n        \"name\": \"weekly\",\r\n        \"title\": \"Weekly\"\r\n      },\r\n      \"uiTemplateName\": \"fields-weekly_Template\",\r\n      \"showRepeatUntilDate\": false,\r\n      \"showRepeatUntilCount\": false,\r\n      \"repeatUntilType\": \"forever\",\r\n      \"repeatForever\": 1,\r\n      \"weeksInterval\": \"1\",\r\n      \"daysOfWeek\": \"Tue\"\r\n    }\r\n  ]\r\n}',NULL,'en_us',0,'2015-03-27 19:08:33','2015-03-27 19:18:07','dbf2feae-54ed-40ae-af88-0e485fb60cb5'),(10,222,1,143,'eventsField','Entry','2015-03-28 10:30:00','2015-03-28 11:00:00',0,0,0,NULL,'{\r\n  \"rules\": [\r\n    {\r\n      \"ruleType\": {\r\n        \"name\": \"weekly\",\r\n        \"title\": \"Weekly\"\r\n      },\r\n      \"uiTemplateName\": \"fields-weekly_Template\",\r\n      \"showRepeatUntilDate\": false,\r\n      \"showRepeatUntilCount\": false,\r\n      \"repeatUntilType\": \"forever\",\r\n      \"repeatForever\": 1,\r\n      \"weeksInterval\": \"1\",\r\n      \"daysOfWeek\": \"Sat\"\r\n    }\r\n  ]\r\n}',NULL,'en_us',0,'2015-03-27 19:09:56','2015-03-27 19:18:15','843da7e4-f19b-4db5-bb07-4cdc57d70ccf'),(11,223,1,143,'eventsField','Entry','2015-03-31 13:30:00','2015-03-31 14:00:00',0,0,0,NULL,'{\r\n  \"rules\": [\r\n    {\r\n      \"ruleType\": {\r\n        \"name\": \"weekly\",\r\n        \"title\": \"Weekly\"\r\n      },\r\n      \"uiTemplateName\": \"fields-weekly_Template\",\r\n      \"showRepeatUntilDate\": false,\r\n      \"showRepeatUntilCount\": false,\r\n      \"repeatUntilType\": \"forever\",\r\n      \"repeatForever\": 1,\r\n      \"weeksInterval\": \"1\",\r\n      \"daysOfWeek\": \"Tue\"\r\n    }\r\n  ]\r\n}',NULL,'en_us',0,'2015-03-27 19:11:24','2015-03-27 19:18:21','bfc66a1a-e6a4-418e-a174-b2510e6c7c98'),(13,225,1,143,'eventsField','Entry','2015-03-28 10:30:00','2015-03-28 11:00:00',0,0,0,NULL,'{\r\n  \"rules\": [\r\n    {\r\n      \"ruleType\": {\r\n        \"name\": \"weekly\",\r\n        \"title\": \"Weekly\"\r\n      },\r\n      \"uiTemplateName\": \"fields-weekly_Template\",\r\n      \"showRepeatUntilDate\": false,\r\n      \"showRepeatUntilCount\": false,\r\n      \"repeatUntilType\": \"forever\",\r\n      \"repeatForever\": 1,\r\n      \"weeksInterval\": \"1\",\r\n      \"daysOfWeek\": \"Sat\"\r\n    }\r\n  ]\r\n}',NULL,'en_us',0,'2015-03-27 19:13:58','2015-03-27 19:18:38','8294a4f3-67a5-4345-905a-99c450de2cf1'),(15,227,1,143,'eventsField','Entry','2015-05-02 18:30:00','2015-05-02 19:00:00',0,0,0,NULL,'{\r\n  \"rules\": [\r\n    {\r\n      \"ruleType\": {\r\n        \"name\": \"weekly\",\r\n        \"title\": \"Weekly\"\r\n      },\r\n      \"uiTemplateName\": \"fields-weekly_Template\",\r\n      \"showRepeatUntilDate\": false,\r\n      \"showRepeatUntilCount\": false,\r\n      \"repeatUntilType\": \"forever\",\r\n      \"repeatForever\": 1,\r\n      \"weeksInterval\": \"1\",\r\n      \"daysOfWeek\": \"Thu\"\r\n    }\r\n  ]\r\n}',NULL,'en_us',0,'2015-03-27 19:25:27','2015-05-03 02:06:25','1f793e59-5552-4086-a479-e9f046ec469e'),(16,249,1,143,'eventsField','Entry','2015-05-06 14:00:00','2015-05-06 15:30:00',0,0,0,NULL,'{\r\n  \"rules\": [\r\n    {\r\n      \"ruleType\": {\r\n        \"name\": \"monthlyByDayOfWeek\",\r\n        \"title\": \"Monthly, by Day of Week\"\r\n      },\r\n      \"uiTemplateName\": \"fields-monthlyByDayOfWeek_Template\",\r\n      \"showRepeatUntilDate\": false,\r\n      \"showRepeatUntilCount\": false,\r\n      \"repeatUntilType\": \"forever\",\r\n      \"repeatForever\": 1,\r\n      \"daysOfWeek\": \"Wed\",\r\n      \"monthsInterval\": \"1\",\r\n      \"dayOfWeekOrdinal\": \"1\"\r\n    },\r\n    {\r\n      \"ruleType\": {\r\n        \"name\": \"monthlyByDayOfWeek\",\r\n        \"title\": \"Monthly, by Day of Week\"\r\n      },\r\n      \"uiTemplateName\": \"fields-monthlyByDayOfWeek_Template\",\r\n      \"showRepeatUntilDate\": false,\r\n      \"showRepeatUntilCount\": false,\r\n      \"repeatUntilType\": \"forever\",\r\n      \"repeatForever\": 1,\r\n      \"daysOfWeek\": \"Wed\",\r\n      \"monthsInterval\": \"1\",\r\n      \"dayOfWeekOrdinal\": \"3\"\r\n    }\r\n  ]\r\n}',NULL,'en_us',0,'2015-04-19 18:23:03','2015-04-19 18:23:03','422be044-9414-4bb7-810a-2dffdda4e39b'),(17,250,1,143,'eventsField','Entry','2015-05-12 18:30:00','2015-05-12 20:00:00',0,0,0,NULL,'{\r\n  \"rules\": [\r\n    {\r\n      \"ruleType\": {\r\n        \"name\": \"monthlyByDayOfWeek\",\r\n        \"title\": \"Monthly, by Day of Week\"\r\n      },\r\n      \"uiTemplateName\": \"fields-monthlyByDayOfWeek_Template\",\r\n      \"showRepeatUntilDate\": false,\r\n      \"showRepeatUntilCount\": false,\r\n      \"repeatUntilType\": \"forever\",\r\n      \"repeatForever\": 1,\r\n      \"daysOfWeek\": \"Tue\",\r\n      \"monthsInterval\": \"1\",\r\n      \"dayOfWeekOrdinal\": \"2\"\r\n    },\r\n    {\r\n      \"ruleType\": {\r\n        \"name\": \"monthlyByDayOfWeek\",\r\n        \"title\": \"Monthly, by Day of Week\"\r\n      },\r\n      \"uiTemplateName\": \"fields-monthlyByDayOfWeek_Template\",\r\n      \"showRepeatUntilDate\": false,\r\n      \"showRepeatUntilCount\": false,\r\n      \"repeatUntilType\": \"forever\",\r\n      \"repeatForever\": 1,\r\n      \"daysOfWeek\": \"Tue\",\r\n      \"monthsInterval\": \"1\",\r\n      \"dayOfWeekOrdinal\": \"4\"\r\n    }\r\n  ]\r\n}',NULL,'en_us',0,'2015-04-19 18:26:33','2015-04-19 18:26:33','bee2fa74-0575-43ae-94dd-a8bcc09fd62e'),(18,251,1,143,'eventsField','Entry','2015-05-06 18:30:00','2015-05-06 20:00:00',0,0,0,NULL,'{\r\n  \"rules\": [\r\n    {\r\n      \"ruleType\": {\r\n        \"name\": \"monthlyByDayOfWeek\",\r\n        \"title\": \"Monthly, by Day of Week\"\r\n      },\r\n      \"uiTemplateName\": \"fields-monthlyByDayOfWeek_Template\",\r\n      \"showRepeatUntilDate\": false,\r\n      \"showRepeatUntilCount\": false,\r\n      \"repeatUntilType\": \"forever\",\r\n      \"repeatForever\": 1,\r\n      \"daysOfWeek\": \"Wed\",\r\n      \"monthsInterval\": \"1\",\r\n      \"dayOfWeekOrdinal\": \"1\"\r\n    },\r\n    {\r\n      \"ruleType\": {\r\n        \"name\": \"monthlyByDayOfWeek\",\r\n        \"title\": \"Monthly, by Day of Week\"\r\n      },\r\n      \"uiTemplateName\": \"fields-monthlyByDayOfWeek_Template\",\r\n      \"showRepeatUntilDate\": false,\r\n      \"showRepeatUntilCount\": false,\r\n      \"repeatUntilType\": \"forever\",\r\n      \"repeatForever\": 1,\r\n      \"daysOfWeek\": \"Wed\",\r\n      \"monthsInterval\": \"1\",\r\n      \"dayOfWeekOrdinal\": \"3\"\r\n    }\r\n  ]\r\n}',NULL,'en_us',0,'2015-04-19 18:37:08','2015-04-19 18:44:00','976c3885-b5ec-4228-9c13-62b4532c835f'),(19,252,1,143,'eventsField','Entry','2015-04-27 18:00:00','2015-04-27 20:00:00',0,0,0,NULL,'{\r\n  \"rules\": [\r\n    {\r\n      \"ruleType\": {\r\n        \"name\": \"monthlyByDayOfWeek\",\r\n        \"title\": \"Monthly, by Day of Week\"\r\n      },\r\n      \"uiTemplateName\": \"fields-monthlyByDayOfWeek_Template\",\r\n      \"showRepeatUntilDate\": true,\r\n      \"showRepeatUntilCount\": false,\r\n      \"repeatUntilType\": \"date\",\r\n      \"repeatUntilDate\": \"5/11/2015\",\r\n      \"repeatForever\": 0,\r\n      \"daysOfWeek\": \"Mon\",\r\n      \"monthsInterval\": \"1\",\r\n      \"dayOfWeekOrdinal\": \"2\"\r\n    },\r\n    {\r\n      \"ruleType\": {\r\n        \"name\": \"monthlyByDayOfWeek\",\r\n        \"title\": \"Monthly, by Day of Week\"\r\n      },\r\n      \"uiTemplateName\": \"fields-monthlyByDayOfWeek_Template\",\r\n      \"showRepeatUntilDate\": true,\r\n      \"showRepeatUntilCount\": false,\r\n      \"repeatUntilType\": \"date\",\r\n      \"repeatUntilDate\": \"5/11/2015\",\r\n      \"repeatForever\": 0,\r\n      \"daysOfWeek\": \"Mon\",\r\n      \"monthsInterval\": \"1\",\r\n      \"dayOfWeekOrdinal\": \"4\"\r\n    }\r\n  ]\r\n}',NULL,'en_us',0,'2015-04-19 18:39:35','2015-04-19 18:43:29','e42982ea-058d-4837-a77a-4201dee6007e'),(20,253,1,143,'eventsField','Entry','2015-06-08 18:30:00','2015-06-08 20:00:00',0,0,0,NULL,'{\r\n  \"rules\": [\r\n    {\r\n      \"ruleType\": {\r\n        \"name\": \"monthlyByDayOfWeek\",\r\n        \"title\": \"Monthly, by Day of Week\"\r\n      },\r\n      \"uiTemplateName\": \"fields-monthlyByDayOfWeek_Template\",\r\n      \"showRepeatUntilDate\": false,\r\n      \"showRepeatUntilCount\": false,\r\n      \"repeatUntilType\": \"forever\",\r\n      \"repeatForever\": 1,\r\n      \"daysOfWeek\": \"Mon\",\r\n      \"monthsInterval\": \"1\",\r\n      \"dayOfWeekOrdinal\": \"2\"\r\n    },\r\n    {\r\n      \"ruleType\": {\r\n        \"name\": \"monthlyByDayOfWeek\",\r\n        \"title\": \"Monthly, by Day of Week\"\r\n      },\r\n      \"uiTemplateName\": \"fields-monthlyByDayOfWeek_Template\",\r\n      \"showRepeatUntilDate\": false,\r\n      \"showRepeatUntilCount\": false,\r\n      \"repeatUntilType\": \"forever\",\r\n      \"repeatForever\": 1,\r\n      \"daysOfWeek\": \"Mon\",\r\n      \"monthsInterval\": \"1\",\r\n      \"dayOfWeekOrdinal\": \"4\"\r\n    }\r\n  ]\r\n}',NULL,'en_us',0,'2015-04-19 18:41:50','2015-04-19 18:43:47','83e58aaf-4a2c-4138-bd49-cc4ce863f08c'),(21,265,1,143,'eventsField','Entry','2015-04-20 14:00:00','2015-04-20 16:00:00',0,0,0,NULL,'{\r\n  \"rules\": [\r\n    {\r\n      \"ruleType\": {\r\n        \"name\": \"weekly\",\r\n        \"title\": \"Weekly\"\r\n      },\r\n      \"uiTemplateName\": \"fields-weekly_Template\",\r\n      \"showRepeatUntilDate\": true,\r\n      \"showRepeatUntilCount\": false,\r\n      \"repeatUntilType\": \"date\",\r\n      \"repeatUntilDate\": \"5/22/2015\",\r\n      \"repeatForever\": 0,\r\n      \"weeksInterval\": \"1\",\r\n      \"daysOfWeek\": \"Mon\"\r\n    }\r\n  ]\r\n}',NULL,'en_us',0,'2015-04-20 18:53:26','2015-04-20 18:53:26','e5e30167-33bc-4190-834f-1b4641c750ec'),(22,266,1,143,'eventsField','Entry','2015-04-20 01:00:00','2015-04-20 03:30:00',0,0,0,NULL,'{\r\n  \"rules\": [\r\n    {\r\n      \"ruleType\": {\r\n        \"name\": \"daily\",\r\n        \"title\": \"Daily\"\r\n      },\r\n      \"uiTemplateName\": \"fields-daily_Template\",\r\n      \"showRepeatUntilDate\": true,\r\n      \"showRepeatUntilCount\": false,\r\n      \"repeatUntilType\": \"date\",\r\n      \"repeatUntilDate\": \"4/23/2015\",\r\n      \"repeatForever\": 0,\r\n      \"daysInterval\": \"1\"\r\n    }\r\n  ]\r\n}',NULL,'en_us',0,'2015-04-20 19:05:18','2015-04-20 19:06:11','16de4793-1189-4717-856b-b40409f13239'),(23,268,1,143,'eventsField','Entry','2015-04-06 18:00:00','2015-04-06 20:15:00',0,0,0,NULL,'{\r\n  \"rules\": [\r\n    {\r\n      \"ruleType\": {\r\n        \"name\": \"weekly\",\r\n        \"title\": \"Weekly\"\r\n      },\r\n      \"uiTemplateName\": \"fields-weekly_Template\",\r\n      \"showRepeatUntilDate\": true,\r\n      \"showRepeatUntilCount\": false,\r\n      \"repeatUntilType\": \"date\",\r\n      \"repeatUntilDate\": \"5/27/2015\",\r\n      \"repeatForever\": 0,\r\n      \"weeksInterval\": \"1\",\r\n      \"daysOfWeek\": \"Wed\"\r\n    },\r\n    {\r\n      \"ruleType\": {\r\n        \"name\": \"weekly\",\r\n        \"title\": \"Weekly\"\r\n      },\r\n      \"uiTemplateName\": \"fields-weekly_Template\",\r\n      \"showRepeatUntilDate\": true,\r\n      \"showRepeatUntilCount\": false,\r\n      \"repeatUntilType\": \"date\",\r\n      \"repeatUntilDate\": \"5/27/2015\",\r\n      \"repeatForever\": 0,\r\n      \"weeksInterval\": \"1\",\r\n      \"daysOfWeek\": \"Mon\"\r\n    }\r\n  ]\r\n}',NULL,'en_us',0,'2015-04-26 21:59:56','2015-04-26 22:04:05','c5867523-9a1f-4141-b2e3-82a63518d60b'),(24,290,1,143,'eventsField','Entry','2015-08-04 16:30:00','2015-08-04 18:00:00',0,0,0,NULL,'{\r\n  \"rules\": [\r\n    {\r\n      \"ruleType\": {\r\n        \"name\": \"selectedDate\",\r\n        \"title\": \"On a Selected Date\"\r\n      },\r\n      \"uiTemplateName\": \"fields-selectedDate_Template\",\r\n      \"showRepeatUntilDate\": false,\r\n      \"showRepeatUntilCount\": false,\r\n      \"startDate\": \"8/11/2015\",\r\n      \"endDate\": \"8/11/2015\",\r\n      \"startTime\": \"4:30 PM\",\r\n      \"endTime\": \"6:00 PM\"\r\n    },\r\n    {\r\n      \"ruleType\": {\r\n        \"name\": \"selectedDate\",\r\n        \"title\": \"On a Selected Date\"\r\n      },\r\n      \"uiTemplateName\": \"fields-selectedDate_Template\",\r\n      \"showRepeatUntilDate\": false,\r\n      \"showRepeatUntilCount\": false,\r\n      \"startDate\": \"8/18/2015\",\r\n      \"endDate\": \"8/18/2015\",\r\n      \"startTime\": \"4:30 PM\"\r\n    },\r\n    {\r\n      \"ruleType\": {\r\n        \"name\": \"selectedDate\",\r\n        \"title\": \"On a Selected Date\"\r\n      },\r\n      \"uiTemplateName\": \"fields-selectedDate_Template\",\r\n      \"showRepeatUntilDate\": false,\r\n      \"showRepeatUntilCount\": false,\r\n      \"startDate\": \"8/25/2015\",\r\n      \"endDate\": \"8/25/2015\",\r\n      \"startTime\": \"4:30 PM\",\r\n      \"endTime\": \"6:00 PM\"\r\n    }\r\n  ]\r\n}',NULL,'en_us',0,'2015-05-26 16:11:04','2015-05-26 21:27:28','b2c8ffc8-de8c-423e-90bb-20937c46efb2');
/*!40000 ALTER TABLE `craft_calendars_eventdata` ENABLE KEYS */;
UNLOCK TABLES;

--
-- Table structure for table `craft_categories`
--

DROP TABLE IF EXISTS `craft_categories`;
/*!40101 SET @saved_cs_client     = @@character_set_client */;
/*!40101 SET character_set_client = utf8 */;
CREATE TABLE `craft_categories` (
  `id` int(11) NOT NULL,
  `groupId` int(11) NOT NULL,
  `dateCreated` datetime NOT NULL,
  `dateUpdated` datetime NOT NULL,
  `uid` char(36) COLLATE utf8_unicode_ci NOT NULL DEFAULT '0',
  PRIMARY KEY (`id`),
  KEY `craft_categories_groupId_fk` (`groupId`),
  CONSTRAINT `craft_categories_groupId_fk` FOREIGN KEY (`groupId`) REFERENCES `craft_categorygroups` (`id`) ON DELETE CASCADE,
  CONSTRAINT `craft_categories_id_fk` FOREIGN KEY (`id`) REFERENCES `craft_elements` (`id`) ON DELETE CASCADE
) ENGINE=InnoDB DEFAULT CHARSET=utf8 COLLATE=utf8_unicode_ci;
/*!40101 SET character_set_client = @saved_cs_client */;

--
-- Dumping data for table `craft_categories`
--

LOCK TABLES `craft_categories` WRITE;
/*!40000 ALTER TABLE `craft_categories` DISABLE KEYS */;
INSERT INTO `craft_categories` VALUES (31,4,'2015-02-18 22:23:48','2015-02-18 22:23:48','42a0afe2-16ed-4d76-ae6c-af9128aa1a00'),(32,4,'2015-02-18 22:24:10','2015-02-18 22:24:10','e6df79a4-4e9e-430f-98d8-65f72b4a37dd'),(33,4,'2015-02-18 22:24:21','2015-02-18 22:24:21','d3cd8d4d-c73e-49cb-8b7c-7ed8c5a6b3bf'),(34,4,'2015-02-18 22:24:27','2015-02-18 22:24:27','fc3e299a-e592-4886-a8a4-ddc32b153642'),(82,8,'2015-02-19 22:33:16','2015-02-19 22:33:16','89dac941-9c88-49a9-a052-b535f03967c8'),(83,8,'2015-02-19 22:33:32','2015-02-19 22:33:32','37003aa0-b637-42de-a285-d60e7f600b03'),(117,8,'2015-02-27 22:39:04','2015-02-27 22:39:04','f553dc84-a324-4113-b42e-eff9688492c9'),(118,8,'2015-02-27 22:39:55','2015-02-27 22:39:55','09132d51-bedc-433c-9f04-5dd7dfcdf06e'),(119,9,'2015-03-03 16:54:39','2015-03-03 16:54:39','55dd99a8-b89e-4a07-931d-9588bddfe351'),(120,9,'2015-03-03 16:54:47','2015-03-03 16:54:47','e9d9ec68-239b-40f6-9ef6-8d77fcd145a1'),(127,4,'2015-03-04 18:56:11','2015-03-04 18:56:32','63873edc-8184-47fb-9dab-42c38804d8e4'),(135,6,'2015-03-05 15:05:41','2015-03-25 15:58:47','bf51dbab-28b9-4c10-94dd-514f32ab3fa8'),(136,6,'2015-03-05 15:05:54','2015-03-25 16:02:52','06d9dc30-6d3b-4535-9b74-f242f8f096aa'),(137,6,'2015-03-05 15:06:01','2015-03-25 15:59:18','d35bd77e-0a08-4e24-a0d3-df0c35fdfc1c'),(138,6,'2015-03-05 15:06:09','2015-03-25 15:59:36','16ec1e2d-e30a-4d49-8491-e4fc5b3deced'),(139,6,'2015-03-05 15:06:16','2015-03-25 15:59:53','a30227b8-76f8-4a0e-9afa-606c7ca64e41'),(142,6,'2015-03-05 15:06:52','2015-03-25 16:00:12','c3d455e4-ff82-4b83-8060-e8c13528bd7a'),(143,6,'2015-03-05 15:07:00','2015-03-05 15:07:00','53fff82f-ce51-41fb-b2d1-6ed3c45d96c6'),(144,6,'2015-03-05 15:07:08','2015-03-25 16:00:26','186c3455-bd6a-4b4f-b953-443b5848c3ee'),(145,6,'2015-03-05 15:07:17','2015-03-25 16:00:53','5b596103-6400-4fc6-a7f9-3ef231e8e223'),(146,6,'2015-03-05 15:07:48','2015-03-25 16:01:20','f1f63a2d-905e-47a0-8669-1a0b24f90c7d'),(147,9,'2015-03-05 15:10:31','2015-03-05 15:10:31','f0fc3ba8-9d5e-4adc-a6e3-bbdb5c9fc24e'),(162,5,'2015-03-10 17:25:24','2015-03-10 17:25:24','329e7af2-59a7-41c3-ad70-db48749de597'),(163,5,'2015-03-10 17:25:36','2015-03-10 17:25:36','536d7501-a36b-49a7-a577-3952f7f5b0c1'),(164,5,'2015-03-10 17:25:42','2015-03-10 17:25:42','99b1bffb-61ec-4695-805b-c7efbd970b67'),(165,5,'2015-03-10 17:26:00','2015-03-10 17:26:00','44a77569-c2bc-4840-b4fd-336084010502'),(166,5,'2015-03-10 17:26:08','2015-03-10 17:26:08','e72832ac-7ea7-44ff-9821-ba2f4d7c63cd'),(167,5,'2015-03-10 17:26:18','2015-03-10 17:26:18','47034ebf-9e22-4c0c-b70b-f593aeb41e78'),(168,5,'2015-03-10 17:31:25','2015-03-10 17:31:25','08ad1518-e23f-49d8-91f9-69820034b31f'),(183,5,'2015-03-11 21:12:56','2015-03-11 21:12:56','d808d4c1-27ed-4d8e-9f55-9da53af97d89'),(207,6,'2015-03-25 16:01:31','2015-03-25 16:01:31','06697be1-d818-42e5-ae2c-5f3a4cc7880f'),(208,6,'2015-03-25 16:02:04','2015-03-25 16:02:04','6c9de181-d0a2-4777-8967-c5693a646a10'),(209,6,'2015-03-25 16:02:17','2015-03-25 16:02:17','ed0d45be-3e6c-48ee-bfa6-501254bcf463'),(210,6,'2015-03-25 16:02:25','2015-03-25 16:02:25','e7e166cd-b5d8-45e6-9ec5-3fee6d538063'),(211,6,'2015-03-25 16:02:44','2015-03-25 16:03:23','d4f55d8f-efbe-4aa5-8a0c-08fccfc1b404'),(212,6,'2015-03-25 16:04:04','2015-03-25 16:04:09','07e1e247-903e-49f0-8895-1be1e63fe85e'),(213,6,'2015-03-25 16:05:20','2015-03-25 16:05:20','39ab8555-735c-4e28-9832-fd9c524971cd'),(214,6,'2015-03-25 16:05:28','2015-03-25 16:05:28','12a157ea-2763-405c-bdc0-6853db7e7b95'),(215,6,'2015-03-25 16:05:40','2015-03-25 16:05:40','e3e9252d-e2e3-48a7-b282-d6380c130b07'),(216,6,'2015-03-25 16:05:49','2015-03-25 16:05:49','dc2f1e16-912e-45f7-9b30-570eb5ef4ab0');
/*!40000 ALTER TABLE `craft_categories` ENABLE KEYS */;
UNLOCK TABLES;

--
-- Table structure for table `craft_categorygroups`
--

DROP TABLE IF EXISTS `craft_categorygroups`;
/*!40101 SET @saved_cs_client     = @@character_set_client */;
/*!40101 SET character_set_client = utf8 */;
CREATE TABLE `craft_categorygroups` (
  `id` int(11) NOT NULL AUTO_INCREMENT,
  `structureId` int(11) NOT NULL,
  `fieldLayoutId` int(11) DEFAULT NULL,
  `name` varchar(255) COLLATE utf8_unicode_ci NOT NULL,
  `handle` varchar(255) COLLATE utf8_unicode_ci NOT NULL,
  `hasUrls` tinyint(1) unsigned NOT NULL DEFAULT '1',
  `template` varchar(500) COLLATE utf8_unicode_ci DEFAULT NULL,
  `dateCreated` datetime NOT NULL,
  `dateUpdated` datetime NOT NULL,
  `uid` char(36) COLLATE utf8_unicode_ci NOT NULL DEFAULT '0',
  PRIMARY KEY (`id`),
  UNIQUE KEY `craft_categorygroups_name_unq_idx` (`name`),
  UNIQUE KEY `craft_categorygroups_handle_unq_idx` (`handle`),
  KEY `craft_categorygroups_structureId_fk` (`structureId`),
  KEY `craft_categorygroups_fieldLayoutId_fk` (`fieldLayoutId`),
  CONSTRAINT `craft_categorygroups_fieldLayoutId_fk` FOREIGN KEY (`fieldLayoutId`) REFERENCES `craft_fieldlayouts` (`id`) ON DELETE SET NULL,
  CONSTRAINT `craft_categorygroups_structureId_fk` FOREIGN KEY (`structureId`) REFERENCES `craft_structures` (`id`) ON DELETE CASCADE
) ENGINE=InnoDB AUTO_INCREMENT=10 DEFAULT CHARSET=utf8 COLLATE=utf8_unicode_ci;
/*!40101 SET character_set_client = @saved_cs_client */;

--
-- Dumping data for table `craft_categorygroups`
--

LOCK TABLES `craft_categorygroups` WRITE;
/*!40000 ALTER TABLE `craft_categorygroups` DISABLE KEYS */;
INSERT INTO `craft_categorygroups` VALUES (4,6,128,'Stories','stories',1,'','2015-02-18 22:23:11','2015-02-18 22:23:11','5955d626-db78-461c-bc8b-0a8eb097045d'),(5,7,131,'Resources','resources',1,'','2015-02-18 22:28:09','2015-02-18 22:28:09','d702c170-b6b5-4bd5-8da4-a0069298c561'),(6,8,399,'Event Types','eventTypes',0,NULL,'2015-02-18 22:28:17','2015-03-05 15:02:12','ab40e099-f267-4942-aef7-dbc111362b9e'),(7,9,133,'Programs/Services','programsServices',1,'','2015-02-18 22:28:54','2015-02-18 22:28:54','5363228c-01c7-43bd-9898-9d4ad17d0938'),(8,11,345,'Target Audience','targetAudience',1,'','2015-02-19 22:32:51','2015-02-24 21:01:40','d81cb801-7675-48fd-a323-1ec7713b018a'),(9,12,378,'TGP Sites','tgpSites',0,NULL,'2015-03-03 16:54:24','2015-03-03 16:54:24','439ff039-9e42-4de8-b5e0-52d0ef6d6981');
/*!40000 ALTER TABLE `craft_categorygroups` ENABLE KEYS */;
UNLOCK TABLES;

--
-- Table structure for table `craft_categorygroups_i18n`
--

DROP TABLE IF EXISTS `craft_categorygroups_i18n`;
/*!40101 SET @saved_cs_client     = @@character_set_client */;
/*!40101 SET character_set_client = utf8 */;
CREATE TABLE `craft_categorygroups_i18n` (
  `id` int(11) NOT NULL AUTO_INCREMENT,
  `groupId` int(11) NOT NULL,
  `locale` char(12) COLLATE utf8_unicode_ci NOT NULL,
  `urlFormat` varchar(255) COLLATE utf8_unicode_ci DEFAULT NULL,
  `nestedUrlFormat` varchar(255) COLLATE utf8_unicode_ci DEFAULT NULL,
  `dateCreated` datetime NOT NULL,
  `dateUpdated` datetime NOT NULL,
  `uid` char(36) COLLATE utf8_unicode_ci NOT NULL DEFAULT '0',
  PRIMARY KEY (`id`),
  UNIQUE KEY `craft_categorygroups_i18n_groupId_locale_unq_idx` (`groupId`,`locale`),
  KEY `craft_categorygroups_i18n_locale_fk` (`locale`),
  CONSTRAINT `craft_categorygroups_i18n_groupId_fk` FOREIGN KEY (`groupId`) REFERENCES `craft_categorygroups` (`id`) ON DELETE CASCADE,
  CONSTRAINT `craft_categorygroups_i18n_locale_fk` FOREIGN KEY (`locale`) REFERENCES `craft_locales` (`locale`) ON DELETE CASCADE ON UPDATE CASCADE
) ENGINE=InnoDB AUTO_INCREMENT=10 DEFAULT CHARSET=utf8 COLLATE=utf8_unicode_ci;
/*!40101 SET character_set_client = @saved_cs_client */;

--
-- Dumping data for table `craft_categorygroups_i18n`
--

LOCK TABLES `craft_categorygroups_i18n` WRITE;
/*!40000 ALTER TABLE `craft_categorygroups_i18n` DISABLE KEYS */;
INSERT INTO `craft_categorygroups_i18n` VALUES (4,4,'en_us','stories/{slug}','{parent.uri}/{slug}','2015-02-18 22:23:11','2015-02-18 22:23:11','1710098b-fe3b-476e-95e4-1d003b947ed1'),(5,5,'en_us','resources/{slug}','{parent.uri}/{slug}','2015-02-18 22:28:09','2015-02-18 22:28:09','8a336c1f-30e4-4d42-b550-3589f39063b5'),(6,6,'en_us',NULL,NULL,'2015-02-18 22:28:17','2015-03-05 15:01:50','6bd78c70-3b11-49b9-869e-d9bddc640707'),(7,7,'en_us','programs-services/{slug}','{parent.uri}/{slug}','2015-02-18 22:28:54','2015-02-18 22:28:54','6f2998a0-e67f-43ed-bd23-7df4afe4cccb'),(8,8,'en_us','target-audience/{slug}','{parent.uri}/{slug}','2015-02-19 22:32:51','2015-02-23 20:15:48','a1f870a1-0830-4491-8672-cf331e81dc72'),(9,9,'en_us',NULL,NULL,'2015-03-03 16:54:24','2015-03-03 16:54:24','7659f164-f389-4280-8387-7946f67f338d');
/*!40000 ALTER TABLE `craft_categorygroups_i18n` ENABLE KEYS */;
UNLOCK TABLES;

--
-- Table structure for table `craft_content`
--

DROP TABLE IF EXISTS `craft_content`;
/*!40101 SET @saved_cs_client     = @@character_set_client */;
/*!40101 SET character_set_client = utf8 */;
CREATE TABLE `craft_content` (
  `id` int(11) NOT NULL AUTO_INCREMENT,
  `elementId` int(11) NOT NULL,
  `locale` char(12) COLLATE utf8_unicode_ci NOT NULL,
  `title` varchar(255) COLLATE utf8_unicode_ci DEFAULT NULL,
  `field_body` text COLLATE utf8_unicode_ci,
  `field_information` text COLLATE utf8_unicode_ci,
  `field_eventsField` datetime DEFAULT NULL,
  `field_memberName` text COLLATE utf8_unicode_ci,
  `field_memberTitle` text COLLATE utf8_unicode_ci,
  `field_honoraryMember` tinyint(1) unsigned NOT NULL DEFAULT '0',
  `field_employer` text COLLATE utf8_unicode_ci,
  `field_postNominals` text COLLATE utf8_unicode_ci,
  `field_memberBio` text COLLATE utf8_unicode_ci,
  `field_briefProfile` varchar(120) COLLATE utf8_unicode_ci DEFAULT NULL,
  `field_memberEmail` text COLLATE utf8_unicode_ci,
  `field_subtitle` text COLLATE utf8_unicode_ci,
  `field_reminders` text COLLATE utf8_unicode_ci,
  `field_contactEmail` text COLLATE utf8_unicode_ci,
  `field_missionStatement` text COLLATE utf8_unicode_ci,
  `field_philosophy` text COLLATE utf8_unicode_ci,
  `field_artTGP` text COLLATE utf8_unicode_ci,
  `field_programsOverview` text COLLATE utf8_unicode_ci,
  `field_eastInfo` text COLLATE utf8_unicode_ci,
  `field_westInfo` text COLLATE utf8_unicode_ci,
  `field_supportUsBlock` text COLLATE utf8_unicode_ci,
  `field_resourceDisclaimer` text COLLATE utf8_unicode_ci,
  `field_overview` text COLLATE utf8_unicode_ci,
  `field_altText` varchar(100) COLLATE utf8_unicode_ci DEFAULT NULL,
  `field_warehouseSaleOverview` text COLLATE utf8_unicode_ci,
  `field_donateFurnitureOverview` text COLLATE utf8_unicode_ci,
  `field_donateFurnitureEmail` text COLLATE utf8_unicode_ci,
  `field_introduction` text COLLATE utf8_unicode_ci,
  `field_additionalContactInfo` text COLLATE utf8_unicode_ci,
  `field_contactPhone` text COLLATE utf8_unicode_ci,
  `field_galleryUrl` varchar(255) COLLATE utf8_unicode_ci DEFAULT NULL,
  `field_documentTitle` text COLLATE utf8_unicode_ci,
  `field_eventsOverview` text COLLATE utf8_unicode_ci,
  `field_programContactInfo` text COLLATE utf8_unicode_ci,
  `field_pressReleases` text COLLATE utf8_unicode_ci,
  `field_mediaCoverage` text COLLATE utf8_unicode_ci,
  `field_youtubeVideo` text COLLATE utf8_unicode_ci,
  `dateCreated` datetime NOT NULL,
  `dateUpdated` datetime NOT NULL,
  `uid` char(36) COLLATE utf8_unicode_ci NOT NULL DEFAULT '0',
  PRIMARY KEY (`id`),
  UNIQUE KEY `craft_content_elementId_locale_unq_idx` (`elementId`,`locale`),
  KEY `craft_content_title_idx` (`title`),
  KEY `craft_content_locale_fk` (`locale`),
  CONSTRAINT `craft_content_elementId_fk` FOREIGN KEY (`elementId`) REFERENCES `craft_elements` (`id`) ON DELETE CASCADE,
  CONSTRAINT `craft_content_locale_fk` FOREIGN KEY (`locale`) REFERENCES `craft_locales` (`locale`) ON DELETE CASCADE ON UPDATE CASCADE
) ENGINE=InnoDB AUTO_INCREMENT=219 DEFAULT CHARSET=utf8 COLLATE=utf8_unicode_ci;
/*!40101 SET character_set_client = @saved_cs_client */;

--
-- Dumping data for table `craft_content`
--

LOCK TABLES `craft_content` WRITE;
/*!40000 ALTER TABLE `craft_content` DISABLE KEYS */;
INSERT INTO `craft_content` VALUES (1,1,'en_us',NULL,NULL,NULL,NULL,NULL,NULL,0,NULL,NULL,NULL,NULL,NULL,NULL,NULL,NULL,NULL,NULL,NULL,NULL,NULL,NULL,NULL,NULL,NULL,NULL,NULL,NULL,NULL,NULL,NULL,NULL,NULL,NULL,NULL,NULL,NULL,NULL,NULL,'2015-01-25 16:17:43','2015-01-25 16:17:43','4bc74fd9-ec4e-4473-ba46-df1f25a225ee'),(2,2,'en_us','Homepage','','<p>\r\n	It\'s true, this site doesn\'t have a whole lot of content yet, but don\'t worry. Our web developers have just installed the CMS, and they\'re setting things up for the content editors this very moment. Soon \r\n	<a href=\"http://tgp.d-i.co/\">Tgp.d-i.co</a> will be an oasis of fresh perspectives, sharp analyses, and astute opinions that will keep you coming back again and again. In the meantime, check out our <a href=\"{entry:35:url}\">first story</a>!\r\n</p>',NULL,NULL,NULL,0,NULL,NULL,NULL,NULL,NULL,NULL,NULL,NULL,NULL,NULL,NULL,'<p>Lorem ipsum dolor sit amet, consectetur adipiscing elit. Sed nec sem in lacus mattis adipiscing eget ut lorem. Proin eu quam nulla, id porta erat. Cras nec neque non nisl lobortis adipiscing eget at enim. Nulla sed fermentum elit. Nunc id magna purus.<br></p>',NULL,NULL,NULL,NULL,NULL,NULL,NULL,NULL,NULL,NULL,NULL,NULL,NULL,NULL,'Fusce dapibus, tellus ac cursus commodo, tortor mauris condimentum nibh, ut fermentum massa justo sit amet risus.',NULL,NULL,NULL,'<iframe width=\"420\" height=\"315\" src=\"https://www.youtube.com/embed/V-mC8nKToVE\" frameborder=\"0\" allowfullscreen></iframe>','2015-01-25 16:17:44','2015-06-08 16:14:53','9c372cae-90ed-44dc-8d06-9b84bb1fa0eb'),(4,4,'en_us',NULL,NULL,NULL,NULL,NULL,NULL,0,NULL,NULL,NULL,NULL,NULL,NULL,NULL,NULL,NULL,NULL,NULL,NULL,NULL,NULL,NULL,NULL,NULL,NULL,NULL,NULL,NULL,NULL,NULL,NULL,NULL,NULL,NULL,NULL,NULL,NULL,NULL,'2015-01-26 15:32:46','2015-02-18 16:34:00','f911e036-f2ef-46f1-8569-a8520ca5bd1e'),(5,5,'en_us',NULL,NULL,NULL,NULL,NULL,NULL,0,NULL,NULL,NULL,NULL,NULL,NULL,NULL,NULL,NULL,NULL,NULL,NULL,NULL,NULL,NULL,NULL,NULL,NULL,NULL,NULL,NULL,NULL,NULL,NULL,NULL,NULL,NULL,NULL,NULL,NULL,NULL,'2015-01-26 15:33:30','2015-01-26 15:33:30','cc32d75a-e746-4606-a4fb-dca96382014e'),(13,30,'en_us',NULL,NULL,NULL,NULL,NULL,NULL,0,NULL,NULL,NULL,NULL,NULL,NULL,NULL,NULL,NULL,NULL,NULL,NULL,NULL,NULL,NULL,NULL,NULL,NULL,NULL,NULL,NULL,NULL,NULL,NULL,NULL,NULL,NULL,NULL,NULL,NULL,NULL,'2015-02-18 16:33:00','2015-02-18 16:40:39','b3430666-2aef-4393-adc4-291c62afc017'),(14,31,'en_us','I Have Cancer',NULL,NULL,NULL,NULL,NULL,0,NULL,NULL,NULL,NULL,NULL,NULL,NULL,NULL,NULL,NULL,NULL,NULL,NULL,NULL,NULL,NULL,NULL,NULL,NULL,NULL,NULL,NULL,NULL,NULL,NULL,NULL,NULL,NULL,NULL,NULL,NULL,'2015-02-18 22:23:48','2015-02-18 22:23:48','4574ad03-eb81-4511-8330-f50f61370a72'),(15,32,'en_us','My Family Member Has Cancer',NULL,NULL,NULL,NULL,NULL,0,NULL,NULL,NULL,NULL,NULL,NULL,NULL,NULL,NULL,NULL,NULL,NULL,NULL,NULL,NULL,NULL,NULL,NULL,NULL,NULL,NULL,NULL,NULL,NULL,NULL,NULL,NULL,NULL,NULL,NULL,NULL,'2015-02-18 22:24:10','2015-02-18 22:24:10','4705919c-969f-4c9e-819b-784829e847c6'),(16,33,'en_us','Donors/Volunteers',NULL,NULL,NULL,NULL,NULL,0,NULL,NULL,NULL,NULL,NULL,NULL,NULL,NULL,NULL,NULL,NULL,NULL,NULL,NULL,NULL,NULL,NULL,NULL,NULL,NULL,NULL,NULL,NULL,NULL,NULL,NULL,NULL,NULL,NULL,NULL,NULL,'2015-02-18 22:24:21','2015-02-18 22:24:21','e47bf478-eb7a-4bb2-8867-2d6f37da1435'),(17,34,'en_us','All Stories',NULL,NULL,NULL,NULL,NULL,0,NULL,NULL,NULL,NULL,NULL,NULL,NULL,NULL,NULL,NULL,NULL,NULL,NULL,NULL,NULL,NULL,NULL,NULL,NULL,NULL,NULL,NULL,NULL,NULL,NULL,NULL,NULL,NULL,NULL,NULL,NULL,'2015-02-18 22:24:27','2015-02-18 22:24:27','a0c2f249-793f-499c-8119-58b4be59094e'),(18,35,'en_us','Sample Story 1',NULL,NULL,NULL,NULL,NULL,0,NULL,NULL,NULL,NULL,NULL,NULL,NULL,NULL,NULL,NULL,NULL,NULL,NULL,NULL,NULL,NULL,NULL,NULL,NULL,NULL,NULL,NULL,NULL,NULL,NULL,NULL,NULL,NULL,NULL,NULL,NULL,'2015-02-18 23:00:54','2015-04-20 20:07:20','f9b707b3-73e3-4b0d-b4b8-42c9a6f72869'),(19,38,'en_us','Sample Story 2',NULL,NULL,NULL,NULL,NULL,0,NULL,NULL,NULL,NULL,NULL,NULL,NULL,NULL,NULL,NULL,NULL,NULL,NULL,NULL,NULL,NULL,NULL,NULL,NULL,NULL,NULL,NULL,NULL,NULL,NULL,NULL,NULL,NULL,NULL,NULL,NULL,'2015-02-18 23:02:17','2015-04-16 23:45:34','60cac0e4-f18d-4192-8580-2d437b5cf20e'),(20,41,'en_us','Contact Us',NULL,NULL,NULL,NULL,NULL,0,NULL,NULL,NULL,NULL,NULL,NULL,NULL,NULL,NULL,NULL,NULL,NULL,'<p>Lorem ipsum dolor sit amet, consectetur adipiscing elit, sed do eiusmod tempor incididunt ut labore et dolore magna aliqua. Ut enim ad minim veniam, quis nostrud exercitation ullamco laboris nisi ut aliquip ex ea commodo consequat.</p>','<p>Lorem ipsum dolor sit amet, consectetur adipiscing elit, sed do eiusmod tempor incididunt ut labore et dolore magna aliqua. Ut enim ad minim veniam, quis nostrud exercitation ullamco laboris nisi ut aliquip ex ea commodo consequat.</p>',NULL,NULL,NULL,NULL,NULL,NULL,NULL,'<p>Lorem ipsum dolor sit amet, consectetur adipiscing elit, sed do eiusmod tempor incididunt ut labore et dolore magna aliqua. Ut enim ad minim veniam, quis nostrud exercitation ullamco laboris nisi ut aliquip ex ea commodo consequat. Duis aute irure dolor in reprehenderit in voluptate velit esse cillum dolore eu fugiat nulla pariatur. Excepteur sint occaecat cupidatat non proident, sunt in culpa qui officia deserunt mollit anim id est laborum</p>','<p>Lorem ipsum dolor sit amet, consectetur adipiscing elit, sed do eiusmod tempor incididunt ut labore et dolore magna aliqua. Ut enim ad minim veniam, quis nostrud exercitation ullamco laboris nisi ut aliquip ex ea commodo consequat. Duis aute irure dolor in reprehenderit in voluptate velit esse cillum dolore eu fugiat nulla pariatur. Excepteur sint occaecat cupidatat non proident, sunt in culpa qui officia deserunt mollit anim id est laborum</p>','216-595-9546',NULL,NULL,NULL,NULL,NULL,NULL,NULL,'2015-02-19 15:06:00','2015-03-18 17:32:45','5295e4d2-3bc6-4d9e-8ac8-cef312ae8d71'),(21,52,'en_us','Referral',NULL,NULL,NULL,NULL,NULL,0,NULL,NULL,NULL,NULL,NULL,NULL,NULL,NULL,NULL,NULL,NULL,NULL,NULL,NULL,NULL,NULL,NULL,NULL,NULL,NULL,NULL,NULL,NULL,NULL,NULL,NULL,NULL,NULL,NULL,NULL,NULL,'2015-02-19 17:46:06','2015-03-18 16:19:45','a1781c79-e360-4a31-82bd-6613a89357d3'),(23,61,'en_us','Donate',NULL,NULL,NULL,NULL,NULL,0,NULL,NULL,NULL,NULL,NULL,NULL,NULL,NULL,NULL,NULL,NULL,NULL,NULL,NULL,NULL,NULL,NULL,NULL,NULL,NULL,NULL,NULL,NULL,NULL,NULL,NULL,NULL,NULL,NULL,NULL,NULL,'2015-02-19 18:53:38','2015-03-10 15:40:17','9d32ea8c-e827-4cb1-8ae8-a1048f0d33fb'),(24,64,'en_us','Warehouse',NULL,'<p>S ed posuere consectetur est lobortis. Cras mattis consectetur purus sit amet fermentum. Donec id elit non mi porta gravida at eget metus. Praesent commodo cursus magna, Donec sed odio duivel scelerisque nisl consectetur et. Fusce dapibus, tellus ac cursus commodo, tortor mauris condimentum nibh, ut fermentum massa justo sit amet risus. </p>',NULL,NULL,NULL,0,NULL,NULL,NULL,NULL,NULL,NULL,NULL,'apisdorf@touchedbycancer.org',NULL,NULL,NULL,NULL,NULL,NULL,NULL,NULL,NULL,NULL,'The Gathering Place Warehouse Home Furnishings Sale has beautiful furniture at great prices for that empty space in your home. Items include custom furniture, household goods and costume jewelry. Proceeds support the free programs and services at The Gathering Place for individuals and families touched by cancer.  Please email Cheryl Apisdorf at apisdorf@touchedbycancer.org to be added to the email list to be notified of upcoming warehouse sales.','We accept gently used furniture and other household items which will be sold through our warehouse at 4911 Commerce Parkway in Warrensville Heights (a quarter mile east of Richmond off of Miles Road - directions further down on this page).  To arrange for someone to come and look at items you would like to donate to our warehouse, or to be notified of future warehouse sales, please contact Cheryl Apisdorf at apisdorf@touchedbycancer.org or (216) 595-9546.  Please note that we do not accept drop off donations of furniture or household items at The Gathering Place or at our warehouse.','apisdorf@touchedbycancer.org',NULL,NULL,NULL,NULL,NULL,NULL,NULL,NULL,NULL,NULL,'2015-02-19 19:05:02','2015-04-01 18:56:29','1be92ade-bbcb-497b-80e9-877c8991d790'),(25,70,'en_us','More Ways to Support',NULL,'<p>Sed posuere consectetur est lobortis. Cras mattis consectetur purus sit amet fermentum. Donec id elit non mi porta gravida at eget metus. Praesent commodo cursus magna, Donec sed odio duivel scelerisque nisl consectetur et. Fusce dapibus, tellus ac cursus commodo, tortor mauris condimentum nibh, ut fermentum massa justo sit amet risus. </p>',NULL,NULL,NULL,0,NULL,NULL,NULL,NULL,NULL,NULL,NULL,NULL,NULL,NULL,NULL,NULL,NULL,NULL,NULL,NULL,NULL,NULL,NULL,NULL,NULL,NULL,NULL,NULL,NULL,NULL,NULL,NULL,NULL,NULL,NULL,'2015-02-19 19:24:28','2015-05-03 21:06:41','fd71d4fc-332d-4316-99ce-b11192d5c7d6'),(26,76,'en_us','Volunteer',NULL,'<p>Overview of volunteering opportunities at The Gathering Place.</p>',NULL,NULL,NULL,0,NULL,NULL,NULL,NULL,NULL,NULL,NULL,NULL,NULL,NULL,NULL,NULL,NULL,NULL,NULL,NULL,NULL,NULL,NULL,NULL,NULL,NULL,NULL,NULL,NULL,NULL,NULL,NULL,NULL,NULL,NULL,'2015-02-19 19:41:08','2015-04-20 15:02:54','b060c571-65b9-4dae-8466-ca27f84d66a1'),(29,82,'en_us','I Have Cancer',NULL,NULL,NULL,NULL,NULL,0,NULL,NULL,NULL,NULL,NULL,NULL,NULL,NULL,NULL,NULL,NULL,NULL,NULL,NULL,NULL,NULL,NULL,NULL,NULL,NULL,NULL,NULL,NULL,NULL,NULL,NULL,NULL,NULL,NULL,NULL,NULL,'2015-02-19 22:33:16','2015-02-19 22:33:16','726a1aee-3d82-4736-9d63-e82a7dcdf76f'),(30,83,'en_us','My Family Member Has Cancer',NULL,NULL,NULL,NULL,NULL,0,NULL,NULL,NULL,NULL,NULL,NULL,NULL,NULL,NULL,NULL,NULL,NULL,NULL,NULL,NULL,NULL,NULL,NULL,NULL,NULL,NULL,NULL,NULL,NULL,NULL,NULL,NULL,NULL,NULL,NULL,NULL,'2015-02-19 22:33:32','2015-02-19 22:33:32','13da0c91-b1d0-4f04-a967-286df92c1506'),(34,87,'en_us','Financials',NULL,'<p>Id luptatum philosophia comprehensam vim. Sale harum suavitate vim id, quo ea putent perpetua consulatu. Eius lorem abhorreant eum ad, eos nibh consectetuer ne. Ius no facilis facilisi conceptam, ut habeo dictas eam, et mollis tamquam adversarium pri.</p><p>Corpora qualisque at per. Eu populo delenit veritus vis, ei reque lobortis sententiae eos. Te diam conceptam sit, esse percipitur omittantur in nec, malis mollis facilisis qui ex. Cu labore mollis mea, cu his vide graece voluptatum, ea integre facilis interesset vim. In per laoreet imperdiet intellegat.</p><p>Eum verterem prodesset ad, velit soleat mel cu, ex simul blandit sententiae eam. Eum te fastidii neglegentur contentiones, fabellas recteque ne mea. Possim fabulas dolores eu duo, has deseruisse adipiscing elaboraret eu. Wisi mutat civibus ex ius, cu eos inani tollit. Te iuvaret complectitur quo, duo sanctus invidunt principes eu, ad pro aeque repudiare. Eu eam solet menandri voluptatum.</p>',NULL,NULL,NULL,0,NULL,NULL,NULL,NULL,NULL,NULL,NULL,NULL,NULL,NULL,NULL,NULL,NULL,NULL,NULL,NULL,NULL,NULL,NULL,NULL,NULL,NULL,NULL,NULL,NULL,'2013/2014 Annual Report',NULL,NULL,NULL,NULL,NULL,'2015-02-20 15:10:01','2015-03-31 19:42:42','03f00bb1-42bb-464f-a1f1-3fb94b9d3a1e'),(35,88,'en_us','About The Gathering Place','','<p>\r\n	In 1998, Eileen Saffran told the community a story. This story was about a space where people on a cancer journey could seek support. A space where people felt safe, connected with others, and found peace during a time of chaos. A space where the entire family was supported, the services were free, and the largest barrier to entry was admitting you needed help. The story resonated with people in the community and as it unfolded, more people listened.\r\n</p><p>\r\n	A grass roots effort began in a small conference room and ended in an auditorium. Listening turned into action. Those who heard the story became donors, volunteers, staff members and ambassadors. The story came to life and The Gathering Place was created.\r\n</p><p>\r\n	The Gathering Place opened its doors in Beachwood in 2000. In 2008 a location was opened in Westlake and in 2011 The Gathering Place Richman Family Wellness Center opened in Beachwood to provide exercise programs for individuals in treatment and those that had completed treatment. Since opening its doors 15 years ago, The Gathering Place has served over 35,000 individuals who have made more than 271,000 visits.\r\n	<br>\r\n</p><p>\r\n	<br>\r\n</p>',NULL,NULL,NULL,0,NULL,NULL,NULL,NULL,NULL,NULL,NULL,NULL,'The mission of The Gathering Place is to support, educate and empower individuals and families touched by cancer through programs and services provided free of charge.','<p>\r\n	The programs at The Gathering Place heal the body, the mind and the spirit.  We recognize that everyone has different needs while on the cancer journey and we provide programs and services to meet people where they are on the journey. Whether you are the person with cancer or their loved one, cancer impacts how you see the world. Our job at The Gathering Place is to help you see things differently; to help you see life moving forward, during and after cancer. Seeing things differently could mean accepting a diagnosis, finding forgiveness, or releasing anger.\r\n</p><p>\r\n	People often describe feeling a sense of peace when they walk through our doors. This comes from being a part of a community. This comes from feeling safe and connected.   This comes from knowing you are not alone on your journey.\r\n</p>','<p>\r\n	When you walk through the doors of The Gathering Place you will see art throughout our space. Art that has been donated to us by individuals and families. You will also see art created by our participants in our art therapy programs. Art is an opportunity to explore the feelings that come with a cancer journey and express them using the creativity that is within each of us.\r\n</p>','<ul>\r\n	<li>Short term one-to-one counseling and support groups help participants find ways to cope with the emotional impact of a cancer diagnosis</li>\r\n	<li>There are weekly groups for those diagnosed with cancer and one for \r\nfamily and friends, as well as monthly or quarterly drop-in groups for specific cancers \r\nsuch as breast, prostate, blood cancers and oral, head and neck cancers.\r\n	</li>\r\n	<li>Two education centers that include lending libraries with over 2,500 books, cds and dvds provide information and opportunities to learn more about coping and provide practical information</li>\r\n	<li> The medical librarian will help you research any questions you may have on cancer and its treatment, whether you are newly diagnosed, a long-term survivor or a family member seeking information</li>\r\n	<li>Lectures and workshops by local experts offer the latest information on cancer treatments and complementary medicine</li>\r\n	<li>Reiki, massage and reflexology can help reduce stress and manage pain</li>\r\n	<li>Gentle movement classes such as tai chi, yoga and qigong help to rebuild strength and balance and reduce stress</li>\r\n	<li>Exercise classes led by certified fitness trainers help to address the physical side effects of cancer treatment and help to build strength and increase stamina</li>\r\n	<li>One-to-one consultations with a licensed dietitian as well as hands-on cooking classes help to enhance or create a more healthy life style</li>\r\n	<li>Comprehensive individual and group programs that meet the needs of children and teens coping with an adult family members cancer </li>\r\n	<li>Art and music programs help individuals tap into their creativity to explore and express the emotions that come up during the cancer journey</li>\r\n	<li>Regina Brett Wig Salons provide a free wig to women with cancer-related hair loss</li>\r\n</ul>','<p>\r\n	The Gathering Place East was opened in Beachwood in January 2000 to meet the needs of individuals and families touched by cancer. The facility in Beachwood includes Norma\'s Garden, a beautiful, healing space that includes paths for walking and spaces to sit and meditate. In 2011, The Richman Family Wellness Center was opened to address the side effects from cancer treatment like fatigue and to help build strength and stamina. The Gathering Place East is located at 23300 Commerce Park. The Gathering Place Richman Family Wellness Center is located at 23295 Commerce Park. Regardless of which facility you go to access the programs and services offered by The Gathering Place you will find a caring and supportive staff and the same types of programs to help you and your family cope with a cancer diagnosis.\r\n</p>','<p>\r\n	The Gathering Place West is located in Westlake and opened in October of 2008. This facility provides those living west of the Cuyahoga an opportunity to utilize our programs and services a little closer to home. The Gathering Place is located at 800 Sharon Drive.  Regardless of which facility  you go to access the programs and services offered by The Gathering Place you will find a caring and supportive staff and the same types of programs to help you and your family cope with a cancer diagnosis.\r\n</p>',NULL,NULL,NULL,NULL,NULL,NULL,NULL,NULL,NULL,NULL,NULL,NULL,NULL,NULL,NULL,NULL,NULL,'2015-02-20 15:13:01','2015-05-26 13:54:16','fda2754c-ece9-4622-a728-ab2667d2da56'),(39,93,'en_us','Tai Chi',NULL,'<p>Focus on wellness and what you can do to boost your energy, open up and release tension. Movements are done in a standing and seated positions and you may sit at anytime. Tai chi increases leg strength, balance and flexibility. <strong>Advance registration by calling 216.595.9546 or by email (see below).</strong></p><p>Lead by Susan Cady</p><p><strong><a href=\"mailto:kohn@touchedbycancer.org\" target=\"_blank\">Click here</a> to email Betsy Kohn, MA, PC, and let her know you are interested in Tai Chi. She will contact you to complete registration. Please include your name and phone number in the email.</strong></p>','2015-03-11 14:00:00',NULL,NULL,0,NULL,NULL,NULL,NULL,NULL,NULL,NULL,NULL,NULL,NULL,NULL,NULL,NULL,NULL,NULL,NULL,NULL,NULL,NULL,NULL,NULL,NULL,NULL,NULL,NULL,NULL,NULL,NULL,NULL,NULL,NULL,'2015-02-20 19:51:53','2015-03-27 15:58:19','3241cc87-a802-401d-a3a0-2059c79ada9f'),(40,96,'en_us',NULL,NULL,NULL,NULL,NULL,NULL,0,NULL,NULL,NULL,NULL,NULL,NULL,NULL,NULL,NULL,NULL,NULL,NULL,NULL,NULL,NULL,NULL,NULL,NULL,NULL,NULL,NULL,NULL,NULL,NULL,NULL,NULL,NULL,NULL,NULL,NULL,NULL,'2015-02-23 15:29:51','2015-02-23 15:29:51','20e40360-2e4b-4291-8464-1055dd000aa9'),(42,98,'en_us','Helpful Websites',NULL,'<p>Pellentesque ornare sem lacinia quam venenatis vestibulum. Sed posuere consectetur est lobortis. Cras mattis consectetur purus sit amet fermentum. Donec id elit non mi porta gravida at eget metus. Praesent commodo cursus magna, vel scelerisque nisl consectetur et.</p><p>The resources below can help organize the stream of information that accompanies a cancer diagnosis. Take time in learning about the cancer that has touched you. If you\'re feeling overwhelmed, you can always visit our <em>Humor and Cancer page. </em></p>',NULL,NULL,NULL,0,NULL,NULL,NULL,NULL,NULL,NULL,NULL,NULL,NULL,NULL,NULL,NULL,NULL,NULL,NULL,NULL,'Nullam quis risus eget urna mollis ornare vel eu leo. Nullam id dolor id nibh ultricies vehicula ut id elit. Nulla vitae elit libero, a pharetra augue.',NULL,NULL,NULL,NULL,NULL,NULL,NULL,NULL,NULL,NULL,NULL,NULL,NULL,NULL,'2015-02-23 22:29:34','2015-03-11 19:01:42','6abef156-e508-4d49-bac2-dec34977d04b'),(43,100,'en_us','WebMD',NULL,NULL,NULL,NULL,NULL,0,NULL,NULL,NULL,NULL,NULL,NULL,NULL,NULL,NULL,NULL,NULL,NULL,NULL,NULL,NULL,NULL,'Nullam quis risus eget urna mollis ornare vel eu leo. Nullam id dolor id nibh ultricies vehicula ut id elit. Nulla vitae elit libero, a pharetra augue.',NULL,NULL,NULL,NULL,NULL,NULL,NULL,NULL,NULL,NULL,NULL,NULL,NULL,NULL,'2015-02-23 22:29:42','2015-04-17 00:58:39','41e55d8c-05d1-4bb4-8e24-480dbe53d7c9'),(44,101,'en_us','Newsletter - Spring 2015',NULL,NULL,NULL,NULL,NULL,0,NULL,NULL,NULL,NULL,NULL,NULL,NULL,NULL,NULL,NULL,NULL,NULL,NULL,NULL,NULL,NULL,'Nullam quis risus eget urna mollis ornare vel eu leo. Nullam id dolor id nibh ultricies vehicula ut id elit. Nulla vitae elit libero, a pharetra augue.',NULL,NULL,NULL,NULL,NULL,NULL,NULL,NULL,NULL,NULL,NULL,NULL,NULL,NULL,'2015-02-23 22:29:51','2015-03-17 14:28:41','f9b30e38-3293-4cf1-9086-da2fcd51a742'),(45,102,'en_us','Sample Resource 4',NULL,'<p>Nullam quis risus eget urna mollis ornare vel eu leo. Nullam id dolor id nibh ultricies vehicula ut id elit. Nulla vitae elit libero, a pharetra augue.</p>',NULL,NULL,NULL,0,NULL,NULL,NULL,NULL,NULL,NULL,NULL,NULL,NULL,NULL,NULL,NULL,NULL,NULL,NULL,NULL,'Nullam quis risus eget urna mollis ornare vel eu leo. Nullam id dolor id nibh ultricies vehicula ut id elit. Nulla vitae elit libero, a pharetra augue.',NULL,NULL,NULL,NULL,NULL,NULL,NULL,NULL,NULL,NULL,NULL,NULL,NULL,NULL,'2015-02-23 22:30:04','2015-03-11 21:19:35','a86f3ad5-916c-42ab-b6f2-22957135d7e2'),(46,103,'en_us','Sample Resource 5',NULL,NULL,NULL,NULL,NULL,0,NULL,NULL,NULL,NULL,NULL,NULL,NULL,NULL,NULL,NULL,NULL,NULL,NULL,NULL,NULL,NULL,'Nullam quis risus eget urna mollis ornare vel eu leo. Nullam id dolor id nibh ultricies vehicula ut id elit. Nulla vitae elit libero, a pharetra augue.',NULL,NULL,NULL,NULL,NULL,NULL,NULL,NULL,NULL,NULL,NULL,NULL,NULL,NULL,'2015-02-23 22:30:11','2015-03-10 19:17:32','39c3a5d1-4073-44ed-a1ff-719f63e99a05'),(47,104,'en_us','Sample Resource 6',NULL,NULL,NULL,NULL,NULL,0,NULL,NULL,NULL,NULL,NULL,NULL,NULL,NULL,NULL,NULL,NULL,NULL,NULL,NULL,NULL,NULL,'Nullam quis risus eget urna mollis ornare vel eu leo. Nullam id dolor id nibh ultricies vehicula ut id elit. Nulla vitae elit libero, a pharetra augue.',NULL,NULL,NULL,NULL,NULL,NULL,NULL,NULL,NULL,NULL,NULL,NULL,NULL,NULL,'2015-02-23 22:30:17','2015-03-11 21:20:05','f9a2c685-9b9e-4dfb-a457-f281bed26bcf'),(48,105,'en_us','Stacie Beck',NULL,NULL,NULL,'Wendy Miano, DNP, RN, AOCN','',0,'Crossroads Hospitals','RN, MBA',NULL,NULL,NULL,NULL,NULL,NULL,NULL,NULL,NULL,NULL,NULL,NULL,NULL,NULL,NULL,NULL,NULL,NULL,NULL,NULL,NULL,NULL,NULL,NULL,NULL,NULL,NULL,NULL,NULL,'2015-02-25 18:40:30','2015-04-08 19:09:36','547851f0-7b2b-4710-9a65-34b86eec7f29'),(49,106,'en_us','Rene Barrat-Gordon',NULL,NULL,NULL,'Laura Rocker, MD','',0,'Cleveland Clinic','LISW',NULL,NULL,NULL,NULL,NULL,NULL,NULL,NULL,NULL,NULL,NULL,NULL,NULL,NULL,NULL,NULL,NULL,NULL,NULL,NULL,NULL,NULL,NULL,NULL,NULL,NULL,NULL,NULL,NULL,'2015-02-25 18:40:59','2015-04-08 19:09:17','3888f3cd-9156-4fe5-a835-14bfcd5ebbd8'),(50,107,'en_us','Joseph P. Crowe',NULL,NULL,NULL,'Cynthia Greenberg','',1,'Cleveland Clinic','MD',NULL,NULL,NULL,NULL,NULL,NULL,NULL,NULL,NULL,NULL,NULL,NULL,NULL,NULL,NULL,NULL,NULL,NULL,NULL,NULL,NULL,NULL,NULL,NULL,NULL,NULL,NULL,NULL,NULL,'2015-02-25 19:14:14','2015-04-08 19:10:06','629c916f-1168-43bb-bc67-db6a021bcb2f'),(52,109,'en_us','janis',NULL,NULL,NULL,NULL,NULL,0,NULL,NULL,NULL,NULL,NULL,NULL,NULL,NULL,NULL,NULL,NULL,NULL,NULL,NULL,NULL,NULL,NULL,NULL,NULL,NULL,NULL,NULL,NULL,NULL,NULL,NULL,NULL,NULL,NULL,NULL,NULL,'2015-02-26 21:26:02','2015-03-04 21:28:12','29e7ba6a-7022-41ee-9a8d-c9ec8795f4f2'),(53,110,'en_us','Cheryl Apisdorf',NULL,NULL,NULL,'Cheryl Aspidorf','Outreach Coordinator',0,NULL,'MBA','Maecenas faucib nullam quis risus eget urna mollis ornare vel eu leo. Nullam id dolor id nibh ultricies vehicula ut id elit. Nulla vitae elit libero, a pharetra augue. Cum sociis natoque penatibus et magnis dis parturient montes, nascetur ridiculus mus. Sed posuere consectetur est at lobortis. Vivamus sagittis lacus vel augue laoreet rutrum faucibus dolor auctor.',' Maecenas faucibus mollis interdum. Maecenas sed diam eget risus varius blandit sit amet non magna. Nullam quis risus eg','aspidorf@touchedbycancer.org',NULL,NULL,NULL,NULL,NULL,NULL,NULL,NULL,NULL,NULL,NULL,NULL,NULL,NULL,NULL,NULL,NULL,NULL,NULL,NULL,NULL,NULL,NULL,NULL,NULL,NULL,'2015-02-26 21:43:48','2015-06-02 17:12:06','81c74f60-d24d-439d-a5a1-c3dc2ef9ec58'),(55,112,'en_us','Emily Martin',NULL,NULL,NULL,'Emily Martin','Chair',0,'EMM Consulting','',NULL,NULL,NULL,NULL,NULL,NULL,NULL,NULL,NULL,NULL,NULL,NULL,NULL,NULL,NULL,NULL,NULL,NULL,NULL,NULL,NULL,NULL,NULL,NULL,NULL,NULL,NULL,NULL,NULL,'2015-02-26 22:17:09','2015-04-19 03:21:28','16136dd9-05a5-4dca-b0dc-8ed3559eae38'),(56,113,'en_us','One Step Closer',NULL,NULL,NULL,NULL,NULL,0,NULL,NULL,NULL,NULL,NULL,NULL,NULL,NULL,NULL,NULL,NULL,NULL,NULL,NULL,NULL,NULL,NULL,NULL,NULL,NULL,NULL,NULL,NULL,NULL,NULL,NULL,NULL,NULL,NULL,NULL,NULL,'2015-02-27 15:50:43','2015-04-06 20:23:36','e1c19c1b-c458-4cf5-a522-2f57406d87a1'),(57,116,'en_us','Art & Music',NULL,'<p>\r\n	Art and music classes provide an opportunity to tap into one\'s creativity to explore and express the emotions that come up while on the cancer journey. The programs are for those currently dealing with cancer in their daily lives. This includes those in treatment, those who are coping with the physical and/or emotional side effects of treatment, those who are actively supporting someone with  cancer or someone who is grieving the recent loss of a loved one from cancer.<br>\r\n</p>',NULL,NULL,NULL,0,NULL,NULL,NULL,NULL,NULL,'Using Creativity to Explore & Express Your Emotions ','','aspidorf@touchedbycancer.org',NULL,NULL,NULL,NULL,NULL,NULL,NULL,NULL,NULL,NULL,NULL,NULL,NULL,NULL,NULL,NULL,NULL,NULL,NULL,'',NULL,NULL,NULL,'2015-02-27 18:45:21','2015-05-26 15:20:35','e280ad5c-06c1-4386-826a-c2fbc3ec2002'),(58,117,'en_us','Healthcare Professional',NULL,NULL,NULL,NULL,NULL,0,NULL,NULL,NULL,NULL,NULL,NULL,NULL,NULL,NULL,NULL,NULL,NULL,NULL,NULL,NULL,NULL,NULL,NULL,NULL,NULL,NULL,NULL,NULL,NULL,NULL,NULL,NULL,NULL,NULL,NULL,NULL,'2015-02-27 22:39:04','2015-02-27 22:39:04','da8d9a42-d803-4f09-9356-7e31ee8ab6ec'),(59,118,'en_us','Donor/Volunteer',NULL,NULL,NULL,NULL,NULL,0,NULL,NULL,NULL,NULL,NULL,NULL,NULL,NULL,NULL,NULL,NULL,NULL,NULL,NULL,NULL,NULL,NULL,NULL,NULL,NULL,NULL,NULL,NULL,NULL,NULL,NULL,NULL,NULL,NULL,NULL,NULL,'2015-02-27 22:39:55','2015-02-27 22:39:55','af807b89-c3b9-40a2-84fd-6a2d1e800b64'),(64,119,'en_us','West Location',NULL,NULL,NULL,NULL,NULL,0,NULL,NULL,NULL,NULL,NULL,NULL,NULL,NULL,NULL,NULL,NULL,NULL,NULL,NULL,NULL,NULL,NULL,NULL,NULL,NULL,NULL,NULL,NULL,NULL,NULL,NULL,NULL,NULL,NULL,NULL,NULL,'2015-03-03 16:54:39','2015-03-03 16:54:39','dd789d2b-3efb-4cf2-ba75-7d28c5a3d3dc'),(65,120,'en_us','East Location',NULL,NULL,NULL,NULL,NULL,0,NULL,NULL,NULL,NULL,NULL,NULL,NULL,NULL,NULL,NULL,NULL,NULL,NULL,NULL,NULL,NULL,NULL,NULL,NULL,NULL,NULL,NULL,NULL,NULL,NULL,NULL,NULL,NULL,NULL,NULL,NULL,'2015-03-03 16:54:47','2015-03-03 16:54:47','0bed3392-b6c4-44da-87db-22c1d7d35778'),(68,123,'en_us',NULL,NULL,NULL,NULL,NULL,NULL,0,NULL,NULL,NULL,NULL,NULL,NULL,NULL,NULL,NULL,NULL,NULL,NULL,NULL,NULL,NULL,NULL,NULL,NULL,NULL,NULL,NULL,NULL,NULL,NULL,NULL,NULL,NULL,NULL,NULL,NULL,NULL,'2015-03-04 16:37:00','2015-03-04 16:37:00','bf9bb78c-5809-41c2-bab0-c1fccedd9e61'),(72,127,'en_us','I have a new disease',NULL,NULL,NULL,NULL,NULL,0,NULL,NULL,NULL,NULL,NULL,NULL,NULL,NULL,NULL,NULL,NULL,NULL,NULL,NULL,NULL,NULL,NULL,NULL,NULL,NULL,NULL,NULL,NULL,NULL,NULL,NULL,NULL,NULL,NULL,NULL,NULL,'2015-03-04 18:56:11','2015-03-04 18:56:32','f3627140-594e-494b-af84-ccbf71378fe0'),(77,132,'en_us','Volunteer Story',NULL,NULL,NULL,NULL,NULL,0,NULL,NULL,NULL,NULL,NULL,NULL,NULL,NULL,NULL,NULL,NULL,NULL,NULL,NULL,NULL,NULL,NULL,NULL,NULL,NULL,NULL,NULL,NULL,NULL,NULL,NULL,NULL,NULL,NULL,NULL,NULL,'2015-03-04 21:35:32','2015-04-16 23:46:00','01c8df86-b7cc-46e5-8586-37e7f78ce7e8'),(82,134,'en_us','lighthouse',NULL,NULL,NULL,NULL,NULL,0,NULL,NULL,NULL,NULL,NULL,NULL,NULL,NULL,NULL,NULL,NULL,NULL,NULL,NULL,NULL,NULL,NULL,NULL,NULL,NULL,NULL,NULL,NULL,NULL,NULL,NULL,NULL,NULL,NULL,NULL,NULL,'2015-03-05 14:11:29','2015-03-05 14:11:29','56bdf7e9-786f-4736-b7c7-f4b9d9d1fabe'),(83,135,'en_us','Support Groups',NULL,NULL,NULL,NULL,NULL,0,NULL,NULL,NULL,NULL,NULL,NULL,NULL,NULL,NULL,NULL,NULL,NULL,NULL,NULL,NULL,NULL,NULL,NULL,NULL,NULL,NULL,NULL,NULL,NULL,NULL,NULL,NULL,NULL,NULL,NULL,NULL,'2015-03-05 15:05:41','2015-03-25 15:58:47','a47837de-5e07-4a87-9402-a21e5588115a'),(84,136,'en_us','Oral, Head & Neck Center',NULL,NULL,NULL,NULL,NULL,0,NULL,NULL,NULL,NULL,NULL,NULL,NULL,NULL,NULL,NULL,NULL,NULL,NULL,NULL,NULL,NULL,NULL,NULL,NULL,NULL,NULL,NULL,NULL,NULL,NULL,NULL,NULL,NULL,NULL,NULL,NULL,'2015-03-05 15:05:54','2015-03-25 16:02:52','90a981e8-c68e-418c-bdac-3714a4ff4d17'),(85,137,'en_us','Exercise',NULL,NULL,NULL,NULL,NULL,0,NULL,NULL,NULL,NULL,NULL,NULL,NULL,NULL,NULL,NULL,NULL,NULL,NULL,NULL,NULL,NULL,NULL,NULL,NULL,NULL,NULL,NULL,NULL,NULL,NULL,NULL,NULL,NULL,NULL,NULL,NULL,'2015-03-05 15:06:01','2015-03-25 15:59:18','a256ad63-9302-4907-95c5-18251d23ee51'),(86,138,'en_us','Yoga',NULL,NULL,NULL,NULL,NULL,0,NULL,NULL,NULL,NULL,NULL,NULL,NULL,NULL,NULL,NULL,NULL,NULL,NULL,NULL,NULL,NULL,NULL,NULL,NULL,NULL,NULL,NULL,NULL,NULL,NULL,NULL,NULL,NULL,NULL,NULL,NULL,'2015-03-05 15:06:09','2015-03-25 15:59:36','adcbd99c-8b0a-49f1-a4d8-a03c265feed1'),(87,139,'en_us','One-to-One Services',NULL,NULL,NULL,NULL,NULL,0,NULL,NULL,NULL,NULL,NULL,NULL,NULL,NULL,NULL,NULL,NULL,NULL,NULL,NULL,NULL,NULL,NULL,NULL,NULL,NULL,NULL,NULL,NULL,NULL,NULL,NULL,NULL,NULL,NULL,NULL,NULL,'2015-03-05 15:06:16','2015-03-25 15:59:53','2d6b7cc8-bf43-4231-ab7a-91aa9f2da762'),(90,142,'en_us','Educational Events',NULL,NULL,NULL,NULL,NULL,0,NULL,NULL,NULL,NULL,NULL,NULL,NULL,NULL,NULL,NULL,NULL,NULL,NULL,NULL,NULL,NULL,NULL,NULL,NULL,NULL,NULL,NULL,NULL,NULL,NULL,NULL,NULL,NULL,NULL,NULL,NULL,'2015-03-05 15:06:52','2015-03-25 16:00:12','fc8bd228-dfe1-4957-a4bc-b66a37033e2b'),(91,143,'en_us','Nutrition',NULL,NULL,NULL,NULL,NULL,0,NULL,NULL,NULL,NULL,NULL,NULL,NULL,NULL,NULL,NULL,NULL,NULL,NULL,NULL,NULL,NULL,NULL,NULL,NULL,NULL,NULL,NULL,NULL,NULL,NULL,NULL,NULL,NULL,NULL,NULL,NULL,'2015-03-05 15:07:00','2015-03-05 15:07:00','4733dc0f-4147-47ac-aa6a-faf985365abd'),(92,144,'en_us','Bereavement',NULL,NULL,NULL,NULL,NULL,0,NULL,NULL,NULL,NULL,NULL,NULL,NULL,NULL,NULL,NULL,NULL,NULL,NULL,NULL,NULL,NULL,NULL,NULL,NULL,NULL,NULL,NULL,NULL,NULL,NULL,NULL,NULL,NULL,NULL,NULL,NULL,'2015-03-05 15:07:08','2015-03-25 16:00:26','93861d4a-a600-4fea-8737-fd0add8d9f81'),(93,145,'en_us','Blood Cancers',NULL,NULL,NULL,NULL,NULL,0,NULL,NULL,NULL,NULL,NULL,NULL,NULL,NULL,NULL,NULL,NULL,NULL,NULL,NULL,NULL,NULL,NULL,NULL,NULL,NULL,NULL,NULL,NULL,NULL,NULL,NULL,NULL,NULL,NULL,NULL,NULL,'2015-03-05 15:07:17','2015-03-25 16:00:53','273e43b8-3b64-4eda-a4e3-1574ea81574f'),(94,146,'en_us','Meditation',NULL,NULL,NULL,NULL,NULL,0,NULL,NULL,NULL,NULL,NULL,NULL,NULL,NULL,NULL,NULL,NULL,NULL,NULL,NULL,NULL,NULL,NULL,NULL,NULL,NULL,NULL,NULL,NULL,NULL,NULL,NULL,NULL,NULL,NULL,NULL,NULL,'2015-03-05 15:07:48','2015-03-25 16:01:20','c11912a2-3cd0-47fc-b9cb-9a33131f8ab0'),(95,147,'en_us','Wellness Center',NULL,NULL,NULL,NULL,NULL,0,NULL,NULL,NULL,NULL,NULL,NULL,NULL,NULL,NULL,NULL,NULL,NULL,NULL,NULL,NULL,NULL,NULL,NULL,NULL,NULL,NULL,NULL,NULL,NULL,NULL,NULL,NULL,NULL,NULL,NULL,NULL,'2015-03-05 15:10:31','2015-03-05 15:10:31','7fdc6a73-8a1f-4fa1-bed6-e5178e9b6bf7'),(96,148,'en_us','TGP East',NULL,NULL,NULL,NULL,NULL,0,NULL,NULL,NULL,NULL,NULL,NULL,NULL,'info@touchedbycancer.org',NULL,NULL,NULL,NULL,NULL,NULL,NULL,NULL,NULL,NULL,NULL,NULL,NULL,NULL,NULL,NULL,'https://www.flickr.com/photos/thegatheringplaceoh/sets/',NULL,NULL,NULL,NULL,NULL,NULL,'2015-03-05 20:15:03','2015-04-20 19:11:23','cc99b775-4d36-41ef-9e01-8a9c3fc3e7d6'),(97,150,'en_us','TGP West',NULL,NULL,NULL,NULL,NULL,0,NULL,NULL,NULL,NULL,NULL,NULL,NULL,'info@touchedbycancer.org',NULL,NULL,NULL,NULL,NULL,NULL,NULL,NULL,NULL,NULL,NULL,NULL,NULL,NULL,NULL,NULL,'https://www.flickr.com/photos/thegatheringplaceoh/sets/',NULL,NULL,NULL,NULL,NULL,NULL,'2015-03-05 20:16:26','2015-04-20 19:11:32','1d6e69c3-6165-4a7e-b3b9-c6d8c1c17f55'),(102,156,'en_us','Tai Chi',NULL,'<p>Focus on wellness and what you can do to boost your energy, open up and release tension. Movements are done in a standing and seated position and you may sit at anytime. Tai chi increases leg strength, balance and flexibility. <strong>Advance registration by calling 216.595.9546 or by email (see below).</strong></p><p>Lead by Charlene Nevans</p><p><strong><a href=\"mailto:kohn@touchedbycancer.org\" target=\"_blank\">Click here</a> to email Betsy Kohn, MA, PC, and let her know you are interested in Tai Chi. She will contact you to complete registration. Please include your name and phone number in the email.</strong></p>','2015-03-12 11:00:00',NULL,NULL,0,NULL,NULL,NULL,NULL,NULL,NULL,NULL,NULL,NULL,NULL,NULL,NULL,NULL,NULL,NULL,NULL,NULL,NULL,NULL,NULL,NULL,NULL,NULL,NULL,NULL,NULL,NULL,NULL,NULL,NULL,NULL,'2015-03-05 20:32:16','2015-03-26 15:16:04','8dc6ba9a-7cd0-4d9e-a495-37086c859b08'),(104,158,'en_us','Tai Chi',NULL,'<p>Focus on wellness and what you can do to boost your energy, open up and release tension. Movements are done in a standing and seated position and you may sit at anytime. Tai chi increases leg strength, balance and flexibility. <strong>Advance registration by calling 216.595.9546 or by email (see below).</strong></p><p><strong>TGP East: </strong><br>Wednesdays, 2:00-3:15 pm, Susan Cady<br>Thursdays, 11:00 am-12:15 pm, Charlene Nevans</p><p><strong>Contact: Betsy Kohn, MA, PC</strong></p><p><strong>TGP West:<br></strong>Thursdays, 6:30-7:45 pm, Michael Stadul</p><p><strong>Contact: Susan Marinac, LISW-S, MT-BC</strong></p>',NULL,NULL,NULL,0,NULL,NULL,NULL,NULL,NULL,'','<p>Please get in touch with the instructor to let her<strong> </strong>know you are interested in Tai Chi. She will contact you to complete registration. Please include your name and phone number in the email.</p>','',NULL,NULL,NULL,NULL,NULL,NULL,NULL,NULL,NULL,NULL,NULL,NULL,NULL,NULL,NULL,NULL,NULL,NULL,NULL,'<p>Please get in touch with the instructor to let her<strong> </strong>know you are interested in Tai Chi. She will contact you to complete registration. Please include your name and phone number in the email.</p>',NULL,NULL,NULL,'2015-03-05 20:39:44','2015-04-20 17:41:28','b2f3c79d-32c6-4cd8-a302-543d0e77dfce'),(105,159,'en_us','Tai Chi',NULL,'<p>Focus on wellness and what you can do to boost your energy, open up and release tension. Movements are done in a standing and seated position and you may sit at anytime. Tai chi increases leg strength, balance and flexibility. <strong>Advance registration by calling 216.595.9546 or by email (see below).</strong></p><p>Lead By Michael Stadul</p><p><strong><a href=\"mailto:marinac@touchedbycancer.org\" target=\"_blank\">Click here</a></strong><strong> </strong><strong>to email Susan Marinac, LISW-S, MT-BC, and let her know you are interested in Tai Chi. She will contact you to complete registration. Please include your name and phone number in the email.</strong></p>','2015-03-12 18:30:00',NULL,NULL,0,NULL,NULL,NULL,NULL,NULL,NULL,NULL,NULL,NULL,NULL,NULL,NULL,NULL,NULL,NULL,NULL,NULL,NULL,NULL,NULL,NULL,NULL,NULL,NULL,NULL,NULL,NULL,NULL,NULL,NULL,NULL,'2015-03-05 20:42:49','2015-03-27 16:35:58','ef19c4de-07c8-4f25-a7a5-7fcbf9de3acd'),(112,160,'en_us','The Advisory Committee',NULL,'<p>This is where the introduction to this page would go. This should only be entered once. The rest of the entries in this section should be individual members of the advisory committee.</p>',NULL,NULL,NULL,0,NULL,NULL,NULL,NULL,NULL,NULL,NULL,NULL,NULL,NULL,NULL,NULL,NULL,NULL,NULL,NULL,NULL,NULL,NULL,NULL,NULL,NULL,NULL,NULL,NULL,NULL,NULL,NULL,NULL,NULL,NULL,'2015-03-10 15:59:02','2015-03-10 15:59:26','f482849b-681c-4f9a-bf1f-13adfce9b071'),(113,162,'en_us','Facility Contact',NULL,NULL,NULL,NULL,NULL,0,NULL,NULL,NULL,NULL,NULL,NULL,NULL,NULL,NULL,NULL,NULL,NULL,NULL,NULL,NULL,NULL,NULL,NULL,NULL,NULL,NULL,NULL,NULL,NULL,NULL,NULL,NULL,NULL,NULL,NULL,NULL,'2015-03-10 17:25:24','2015-03-10 17:25:24','6f0ea69f-b127-4491-ace4-a6a86bd28b1c'),(114,163,'en_us','News Article',NULL,NULL,NULL,NULL,NULL,0,NULL,NULL,NULL,NULL,NULL,NULL,NULL,NULL,NULL,NULL,NULL,NULL,NULL,NULL,NULL,NULL,NULL,NULL,NULL,NULL,NULL,NULL,NULL,NULL,NULL,NULL,NULL,NULL,NULL,NULL,NULL,'2015-03-10 17:25:36','2015-03-10 17:25:36','acc0664d-7ba5-4650-9c28-09a3e141c622'),(115,164,'en_us','Website',NULL,NULL,NULL,NULL,NULL,0,NULL,NULL,NULL,NULL,NULL,NULL,NULL,NULL,NULL,NULL,NULL,NULL,NULL,NULL,NULL,NULL,NULL,NULL,NULL,NULL,NULL,NULL,NULL,NULL,NULL,NULL,NULL,NULL,NULL,NULL,NULL,'2015-03-10 17:25:42','2015-03-10 17:25:42','0a258a0e-0f08-410a-9bbe-f2ee87ad54ce'),(116,165,'en_us','Cancer Care Center',NULL,NULL,NULL,NULL,NULL,0,NULL,NULL,NULL,NULL,NULL,NULL,NULL,NULL,NULL,NULL,NULL,NULL,NULL,NULL,NULL,NULL,NULL,NULL,NULL,NULL,NULL,NULL,NULL,NULL,NULL,NULL,NULL,NULL,NULL,NULL,NULL,'2015-03-10 17:26:00','2015-03-10 17:26:00','327df6b4-45ba-4670-b571-f3c422d6bf16'),(117,166,'en_us','General Cancer Information',NULL,NULL,NULL,NULL,NULL,0,NULL,NULL,NULL,NULL,NULL,NULL,NULL,NULL,NULL,NULL,NULL,NULL,NULL,NULL,NULL,NULL,NULL,NULL,NULL,NULL,NULL,NULL,NULL,NULL,NULL,NULL,NULL,NULL,NULL,NULL,NULL,'2015-03-10 17:26:08','2015-03-10 17:26:08','760e7cb5-cefc-4f36-a5de-0746ec7a9895'),(118,167,'en_us','Pain Management',NULL,NULL,NULL,NULL,NULL,0,NULL,NULL,NULL,NULL,NULL,NULL,NULL,NULL,NULL,NULL,NULL,NULL,NULL,NULL,NULL,NULL,NULL,NULL,NULL,NULL,NULL,NULL,NULL,NULL,NULL,NULL,NULL,NULL,NULL,NULL,NULL,'2015-03-10 17:26:18','2015-03-10 17:26:18','2a239b64-f307-4592-b97f-08cd95a85c2c'),(119,168,'en_us','Book',NULL,NULL,NULL,NULL,NULL,0,NULL,NULL,NULL,NULL,NULL,NULL,NULL,NULL,NULL,NULL,NULL,NULL,NULL,NULL,NULL,NULL,NULL,NULL,NULL,NULL,NULL,NULL,NULL,NULL,NULL,NULL,NULL,NULL,NULL,NULL,NULL,'2015-03-10 17:31:25','2015-03-10 17:31:25','7d5c70b0-37e7-4f66-a4f1-d574bdb8992b'),(120,169,'en_us','Screen Shot: Contact Info',NULL,NULL,NULL,NULL,NULL,0,NULL,NULL,NULL,NULL,NULL,NULL,NULL,NULL,NULL,NULL,NULL,NULL,NULL,NULL,NULL,NULL,NULL,'Screen Shot: Contact Information',NULL,NULL,NULL,NULL,NULL,NULL,NULL,NULL,NULL,NULL,NULL,NULL,NULL,'2015-03-10 17:44:09','2015-03-10 17:45:24','b3fae390-66d3-4e93-8b16-7e81cb145e3e'),(121,176,'en_us','Our Helpful Resources',NULL,'<p>Sed posuere consectetur est lobortis. Cras mattis consectetur purus sit amet fermentum. Donec id elit non mi porta gravida at eget metus. Praesent commodo cursus magna, donec sed odio duivel scelerisque nisl consectetur et. </p>',NULL,NULL,NULL,0,NULL,NULL,NULL,NULL,NULL,NULL,NULL,NULL,NULL,NULL,NULL,NULL,NULL,NULL,NULL,NULL,'Praesent commodo cursus magna, Donec sed odio duivel scelerisque nisl consectetur et.',NULL,NULL,NULL,NULL,NULL,NULL,NULL,NULL,NULL,NULL,NULL,NULL,NULL,NULL,'2015-03-10 20:54:34','2015-03-11 18:06:14','01b8262a-4976-4279-ad48-1c120695281c'),(122,177,'en_us','gatheringplace logoperson',NULL,NULL,NULL,NULL,NULL,0,NULL,NULL,NULL,NULL,NULL,NULL,NULL,NULL,NULL,NULL,NULL,NULL,NULL,NULL,NULL,NULL,NULL,NULL,NULL,NULL,NULL,NULL,NULL,NULL,NULL,NULL,NULL,NULL,NULL,NULL,NULL,'2015-03-11 14:44:55','2015-03-11 14:44:55','1a12b57f-be46-4a0a-b50a-5e86ad31edad'),(124,182,'en_us','Newsletter.Final',NULL,NULL,NULL,NULL,NULL,0,NULL,NULL,NULL,NULL,NULL,NULL,NULL,NULL,NULL,NULL,NULL,NULL,NULL,NULL,NULL,NULL,NULL,NULL,NULL,NULL,NULL,NULL,NULL,NULL,NULL,NULL,NULL,NULL,NULL,NULL,NULL,'2015-03-11 20:52:04','2015-03-11 20:52:04','7929e6d4-15dd-48fd-8db3-7d316c9e751b'),(125,183,'en_us','Newsletter',NULL,NULL,NULL,NULL,NULL,0,NULL,NULL,NULL,NULL,NULL,NULL,NULL,NULL,NULL,NULL,NULL,NULL,NULL,NULL,NULL,NULL,NULL,NULL,NULL,NULL,NULL,NULL,NULL,NULL,NULL,NULL,NULL,NULL,NULL,NULL,NULL,'2015-03-11 21:12:56','2015-03-11 21:12:56','b6782d97-ce60-4c40-b3d8-aec128abc595'),(126,184,'en_us','Repeating Elements',NULL,NULL,NULL,NULL,NULL,0,NULL,NULL,NULL,NULL,NULL,NULL,NULL,NULL,NULL,NULL,NULL,NULL,NULL,NULL,'Maecenas faucibus mollis interdum. Maecenas sed diam eget risus varius blandit sit amet non magna. Nullam quis risus eget urna mollis ornare vel eu leo.','The resources and information given by our staff is NOT an endorsement of those individuals or practices. Staff members do not provide medical advice or assistance. We make every attempt to stock current, legitimate health-related materials. Opinions offered in writing or in lectures do not necessarily reflect the opinions of The Gathering Place staff or Board of Trustees. We receive no fee for maintaining lists of resources and information. It is the responsibility of anyone utilizing this information to fully research the resources provided.',NULL,NULL,NULL,NULL,NULL,NULL,NULL,NULL,NULL,NULL,NULL,NULL,NULL,NULL,NULL,'2015-03-13 19:46:38','2015-05-03 21:29:01','8fe4fd44-8777-44cd-b741-3b5d3042211a'),(127,193,'en_us','Warehouse Sale',NULL,NULL,'2015-04-25 09:00:00',NULL,NULL,0,NULL,NULL,NULL,NULL,NULL,NULL,NULL,NULL,NULL,NULL,NULL,NULL,NULL,NULL,NULL,NULL,'Cras mattis consectetur purus sit amet fermentum. Cum sociis natoque penatibus et magnis dis parturient montes, nascetur ridiculus mus.',NULL,NULL,NULL,NULL,NULL,NULL,NULL,'https://www.flickr.com/photos/thegatheringplaceoh/sets/72157648850889574/',NULL,NULL,NULL,NULL,NULL,NULL,'2015-03-17 16:42:46','2015-04-01 18:57:25','a9775355-cc7f-4d38-a911-f49a4cc29a82'),(128,194,'en_us','Warehouse Sale',NULL,NULL,'2015-03-29 11:00:00',NULL,NULL,0,NULL,NULL,NULL,NULL,NULL,NULL,NULL,NULL,NULL,NULL,NULL,NULL,NULL,NULL,NULL,NULL,'Cras mattis consectetur purus sit amet fermentum. Cum sociis natoque penatibus et magnis dis parturient montes, nascetur ridiculus mus.',NULL,NULL,NULL,NULL,NULL,NULL,NULL,'https://www.flickr.com/photos/thegatheringplaceoh/sets/72157648850889574/',NULL,NULL,NULL,NULL,NULL,NULL,'2015-03-17 16:43:25','2015-04-01 18:53:52','1b79badc-add1-41e2-8b27-4bdf24822f43'),(130,195,'en_us','girl',NULL,NULL,NULL,NULL,NULL,0,NULL,NULL,NULL,NULL,NULL,NULL,NULL,NULL,NULL,NULL,NULL,NULL,NULL,NULL,NULL,NULL,NULL,NULL,NULL,NULL,NULL,NULL,NULL,NULL,NULL,NULL,NULL,NULL,NULL,NULL,NULL,'2015-03-18 17:48:25','2015-03-18 17:48:25','1676865e-3c72-4eb9-aacc-378975d00036'),(131,196,'en_us','girl2',NULL,NULL,NULL,NULL,NULL,0,NULL,NULL,NULL,NULL,NULL,NULL,NULL,NULL,NULL,NULL,NULL,NULL,NULL,NULL,NULL,NULL,NULL,NULL,NULL,NULL,NULL,NULL,NULL,NULL,NULL,NULL,NULL,NULL,NULL,NULL,NULL,'2015-03-18 17:48:26','2015-03-18 17:48:26','af7a2489-903f-4aac-b547-7302f0ee627e'),(132,197,'en_us','girl3',NULL,NULL,NULL,NULL,NULL,0,NULL,NULL,NULL,NULL,NULL,NULL,NULL,NULL,NULL,NULL,NULL,NULL,NULL,NULL,NULL,NULL,NULL,NULL,NULL,NULL,NULL,NULL,NULL,NULL,NULL,NULL,NULL,NULL,NULL,NULL,NULL,'2015-03-18 17:48:27','2015-03-18 17:48:27','730bc73a-fadf-4c61-9457-06e7968fa0ba'),(133,198,'en_us','girl4',NULL,NULL,NULL,NULL,NULL,0,NULL,NULL,NULL,NULL,NULL,NULL,NULL,NULL,NULL,NULL,NULL,NULL,NULL,NULL,NULL,NULL,NULL,NULL,NULL,NULL,NULL,NULL,NULL,NULL,NULL,NULL,NULL,NULL,NULL,NULL,NULL,'2015-03-18 17:48:28','2015-03-18 17:48:28','584cc5d5-4042-49af-a495-9922d4243926'),(134,199,'en_us','Erin Rafter',NULL,NULL,NULL,NULL,'Program Staff',0,NULL,'PhD, CCLS','Maecenas faucib nullam quis risus eget urna mollis ornare vel eu leo. Nullam id dolor id nibh ultricies vehicula ut id elit. Nulla vitae elit libero, a pharetra augue. Cum sociis natoque penatibus et magnis dis parturient montes, nascetur ridiculus mus. Sed posuere consectetur est at lobortis. Vivamus sagittis lacus vel augue laoreet rutrum faucibus dolor auctor.',' Maecenas faucibus mollis interdum. Maecenas sed diam eget risus varius blandit sit amet non magna. Nullam quis risus eg','rafter@touchedbycancer.org',NULL,NULL,NULL,NULL,NULL,NULL,NULL,NULL,NULL,NULL,NULL,NULL,NULL,NULL,NULL,NULL,NULL,NULL,NULL,NULL,NULL,NULL,NULL,NULL,NULL,NULL,'2015-03-18 17:49:37','2015-05-01 20:59:05','e120f781-f767-445b-887a-a846a98277f8'),(135,200,'en_us','Erin Rafter',NULL,NULL,NULL,NULL,'Program Staff',0,NULL,'HPD, CCLS','Maecenas faucib nullam quis risus eget urna mollis ornare vel eu leo. Nullam id dolor id nibh ultricies vehicula ut id elit. Nulla vitae elit libero, a pharetra augue. Cum sociis natoque penatibus et magnis dis parturient montes, nascetur ridiculus mus. Sed posuere consectetur est at lobortis. Vivamus sagittis lacus vel augue laoreet rutrum faucibus dolor auctor','Maecenas faucib nullam quis risus eget urna mollis ornare vel eu leo. Nullam id dolor id nibh ultricies vehicula ut id e','rafter@touchedbycancer.org',NULL,NULL,NULL,NULL,NULL,NULL,NULL,NULL,NULL,NULL,NULL,NULL,NULL,NULL,NULL,NULL,NULL,NULL,NULL,NULL,NULL,NULL,NULL,NULL,NULL,NULL,'2015-03-18 17:50:33','2015-05-01 20:59:47','a3b461b7-7812-4dc7-8214-b8696ffb7a3d'),(136,201,'en_us','Susan Marinac',NULL,NULL,NULL,NULL,'',0,NULL,'LISW-S, MT-BC','Maecenas faucib nullam quis risus eget urna mollis ornare vel eu leo. Nullam id dolor id nibh ultricies vehicula ut id elit. Nulla vitae elit libero, a pharetra augue. Cum sociis natoque penatibus et magnis dis parturient montes, nascetur ridiculus mus. Sed posuere consectetur est at lobortis. Vivamus sagittis lacus vel augue laoreet rutrum faucibus dolor auctor','Maecenas faucib nullam quis risus eget urna mollis ornare vel eu leo. Nullam id dolor id nibh ultricies vehicula ut id e','marinac@touchedbycancer.org',NULL,NULL,NULL,NULL,NULL,NULL,NULL,NULL,NULL,NULL,NULL,NULL,NULL,NULL,NULL,NULL,NULL,NULL,NULL,NULL,NULL,NULL,NULL,NULL,NULL,NULL,'2015-03-18 17:51:29','2015-05-01 21:00:34','2a1b35f7-3932-4544-8dff-8402294d2fc4'),(137,202,'en_us','Mary Fisher Bornstein',NULL,NULL,NULL,NULL,'Staff Member',0,NULL,'LISW-S','Maecenas faucib nullam quis risus eget urna mollis ornare vel eu leo. Nullam id dolor id nibh ultricies vehicula ut id elit. Nulla vitae elit libero, a pharetra augue. Cum sociis natoque penatibus et magnis dis parturient montes, nascetur ridiculus mus. Sed posuere consectetur est at lobortis. Vivamus sagittis lacus vel augue laoreet rutrum faucibus dolor auctor','Maecenas faucib nullam quis risus eget urna mollis ornare vel eu leo. Nullam id dolor id nibh ultricies vehicula ut id e','bornstein@touchedbycancer.org',NULL,NULL,NULL,NULL,NULL,NULL,NULL,NULL,NULL,NULL,NULL,NULL,NULL,NULL,NULL,NULL,NULL,NULL,NULL,NULL,NULL,NULL,NULL,NULL,NULL,NULL,'2015-03-18 17:52:15','2015-05-01 21:00:16','06020e59-5cad-4e38-a2eb-891b67384321'),(140,205,'en_us','921-At-A-Glance6.hires',NULL,NULL,NULL,NULL,NULL,0,NULL,NULL,NULL,NULL,NULL,NULL,NULL,NULL,NULL,NULL,NULL,NULL,NULL,NULL,NULL,NULL,NULL,NULL,NULL,NULL,NULL,NULL,NULL,NULL,NULL,NULL,NULL,NULL,NULL,NULL,NULL,'2015-03-20 21:19:49','2015-03-20 21:19:49','8ae00dd1-6f37-47ec-86db-aa076355f943'),(141,206,'en_us','Programs and Services',NULL,'<p>Nulla vitae elit libero, a pharetra augue. Praesent commodo cursus magna, vel scelerisque nisl consectetur et. Morbi leo risus, porta ac consectetur ac, vestibulum at eros. Donec ullamcorper nulla non metus auctor fringilla. </p>',NULL,NULL,NULL,0,NULL,NULL,NULL,NULL,NULL,NULL,NULL,NULL,NULL,NULL,NULL,NULL,NULL,NULL,NULL,NULL,NULL,NULL,NULL,NULL,NULL,NULL,NULL,NULL,NULL,NULL,NULL,NULL,NULL,NULL,NULL,'2015-03-20 21:19:53','2015-03-20 21:19:53','9cc8a267-2c81-4be9-ace9-ba32638f63d2'),(142,207,'en_us','Art & Music',NULL,NULL,NULL,NULL,NULL,0,NULL,NULL,NULL,NULL,NULL,NULL,NULL,NULL,NULL,NULL,NULL,NULL,NULL,NULL,NULL,NULL,NULL,NULL,NULL,NULL,NULL,NULL,NULL,NULL,NULL,NULL,NULL,NULL,NULL,NULL,NULL,'2015-03-25 16:01:31','2015-03-25 16:01:31','30efcc40-2d42-4ba1-910e-b1e28d5178d7'),(143,208,'en_us','Qigong',NULL,NULL,NULL,NULL,NULL,0,NULL,NULL,NULL,NULL,NULL,NULL,NULL,NULL,NULL,NULL,NULL,NULL,NULL,NULL,NULL,NULL,NULL,NULL,NULL,NULL,NULL,NULL,NULL,NULL,NULL,NULL,NULL,NULL,NULL,NULL,NULL,'2015-03-25 16:02:04','2015-03-25 16:02:04','0069e642-6a9a-4c76-81b8-5a5fb3385e65'),(144,209,'en_us','Library',NULL,NULL,NULL,NULL,NULL,0,NULL,NULL,NULL,NULL,NULL,NULL,NULL,NULL,NULL,NULL,NULL,NULL,NULL,NULL,NULL,NULL,NULL,NULL,NULL,NULL,NULL,NULL,NULL,NULL,NULL,NULL,NULL,NULL,NULL,NULL,NULL,'2015-03-25 16:02:17','2015-03-25 16:02:17','d85a8dcc-2c36-46c3-909d-836dc6dc4906'),(145,210,'en_us','Breast Cancer Programs',NULL,NULL,NULL,NULL,NULL,0,NULL,NULL,NULL,NULL,NULL,NULL,NULL,NULL,NULL,NULL,NULL,NULL,NULL,NULL,NULL,NULL,NULL,NULL,NULL,NULL,NULL,NULL,NULL,NULL,NULL,NULL,NULL,NULL,NULL,NULL,NULL,'2015-03-25 16:02:25','2015-03-25 16:02:25','b602dd4b-bc52-4557-b11a-5a19205a0b2e'),(146,211,'en_us','Healing Arts',NULL,NULL,NULL,NULL,NULL,0,NULL,NULL,NULL,NULL,NULL,NULL,NULL,NULL,NULL,NULL,NULL,NULL,NULL,NULL,NULL,NULL,NULL,NULL,NULL,NULL,NULL,NULL,NULL,NULL,NULL,NULL,NULL,NULL,NULL,NULL,NULL,'2015-03-25 16:02:44','2015-03-25 16:03:23','6486dadc-a22a-4df9-9024-3be21cd04513'),(147,212,'en_us','Children, Teens & Families',NULL,NULL,NULL,NULL,NULL,0,NULL,NULL,NULL,NULL,NULL,NULL,NULL,NULL,NULL,NULL,NULL,NULL,NULL,NULL,NULL,NULL,NULL,NULL,NULL,NULL,NULL,NULL,NULL,NULL,NULL,NULL,NULL,NULL,NULL,NULL,NULL,'2015-03-25 16:04:04','2015-03-25 16:04:09','d5557838-3fcb-43f1-b4a6-45cd951b9f22'),(148,213,'en_us','Personal Care',NULL,NULL,NULL,NULL,NULL,0,NULL,NULL,NULL,NULL,NULL,NULL,NULL,NULL,NULL,NULL,NULL,NULL,NULL,NULL,NULL,NULL,NULL,NULL,NULL,NULL,NULL,NULL,NULL,NULL,NULL,NULL,NULL,NULL,NULL,NULL,NULL,'2015-03-25 16:05:20','2015-03-25 16:05:20','b5d03f90-22da-407f-9771-ba5defaa6d51'),(149,214,'en_us','Special Programs',NULL,NULL,NULL,NULL,NULL,0,NULL,NULL,NULL,NULL,NULL,NULL,NULL,NULL,NULL,NULL,NULL,NULL,NULL,NULL,NULL,NULL,NULL,NULL,NULL,NULL,NULL,NULL,NULL,NULL,NULL,NULL,NULL,NULL,NULL,NULL,NULL,'2015-03-25 16:05:28','2015-03-25 16:05:28','7e122a9b-ec29-415d-87f0-99c361cb0843'),(150,215,'en_us','Prostate Cancer Programs',NULL,NULL,NULL,NULL,NULL,0,NULL,NULL,NULL,NULL,NULL,NULL,NULL,NULL,NULL,NULL,NULL,NULL,NULL,NULL,NULL,NULL,NULL,NULL,NULL,NULL,NULL,NULL,NULL,NULL,NULL,NULL,NULL,NULL,NULL,NULL,NULL,'2015-03-25 16:05:40','2015-03-25 16:05:40','7b2477c2-43ec-4219-853f-a2c206266749'),(151,216,'en_us','Tai Chi',NULL,NULL,NULL,NULL,NULL,0,NULL,NULL,NULL,NULL,NULL,NULL,NULL,NULL,NULL,NULL,NULL,NULL,NULL,NULL,NULL,NULL,NULL,NULL,NULL,NULL,NULL,NULL,NULL,NULL,NULL,NULL,NULL,NULL,NULL,NULL,NULL,'2015-03-25 16:05:49','2015-03-25 16:05:49','a79336a6-1041-409c-b9eb-2c6b9f65aed5'),(152,217,'en_us','Wellness Center',NULL,NULL,NULL,NULL,NULL,0,NULL,NULL,NULL,NULL,NULL,NULL,NULL,'info@touchedbycancer.org',NULL,NULL,NULL,NULL,NULL,NULL,NULL,NULL,NULL,NULL,NULL,NULL,NULL,NULL,NULL,NULL,'https://www.flickr.com/photos/thegatheringplaceoh/sets/',NULL,NULL,NULL,NULL,NULL,NULL,'2015-03-25 18:25:58','2015-03-31 20:36:01','833ae927-ec93-4c75-a9b1-6a1c0c8086aa'),(153,219,'en_us','Welcome Orientation',NULL,'<p>Adults (over 18) touched by cancer are invited to attend a <strong>Welcoming Orientation</strong> session to learn about our free programs and services. No registration required but childcare can only be arranged with prior notification.</p>',NULL,NULL,NULL,0,NULL,NULL,NULL,NULL,NULL,'','','',NULL,NULL,NULL,NULL,NULL,NULL,NULL,NULL,NULL,NULL,NULL,NULL,NULL,NULL,NULL,NULL,NULL,NULL,NULL,NULL,NULL,NULL,NULL,'2015-03-27 19:04:01','2015-03-27 19:04:01','ba1557b3-97ed-4ee0-8f15-67b067d2eac9'),(154,220,'en_us','Welcome Orientation',NULL,'<p>Adults (over 18) touched by cancer are invited to attend a <strong>Welcoming Orientation</strong> session to learn about our free programs and services. No registration required but childcare can only be arranged with prior notification.</p>','2015-03-30 23:00:00',NULL,NULL,0,NULL,NULL,NULL,NULL,NULL,NULL,NULL,NULL,NULL,NULL,NULL,NULL,NULL,NULL,NULL,NULL,NULL,NULL,NULL,NULL,NULL,NULL,NULL,NULL,NULL,NULL,NULL,NULL,NULL,NULL,NULL,'2015-03-27 19:06:44','2015-05-03 02:07:09','bd9fb434-ff8d-4d50-b15d-e7ddce0649ff'),(155,221,'en_us','Welcome Orientation',NULL,'<p>Adults (over 18) touched by cancer are invited to attend a <strong>Welcoming Orientation</strong> session to learn about our free programs and services. No registration required but childcare can only be arranged with prior notification.</p>','2015-03-31 13:30:00',NULL,NULL,0,NULL,NULL,NULL,NULL,NULL,NULL,NULL,NULL,NULL,NULL,NULL,NULL,NULL,NULL,NULL,NULL,NULL,NULL,NULL,NULL,NULL,NULL,NULL,NULL,NULL,NULL,NULL,NULL,NULL,NULL,NULL,'2015-03-27 19:08:32','2015-03-27 19:18:07','07c6c093-9e8b-423f-b78d-120ddc7d9455'),(156,222,'en_us','Welcome Orientation',NULL,'<p>Adults (over 18) touched by cancer are invited to attend a <strong>Welcoming Orientation</strong> session to learn about our free programs and services. No registration required but childcare can only be arranged with prior notification.</p>','2015-03-28 10:30:00',NULL,NULL,0,NULL,NULL,NULL,NULL,NULL,NULL,NULL,NULL,NULL,NULL,NULL,NULL,NULL,NULL,NULL,NULL,NULL,NULL,NULL,NULL,NULL,NULL,NULL,NULL,NULL,NULL,NULL,NULL,NULL,NULL,NULL,'2015-03-27 19:09:56','2015-03-27 19:18:15','239e09e2-9921-4706-b849-00d43a48a0c3'),(157,223,'en_us','Welcome Orientation',NULL,'<p>Adults (over 18) touched by cancer are invited to attend a <strong>Welcoming Orientation</strong> session to learn about our free programs and services. No registration required but childcare can only be arranged with prior notification.</p>','2015-03-31 13:30:00',NULL,NULL,0,NULL,NULL,NULL,NULL,NULL,NULL,NULL,NULL,NULL,NULL,NULL,NULL,NULL,NULL,NULL,NULL,NULL,NULL,NULL,NULL,NULL,NULL,NULL,NULL,NULL,NULL,NULL,NULL,NULL,NULL,NULL,'2015-03-27 19:11:23','2015-03-27 19:18:21','741f6246-be27-4a61-bdd1-d356f36c5e99'),(159,225,'en_us','Welcome Orientation',NULL,'<p>Adults (over 18) touched by cancer are invited to attend a <strong>Welcoming Orientation</strong> session to learn about our free programs and services. No registration required but childcare can only be arranged with prior notification.</p>','2015-03-28 10:30:00',NULL,NULL,0,NULL,NULL,NULL,NULL,NULL,NULL,NULL,NULL,NULL,NULL,NULL,NULL,NULL,NULL,NULL,NULL,NULL,NULL,NULL,NULL,NULL,NULL,NULL,NULL,NULL,NULL,NULL,NULL,NULL,NULL,NULL,'2015-03-27 19:13:58','2015-03-27 19:18:38','d5813812-8270-45f4-8f4d-92632c83181f'),(161,227,'en_us','Welcome Orientation',NULL,'<p>Adults (over 18) touched by cancer are invited to attend a <strong>Welcoming Orientation</strong> session to learn about our free programs and services. No registration required but childcare can only be arranged with prior notification.</p>','2015-05-02 18:30:00',NULL,NULL,0,NULL,NULL,NULL,NULL,NULL,NULL,NULL,NULL,NULL,NULL,NULL,NULL,NULL,NULL,NULL,NULL,NULL,NULL,NULL,NULL,NULL,NULL,NULL,NULL,NULL,NULL,NULL,NULL,NULL,NULL,NULL,'2015-03-27 19:25:26','2015-05-03 02:06:25','cb25ce73-191e-4341-b235-ea72ce866853'),(162,228,'en_us','TGP-AuditedFinancialStatements-FY1314',NULL,NULL,NULL,NULL,NULL,0,NULL,NULL,NULL,NULL,NULL,NULL,NULL,NULL,NULL,NULL,NULL,NULL,NULL,NULL,NULL,NULL,NULL,NULL,NULL,NULL,NULL,NULL,NULL,NULL,NULL,NULL,NULL,NULL,NULL,NULL,NULL,'2015-03-31 19:42:37','2015-03-31 19:42:37','3d14d9a0-0e66-4999-a39c-a0322c3bd632'),(163,229,'en_us','Kim Day',NULL,NULL,NULL,NULL,'',0,'University Hospitals','MSSA, LISW',NULL,NULL,NULL,NULL,NULL,NULL,NULL,NULL,NULL,NULL,NULL,NULL,NULL,NULL,NULL,NULL,NULL,NULL,NULL,NULL,NULL,NULL,NULL,NULL,NULL,NULL,NULL,NULL,NULL,'2015-04-08 17:23:03','2015-04-08 19:10:52','7ca73172-cc06-4f34-bf65-2562e312a422'),(164,230,'en_us','Wendy Miano',NULL,NULL,NULL,NULL,'',0,'University Hospitals','DNP, RN, AOCN',NULL,NULL,NULL,NULL,NULL,NULL,NULL,NULL,NULL,NULL,NULL,NULL,NULL,NULL,NULL,NULL,NULL,NULL,NULL,NULL,NULL,NULL,NULL,NULL,NULL,NULL,NULL,NULL,NULL,'2015-04-08 17:23:13','2015-04-08 19:11:30','39123a12-847a-4301-a200-8c234db03f01'),(165,231,'en_us','Laura Rocker',NULL,NULL,NULL,NULL,'Chair',0,'Akron Children\'s Hospital','MD',NULL,NULL,NULL,NULL,NULL,NULL,NULL,NULL,NULL,NULL,NULL,NULL,NULL,NULL,NULL,NULL,NULL,NULL,NULL,NULL,NULL,NULL,NULL,NULL,NULL,NULL,NULL,NULL,NULL,'2015-04-08 17:23:25','2015-04-08 19:08:37','e53009a4-10c7-4a66-9f97-d4a8d1045379'),(166,232,'en_us','Mary Lou Miller',NULL,NULL,NULL,NULL,'',0,'MetroHealth Medical Center','MD',NULL,NULL,NULL,NULL,NULL,NULL,NULL,NULL,NULL,NULL,NULL,NULL,NULL,NULL,NULL,NULL,NULL,NULL,NULL,NULL,NULL,NULL,NULL,NULL,NULL,NULL,NULL,NULL,NULL,'2015-04-08 19:11:48','2015-04-08 19:11:48','0e47ea60-9c80-42c2-abba-6c579223056a'),(167,233,'en_us','Machelle Moeller',NULL,NULL,NULL,NULL,'',0,'Cleveland Clinic','RN, MSN, CNP, OCN',NULL,NULL,NULL,NULL,NULL,NULL,NULL,NULL,NULL,NULL,NULL,NULL,NULL,NULL,NULL,NULL,NULL,NULL,NULL,NULL,NULL,NULL,NULL,NULL,NULL,NULL,NULL,NULL,NULL,'2015-04-08 19:12:23','2015-04-08 19:12:23','44932043-8329-4852-b806-f26cb6d317a5'),(168,234,'en_us','Belleruth Naparstek',NULL,NULL,NULL,NULL,'',0,'Image Paths, Inc.','LISW',NULL,NULL,NULL,NULL,NULL,NULL,NULL,NULL,NULL,NULL,NULL,NULL,NULL,NULL,NULL,NULL,NULL,NULL,NULL,NULL,NULL,NULL,NULL,NULL,NULL,NULL,NULL,NULL,NULL,'2015-04-08 19:12:42','2015-04-08 19:12:42','1f867b5d-1230-47dd-aae6-07bcd5e761d6'),(169,235,'en_us','Charles Nock',NULL,NULL,NULL,NULL,'',0,'University Hospitals','MD',NULL,NULL,NULL,NULL,NULL,NULL,NULL,NULL,NULL,NULL,NULL,NULL,NULL,NULL,NULL,NULL,NULL,NULL,NULL,NULL,NULL,NULL,NULL,NULL,NULL,NULL,NULL,NULL,NULL,'2015-04-08 19:12:55','2015-04-08 19:12:55','98ee07a8-fc33-461d-9a2c-b6727a94bb9d'),(170,236,'en_us','Cynthia Greenberg',NULL,NULL,NULL,NULL,'',0,'Cleveland Clinic','MD',NULL,NULL,NULL,NULL,NULL,NULL,NULL,NULL,NULL,NULL,NULL,NULL,NULL,NULL,NULL,NULL,NULL,NULL,NULL,NULL,NULL,NULL,NULL,NULL,NULL,NULL,NULL,NULL,NULL,'2015-04-08 19:13:54','2015-04-08 19:16:08','20a98c1e-77a4-4f82-a1e3-409b1f87c463'),(176,242,'en_us','113722870-paintedhands',NULL,NULL,NULL,NULL,NULL,0,NULL,NULL,NULL,NULL,NULL,NULL,NULL,NULL,NULL,NULL,NULL,NULL,NULL,NULL,NULL,NULL,NULL,NULL,NULL,NULL,NULL,NULL,NULL,NULL,NULL,NULL,NULL,NULL,NULL,NULL,NULL,'2015-04-16 02:09:56','2015-04-16 02:09:56','ad252109-c422-4e47-bf76-98dd0cbc184b'),(178,244,'en_us','Bob Nicolay',NULL,NULL,NULL,NULL,'Member',0,'','',NULL,NULL,NULL,NULL,NULL,NULL,NULL,NULL,NULL,NULL,NULL,NULL,NULL,NULL,NULL,NULL,NULL,NULL,NULL,NULL,NULL,NULL,NULL,NULL,NULL,NULL,NULL,NULL,NULL,'2015-04-19 03:21:58','2015-04-19 03:40:37','111e62d6-d725-40f2-a147-1cec334439bf'),(179,245,'en_us','David Ostro',NULL,NULL,NULL,NULL,'',0,'','',NULL,NULL,NULL,NULL,NULL,NULL,NULL,NULL,NULL,NULL,NULL,NULL,NULL,NULL,NULL,NULL,NULL,NULL,NULL,NULL,NULL,NULL,NULL,NULL,NULL,NULL,NULL,NULL,NULL,'2015-04-19 03:24:50','2015-04-19 03:24:50','e221d734-a59c-4efd-8748-e80823b15957'),(180,246,'en_us','Kristen Tull',NULL,NULL,NULL,NULL,'',0,'','',NULL,NULL,NULL,NULL,NULL,NULL,NULL,NULL,NULL,NULL,NULL,NULL,NULL,NULL,NULL,NULL,NULL,NULL,NULL,NULL,NULL,NULL,NULL,NULL,NULL,NULL,NULL,NULL,NULL,'2015-04-19 03:25:13','2015-04-19 03:25:13','d97a7740-2267-40a7-a3d0-e7189298056b'),(181,247,'en_us','Rita Andolson',NULL,NULL,NULL,NULL,'',0,'','',NULL,NULL,NULL,NULL,NULL,NULL,NULL,NULL,NULL,NULL,NULL,NULL,NULL,NULL,NULL,NULL,NULL,NULL,NULL,NULL,NULL,NULL,NULL,NULL,NULL,NULL,NULL,NULL,NULL,'2015-04-19 03:26:14','2015-04-19 03:26:14','4ac558bb-ebac-4b70-b00c-eff38ffeee74'),(182,248,'en_us','Grief Support Group',NULL,'<p>Twice-monthly group for those who have lost an adult loved one to cancer. Advance registration required with Susan Marinac LISW-S, MT-BC (West) or Mary Fisher Bornstein, LISW-S (East)</p><p>Lorem ipsum dolor sit amet, consectetur adipiscing elit. Sed nec sem in lacus mattis adipiscing eget ut lorem. Proin eu quam nulla, id porta erat. Cras nec neque non nisl lobortis adipiscing eget at enim. Nulla sed fermentum elit. Nunc id magna purus. Phasellus at ligula risus. Donec egestas enim vel orci convallis euismod. Fusce velit lorem, tincidunt id viverra id, fringilla at erat. </p><p>Fusce venenatis dignissim turpis, pharetra convallis arcu placerat sed. Ut at orci metus. Quisque sollicitudin gravida pharetra. Curabitur porta faucibus leo, vitae pharetra turpis interdum in. Duis ut urna odio, ac gravida leo. Nullam sodales risus sed ligula porttitor tempus eu at lectus.<br></p>',NULL,NULL,NULL,0,NULL,NULL,NULL,NULL,NULL,'Subtitle for grief group','<p>Lorem ipsum dolor sit amet, consectetur adipiscing elit. Sed nec sem in lacus mattis adipiscing eget ut lorem. Proin eu quam nulla, id porta erat. Cras nec neque non nisl lobortis adipiscing eget at enim. Nulla sed fermentum elit. Nunc id magna purus. <br></p>','julie@d-i.co',NULL,NULL,NULL,NULL,NULL,NULL,NULL,NULL,NULL,NULL,NULL,NULL,NULL,NULL,NULL,NULL,NULL,NULL,NULL,'',NULL,NULL,NULL,'2015-04-19 18:18:42','2015-04-23 02:14:39','9f1e2ff9-d3fc-4b26-a26b-81d8d72f95d8'),(183,249,'en_us','Grief Support Group - West',NULL,'<p>Twice-monthly group for those who have lost an adult loved one to cancer. <strong>Advance registration required with Susan Marinac LISW-S, MT-BC.</strong></p>','2015-05-06 14:00:00',NULL,NULL,0,NULL,NULL,NULL,NULL,NULL,NULL,NULL,NULL,NULL,NULL,NULL,NULL,NULL,NULL,NULL,NULL,NULL,NULL,NULL,NULL,NULL,NULL,NULL,NULL,NULL,NULL,NULL,NULL,NULL,NULL,NULL,'2015-04-19 18:23:03','2015-04-19 18:23:03','5b2f01b7-4180-4434-b47b-82dceb3ffd9e'),(184,250,'en_us','Grief Support Group - East',NULL,'<p>Twice-monthly group for those who have lost an adult loved one to cancer. <strong>Advance registration required with </strong><strong>Mary Fisher Bornstein, LISW-S (East)</strong></p>','2015-05-12 18:30:00',NULL,NULL,0,NULL,NULL,NULL,NULL,NULL,NULL,NULL,NULL,NULL,NULL,NULL,NULL,NULL,NULL,NULL,NULL,NULL,NULL,NULL,NULL,NULL,NULL,NULL,NULL,NULL,NULL,NULL,NULL,NULL,NULL,NULL,'2015-04-19 18:26:33','2015-04-19 18:26:33','edd264a2-0c66-463c-9acc-3f1b10111476'),(185,251,'en_us','KidShop/TeenShop - West',NULL,'<p>Workshop for children and teens who have an adult family member with cancer. Utilizing art, play, and discussion, children and their parents interact with families in similar situations.</p><p>KidShop/TeenShop Theme for April:<br>April Showers: Washing away those Winter Doldrums</p>','2015-05-06 18:30:00',NULL,NULL,0,NULL,NULL,NULL,NULL,NULL,NULL,NULL,NULL,NULL,NULL,NULL,NULL,NULL,NULL,NULL,NULL,NULL,NULL,NULL,NULL,NULL,NULL,NULL,NULL,NULL,NULL,NULL,NULL,NULL,NULL,NULL,'2015-04-19 18:37:08','2015-04-19 18:44:00','d4f04e97-5117-44e6-9cef-930946ab19e3'),(186,252,'en_us','KidShop/TeenShop - East',NULL,'<p>Workshop for children and teens who have an adult family member with cancer. Utilizing art, play, and discussion, children and their parents interact with families in similar situations.</p><p>KidShop/TeenShop Theme for April:<br>April Showers: Washing away those Winter Doldrums</p>','2015-04-27 18:00:00',NULL,NULL,0,NULL,NULL,NULL,NULL,NULL,NULL,NULL,NULL,NULL,NULL,NULL,NULL,NULL,NULL,NULL,NULL,NULL,NULL,NULL,NULL,NULL,NULL,NULL,NULL,NULL,NULL,NULL,NULL,NULL,NULL,NULL,'2015-04-19 18:39:35','2015-04-19 18:43:29','4d7e4b19-c968-4420-b57d-a1bee739ac56'),(187,253,'en_us','KidShop/TeenShop - East',NULL,'<p>Workshop for children and teens who have an adult family member with cancer. Utilizing art, play, and discussion, children and their parents interact with families in similar situations.</p><p>KidShop/TeenShop Theme for April:<br>April Showers: Washing away those Winter Doldrums</p>','2015-06-08 18:30:00',NULL,NULL,0,NULL,NULL,NULL,NULL,NULL,NULL,NULL,NULL,NULL,NULL,NULL,NULL,NULL,NULL,NULL,NULL,NULL,NULL,NULL,NULL,NULL,NULL,NULL,NULL,NULL,NULL,NULL,NULL,NULL,NULL,NULL,'2015-04-19 18:41:50','2015-04-19 18:43:47','418e244a-ff02-4688-b8c4-75528653f369'),(188,254,'en_us','Children, Teens and Family',NULL,'<p>Workshop for children and teens who have an adult family member with cancer. Utilizing art, play, and discussion, children and their parents interact with families in similar situations.</p><p>KidShop/TeenShop Theme for April:<br>April Showers: Washing away those Winter Doldrums</p>',NULL,NULL,NULL,0,NULL,NULL,NULL,NULL,NULL,'','','',NULL,NULL,NULL,NULL,NULL,NULL,NULL,NULL,NULL,NULL,NULL,NULL,NULL,NULL,NULL,NULL,NULL,NULL,NULL,'',NULL,NULL,NULL,'2015-04-19 18:43:14','2015-04-20 19:28:07','0edb1569-5706-467c-8d25-af83b787750f'),(190,260,'en_us','Kris Austin',NULL,NULL,NULL,NULL,'Marketing Director',0,NULL,'MSED','I\'m Kris, and I\'m awesome.','I\'m Kris, and I\'m awesome.','kris@test.com',NULL,NULL,NULL,NULL,NULL,NULL,NULL,NULL,NULL,NULL,NULL,NULL,NULL,NULL,NULL,NULL,NULL,NULL,NULL,NULL,NULL,NULL,NULL,NULL,NULL,NULL,'2015-04-20 18:13:04','2015-05-01 21:00:03','1a263fba-1877-4a6e-8370-1b10a8f52fe7'),(191,261,'en_us','Kris-Austin',NULL,NULL,NULL,NULL,NULL,0,NULL,NULL,NULL,NULL,NULL,NULL,NULL,NULL,NULL,NULL,NULL,NULL,NULL,NULL,NULL,NULL,NULL,NULL,NULL,NULL,NULL,NULL,NULL,NULL,NULL,NULL,NULL,NULL,NULL,NULL,NULL,'2015-04-20 18:15:55','2015-04-20 18:15:55','a49401de-2352-4cf2-bd9c-2b9b168d77b4'),(192,262,'en_us','o-YOGA-HEALTH-BENEFITS-facebook',NULL,NULL,NULL,NULL,NULL,0,NULL,NULL,NULL,NULL,NULL,NULL,NULL,NULL,NULL,NULL,NULL,NULL,NULL,NULL,NULL,NULL,NULL,NULL,NULL,NULL,NULL,NULL,NULL,NULL,NULL,NULL,NULL,NULL,NULL,NULL,NULL,'2015-04-20 18:27:56','2015-04-20 18:27:56','2783df76-4e9e-4270-b2df-87a2161c3c56'),(193,263,'en_us','Cleveland Clinic Oncology',NULL,NULL,NULL,NULL,NULL,0,NULL,NULL,NULL,NULL,NULL,NULL,NULL,NULL,NULL,NULL,NULL,NULL,NULL,NULL,NULL,NULL,'Lorem ipsum dolor sit amet, consectetur adipiscing elit.',NULL,NULL,NULL,NULL,NULL,NULL,NULL,NULL,NULL,NULL,NULL,NULL,NULL,NULL,'2015-04-20 18:39:32','2015-04-20 18:39:32','9af27d20-4b31-41a4-b9e4-0f3eed07b38a'),(194,265,'en_us','Art Therapy',NULL,'<p>Art in the Garden information goes here...</p>','2015-04-20 14:00:00',NULL,NULL,0,NULL,NULL,NULL,NULL,NULL,NULL,NULL,NULL,NULL,NULL,NULL,NULL,NULL,NULL,NULL,NULL,NULL,NULL,NULL,NULL,NULL,NULL,NULL,NULL,NULL,NULL,NULL,NULL,NULL,NULL,NULL,'2015-04-20 18:53:26','2015-04-20 18:53:26','ed67a414-0903-4573-984e-2158f8397ff9'),(195,266,'en_us','Art in the Garden',NULL,'<p>This is specific information about the art in the garden.</p>','2015-04-20 01:00:00',NULL,NULL,0,NULL,NULL,NULL,NULL,NULL,NULL,NULL,NULL,NULL,NULL,NULL,NULL,NULL,NULL,NULL,NULL,NULL,NULL,NULL,NULL,NULL,NULL,NULL,NULL,NULL,NULL,NULL,NULL,NULL,NULL,NULL,'2015-04-20 19:05:18','2015-04-20 19:06:11','6f0a4c69-c0a0-4492-8996-1f4582c9c2dd'),(196,268,'en_us','Moving Forward',NULL,'<p>An 8-week program for men and women who are currently in treatment or have finished treatment within the last year. The program includes twice weekly fitness training, healthy cooking classes and a weekly support group. Join us for an orientation followed by the 8-week series. <strong>Advance registration with Mary Fisher Bornstein required by calling 216-595-9546 or <a href=\"mailto:bornstein@touchedbycancer.org\" target=\"_blank\">click here</a> to send Mary an email.</strong></p><p>Staff: Beth Bennett, PT, MA, MS, RD/LD, Mary Fisher Bornstein, LISW-S &amp; Carl Harmon, BS/BA, MBA, NSCA-CPT</p><p>TGP East: Monday, March 30th Orientation, 6:00-7:00pm, program begins April 6th-May 27th, Mondays 6:00-8:15 pm and Wednesdays, 7:15-8:15pm</p>','2015-04-06 18:00:00',NULL,NULL,0,NULL,NULL,NULL,NULL,NULL,'Emotional & Physical Recovery','<p>Nulla vitae elit libero, a pharetra augue. Praesent commodo cursus magna, vel scelerisque nisl consectetur et. Morbi leo risus, porta ac consectetur ac, vestibulum at eros. Donec ullamcorper nulla non metus auctor fringilla. Vestibulum id ligula porta felis euismod semper Aenean eu leo quam. Pellentesque ornare sem lacinia quam venenatis vestibulum.</p>',NULL,NULL,NULL,NULL,NULL,NULL,NULL,NULL,NULL,NULL,NULL,NULL,NULL,NULL,NULL,NULL,NULL,NULL,NULL,NULL,'<p>Donec ullamcorper nulla non metus auctor fringilla. Vestibulum id ligula porta felis euismod semper Aenean eu leo quam. Pellentesque ornare sem lacinia quam venenatis vestibulum.</p>',NULL,NULL,NULL,'2015-04-26 21:59:56','2015-04-26 22:04:04','7079bf48-bc2b-4cff-9c01-5d25af61e286'),(197,270,'en_us',NULL,NULL,NULL,NULL,NULL,NULL,0,NULL,NULL,NULL,NULL,NULL,NULL,NULL,NULL,NULL,NULL,NULL,NULL,NULL,NULL,NULL,NULL,NULL,NULL,NULL,NULL,NULL,NULL,NULL,NULL,NULL,NULL,NULL,NULL,NULL,NULL,NULL,'2015-05-01 15:34:23','2015-05-09 01:36:22','e21399f5-73c1-457b-8d57-512e2a4f7ad6'),(198,271,'en_us','staffphotos 16',NULL,NULL,NULL,NULL,NULL,0,NULL,NULL,NULL,NULL,NULL,NULL,NULL,NULL,NULL,NULL,NULL,NULL,NULL,NULL,NULL,NULL,NULL,NULL,NULL,NULL,NULL,NULL,NULL,NULL,NULL,NULL,NULL,NULL,NULL,NULL,NULL,'2015-05-01 20:58:05','2015-05-01 20:58:05','0870cbdc-def3-4102-af3e-744887070451'),(199,272,'en_us','staffphotos 12',NULL,NULL,NULL,NULL,NULL,0,NULL,NULL,NULL,NULL,NULL,NULL,NULL,NULL,NULL,NULL,NULL,NULL,NULL,NULL,NULL,NULL,NULL,NULL,NULL,NULL,NULL,NULL,NULL,NULL,NULL,NULL,NULL,NULL,NULL,NULL,NULL,'2015-05-01 20:59:03','2015-05-01 20:59:03','655d1b2f-9b56-40b8-9eab-fb6659229485'),(200,273,'en_us','staffphotos 15',NULL,NULL,NULL,NULL,NULL,0,NULL,NULL,NULL,NULL,NULL,NULL,NULL,NULL,NULL,NULL,NULL,NULL,NULL,NULL,NULL,NULL,NULL,NULL,NULL,NULL,NULL,NULL,NULL,NULL,NULL,NULL,NULL,NULL,NULL,NULL,NULL,'2015-05-01 20:59:44','2015-05-01 20:59:44','debe4ea6-5cde-4e4c-b3a7-7bd0b80a5401'),(201,274,'en_us','staffphotos 19',NULL,NULL,NULL,NULL,NULL,0,NULL,NULL,NULL,NULL,NULL,NULL,NULL,NULL,NULL,NULL,NULL,NULL,NULL,NULL,NULL,NULL,NULL,NULL,NULL,NULL,NULL,NULL,NULL,NULL,NULL,NULL,NULL,NULL,NULL,NULL,NULL,'2015-05-01 21:00:00','2015-05-01 21:00:00','5942314a-87fc-42c8-a3b2-2ff95240218f'),(202,275,'en_us','staffphotos 10',NULL,NULL,NULL,NULL,NULL,0,NULL,NULL,NULL,NULL,NULL,NULL,NULL,NULL,NULL,NULL,NULL,NULL,NULL,NULL,NULL,NULL,NULL,NULL,NULL,NULL,NULL,NULL,NULL,NULL,NULL,NULL,NULL,NULL,NULL,NULL,NULL,'2015-05-01 21:00:13','2015-05-01 21:00:13','62d6182f-9fe2-42c5-a667-8a2d9e787a78'),(203,276,'en_us','staffphotos 14',NULL,NULL,NULL,NULL,NULL,0,NULL,NULL,NULL,NULL,NULL,NULL,NULL,NULL,NULL,NULL,NULL,NULL,NULL,NULL,NULL,NULL,NULL,NULL,NULL,NULL,NULL,NULL,NULL,NULL,NULL,NULL,NULL,NULL,NULL,NULL,NULL,'2015-05-01 21:00:32','2015-05-01 21:00:32','077a7338-0c24-4377-b4e7-a5d639e92be0'),(204,277,'en_us','Our Board of Directors',NULL,'<p>Lorem ipsum dolor sit amet, consectetur adipiscing elit. Sed nec sem in lacus mattis adipiscing eget ut lorem. Proin eu quam nulla, id porta erat. Cras nec neque non nisl lobortis adipiscing eget at enim. Nulla sed fermentum elit. <br></p>',NULL,NULL,NULL,0,NULL,NULL,NULL,NULL,NULL,NULL,NULL,NULL,NULL,NULL,NULL,NULL,NULL,NULL,NULL,NULL,NULL,NULL,NULL,NULL,NULL,NULL,NULL,NULL,NULL,NULL,NULL,NULL,NULL,NULL,NULL,'2015-05-03 03:44:57','2015-05-03 03:44:57','fbdc9c37-27f8-44db-96b5-0949c228854f'),(205,278,'en_us','Stories',NULL,'<p>Lorem ipsum dolor sit amet, consectetur adipiscing elit. Sed nec sem in lacus mattis adipiscing eget ut lorem. Proin eu quam nulla, id porta erat. Cras nec neque non nisl lobortis adipiscing eget at enim. Nulla sed fermentum elit. Nunc id magna purus. Phasellus at ligula risus. <br></p>',NULL,NULL,NULL,0,NULL,NULL,NULL,NULL,NULL,NULL,NULL,NULL,NULL,NULL,NULL,NULL,NULL,NULL,NULL,NULL,NULL,NULL,NULL,NULL,NULL,NULL,NULL,NULL,NULL,NULL,NULL,NULL,NULL,NULL,NULL,'2015-05-03 20:14:50','2015-05-03 20:14:50','27be1721-a41f-49ca-96a5-ab612d9f2b6a'),(206,279,'en_us','daisyhomepage',NULL,NULL,NULL,NULL,NULL,0,NULL,NULL,NULL,NULL,NULL,NULL,NULL,NULL,NULL,NULL,NULL,NULL,NULL,NULL,NULL,NULL,NULL,NULL,NULL,NULL,NULL,NULL,NULL,NULL,NULL,NULL,NULL,NULL,NULL,NULL,NULL,'2015-05-07 02:36:37','2015-05-07 02:36:37','bd29d6ec-4adc-488b-ae27-35f89f3ca0bb'),(207,280,'en_us','Our Calendar of Events',NULL,'',NULL,NULL,NULL,0,NULL,NULL,NULL,NULL,NULL,NULL,NULL,NULL,NULL,NULL,NULL,NULL,NULL,NULL,NULL,NULL,NULL,NULL,NULL,NULL,NULL,NULL,NULL,NULL,NULL,NULL,NULL,NULL,NULL,NULL,NULL,'2015-05-08 21:40:41','2015-05-08 21:40:41','5036e503-1160-419f-8706-c5b7ab4057b5'),(208,281,'en_us',NULL,NULL,NULL,NULL,NULL,NULL,0,NULL,NULL,NULL,NULL,NULL,NULL,NULL,NULL,NULL,NULL,NULL,NULL,NULL,NULL,NULL,NULL,NULL,NULL,NULL,NULL,NULL,NULL,NULL,NULL,NULL,NULL,NULL,NULL,NULL,NULL,NULL,'2015-05-09 01:29:11','2015-05-09 01:35:42','56d197bc-909f-46f8-8d4f-a2de1a949d9b'),(209,282,'en_us','2012-08-30-11.09.13',NULL,NULL,NULL,NULL,NULL,0,NULL,NULL,NULL,NULL,NULL,NULL,NULL,NULL,NULL,NULL,NULL,NULL,NULL,NULL,NULL,NULL,NULL,NULL,NULL,NULL,NULL,NULL,NULL,NULL,NULL,NULL,NULL,NULL,NULL,NULL,NULL,'2015-05-26 14:07:47','2015-05-26 14:07:47','199dd167-dd10-45cb-93ff-e9461b93dd15'),(210,283,'en_us','InthePink',NULL,NULL,NULL,NULL,NULL,0,NULL,NULL,NULL,NULL,NULL,NULL,NULL,NULL,NULL,NULL,NULL,NULL,NULL,NULL,NULL,NULL,NULL,NULL,NULL,NULL,NULL,NULL,NULL,NULL,NULL,NULL,NULL,NULL,NULL,NULL,NULL,'2015-05-26 14:36:59','2015-05-26 14:36:59','e350a79d-498f-40a8-97ed-b38638c4b93d'),(211,284,'en_us','InthePinkCanvasses',NULL,NULL,NULL,NULL,NULL,0,NULL,NULL,NULL,NULL,NULL,NULL,NULL,NULL,NULL,NULL,NULL,NULL,NULL,NULL,NULL,NULL,NULL,NULL,NULL,NULL,NULL,NULL,NULL,NULL,NULL,NULL,NULL,NULL,NULL,NULL,NULL,'2015-05-26 14:36:59','2015-05-26 14:36:59','f87e4c7f-6e0a-4f0f-9f75-060db064ccd2'),(212,285,'en_us','Creating Art to Make A Difference',NULL,NULL,NULL,NULL,NULL,0,NULL,NULL,NULL,NULL,NULL,NULL,NULL,NULL,NULL,NULL,NULL,NULL,NULL,NULL,NULL,NULL,NULL,NULL,NULL,NULL,NULL,NULL,NULL,NULL,NULL,NULL,NULL,NULL,NULL,NULL,NULL,'2015-05-26 14:37:34','2015-05-29 21:10:37','469d08ae-e1a0-4322-93b1-1b9403017ef3'),(213,287,'en_us','Family-Drumming.westside.2014',NULL,NULL,NULL,NULL,NULL,0,NULL,NULL,NULL,NULL,NULL,NULL,NULL,NULL,NULL,NULL,NULL,NULL,NULL,NULL,NULL,NULL,NULL,NULL,NULL,NULL,NULL,NULL,NULL,NULL,NULL,NULL,NULL,NULL,NULL,NULL,NULL,'2015-05-26 14:52:28','2015-05-26 14:52:28','4232a524-ea78-4423-8bfa-3728607aa018'),(214,288,'en_us','Simplicity',NULL,NULL,NULL,NULL,NULL,0,NULL,NULL,NULL,NULL,NULL,NULL,NULL,NULL,NULL,NULL,NULL,NULL,NULL,NULL,NULL,NULL,NULL,NULL,NULL,NULL,NULL,NULL,NULL,NULL,NULL,NULL,NULL,NULL,NULL,NULL,NULL,'2015-05-26 15:02:42','2015-05-26 15:02:42','d4439a90-f574-40bf-90ea-66ee74de082e'),(215,289,'en_us','AbstractArt',NULL,NULL,NULL,NULL,NULL,0,NULL,NULL,NULL,NULL,NULL,NULL,NULL,NULL,NULL,NULL,NULL,NULL,NULL,NULL,NULL,NULL,NULL,NULL,NULL,NULL,NULL,NULL,NULL,NULL,NULL,NULL,NULL,NULL,NULL,NULL,NULL,'2015-05-26 15:09:27','2015-05-26 15:09:27','13ef4951-b6f2-444d-aa1a-3f7347f86980'),(216,290,'en_us','Art & Drumming',NULL,'<p>\r\n	Experience the combination of two great methods of releasing stress and emotions. No art or drumming experience necessary. Drums will be provided.\r\n</p><p>\r\n	Advance registration required.\r\n</p><p>\r\n	Facilitator: Laurie Linden, LISW, ATR-BC\r\n</p><p>\r\n	Tuesdays, August 4th, 11th, 18th &amp; 25th, 4:30-6:00pm\r\n	<br>\r\n</p>','2015-08-04 16:30:00',NULL,NULL,0,NULL,NULL,NULL,NULL,NULL,'','',NULL,NULL,NULL,NULL,NULL,NULL,NULL,NULL,NULL,NULL,NULL,NULL,NULL,NULL,NULL,NULL,NULL,NULL,NULL,NULL,'<p>\r\n	Advance registration with Betsy Kohn required\r\n</p>',NULL,NULL,NULL,'2015-05-26 16:11:04','2015-05-26 21:27:27','e1a743b5-2922-42bb-a9e6-9e03f907ff96'),(218,293,'en_us','Press Room',NULL,'<p>Lorem ipsum dolor sit amet, consectetur adipiscing elit. Sed nec sem in lacus mattis adipiscing eget ut lorem. Proin eu quam nulla, id porta erat. Cras nec neque non nisl lobortis adipiscing eget at enim. Nulla sed fermentum elit. Nunc id magna purus. Phasellus at ligula risus. Donec egestas enim vel orci convallis euismod. Fusce velit lorem, tincidunt id viverra id, fringilla at erat. Fusce venenatis dignissim turpis, pharetra convallis arcu placerat sed. Ut at orci metus. Quisque sollicitudin gravida pharetra. Curabitur porta faucibus leo, vitae pharetra turpis interdum in. Duis ut urna odio, ac gravida leo. Nullam sodales risus sed ligula porttitor tempus eu at lectus.<br></p>',NULL,NULL,NULL,0,NULL,NULL,NULL,NULL,NULL,NULL,NULL,NULL,NULL,NULL,NULL,NULL,NULL,NULL,NULL,NULL,NULL,NULL,NULL,NULL,NULL,NULL,NULL,NULL,NULL,NULL,NULL,NULL,'<p>Fusce velit lorem, tincidunt id viverra id, fringilla at erat. Fusce venenatis dignissim turpis, pharetra convallis arcu placerat sed. Ut at orci metus. Quisque sollicitudin gravida pharetra. Curabitur porta faucibus leo, vitae pharetra turpis interdum in. Duis ut urna odio, ac gravida leo. Nullam sodales risus sed ligula porttitor tempus eu at lectus.<br></p><ul><li><a href=\"http://google.com\">Sample Press Release</a><a href=\"http://google.com/\"></a></li><li><a href=\"http://google.com/\">Sample Press Release</a></li><li><a href=\"http://google.com/\"></a><a href=\"http://google.com/\">Sample Press Release</a></li></ul>','<p>Fusce velit lorem, tincidunt id viverra id, fringilla at erat. Fusce venenatis dignissim turpis, pharetra convallis arcu placerat sed. Ut at orci metus. Quisque sollicitudin gravida pharetra. Curabitur porta faucibus leo, vitae pharetra turpis interdum in. Duis ut urna odio, ac gravida leo. Nullam sodales risus sed ligula porttitor tempus eu at lectus.</p><ul><li><a href=\"http://google.com\">Sample Coverage</a></li><li><a href=\"http://google.com/\">Sample Coverage</a></li><li><a href=\"http://google.com/\">Sample Coverage</a></li></ul>',NULL,'2015-05-31 00:19:45','2015-05-31 00:45:47','80a078ba-d15a-4bdd-823d-6fc1cf2f6cc2');
/*!40000 ALTER TABLE `craft_content` ENABLE KEYS */;
UNLOCK TABLES;

--
-- Table structure for table `craft_deprecationerrors`
--

DROP TABLE IF EXISTS `craft_deprecationerrors`;
/*!40101 SET @saved_cs_client     = @@character_set_client */;
/*!40101 SET character_set_client = utf8 */;
CREATE TABLE `craft_deprecationerrors` (
  `id` int(11) NOT NULL AUTO_INCREMENT,
  `key` varchar(255) COLLATE utf8_unicode_ci NOT NULL,
  `fingerprint` varchar(255) COLLATE utf8_unicode_ci NOT NULL,
  `lastOccurrence` datetime NOT NULL,
  `file` varchar(255) COLLATE utf8_unicode_ci NOT NULL,
  `line` smallint(6) unsigned NOT NULL,
  `class` varchar(255) COLLATE utf8_unicode_ci DEFAULT NULL,
  `method` varchar(255) COLLATE utf8_unicode_ci DEFAULT NULL,
  `template` varchar(255) COLLATE utf8_unicode_ci DEFAULT NULL,
  `templateLine` smallint(6) unsigned DEFAULT NULL,
  `message` varchar(255) COLLATE utf8_unicode_ci DEFAULT NULL,
  `traces` text COLLATE utf8_unicode_ci,
  `dateCreated` datetime NOT NULL,
  `dateUpdated` datetime NOT NULL,
  `uid` char(36) COLLATE utf8_unicode_ci NOT NULL DEFAULT '0',
  PRIMARY KEY (`id`),
  UNIQUE KEY `craft_deprecationerrors_key_fingerprint_unq_idx` (`key`,`fingerprint`)
) ENGINE=InnoDB DEFAULT CHARSET=utf8 COLLATE=utf8_unicode_ci;
/*!40101 SET character_set_client = @saved_cs_client */;

--
-- Dumping data for table `craft_deprecationerrors`
--

LOCK TABLES `craft_deprecationerrors` WRITE;
/*!40000 ALTER TABLE `craft_deprecationerrors` DISABLE KEYS */;
/*!40000 ALTER TABLE `craft_deprecationerrors` ENABLE KEYS */;
UNLOCK TABLES;

--
-- Table structure for table `craft_elements`
--

DROP TABLE IF EXISTS `craft_elements`;
/*!40101 SET @saved_cs_client     = @@character_set_client */;
/*!40101 SET character_set_client = utf8 */;
CREATE TABLE `craft_elements` (
  `id` int(11) NOT NULL AUTO_INCREMENT,
  `type` varchar(150) COLLATE utf8_unicode_ci NOT NULL,
  `enabled` tinyint(1) unsigned NOT NULL DEFAULT '1',
  `archived` tinyint(1) unsigned NOT NULL DEFAULT '0',
  `dateCreated` datetime NOT NULL,
  `dateUpdated` datetime NOT NULL,
  `uid` char(36) COLLATE utf8_unicode_ci NOT NULL DEFAULT '0',
  PRIMARY KEY (`id`),
  KEY `craft_elements_type_idx` (`type`),
  KEY `craft_elements_enabled_idx` (`enabled`),
  KEY `craft_elements_archived_dateCreated_idx` (`archived`,`dateCreated`)
) ENGINE=InnoDB AUTO_INCREMENT=295 DEFAULT CHARSET=utf8 COLLATE=utf8_unicode_ci;
/*!40101 SET character_set_client = @saved_cs_client */;

--
-- Dumping data for table `craft_elements`
--

LOCK TABLES `craft_elements` WRITE;
/*!40000 ALTER TABLE `craft_elements` DISABLE KEYS */;
INSERT INTO `craft_elements` VALUES (1,'User',1,0,'2015-01-25 16:17:43','2015-01-25 16:17:43','675c6c43-cf37-407a-baa3-7384d4b9308b'),(2,'Entry',1,0,'2015-01-25 16:17:44','2015-06-08 16:14:53','b17e9737-cc3a-48de-b256-7b94198cf023'),(4,'User',1,0,'2015-01-26 15:32:46','2015-02-18 16:34:00','421e4d26-21f6-41ef-9a14-1c146e9a07da'),(5,'User',1,0,'2015-01-26 15:33:30','2015-01-26 15:33:30','2639f9b6-55ce-415a-ab8d-e1e610db2005'),(30,'User',1,0,'2015-02-18 16:33:00','2015-02-18 16:40:39','06462722-4d45-48c6-a0f1-2b4f0e3ee9ed'),(31,'Category',1,0,'2015-02-18 22:23:48','2015-02-18 22:23:48','6d4191db-47c0-45cb-883a-75ab200e6bf6'),(32,'Category',1,0,'2015-02-18 22:24:10','2015-02-18 22:24:10','b456cb10-2241-4492-bcaa-624c82a15bc3'),(33,'Category',1,0,'2015-02-18 22:24:21','2015-02-18 22:24:21','0569f66f-8c6c-4719-b4b9-10c0d69f4184'),(34,'Category',1,0,'2015-02-18 22:24:27','2015-02-18 22:24:27','75e6ce84-61a6-4d64-8ab1-0f63dc82e5a9'),(35,'Entry',1,0,'2015-02-18 23:00:54','2015-04-20 20:07:20','dd01543b-f948-47a3-a64c-b83e07ba47c7'),(36,'MatrixBlock',1,0,'2015-02-18 23:00:54','2015-04-20 20:07:21','9a662147-1400-49cf-b59a-ae5216e60662'),(38,'Entry',1,0,'2015-02-18 23:02:17','2015-04-16 23:45:34','76521950-636f-4304-8812-da275062b897'),(39,'MatrixBlock',1,0,'2015-02-18 23:02:17','2015-04-16 23:45:35','ca93cbc9-9f5f-4e02-83af-225fbe619371'),(41,'Entry',1,0,'2015-02-19 15:06:00','2015-03-18 17:32:45','c147ca65-c86d-4ea8-83d4-ab45ffbe1737'),(52,'Entry',1,0,'2015-02-19 17:46:06','2015-03-18 16:19:45','e0daa102-10f8-4dcf-a158-a5ff4e4ff4b3'),(61,'Entry',1,0,'2015-02-19 18:53:38','2015-03-10 15:40:17','0100495d-96b7-498f-8ed0-fa9a44354726'),(64,'Entry',1,0,'2015-02-19 19:05:02','2015-04-01 18:56:29','b249f3c0-db06-4df5-bc03-49809f809746'),(70,'Entry',1,0,'2015-02-19 19:24:28','2015-05-03 21:06:41','05db1a71-4674-4ad8-a1b0-7d880549a0e2'),(76,'Entry',1,0,'2015-02-19 19:41:08','2015-04-20 15:02:54','5f99f9c4-8608-49bf-a7b3-dab66f59ecf8'),(82,'Category',1,0,'2015-02-19 22:33:16','2015-02-19 22:33:16','d3f3a0cd-3869-41a4-a894-29a1f59cd81f'),(83,'Category',1,0,'2015-02-19 22:33:32','2015-02-19 22:33:32','c8d84ebe-f7fd-49a7-92fd-9cb840cd3fa4'),(87,'Entry',1,0,'2015-02-20 15:10:01','2015-03-31 19:42:42','0c28f122-67c8-4aec-b153-70109e14aaf9'),(88,'Entry',1,0,'2015-02-20 15:13:01','2015-05-26 13:54:16','eec62f25-8a29-4f6f-acc9-7b192caf8ace'),(93,'Entry',1,0,'2015-02-20 19:51:53','2015-03-27 15:58:19','f25fb1c5-c5fc-4354-9be7-c3db4a53b69f'),(96,'User',1,0,'2015-02-23 15:29:51','2015-02-23 15:29:51','619712ce-2007-40a6-b13a-8aba2fd4a3e7'),(98,'Entry',1,0,'2015-02-23 22:29:34','2015-03-11 19:01:42','827f4103-914c-4f79-bb9a-c16661d40735'),(100,'Entry',1,0,'2015-02-23 22:29:42','2015-04-17 00:58:39','2a222be6-fa3a-4ab2-a9f0-ed463fc3974e'),(101,'Entry',1,0,'2015-02-23 22:29:51','2015-03-17 14:28:41','e7c72b38-b20d-4337-987c-7845e950794a'),(102,'Entry',1,0,'2015-02-23 22:30:04','2015-03-11 21:19:35','b852c478-4e75-4182-bf54-db7f822a072d'),(103,'Entry',1,0,'2015-02-23 22:30:11','2015-03-10 19:17:32','37b54e50-9ab2-4b6b-b723-9f0992d348b4'),(104,'Entry',1,0,'2015-02-23 22:30:17','2015-03-11 21:20:05','7e96e729-9350-40f0-b36e-d25c5289b6e2'),(105,'Entry',1,0,'2015-02-25 18:40:30','2015-04-08 19:09:36','05d79fa2-19bd-428a-84fa-613db6119720'),(106,'Entry',1,0,'2015-02-25 18:40:59','2015-04-08 19:09:17','a668f993-a64a-4d94-b7da-28c4b718b973'),(107,'Entry',1,0,'2015-02-25 19:14:14','2015-04-08 19:10:06','33626ea8-879d-4161-ba88-dec518e4a704'),(109,'Asset',1,0,'2015-02-26 21:26:02','2015-03-04 21:28:12','64a51d29-66f7-4f28-a7ae-8f010f5b9dad'),(110,'Entry',1,0,'2015-02-26 21:43:48','2015-06-02 17:12:06','9f774b52-0d5d-4c0c-84a5-de39757cbc72'),(112,'Entry',1,0,'2015-02-26 22:17:09','2015-04-19 03:21:28','17068c75-e920-4f1f-9d6f-b2d78ebc6a7e'),(113,'Entry',1,0,'2015-02-27 15:50:43','2015-04-06 20:23:36','745c45c7-9578-42e2-a362-c4637e11041f'),(114,'MatrixBlock',1,0,'2015-02-27 15:50:43','2015-04-06 20:23:36','abb8745b-511b-4edd-81e6-dcbc1ef7c002'),(116,'Entry',1,0,'2015-02-27 18:45:21','2015-05-26 15:20:50','02a6cb10-9c5d-4b38-a3a8-63bba9e97747'),(117,'Category',1,0,'2015-02-27 22:39:04','2015-02-27 22:39:04','b583ef96-e013-41f3-9469-b39d887839fd'),(118,'Category',1,0,'2015-02-27 22:39:55','2015-02-27 22:39:55','7b13fc54-2635-47fb-a896-f93ca0be9fe7'),(119,'Category',1,0,'2015-03-03 16:54:39','2015-03-03 16:54:39','c68cdf9e-9ee5-436a-a175-82d20b0d7352'),(120,'Category',1,0,'2015-03-03 16:54:47','2015-03-03 16:54:47','62b139e2-e776-4d0f-8fa1-f47f00692bec'),(123,'User',1,0,'2015-03-04 16:37:00','2015-03-04 16:37:00','f9f3392f-9484-4fb0-81be-d47f0bb425a7'),(127,'Category',1,0,'2015-03-04 18:56:11','2015-03-04 18:56:32','f45e3bfb-7ddc-4288-94cf-b1593a934d8e'),(132,'Entry',1,0,'2015-03-04 21:35:32','2015-04-16 23:46:00','dcdf44ba-c292-4d5a-8e9f-2d171645f93e'),(133,'MatrixBlock',1,0,'2015-03-04 21:35:32','2015-04-16 23:46:00','5afccd7a-c664-419b-944d-0c966727b206'),(134,'Asset',1,0,'2015-03-05 14:11:29','2015-03-05 14:11:29','1f281512-15bb-49dd-bf83-b624067674d8'),(135,'Category',1,0,'2015-03-05 15:05:41','2015-03-25 15:58:47','2eb7d623-c33a-49d4-b438-f1aeab4fb54f'),(136,'Category',1,0,'2015-03-05 15:05:54','2015-03-25 16:02:52','b4b91908-5a8e-4e84-8971-e24d49e942e6'),(137,'Category',1,0,'2015-03-05 15:06:01','2015-03-25 15:59:18','49f8cfff-362f-479c-aee3-c6014924533b'),(138,'Category',1,0,'2015-03-05 15:06:09','2015-03-25 15:59:36','1e852680-6bf9-4783-9cc9-41365dcb2ead'),(139,'Category',1,0,'2015-03-05 15:06:16','2015-03-25 15:59:53','9a0cfa27-5ef8-492d-9a39-068f885d9199'),(142,'Category',1,0,'2015-03-05 15:06:52','2015-03-25 16:00:12','cffa7d56-8c0d-4767-a6bc-2674e2c41937'),(143,'Category',1,0,'2015-03-05 15:07:00','2015-03-05 15:07:00','38d845e6-98bf-498e-91f8-f45a64eae762'),(144,'Category',1,0,'2015-03-05 15:07:08','2015-03-25 16:00:26','90ccb894-1c6e-451e-b1a9-c73b5ec75582'),(145,'Category',1,0,'2015-03-05 15:07:17','2015-03-25 16:00:53','085f90b5-1990-43e2-9981-ef79cc1f3818'),(146,'Category',1,0,'2015-03-05 15:07:48','2015-03-25 16:01:20','78ce6d2a-cdfd-477c-90d5-20335a824821'),(147,'Category',1,0,'2015-03-05 15:10:31','2015-03-05 15:10:31','25581ec5-08fb-4133-98e1-0579dd73b8fa'),(148,'Entry',1,0,'2015-03-05 20:15:03','2015-04-20 19:11:23','b0d14de7-a6ba-4b0f-82a5-722c0168c6b0'),(149,'MatrixBlock',1,0,'2015-03-05 20:15:03','2015-04-20 19:11:23','8d42729c-b3cb-4ee3-8741-58366a0e40f1'),(150,'Entry',1,0,'2015-03-05 20:16:26','2015-04-20 19:11:32','9ac4c626-c6b2-4a38-9581-35f5aa983b32'),(151,'MatrixBlock',1,0,'2015-03-05 20:16:26','2015-04-20 19:11:32','fa1d2f77-46b3-4dda-83d1-889d22902b4d'),(156,'Entry',1,0,'2015-03-05 20:32:16','2015-03-26 15:16:04','13fe20a2-4267-4b76-9604-a585b564bec2'),(158,'Entry',1,0,'2015-03-05 20:39:44','2015-04-20 17:41:28','ab165469-4f09-452b-8d78-ea6b63e419e6'),(159,'Entry',1,0,'2015-03-05 20:42:49','2015-03-27 16:35:58','61fd2acb-9b39-48ad-b9b6-a2899902c3f0'),(160,'Entry',1,0,'2015-03-10 15:59:02','2015-03-10 15:59:26','e5d315d5-ab63-4bab-afed-bee1d9eb829f'),(161,'MatrixBlock',1,0,'2015-03-10 16:38:25','2015-04-20 15:02:54','ffb26cf5-3f4e-4404-b6e4-ab4c3b26b4db'),(162,'Category',1,0,'2015-03-10 17:25:24','2015-03-10 17:25:24','fe5c562a-e293-473f-bf0f-5a0b2d09c04d'),(163,'Category',1,0,'2015-03-10 17:25:36','2015-03-10 17:25:36','dfabfbb5-1c5c-4135-a364-f31c75b1026f'),(164,'Category',1,0,'2015-03-10 17:25:42','2015-03-10 17:25:42','6388b0b5-651d-467f-99cd-64b96d7cc74b'),(165,'Category',1,0,'2015-03-10 17:26:00','2015-03-10 17:26:00','e2fa9ed6-c273-492b-b7c8-b790df2c8149'),(166,'Category',1,0,'2015-03-10 17:26:08','2015-03-10 17:26:08','2af113b4-65ae-4cb8-8ece-f8e684a35102'),(167,'Category',1,0,'2015-03-10 17:26:18','2015-03-10 17:26:18','ae76fbbf-994a-49f8-ad60-ecbc3a12d58e'),(168,'Category',1,0,'2015-03-10 17:31:25','2015-03-10 17:31:25','3d3a9029-c030-4bab-b72f-0fa3c3d815e9'),(169,'Asset',1,0,'2015-03-10 17:44:09','2015-03-10 17:45:24','836b74a6-0d3d-4363-8c62-502b32115ff4'),(170,'MatrixBlock',1,0,'2015-03-10 18:52:38','2015-03-11 19:01:42','8689c199-807c-45c7-a28b-5c1739fd5037'),(171,'MatrixBlock',1,0,'2015-03-10 18:52:38','2015-03-11 19:01:42','e1cb4c45-f414-468d-8773-bcfe7b5bd2de'),(172,'MatrixBlock',1,0,'2015-03-10 18:52:38','2015-03-11 19:01:42','5036b167-a760-4085-bac2-c81eb2167773'),(173,'MatrixBlock',1,0,'2015-03-10 18:53:39','2015-04-17 00:58:39','12f6ef30-f50d-4a07-8b59-a82795c75215'),(174,'MatrixBlock',1,0,'2015-03-10 19:17:32','2015-03-10 19:17:32','faa113c1-32a3-455b-8182-0480fa731bd3'),(175,'MatrixBlock',1,0,'2015-03-10 19:18:07','2015-03-11 21:20:05','8b239a0f-c50b-4603-ab6e-a96d5ad014c9'),(176,'Entry',1,0,'2015-03-10 20:54:34','2015-03-11 18:06:14','f5d069a3-c2b2-4c98-830a-92f848360d03'),(177,'Asset',1,0,'2015-03-11 14:44:55','2015-03-11 14:44:55','0011d7a5-288d-4e1d-8203-e3230a8d75d6'),(179,'MatrixBlock',1,0,'2015-03-11 18:02:47','2015-03-11 18:02:47','5f08c24f-1ac8-4479-844e-90fe758d55eb'),(180,'MatrixBlock',1,0,'2015-03-11 18:02:47','2015-03-11 18:02:47','ab7e4030-d5e2-4275-9672-74a06b09a819'),(181,'MatrixBlock',1,0,'2015-03-11 18:02:47','2015-03-11 18:02:47','a19721f4-31f0-4406-bec1-7fde2c6a561c'),(182,'Asset',1,0,'2015-03-11 20:52:04','2015-03-11 20:52:04','8a176df2-7be4-4293-8ca5-b739815e367b'),(183,'Category',1,0,'2015-03-11 21:12:56','2015-03-11 21:12:56','fbb53550-aa95-43a2-a2e3-1bd33aaca9e0'),(184,'Entry',1,0,'2015-03-13 19:46:38','2015-05-03 21:29:01','54745efb-ecc7-4420-97e4-4045b4793653'),(185,'MatrixBlock',1,0,'2015-03-16 15:36:25','2015-05-26 13:54:17','9f1b3c67-b0ec-42a9-8add-ff511534e5d6'),(186,'MatrixBlock',1,0,'2015-03-16 15:36:25','2015-05-26 13:54:17','c153ce24-c76d-4b59-9bad-01ddb213df89'),(187,'MatrixBlock',1,0,'2015-03-16 15:36:25','2015-05-26 13:54:17','854bb02f-7139-4635-a3e5-56f6e0f14c0a'),(188,'MatrixBlock',1,0,'2015-03-16 15:36:25','2015-05-26 13:54:17','4b9ad5bc-09e3-4768-ad69-5d4379c8fd9d'),(189,'MatrixBlock',1,0,'2015-03-16 20:25:04','2015-05-03 21:06:41','341e7fb7-aab0-4ea4-b9d9-8537405d6e6c'),(190,'MatrixBlock',1,0,'2015-03-16 20:26:55','2015-05-03 21:06:41','fcba842c-df8e-4a93-9f99-07312d9c824e'),(191,'MatrixBlock',1,0,'2015-03-16 20:26:55','2015-05-03 21:06:41','0668f98e-620f-47f6-8974-8583940968cc'),(192,'MatrixBlock',1,0,'2015-03-16 20:26:55','2015-05-03 21:06:41','8fce9f86-cf23-4b8c-951e-a5e900286a4e'),(193,'Entry',1,0,'2015-03-17 16:42:46','2015-04-01 18:57:25','779268a6-ec03-4f53-9257-cda7f37b12c4'),(194,'Entry',1,0,'2015-03-17 16:43:25','2015-04-01 18:53:52','4de1ca43-6dc4-4a36-841d-5986499f1b92'),(195,'Asset',1,0,'2015-03-18 17:48:25','2015-03-18 17:48:25','01635b02-3424-4215-8e40-f00b0e2fb655'),(196,'Asset',1,0,'2015-03-18 17:48:26','2015-03-18 17:48:26','15ed414d-d059-4780-8686-be0437df2564'),(197,'Asset',1,0,'2015-03-18 17:48:27','2015-03-18 17:48:27','226ed3fc-2708-4b52-9024-d04c282f0768'),(198,'Asset',1,0,'2015-03-18 17:48:28','2015-03-18 17:48:28','8b927495-72dd-476d-9b59-3ca35a3dd056'),(199,'Entry',1,0,'2015-03-18 17:49:37','2015-05-01 20:59:05','1c5ba85b-b4fe-4cad-ba22-bac6afd69d5b'),(200,'Entry',1,0,'2015-03-18 17:50:33','2015-05-01 20:59:47','4d575708-8d92-4724-9a32-d0ae490ba2fa'),(201,'Entry',1,0,'2015-03-18 17:51:29','2015-05-01 21:00:34','061256ff-63d7-46c8-a3a1-533342ddedd9'),(202,'Entry',1,0,'2015-03-18 17:52:15','2015-05-01 21:00:16','22002d4e-6fa5-4eb9-850a-401610940696'),(203,'MatrixBlock',1,0,'2015-03-20 13:41:38','2015-05-03 21:29:01','4b85ead2-9d86-4986-97d8-7700927fd3f9'),(204,'MatrixBlock',1,0,'2015-03-20 13:41:38','2015-05-03 21:29:01','afa9f23e-9eef-494e-9b9a-62c3cd5dfae8'),(205,'Asset',1,0,'2015-03-20 21:19:49','2015-03-20 21:19:49','c839e27a-97d8-49b9-be80-ad1859089cea'),(206,'Entry',1,0,'2015-03-20 21:19:53','2015-03-20 21:19:53','46a9b425-4d22-4050-9d61-2b92d0ffdb91'),(207,'Category',1,0,'2015-03-25 16:01:31','2015-03-25 16:01:31','0d615be9-3d62-435e-837b-233a5a4f8671'),(208,'Category',1,0,'2015-03-25 16:02:04','2015-03-25 16:02:04','63948f55-275c-4e09-b48c-00bd52d1ef16'),(209,'Category',1,0,'2015-03-25 16:02:17','2015-03-25 16:02:17','81a2d7cf-4d1c-481d-ba81-815a207f9b85'),(210,'Category',1,0,'2015-03-25 16:02:25','2015-03-25 16:02:25','ea9fce88-0266-4b1b-8a54-eedf69687109'),(211,'Category',1,0,'2015-03-25 16:02:44','2015-03-25 16:03:23','220b42dd-b1db-481a-ac0c-b03991f64354'),(212,'Category',1,0,'2015-03-25 16:04:04','2015-03-25 16:04:09','37fea003-2917-4afa-a549-2d00571ef29a'),(213,'Category',1,0,'2015-03-25 16:05:20','2015-03-25 16:05:20','d02bedf7-3b74-4421-8739-9ebad900de80'),(214,'Category',1,0,'2015-03-25 16:05:28','2015-03-25 16:05:28','e3a0f40f-b8df-4a1d-bc6a-aca54a769c43'),(215,'Category',1,0,'2015-03-25 16:05:40','2015-03-25 16:05:40','c834dfcc-a728-4a7a-9c71-5176688b3ff6'),(216,'Category',1,0,'2015-03-25 16:05:49','2015-03-25 16:05:49','046807ea-5773-48f6-8269-b0cf33395581'),(217,'Entry',1,0,'2015-03-25 18:25:58','2015-03-31 20:36:01','930e8c24-2c8e-42aa-ad9b-707cd1bc9a47'),(218,'MatrixBlock',1,0,'2015-03-25 18:25:58','2015-03-31 20:36:01','f2ccc7b0-4045-4040-aa15-4fadd87aeaf2'),(219,'Entry',1,0,'2015-03-27 19:04:01','2015-03-27 19:04:01','9ac70cad-bf27-4c9a-b261-8ab0c899b55a'),(220,'Entry',1,0,'2015-03-27 19:06:44','2015-05-03 02:07:09','cedaf047-a894-4921-87f6-5a21e2cdd0b5'),(221,'Entry',1,0,'2015-03-27 19:08:32','2015-03-27 19:18:07','6a2c890f-bd92-429f-9887-ec52c110d9c1'),(222,'Entry',1,0,'2015-03-27 19:09:56','2015-03-27 19:18:15','dd4bb6e9-b32e-46ce-a7b7-417f29662767'),(223,'Entry',1,0,'2015-03-27 19:11:23','2015-03-27 19:18:21','eb97f4ad-940e-4060-a8fc-079f634c4f0c'),(225,'Entry',1,0,'2015-03-27 19:13:58','2015-03-27 19:18:38','3d7f60cd-4e57-4831-a754-9ded9a4b9299'),(227,'Entry',1,0,'2015-03-27 19:25:26','2015-05-03 02:06:25','2299f0a6-93af-4b7f-b44e-74c41eb518af'),(228,'Asset',1,0,'2015-03-31 19:42:37','2015-03-31 19:42:37','ab6b5853-248b-4fb5-b336-f4a07d5daa15'),(229,'Entry',1,0,'2015-04-08 17:23:03','2015-04-08 19:10:52','44fc620a-8b00-479e-a4fb-9af5ecc6db9d'),(230,'Entry',1,0,'2015-04-08 17:23:13','2015-04-08 19:11:30','2b134a3d-db44-4307-a50c-ec612aa312ea'),(231,'Entry',1,0,'2015-04-08 17:23:25','2015-04-08 19:08:37','cf1838fe-08f4-4439-9fe9-b23be5d51af8'),(232,'Entry',1,0,'2015-04-08 19:11:48','2015-04-08 19:11:48','9443329a-7213-49c4-8234-be317b9d8ac8'),(233,'Entry',1,0,'2015-04-08 19:12:23','2015-04-08 19:12:23','db969a68-218a-462e-95fd-94692d65b047'),(234,'Entry',1,0,'2015-04-08 19:12:42','2015-04-08 19:12:42','f4738a00-00d1-4c73-b02e-76fe43151320'),(235,'Entry',1,0,'2015-04-08 19:12:55','2015-04-08 19:12:55','8b08cc34-e785-4fa4-9088-8fc4bd978560'),(236,'Entry',1,0,'2015-04-08 19:13:54','2015-04-08 19:16:08','8a05abde-0908-476e-9767-7c3d4588991a'),(242,'Asset',1,0,'2015-04-16 02:09:56','2015-04-16 02:09:56','ebdc6759-b993-438d-a14a-3c8be683e73b'),(244,'Entry',1,0,'2015-04-19 03:21:57','2015-04-19 03:40:37','5353cf66-eb35-43e3-8693-767c42503dd8'),(245,'Entry',1,0,'2015-04-19 03:24:50','2015-04-19 03:24:50','e0afa4a9-28e8-4a0e-aec1-444161d34ee2'),(246,'Entry',1,0,'2015-04-19 03:25:13','2015-04-19 03:25:13','04fdb3df-d640-4776-9154-36dec66299d9'),(247,'Entry',1,0,'2015-04-19 03:26:14','2015-04-19 03:26:14','4fcab967-7c36-4c46-9860-1eb4d88a3531'),(248,'Entry',1,0,'2015-04-19 18:18:42','2015-04-23 02:14:39','816d5501-ffba-4270-ad7b-a9154d8e6027'),(249,'Entry',1,0,'2015-04-19 18:23:03','2015-04-19 18:23:03','5f7b01fc-ebe4-445a-9385-6f5e21221974'),(250,'Entry',1,0,'2015-04-19 18:26:33','2015-04-19 18:26:33','5d107ac9-375d-4018-af61-1ceea51447f3'),(251,'Entry',1,0,'2015-04-19 18:37:08','2015-04-19 18:44:00','8bb7290d-89d9-4787-bf49-4216cfc1945f'),(252,'Entry',1,0,'2015-04-19 18:39:35','2015-04-19 18:43:29','1ae51f38-dd65-4128-8422-ed938e6d1580'),(253,'Entry',1,0,'2015-04-19 18:41:50','2015-04-19 18:43:46','cb6a718c-4c85-4b62-9dcc-79a8fb72041b'),(254,'Entry',1,0,'2015-04-19 18:43:14','2015-04-20 19:28:07','b0f4d1c7-0974-48ac-a077-03077c1f1eae'),(256,'MatrixBlock',1,0,'2015-04-20 17:41:02','2015-04-20 17:41:28','420b582e-4a08-485c-839e-157233e29551'),(257,'MatrixBlock',1,0,'2015-04-20 17:41:28','2015-04-20 17:41:28','ffc0e259-ae46-4b2d-b853-f7200979b0c2'),(258,'MatrixBlock',1,0,'2015-04-20 17:42:38','2015-04-23 02:14:39','5a765616-d39e-44d4-8218-41076aeb1d86'),(259,'MatrixBlock',1,0,'2015-04-20 17:42:38','2015-04-23 02:14:39','4af5f3dc-40b0-4652-a08f-d6e2b6459fb2'),(260,'Entry',1,0,'2015-04-20 18:13:04','2015-05-01 21:00:02','1ee917ed-d426-43e5-b796-e4df57866bbe'),(261,'Asset',1,0,'2015-04-20 18:15:55','2015-04-20 18:15:55','b0e9c792-8aee-4956-8822-869e081e60f2'),(262,'Asset',1,0,'2015-04-20 18:27:56','2015-04-20 18:27:56','9b940529-11d5-42a0-8ac1-811fc96f91d8'),(263,'Entry',1,0,'2015-04-20 18:39:32','2015-04-20 18:39:32','54f156c4-f7ef-4dad-ab0e-46569c968a51'),(264,'MatrixBlock',1,0,'2015-04-20 18:39:32','2015-04-20 18:39:32','a9b92998-a3c1-461c-8781-626b0e52236e'),(265,'Entry',1,0,'2015-04-20 18:53:26','2015-04-20 18:53:26','40551822-f406-4d90-907f-aa1d55b87fb3'),(266,'Entry',1,0,'2015-04-20 19:05:18','2015-04-20 19:06:11','0596cd1e-2af5-4d50-9889-e347223a9c7a'),(268,'Entry',1,0,'2015-04-26 21:59:56','2015-04-26 22:04:04','231388e7-7e9d-43d3-a4e0-d6528c2a21d4'),(269,'MatrixBlock',1,0,'2015-04-26 21:59:56','2015-04-26 22:04:05','a6b20bfe-c9f5-49cb-b3bb-474eae84de67'),(270,'User',1,0,'2015-05-01 15:34:23','2015-05-09 01:36:22','e9340502-dcd0-418f-8314-54d2802c6537'),(271,'Asset',1,0,'2015-05-01 20:58:05','2015-05-01 20:58:05','f97cd18e-5773-471c-a626-772f64355baa'),(272,'Asset',1,0,'2015-05-01 20:59:03','2015-05-01 20:59:03','6972caea-3c4f-45c2-b274-07e114622414'),(273,'Asset',1,0,'2015-05-01 20:59:44','2015-05-01 20:59:44','f290e78b-fe02-47e6-a593-dea32771794c'),(274,'Asset',1,0,'2015-05-01 21:00:00','2015-05-01 21:00:00','babd35ee-9fe5-4de1-9ddd-26585bd44a2e'),(275,'Asset',1,0,'2015-05-01 21:00:13','2015-05-01 21:00:13','83af8b23-fbed-4381-8f64-956b156a4b2b'),(276,'Asset',1,0,'2015-05-01 21:00:32','2015-05-01 21:00:32','2139dd5b-f8e6-4235-a72c-ba9a14cfa1b5'),(277,'Entry',1,0,'2015-05-03 03:44:57','2015-05-03 03:44:57','9fa65198-6ce6-4e87-95de-c1ad3f080cde'),(278,'Entry',1,0,'2015-05-03 20:14:50','2015-05-03 20:14:50','721fd21c-91c5-4da1-8c9c-29ecf469899d'),(279,'Asset',1,0,'2015-05-07 02:36:36','2015-05-07 02:36:36','9c00c598-c439-4d7f-938e-1d158cbc47d5'),(280,'Entry',1,0,'2015-05-08 21:40:41','2015-05-08 21:40:41','39279c0a-528d-47e5-9dcd-33df2c3d04b3'),(281,'User',1,0,'2015-05-09 01:29:11','2015-05-09 01:35:42','79a8dc18-7a58-441e-bf45-be9021111c99'),(282,'Asset',1,0,'2015-05-26 14:07:47','2015-05-26 14:07:47','558be5a9-718d-477b-8c3b-c8f57930267f'),(283,'Asset',1,0,'2015-05-26 14:36:59','2015-05-26 14:36:59','df4637e7-7074-4854-b23a-e724ae9688d1'),(284,'Asset',1,0,'2015-05-26 14:36:59','2015-05-26 14:36:59','bcdc995b-8a04-405a-be37-54838d14ff5a'),(285,'Entry',1,0,'2015-05-26 14:37:34','2015-05-29 21:10:37','247f4d1f-2082-4024-a255-9fed5908c20a'),(286,'MatrixBlock',1,0,'2015-05-26 14:37:34','2015-05-29 21:10:37','2efb85f1-408b-46f3-9c27-d600d16c5abf'),(287,'Asset',1,0,'2015-05-26 14:52:28','2015-05-26 14:52:28','e3738a02-7bf1-4799-8f22-67ee9bc14610'),(288,'Asset',1,0,'2015-05-26 15:02:42','2015-05-26 15:02:42','533a9dbc-7cb4-48dc-b3b7-64148e331472'),(289,'Asset',1,0,'2015-05-26 15:09:27','2015-05-26 15:09:27','7b09ca2b-06bd-4936-99ce-2db5c342042f'),(290,'Entry',1,0,'2015-05-26 16:11:04','2015-05-26 21:27:27','d13d5f96-982d-48ce-aea5-037710f26239'),(291,'MatrixBlock',1,0,'2015-05-26 16:11:04','2015-05-26 21:27:28','459477af-4a8e-4520-9aa4-30ccbc22c830'),(293,'Entry',1,0,'2015-05-31 00:19:45','2015-05-31 00:45:47','1df14645-c977-4926-84da-f1be910836cd');
/*!40000 ALTER TABLE `craft_elements` ENABLE KEYS */;
UNLOCK TABLES;

--
-- Table structure for table `craft_elements_i18n`
--

DROP TABLE IF EXISTS `craft_elements_i18n`;
/*!40101 SET @saved_cs_client     = @@character_set_client */;
/*!40101 SET character_set_client = utf8 */;
CREATE TABLE `craft_elements_i18n` (
  `id` int(11) NOT NULL AUTO_INCREMENT,
  `elementId` int(11) NOT NULL,
  `locale` char(12) COLLATE utf8_unicode_ci NOT NULL,
  `slug` varchar(255) COLLATE utf8_unicode_ci DEFAULT NULL,
  `uri` varchar(255) COLLATE utf8_unicode_ci DEFAULT NULL,
  `enabled` tinyint(1) unsigned NOT NULL DEFAULT '1',
  `dateCreated` datetime NOT NULL,
  `dateUpdated` datetime NOT NULL,
  `uid` char(36) COLLATE utf8_unicode_ci NOT NULL DEFAULT '0',
  PRIMARY KEY (`id`),
  UNIQUE KEY `craft_elements_i18n_elementId_locale_unq_idx` (`elementId`,`locale`),
  UNIQUE KEY `craft_elements_i18n_uri_locale_unq_idx` (`uri`,`locale`),
  KEY `craft_elements_i18n_slug_locale_idx` (`slug`,`locale`),
  KEY `craft_elements_i18n_enabled_idx` (`enabled`),
  KEY `craft_elements_i18n_locale_fk` (`locale`),
  CONSTRAINT `craft_elements_i18n_elementId_fk` FOREIGN KEY (`elementId`) REFERENCES `craft_elements` (`id`) ON DELETE CASCADE,
  CONSTRAINT `craft_elements_i18n_locale_fk` FOREIGN KEY (`locale`) REFERENCES `craft_locales` (`locale`) ON DELETE CASCADE ON UPDATE CASCADE
) ENGINE=InnoDB AUTO_INCREMENT=311 DEFAULT CHARSET=utf8 COLLATE=utf8_unicode_ci;
/*!40101 SET character_set_client = @saved_cs_client */;

--
-- Dumping data for table `craft_elements_i18n`
--

LOCK TABLES `craft_elements_i18n` WRITE;
/*!40000 ALTER TABLE `craft_elements_i18n` DISABLE KEYS */;
INSERT INTO `craft_elements_i18n` VALUES (1,1,'en_us','',NULL,1,'2015-01-25 16:17:43','2015-01-25 16:17:43','ff67df16-fb2f-4aa9-983f-4d92913a665e'),(2,2,'en_us','homepage','__home__',1,'2015-01-25 16:17:44','2015-06-08 16:14:53','8c08a307-7e03-48a4-ba9f-411503169f24'),(4,4,'en_us','',NULL,1,'2015-01-26 15:32:46','2015-02-18 16:34:00','8c41fab9-929a-4532-9ed2-33f1f9f76489'),(5,5,'en_us','',NULL,1,'2015-01-26 15:33:30','2015-01-26 15:33:30','93f1974e-dc49-444f-a395-7677d33bf0c0'),(32,30,'en_us','',NULL,1,'2015-02-18 16:33:00','2015-02-18 16:40:39','2550d113-9330-49c0-ac2d-ba46dbfd3bc5'),(33,31,'en_us','i-have-cancer','stories/i-have-cancer',1,'2015-02-18 22:23:48','2015-02-18 22:23:48','195110e7-d67c-4bf0-b51c-b34dde1a6dbc'),(34,32,'en_us','my-family-member-has-cancer','stories/my-family-member-has-cancer',1,'2015-02-18 22:24:10','2015-02-18 22:24:10','7b2f2cee-87d9-4b1a-a6b8-dcc815869b02'),(35,33,'en_us','donors-volunteers','stories/donors-volunteers',1,'2015-02-18 22:24:21','2015-02-18 22:24:21','7a73d5a5-7c15-4170-8582-42d754392d36'),(36,34,'en_us','all-stories','stories/all-stories',1,'2015-02-18 22:24:27','2015-02-18 22:24:27','e7887236-6a5f-455b-85ed-862846bee48f'),(37,35,'en_us','sample-story-1','stories/sample-story-1',1,'2015-02-18 23:00:54','2015-04-20 20:07:21','95014f95-9f9f-4fa2-8e49-eef866717361'),(38,36,'en_us','',NULL,1,'2015-02-18 23:00:54','2015-04-20 20:07:21','c0e4af67-9cce-48f1-8df3-daef45ffd2fa'),(40,38,'en_us','sample-story-2','stories/sample-story-2',1,'2015-02-18 23:02:17','2015-04-16 23:45:35','a0b743e9-5782-46e0-9421-4d4cdf643f3c'),(41,39,'en_us','',NULL,1,'2015-02-18 23:02:17','2015-04-16 23:45:35','6fdf5371-3de3-4c70-ab5e-e096793623a9'),(43,41,'en_us','contactUs','contact',1,'2015-02-19 15:06:00','2015-03-18 17:32:45','2aeb2188-892b-4f12-9082-f4b1a93c9c60'),(54,52,'en_us','referral','referral/',1,'2015-02-19 17:46:06','2015-03-18 16:19:45','86f204f0-4dc0-4a0e-827c-b0200cfddb98'),(63,61,'en_us','donate','donate',1,'2015-02-19 18:53:38','2015-03-10 15:40:17','549c76d4-dcb8-4f34-ad52-0bc28a6f907d'),(66,64,'en_us','warehouse','warehouse',1,'2015-02-19 19:05:02','2015-04-01 18:56:29','4234e538-d103-467d-bb1f-f4db06dc9bec'),(72,70,'en_us','support','support',1,'2015-02-19 19:24:28','2015-05-03 21:06:41','45af23b6-53c6-4884-ad70-755c054c92c7'),(78,76,'en_us','volunteer','volunteer/',1,'2015-02-19 19:41:08','2015-04-20 15:02:54','36916f0c-6f29-4df2-8029-070f185130a6'),(85,82,'en_us','i-have-cancer','target-audience/i-have-cancer',1,'2015-02-19 22:33:16','2015-02-23 20:15:48','dd9fb6fc-03f2-404c-bfd1-0a1caf4a3cd8'),(86,83,'en_us','my-family-member-has-cancer','target-audience/my-family-member-has-cancer',1,'2015-02-19 22:33:32','2015-02-23 20:15:48','4459dd75-f2f0-4e1b-bf87-8e9e1016c19f'),(90,87,'en_us','financials','financials',1,'2015-02-20 15:10:01','2015-03-31 19:42:42','79d2326e-1d2b-4c6d-b5d7-3a0761a896f8'),(91,88,'en_us','aboutus','about_us/',1,'2015-02-20 15:13:01','2015-05-26 13:54:17','dcc2baed-35d6-4480-89ee-b12182fc4636'),(96,93,'en_us','tai-chi-east-wed','calendars/tai-chi-east-wed',1,'2015-02-20 19:51:53','2015-03-27 15:58:19','1af66ef0-63be-4833-8309-a3a4018c9bac'),(99,96,'en_us','',NULL,1,'2015-02-23 15:29:51','2015-02-23 15:29:51','acb399fa-2bbb-421e-80f1-75a368273173'),(101,98,'en_us','helpful-websites','resources/helpful-websites',1,'2015-02-23 22:29:34','2015-03-11 19:01:42','033b2e8d-14cd-4f2a-af11-4b66d3c28df3'),(103,100,'en_us','sample-resource-2','resources/sample-resource-2',1,'2015-02-23 22:29:42','2015-04-17 00:58:39','2938f6b8-e1ec-431c-a8cc-1f876adeb031'),(104,101,'en_us','newsletter-spring-2015','resources/newsletter-spring-2015',1,'2015-02-23 22:29:51','2015-03-17 14:28:41','36e96e96-9589-41bb-ad45-e7154f5f6ff6'),(105,102,'en_us','sample-resource-4','resources/sample-resource-4',1,'2015-02-23 22:30:04','2015-03-11 21:19:35','63c2cb1f-e8c4-4374-9410-f48ee1024eee'),(106,103,'en_us','sample-resource-5','resources/sample-resource-5',1,'2015-02-23 22:30:11','2015-03-10 19:17:32','dfb02cd4-d03d-463b-8064-bcb157a9137f'),(107,104,'en_us','sample-resource-6','resources/sample-resource-6',1,'2015-02-23 22:30:17','2015-03-11 21:20:05','6a4adec8-62bb-4099-b9cf-1688aedf1826'),(108,105,'en_us','council-member',NULL,1,'2015-02-25 18:40:30','2015-04-08 19:09:36','c3528924-9383-43e8-962f-73e0b0243368'),(109,106,'en_us','council-member',NULL,1,'2015-02-25 18:40:59','2015-04-08 19:09:17','8139b315-5320-4af8-a288-7c1230ebd60b'),(110,107,'en_us','council-member',NULL,1,'2015-02-25 19:14:14','2015-04-08 19:10:06','bccfd4dd-02d6-43b6-bbf5-301318591889'),(112,109,'en_us','janis',NULL,1,'2015-02-26 21:26:02','2015-03-04 21:28:12','7733ca21-10d2-427d-825f-e2c51a125534'),(113,110,'en_us','staff',NULL,1,'2015-02-26 21:43:48','2015-06-02 17:12:06','70bbd09a-1a56-461b-852d-046be7c4e8ca'),(115,112,'en_us','board-of-directors',NULL,1,'2015-02-26 22:17:09','2015-04-19 03:21:28','7553cd26-a141-4e1a-a93d-5083790d9432'),(116,113,'en_us','one-step-closer','stories/one-step-closer',1,'2015-02-27 15:50:43','2015-04-06 20:23:36','9241da85-4a55-493f-b1eb-013514014cc2'),(117,114,'en_us','',NULL,1,'2015-02-27 15:50:43','2015-04-06 20:23:36','b22dd0f2-d631-4c87-99ef-06b62799f0d1'),(119,116,'en_us','art-music','programs-services/art-music',1,'2015-02-27 18:45:21','2015-05-26 15:20:50','585d29eb-431f-45e0-83cb-e71680188a35'),(120,117,'en_us','healthcare-professional','target-audience/healthcare-professional',1,'2015-02-27 22:39:04','2015-02-27 22:39:04','9e5ad6db-4f9e-454b-b3e6-b629bfee36b3'),(121,118,'en_us','donor-volunteer','target-audience/donor-volunteer',1,'2015-02-27 22:39:55','2015-03-10 18:00:44','711338aa-e216-4f4f-afaa-1420b381baae'),(126,119,'en_us','west-location',NULL,1,'2015-03-03 16:54:39','2015-03-03 16:54:39','800d4a26-7fef-404b-9b40-58c1f38296a9'),(127,120,'en_us','east-location',NULL,1,'2015-03-03 16:54:47','2015-03-03 16:54:47','8ca47202-c210-454b-ad0a-9446f3af6998'),(131,123,'en_us','',NULL,1,'2015-03-04 16:37:00','2015-03-04 16:37:00','829f78db-972f-403e-8a46-80ee8c896667'),(135,127,'en_us','i-have-a-new-disease','stories/i-have-a-new-disease',1,'2015-03-04 18:56:11','2015-03-04 18:56:32','f9a803e8-0699-4e23-8b7c-e353a56b3b4e'),(140,132,'en_us','volunteer-story','stories/volunteer-story',1,'2015-03-04 21:35:32','2015-04-16 23:46:00','38b3e337-edeb-4861-9bf2-45067a815362'),(141,133,'en_us','',NULL,1,'2015-03-04 21:35:32','2015-04-16 23:46:00','ca93aa49-caa6-4713-a68e-d9897647ce3f'),(146,134,'en_us','lighthouse',NULL,1,'2015-03-05 14:11:29','2015-03-05 14:11:29','4c8a6e91-7e6d-4972-ab89-2f5ba794c501'),(147,135,'en_us','support-groups',NULL,1,'2015-03-05 15:05:41','2015-03-25 15:58:47','bb5c9e82-6c2c-4ebf-9569-19462cdeba0f'),(148,136,'en_us','oral-head-neck-center',NULL,1,'2015-03-05 15:05:54','2015-03-25 16:02:52','cb12deca-9442-46cf-87a1-c213fe392059'),(149,137,'en_us','exercise',NULL,1,'2015-03-05 15:06:01','2015-03-25 16:07:48','573d6b78-8b8f-4281-b5bc-b8410373b229'),(150,138,'en_us','yoga',NULL,1,'2015-03-05 15:06:09','2015-03-25 16:04:22','f6db1e50-f333-49a8-8be0-196206ef6424'),(151,139,'en_us','one-to-one-services',NULL,1,'2015-03-05 15:06:16','2015-03-25 15:59:53','8e8e7d89-058b-4d14-bc81-841cb4ea5627'),(154,142,'en_us','educational-events',NULL,1,'2015-03-05 15:06:52','2015-03-25 16:06:09','33005afd-ce99-433d-af13-490ba71bea42'),(155,143,'en_us','nutrition',NULL,1,'2015-03-05 15:07:00','2015-03-25 16:04:18','452e9000-5442-4542-9316-c51bbb857568'),(156,144,'en_us','bereavement',NULL,1,'2015-03-05 15:07:08','2015-03-25 16:07:17','34c030e9-7954-40ef-8478-862737f60c27'),(157,145,'en_us','blood-cancers',NULL,1,'2015-03-05 15:07:17','2015-03-25 16:07:36','a53ee95d-5133-46fd-b411-60e889e34d3a'),(158,146,'en_us','meditation',NULL,1,'2015-03-05 15:07:48','2015-03-25 16:08:43','2edc4f2a-6740-456a-8d69-5e2e15db0c18'),(159,147,'en_us','wellness-center',NULL,1,'2015-03-05 15:10:31','2015-03-05 15:10:31','f4312ac4-ef1f-4785-a4e1-6a4b1257d55d'),(160,148,'en_us','east',NULL,1,'2015-03-05 20:15:03','2015-04-20 19:11:23','04390502-e948-4e45-a509-921a7e121e8b'),(161,149,'en_us','',NULL,1,'2015-03-05 20:15:03','2015-04-20 19:11:23','3fdf6261-9048-4f2b-9d5f-6a90d1a73fb7'),(162,150,'en_us','west',NULL,1,'2015-03-05 20:16:26','2015-04-20 19:11:32','0843e452-dcde-4d7b-8a7d-ab7e4df8a9af'),(163,151,'en_us','',NULL,1,'2015-03-05 20:16:26','2015-04-20 19:11:32','77ccdebf-cc32-455c-a39b-9553140d0e37'),(164,156,'en_us','tai-chi-east-thur','calendars/tai-chi-east-thur',1,'2015-03-05 20:32:16','2015-03-26 15:16:04','1778383f-20a7-4831-83e4-5dfdbf209250'),(165,158,'en_us','tai-chi','programs-services/tai-chi',1,'2015-03-05 20:39:44','2015-04-20 17:41:28','99d1d131-65a6-4171-b75d-064243ed88e1'),(166,159,'en_us','tai-chi-west-thur','calendars/tai-chi-west-thur',1,'2015-03-05 20:42:49','2015-03-27 16:35:58','898fb738-8185-4f06-b05a-58c9afe78159'),(173,160,'en_us','the-advisory-committee',NULL,1,'2015-03-10 15:59:02','2015-03-10 15:59:26','929898f4-511c-413b-b762-5a0e87027ec5'),(174,161,'en_us','',NULL,1,'2015-03-10 16:38:25','2015-04-20 15:02:54','39dd0ae4-ec4e-456d-9717-1da09abf9efc'),(175,162,'en_us','facility-contact','resources/facility-contact',1,'2015-03-10 17:25:24','2015-03-10 17:25:24','31aa097a-281b-4667-a372-8ae582579001'),(176,163,'en_us','news-article','resources/news-article',1,'2015-03-10 17:25:36','2015-03-10 17:25:36','e26e3313-24a2-428f-81fa-4b3aace2ef81'),(177,164,'en_us','website','resources/website',1,'2015-03-10 17:25:42','2015-03-10 17:25:42','02949b17-f2fe-472b-8879-71b7e52d6d66'),(178,165,'en_us','cancer-care-center','resources/cancer-care-center',1,'2015-03-10 17:26:00','2015-03-10 17:26:00','f85a4c78-4e19-411c-b90a-02ed6155fc56'),(179,166,'en_us','general-cancer-information','resources/general-cancer-information',1,'2015-03-10 17:26:08','2015-03-10 17:26:08','919286d9-5bf2-481f-91d1-adb3d7720675'),(180,167,'en_us','pain-management','resources/pain-management',1,'2015-03-10 17:26:18','2015-03-10 17:26:18','6e732b78-e8ac-4ec0-8e9e-d9a3486bd1ea'),(181,168,'en_us','book','resources/book',1,'2015-03-10 17:31:25','2015-03-10 17:31:25','2f3bfc27-620b-42b5-8796-a836ee1532f3'),(182,169,'en_us','screen-shot-2015-03-09-at-8-37-07-am',NULL,1,'2015-03-10 17:44:09','2015-03-10 17:45:24','2e6eeeb1-75cb-4b90-8d24-572b97a2590e'),(183,170,'en_us','',NULL,1,'2015-03-10 18:52:38','2015-03-11 19:01:42','91d2613a-30cc-4f16-be97-f873a967ebe1'),(184,171,'en_us','',NULL,1,'2015-03-10 18:52:38','2015-03-11 19:01:42','a1735261-40a3-44d6-909d-033d2d4484b1'),(185,172,'en_us','',NULL,1,'2015-03-10 18:52:38','2015-03-11 19:01:42','b3811ac7-2f48-434d-b078-36865ff48910'),(186,173,'en_us','',NULL,1,'2015-03-10 18:53:39','2015-04-17 00:58:39','e088699f-d63b-4a3e-8e65-31906245e015'),(187,174,'en_us','',NULL,1,'2015-03-10 19:17:32','2015-03-10 19:17:32','7a7ecda0-9909-441b-9d63-d2a22e9b2786'),(188,175,'en_us','',NULL,1,'2015-03-10 19:18:07','2015-03-11 21:20:05','e2293658-33ac-4b2f-af61-060ee9ca8f24'),(189,176,'en_us','our-helpful-resources','resources/our-helpful-resources',1,'2015-03-10 20:54:34','2015-03-11 18:06:14','392a7f93-8f62-4004-b906-022f9a2a80fe'),(190,177,'en_us','gatheringplace-logoperson',NULL,1,'2015-03-11 14:44:55','2015-03-11 14:44:55','7913a1fd-276b-4b0c-ac6f-6e0a6eed77ac'),(192,179,'en_us','',NULL,1,'2015-03-11 18:02:47','2015-03-11 18:02:47','b85ab6cb-8f09-4c67-881a-feda40113c41'),(193,180,'en_us','',NULL,1,'2015-03-11 18:02:47','2015-03-11 18:02:47','2f2aff68-8e48-40d6-92ff-f58092395b56'),(194,181,'en_us','',NULL,1,'2015-03-11 18:02:47','2015-03-11 18:02:47','8554791e-71d9-4b3c-9a67-54004948e99f'),(195,182,'en_us','newsletter-final',NULL,1,'2015-03-11 20:52:04','2015-03-11 20:52:04','9f838719-b2d1-454b-952a-c93fb02ade71'),(196,183,'en_us','newsletter','resources/newsletter',1,'2015-03-11 21:12:56','2015-03-11 21:12:56','d4315073-e740-4bbb-bca2-67c0e99fb066'),(197,184,'en_us','repeatingelements','repeating-elements',1,'2015-03-13 19:46:38','2015-05-03 21:29:01','8628cb6e-5adc-42bf-954d-2f6b1ebcacf0'),(198,185,'en_us','',NULL,1,'2015-03-16 15:36:25','2015-05-26 13:54:17','2662e676-87ae-4f2f-867a-7eaa790ef79e'),(199,186,'en_us','',NULL,1,'2015-03-16 15:36:25','2015-05-26 13:54:17','c7732f5d-8fab-49e5-ad0f-712fdb29dc6c'),(200,187,'en_us','',NULL,1,'2015-03-16 15:36:25','2015-05-26 13:54:17','b187dae8-abd8-441e-8bd5-3edc731b6948'),(201,188,'en_us','',NULL,1,'2015-03-16 15:36:25','2015-05-26 13:54:17','912411bd-5be7-4ff0-a94c-4892e1e048fc'),(202,189,'en_us','',NULL,1,'2015-03-16 20:25:04','2015-05-03 21:06:41','d64807a7-3c78-4d19-87a0-0f1e9d02463a'),(203,190,'en_us','',NULL,1,'2015-03-16 20:26:55','2015-05-03 21:06:41','98e131bf-1e26-4044-b8bd-f341db16fffb'),(204,191,'en_us','',NULL,1,'2015-03-16 20:26:55','2015-05-03 21:06:41','3a59597f-d4e3-429e-9bd3-8ced76aac0c0'),(205,192,'en_us','',NULL,1,'2015-03-16 20:26:55','2015-05-03 21:06:41','b7ecb3dc-32ed-426b-a8bd-a5b4a7d23e46'),(206,193,'en_us','warehouse-sale','calendars/warehouse-sale',1,'2015-03-17 16:42:46','2015-04-01 18:57:25','67791b21-2945-4dcf-ad00-bf672cc870d6'),(207,194,'en_us','warehouse-sale-1','calendars/warehouse-sale-1',1,'2015-03-17 16:43:26','2015-04-01 18:53:52','d3dcaf13-2ae9-407f-9b4e-3b2aded8586b'),(209,195,'en_us','girl',NULL,1,'2015-03-18 17:48:25','2015-03-18 17:48:25','5fc8fd3b-fd93-49ca-8b67-0238f4b169e6'),(210,196,'en_us','girl2',NULL,1,'2015-03-18 17:48:26','2015-03-18 17:48:26','27e54994-d393-4582-8701-39f219343dff'),(211,197,'en_us','girl3',NULL,1,'2015-03-18 17:48:27','2015-03-18 17:48:27','a10b7dbe-ef33-4f90-a80f-e22efaca854e'),(212,198,'en_us','girl4',NULL,1,'2015-03-18 17:48:28','2015-03-18 17:48:28','09482846-6188-4c9f-b332-e17357472d24'),(213,199,'en_us','erin-rafter',NULL,1,'2015-03-18 17:49:37','2015-05-01 20:59:05','07b098df-640b-4a0e-99fa-884358e5b80e'),(214,200,'en_us','cheryl-aspidorf',NULL,1,'2015-03-18 17:50:33','2015-05-01 20:59:47','7751ca90-7e71-486d-9510-b6b8a31f5609'),(215,201,'en_us','susan-marinac',NULL,1,'2015-03-18 17:51:29','2015-05-01 21:00:34','73008ba8-675a-411c-a732-256a7e843b17'),(216,202,'en_us','mary-fisher-bornstein',NULL,1,'2015-03-18 17:52:15','2015-05-01 21:00:16','b662a32a-eabb-4344-b2f4-a78077b4afc8'),(218,203,'en_us','',NULL,1,'2015-03-20 13:41:38','2015-05-03 21:29:01','9f8b8572-55fd-4461-a98e-a5a265dd1599'),(219,204,'en_us','',NULL,1,'2015-03-20 13:41:38','2015-05-03 21:29:01','f2ca00fc-0e0f-4f6c-95e8-8f7b5a74afe7'),(221,205,'en_us','921-at-a-glance6-hires',NULL,1,'2015-03-20 21:19:49','2015-03-20 21:19:49','6155561f-5cda-45fa-9650-ed4ae94b654a'),(222,206,'en_us','programs-and-services','programs-services/programs-and-services',1,'2015-03-20 21:19:53','2015-03-20 21:19:53','81bca9a6-0bf4-4e2c-8601-40cddcdf5846'),(223,207,'en_us','art-music',NULL,1,'2015-03-25 16:01:31','2015-03-25 16:07:53','48a09873-4637-4ffd-8337-efd3eed7df5f'),(224,208,'en_us','qigong',NULL,1,'2015-03-25 16:02:04','2015-03-25 16:08:34','a377cc8b-a0d3-434a-a49a-23283c226dc9'),(225,209,'en_us','library',NULL,1,'2015-03-25 16:02:17','2015-03-25 16:02:17','0c06a58e-86a5-4512-bfd0-e030ff7624d4'),(226,210,'en_us','breast-cancer-programs',NULL,1,'2015-03-25 16:02:25','2015-03-25 16:07:22','87dd975e-4bd1-48df-84ad-e6f6733c1564'),(227,211,'en_us','healing-arts',NULL,1,'2015-03-25 16:02:44','2015-03-25 16:08:21','a16c5ad6-5e11-4778-aa8e-409e9b1bb91a'),(228,212,'en_us','children-teens-families',NULL,1,'2015-03-25 16:04:04','2015-03-25 16:07:41','f777a6ab-96db-4259-bb2d-bf4064a9bc7c'),(229,213,'en_us','personal-care',NULL,1,'2015-03-25 16:05:20','2015-03-25 16:08:41','1027a253-a6fd-4c83-9d6b-e765e4312cdf'),(230,214,'en_us','special-programs',NULL,1,'2015-03-25 16:05:28','2015-03-25 16:05:28','cddca8b3-ad0e-4721-81be-9077a9f21a94'),(231,215,'en_us','prostate-cancer-programs',NULL,1,'2015-03-25 16:05:40','2015-03-25 16:07:28','0e765179-7b5b-4193-ac9c-89bd249b978c'),(232,216,'en_us','tai-chi',NULL,1,'2015-03-25 16:05:49','2015-03-25 16:08:26','9cf62044-28c5-44f5-8751-bddb8df17a71'),(233,217,'en_us','wc',NULL,1,'2015-03-25 18:25:58','2015-03-31 20:36:01','f3615c90-956f-4cd6-ad59-e4a551b2e898'),(234,218,'en_us','',NULL,1,'2015-03-25 18:25:58','2015-03-31 20:36:01','64343229-dd2d-4f40-812f-798a6aff8dd1'),(235,219,'en_us','welcome-orientation','programs-services/welcome-orientation',1,'2015-03-27 19:04:01','2015-03-27 19:04:01','e5d74e8b-cadc-491e-94c2-6a77ec2d59bd'),(236,220,'en_us','welcome-orientation-mon-east','calendar/welcome-orientation-mon-east',1,'2015-03-27 19:06:44','2015-05-03 02:07:09','069da7c3-b3ab-48c8-a318-b495ebe007a9'),(237,221,'en_us','welcome-orientation-tues-east','calendars/welcome-orientation-tues-east',1,'2015-03-27 19:08:33','2015-03-27 19:18:07','fc584a64-bdf9-4e2a-9a30-1f572ca507e0'),(238,222,'en_us','welcome-orientation-sat-east','calendars/welcome-orientation-sat-east',1,'2015-03-27 19:09:56','2015-03-27 19:18:15','a6aa1aa3-1f12-4f15-9f3f-fe93c62f9be9'),(239,223,'en_us','welcome-orientation-tues-west','calendars/welcome-orientation-tues-west',1,'2015-03-27 19:11:24','2015-03-27 19:18:21','9c6025f7-4880-4160-95da-f74ed18059c4'),(241,225,'en_us','welcome-orientation-sat-west','calendars/welcome-orientation-sat-west',1,'2015-03-27 19:13:58','2015-03-27 19:18:38','52c8cadd-1e23-4cf2-9106-db50e359c435'),(243,227,'en_us','welcome-orientation-thur-west','calendar/welcome-orientation-thur-west',1,'2015-03-27 19:25:27','2015-05-03 02:06:25','1b897d7b-c852-4a06-aa23-5f9b646249cd'),(244,228,'en_us','tgp-auditedfinancialstatements-fy1314',NULL,1,'2015-03-31 19:42:37','2015-03-31 19:42:37','cb0365c6-badc-4839-acca-054c9c4064b6'),(245,229,'en_us','council-member',NULL,1,'2015-04-08 17:23:03','2015-04-08 19:10:52','7f12ced3-f685-4561-aa38-840258216606'),(246,230,'en_us','council-member',NULL,1,'2015-04-08 17:23:14','2015-04-08 19:11:30','6f06f24c-a620-44ae-bf41-c483bbb8cfea'),(247,231,'en_us','council-member',NULL,1,'2015-04-08 17:23:25','2015-04-08 19:08:37','f341638d-d41b-40c0-a564-89f2ef494123'),(248,232,'en_us','mary-lou-miller',NULL,1,'2015-04-08 19:11:48','2015-04-08 19:11:48','308cac6c-0cff-4c91-a926-9098453acf87'),(249,233,'en_us','machelle-moeller',NULL,1,'2015-04-08 19:12:23','2015-04-08 19:12:23','b04fe743-adc0-41d2-91c1-4e5a033d5a70'),(250,234,'en_us','belleruth-naparstek',NULL,1,'2015-04-08 19:12:42','2015-04-08 19:12:42','5a5ef014-dd29-4b71-bbe2-703be79e8ada'),(251,235,'en_us','charles-nock',NULL,1,'2015-04-08 19:12:55','2015-04-08 19:12:55','57661fdb-48b2-4070-a9f7-c00396add230'),(252,236,'en_us','cynthia-greenberg',NULL,1,'2015-04-08 19:13:54','2015-04-08 19:16:08','efe22690-2ecb-4582-b586-fed8b3a1bdf7'),(258,242,'en_us','113722870-paintedhands',NULL,1,'2015-04-16 02:09:56','2015-04-16 02:09:56','fc0ee8ec-5df6-4e33-8ece-36d34c9b2aa7'),(260,244,'en_us','bob-nicolay',NULL,1,'2015-04-19 03:21:58','2015-04-19 03:40:37','92a61c80-12ce-4343-99e2-56ac0cf5ddaa'),(261,245,'en_us','david-ostro',NULL,1,'2015-04-19 03:24:50','2015-04-19 03:24:50','2454aca6-8111-4f6d-9d44-dc039e3975f0'),(262,246,'en_us','kristen-tull',NULL,1,'2015-04-19 03:25:13','2015-04-19 03:25:13','86edf88a-05a5-406b-acb1-19006926e15f'),(263,247,'en_us','rita-andolson',NULL,1,'2015-04-19 03:26:14','2015-04-19 03:26:14','f3b33182-ab81-4dc6-b90e-92901edca923'),(264,248,'en_us','grief-support-group','programs-services/grief-support-group',1,'2015-04-19 18:18:42','2015-04-23 02:14:39','1f3df5c4-8c77-440b-849c-3ceecb699589'),(265,249,'en_us','grief-support-group-west','calendars/grief-support-group-west',1,'2015-04-19 18:23:03','2015-04-19 18:23:03','75e9181b-e37e-42c2-9c14-cb8d1be286fc'),(266,250,'en_us','grief-support-group-east','calendars/grief-support-group-east',1,'2015-04-19 18:26:33','2015-04-19 18:26:33','fcb28d92-ad47-4b13-85e5-09d956c2b673'),(267,251,'en_us','kidshop-teenshop-west','calendars/kidshop-teenshop-west',1,'2015-04-19 18:37:08','2015-04-19 18:44:00','64956fee-590f-478b-a278-584aa1fb7ec7'),(268,252,'en_us','kidshop-teenshop-east','calendars/kidshop-teenshop-east',1,'2015-04-19 18:39:35','2015-04-19 18:43:29','d7f39b59-36fd-4a71-8708-b1e99faa81ee'),(269,253,'en_us','kidshop-teenshop-east-1','calendars/kidshop-teenshop-east-1',1,'2015-04-19 18:41:50','2015-04-19 18:43:47','0644741a-a9b5-4d3b-af10-2e61d45ff49b'),(270,254,'en_us','kidshop-teenshop','programs-services/kidshop-teenshop',1,'2015-04-19 18:43:14','2015-04-20 19:28:07','efcef1ef-dc96-46a3-beb2-9b86dd7fbcd6'),(272,256,'en_us','',NULL,1,'2015-04-20 17:41:02','2015-04-20 17:41:28','dc604610-afae-41b3-ab67-6ebac4026688'),(273,257,'en_us','',NULL,1,'2015-04-20 17:41:28','2015-04-20 17:41:28','56c3764c-edaa-466a-b1dd-6ff4d0ee5ab3'),(274,258,'en_us','',NULL,1,'2015-04-20 17:42:38','2015-04-23 02:14:39','fb7a84f9-10ab-479a-80af-012d51f2a21d'),(275,259,'en_us','',NULL,1,'2015-04-20 17:42:38','2015-04-23 02:14:39','d2f6968f-41b2-4363-92d3-3d03d192ba52'),(276,260,'en_us','kris-austin',NULL,1,'2015-04-20 18:13:04','2015-05-01 21:00:03','d4846524-e251-4236-896b-afc726ade9cc'),(277,261,'en_us','kris-austin',NULL,1,'2015-04-20 18:15:55','2015-04-20 18:15:55','52fd0a76-8f85-4e84-9645-9b93400ac4f1'),(278,262,'en_us','o-yoga-health-benefits-facebook',NULL,1,'2015-04-20 18:27:56','2015-04-20 18:27:56','29340c76-e24e-42a4-a55b-bd724d13e9cb'),(279,263,'en_us','cleveland-clinic-oncology','resources/cleveland-clinic-oncology',1,'2015-04-20 18:39:32','2015-04-20 18:39:32','d6afa5d9-c405-4de5-b68f-18f331470ec6'),(280,264,'en_us','',NULL,1,'2015-04-20 18:39:32','2015-04-20 18:39:32','a314c131-a1b1-48a5-8486-714b1e55af75'),(281,265,'en_us','art-therapy','calendars/art-therapy',1,'2015-04-20 18:53:26','2015-04-20 18:53:26','22cc167e-8e84-4de7-8cb6-f70a16f0a3fb'),(282,266,'en_us','art-in-the-garden','calendars/art-in-the-garden',1,'2015-04-20 19:05:18','2015-04-20 19:06:11','e52bb89b-dce9-4ed3-9aac-e1af49bffa48'),(284,268,'en_us','moving-forward','calendar/moving-forward',1,'2015-04-26 21:59:56','2015-04-26 22:04:04','1a58ebde-40ef-45b4-af8a-a07bd5cd0c8f'),(285,269,'en_us','',NULL,1,'2015-04-26 21:59:56','2015-04-26 22:04:05','c098d10d-cdec-4e76-b10b-474ecea6ed00'),(286,270,'en_us','',NULL,1,'2015-05-01 15:34:23','2015-05-09 01:36:22','ccab2ca1-190d-4a63-9146-847d6b81c240'),(287,271,'en_us','staffphotos-16',NULL,1,'2015-05-01 20:58:05','2015-05-01 20:58:05','da74efd0-019d-45ee-bfbf-4d9909a8b6b8'),(288,272,'en_us','staffphotos-12',NULL,1,'2015-05-01 20:59:03','2015-05-01 20:59:03','9ef9e662-8f66-4d33-95ec-2c11a3f499db'),(289,273,'en_us','staffphotos-15',NULL,1,'2015-05-01 20:59:44','2015-05-01 20:59:44','73c1fcf6-e794-40c8-9947-35a9431cedab'),(290,274,'en_us','staffphotos-19',NULL,1,'2015-05-01 21:00:00','2015-05-01 21:00:00','41a3b590-dc3c-4cf4-955d-1a1680b5d9e8'),(291,275,'en_us','staffphotos-10',NULL,1,'2015-05-01 21:00:13','2015-05-01 21:00:13','6992df29-c0cc-4b51-823b-5ff3d85bb7e1'),(292,276,'en_us','staffphotos-14',NULL,1,'2015-05-01 21:00:32','2015-05-01 21:00:32','6b0cccc9-3876-4f96-9728-f9c10304f3ac'),(293,277,'en_us','our-board-of-directors',NULL,1,'2015-05-03 03:44:57','2015-05-03 03:44:57','f186b151-e82b-4cd3-a112-30b0963fa4bb'),(294,278,'en_us','stories','stories/stories',1,'2015-05-03 20:14:50','2015-05-03 20:14:50','104a4f53-9c33-416f-9548-ec053f6b59a0'),(295,279,'en_us','daisyhomepage',NULL,1,'2015-05-07 02:36:37','2015-05-07 02:36:37','ce4ec2e0-e9bd-4c39-866b-931f33a62144'),(296,280,'en_us','our-calendar-of-events','calendar/our-calendar-of-events',1,'2015-05-08 21:40:41','2015-05-08 21:40:41','67e14287-9598-4754-86a1-5e44a4f9703e'),(297,281,'en_us','',NULL,1,'2015-05-09 01:29:11','2015-05-09 01:35:42','61b0f930-6ceb-4ab7-a523-9defb9e1a3be'),(298,282,'en_us','2012-08-30-11-09-13',NULL,1,'2015-05-26 14:07:47','2015-05-26 14:07:47','8a040f89-206b-4201-b344-28f109c28d1e'),(299,283,'en_us','inthepink',NULL,1,'2015-05-26 14:36:59','2015-05-26 14:36:59','d0b74005-858c-4fb1-8213-66111300c4e4'),(300,284,'en_us','inthepinkcanvasses',NULL,1,'2015-05-26 14:37:00','2015-05-26 14:37:00','dc61bb05-9853-45a6-83b8-109ccc224a1e'),(301,285,'en_us','creating-art-to-make-a-difference','stories/creating-art-to-make-a-difference',1,'2015-05-26 14:37:34','2015-05-29 21:10:37','2956e015-9df4-4e1d-8797-c0eb4e772a89'),(302,286,'en_us','',NULL,1,'2015-05-26 14:37:34','2015-05-29 21:10:37','8cf2eed9-b7ea-42f1-bbdf-2c677cf1f0b7'),(303,287,'en_us','family-drumming-westside-2014',NULL,1,'2015-05-26 14:52:28','2015-05-26 14:52:28','33dc68c6-7bf3-4eeb-b546-6fef73afcde3'),(304,288,'en_us','simplicity',NULL,1,'2015-05-26 15:02:42','2015-05-26 15:02:42','625575ab-fc24-4fa4-a78f-4753dd703962'),(305,289,'en_us','abstractart',NULL,1,'2015-05-26 15:09:27','2015-05-26 15:09:27','7ceaba12-15eb-4d37-a33f-2136bd75ed16'),(306,290,'en_us','art-drumming','calendar/art-drumming',1,'2015-05-26 16:11:04','2015-05-26 21:27:28','74e84449-6f1a-4463-8355-38c800cede95'),(307,291,'en_us','',NULL,1,'2015-05-26 16:11:04','2015-05-26 21:27:28','fc685bfe-c60f-47a4-87dd-c10b8897d283'),(309,293,'en_us','pressroom','press-room',1,'2015-05-31 00:19:45','2015-05-31 00:45:47','b1622244-8cd5-464a-a292-150c21da697d');
/*!40000 ALTER TABLE `craft_elements_i18n` ENABLE KEYS */;
UNLOCK TABLES;

--
-- Table structure for table `craft_emailmessages`
--

DROP TABLE IF EXISTS `craft_emailmessages`;
/*!40101 SET @saved_cs_client     = @@character_set_client */;
/*!40101 SET character_set_client = utf8 */;
CREATE TABLE `craft_emailmessages` (
  `id` int(11) NOT NULL AUTO_INCREMENT,
  `key` char(150) COLLATE utf8_unicode_ci NOT NULL,
  `locale` char(12) COLLATE utf8_unicode_ci NOT NULL,
  `subject` varchar(1000) COLLATE utf8_unicode_ci NOT NULL,
  `body` text COLLATE utf8_unicode_ci NOT NULL,
  `dateCreated` datetime NOT NULL,
  `dateUpdated` datetime NOT NULL,
  `uid` char(36) COLLATE utf8_unicode_ci NOT NULL DEFAULT '0',
  PRIMARY KEY (`id`),
  UNIQUE KEY `craft_emailmessages_key_locale_unq_idx` (`key`,`locale`),
  KEY `craft_emailmessages_locale_fk` (`locale`),
  CONSTRAINT `craft_emailmessages_locale_fk` FOREIGN KEY (`locale`) REFERENCES `craft_locales` (`locale`) ON DELETE CASCADE ON UPDATE CASCADE
) ENGINE=InnoDB DEFAULT CHARSET=utf8 COLLATE=utf8_unicode_ci;
/*!40101 SET character_set_client = @saved_cs_client */;

--
-- Dumping data for table `craft_emailmessages`
--

LOCK TABLES `craft_emailmessages` WRITE;
/*!40000 ALTER TABLE `craft_emailmessages` DISABLE KEYS */;
/*!40000 ALTER TABLE `craft_emailmessages` ENABLE KEYS */;
UNLOCK TABLES;

--
-- Table structure for table `craft_entries`
--

DROP TABLE IF EXISTS `craft_entries`;
/*!40101 SET @saved_cs_client     = @@character_set_client */;
/*!40101 SET character_set_client = utf8 */;
CREATE TABLE `craft_entries` (
  `id` int(11) NOT NULL,
  `sectionId` int(11) NOT NULL,
  `typeId` int(11) DEFAULT NULL,
  `authorId` int(11) DEFAULT NULL,
  `postDate` datetime DEFAULT NULL,
  `expiryDate` datetime DEFAULT NULL,
  `dateCreated` datetime NOT NULL,
  `dateUpdated` datetime NOT NULL,
  `uid` char(36) COLLATE utf8_unicode_ci NOT NULL DEFAULT '0',
  PRIMARY KEY (`id`),
  KEY `craft_entries_sectionId_idx` (`sectionId`),
  KEY `craft_entries_typeId_idx` (`typeId`),
  KEY `craft_entries_postDate_idx` (`postDate`),
  KEY `craft_entries_expiryDate_idx` (`expiryDate`),
  KEY `craft_entries_authorId_fk` (`authorId`),
  CONSTRAINT `craft_entries_authorId_fk` FOREIGN KEY (`authorId`) REFERENCES `craft_users` (`id`) ON DELETE CASCADE,
  CONSTRAINT `craft_entries_id_fk` FOREIGN KEY (`id`) REFERENCES `craft_elements` (`id`) ON DELETE CASCADE,
  CONSTRAINT `craft_entries_sectionId_fk` FOREIGN KEY (`sectionId`) REFERENCES `craft_sections` (`id`) ON DELETE CASCADE,
  CONSTRAINT `craft_entries_typeId_fk` FOREIGN KEY (`typeId`) REFERENCES `craft_entrytypes` (`id`) ON DELETE CASCADE
) ENGINE=InnoDB DEFAULT CHARSET=utf8 COLLATE=utf8_unicode_ci;
/*!40101 SET character_set_client = @saved_cs_client */;

--
-- Dumping data for table `craft_entries`
--

LOCK TABLES `craft_entries` WRITE;
/*!40000 ALTER TABLE `craft_entries` DISABLE KEYS */;
INSERT INTO `craft_entries` VALUES (2,1,1,NULL,'2015-03-03 16:51:40',NULL,'2015-01-25 16:17:44','2015-06-08 16:14:53','3a5e6933-7e1f-4b58-9ef8-336d78cf7be2'),(35,4,4,4,'2015-02-18 00:00:00',NULL,'2015-02-18 23:00:54','2015-04-20 20:07:21','6dfa002a-8386-4af5-802e-7a88f2aa6a5d'),(38,4,4,4,'2015-02-19 00:00:00',NULL,'2015-02-18 23:02:17','2015-04-16 23:45:35','1744f213-9615-49e0-b522-ffba2d8bd192'),(41,8,9,NULL,'2015-03-18 17:32:45',NULL,'2015-02-19 15:06:00','2015-03-18 17:32:45','732065c9-3ab0-48a0-85d7-990b420bdad3'),(52,9,11,NULL,'2015-03-10 15:35:23',NULL,'2015-02-19 17:46:06','2015-03-18 16:19:45','6b090bad-aeb4-4eba-b959-1a36e5c8795d'),(61,11,13,NULL,'2015-03-10 15:40:17',NULL,'2015-02-19 18:53:38','2015-03-10 15:40:17','4dadfb36-213d-4e9c-b57a-5e42e7b72ddc'),(64,12,14,NULL,'2015-03-10 15:45:50',NULL,'2015-02-19 19:05:02','2015-04-01 18:56:29','927576ea-9256-4255-8a3e-e708f2d0dd63'),(70,13,15,NULL,'2015-03-10 15:45:27',NULL,'2015-02-19 19:24:28','2015-05-03 21:06:41','3c366361-5b44-4e78-b867-f4634bd822b6'),(76,14,16,NULL,'2015-03-04 21:48:27',NULL,'2015-02-19 19:41:08','2015-04-20 15:02:54','4afca2db-8601-4ff7-af7e-28c49890bb3c'),(87,18,22,NULL,'2015-03-03 16:51:34',NULL,'2015-02-20 15:10:01','2015-03-31 19:42:42','e8447b82-4a12-472a-b878-64de76dfe14b'),(88,19,23,NULL,'2015-03-04 21:48:10',NULL,'2015-02-20 15:13:01','2015-05-26 13:54:17','bb507c25-bb8c-4da4-a75f-8a31c7dffe7a'),(93,6,7,5,'2015-02-20 19:51:00',NULL,'2015-02-20 19:51:53','2015-03-27 15:58:19','75cbde9d-957e-4ca3-b4d0-a1028c39eb50'),(98,5,33,4,'2015-02-23 22:29:00',NULL,'2015-02-23 22:29:34','2015-03-11 19:01:43','824e7282-b9bf-485d-b35e-49c50d1ebd68'),(100,5,35,4,'2015-02-23 22:29:00',NULL,'2015-02-23 22:29:42','2015-04-17 00:58:39','108d4c5b-b6b0-4233-a993-ef855b91a08f'),(101,5,38,4,'2015-02-23 22:29:00',NULL,'2015-02-23 22:29:51','2015-03-17 14:28:41','5479296b-5484-4d93-86ec-ad31d0ce26d0'),(102,5,33,4,'2015-02-23 22:30:00',NULL,'2015-02-23 22:30:05','2015-03-11 21:19:35','1c085b81-8da2-49aa-bded-cea79bf4d57d'),(103,5,35,4,'2015-02-23 22:30:00',NULL,'2015-02-23 22:30:11','2015-03-10 19:17:32','179412cf-64bd-4dd1-a267-9e4ed972a60b'),(104,5,35,4,'2015-02-23 22:30:00',NULL,'2015-02-23 22:30:17','2015-03-11 21:20:05','8c96b106-3800-46dd-bd34-6fc19ff8fb43'),(105,17,19,4,'2015-02-25 18:40:00',NULL,'2015-02-25 18:40:30','2015-04-08 19:09:36','7e29f3ad-b51c-4861-a493-ce7e8e4849db'),(106,17,19,4,'2015-02-25 18:40:00',NULL,'2015-02-25 18:40:59','2015-04-08 19:09:17','7d96615a-3248-45e0-bd03-dcb84255289a'),(107,17,19,4,'2015-02-25 19:14:00',NULL,'2015-02-25 19:14:14','2015-04-08 19:10:06','8b9b4f71-bd66-48ed-9ac2-5d47c40d16bf'),(110,15,17,4,'2015-02-26 21:43:00',NULL,'2015-02-26 21:43:48','2015-06-02 17:12:06','5d8c53c0-ddc4-46dc-9295-d29555d8ca19'),(112,20,26,4,'2015-02-26 22:17:00',NULL,'2015-02-26 22:17:09','2015-04-19 03:21:28','1e72982d-b489-434b-b440-9f2e4d40989f'),(113,4,4,4,'2015-02-27 15:50:00',NULL,'2015-02-27 15:50:43','2015-04-06 20:23:36','17da9760-67c1-4cdb-8344-3793834cbffb'),(116,7,8,4,'2015-05-26 18:45:00',NULL,'2015-02-27 18:45:21','2015-05-26 15:20:35','788465b5-0092-4ac9-b901-ef3f8998c242'),(132,4,4,4,'2015-03-04 21:35:00',NULL,'2015-03-04 21:35:32','2015-04-16 23:46:01','4097dea3-4692-40a5-a35b-0ce47ec9937b'),(148,21,27,4,'2015-03-05 20:15:00',NULL,'2015-03-05 20:15:03','2015-04-20 19:11:23','26732277-b7c2-43cd-91cd-ec4fd5783c71'),(150,21,27,4,'2015-03-05 20:16:00',NULL,'2015-03-05 20:16:26','2015-04-20 19:11:32','fb1219f5-2382-49c5-8d74-8918b6d7d5a1'),(156,6,7,4,'2015-03-05 20:32:00',NULL,'2015-03-05 20:32:16','2015-03-26 15:16:04','1649c386-2809-4fb1-af07-8d6ccb612362'),(158,7,8,4,'2015-03-05 20:39:00',NULL,'2015-03-05 20:39:44','2015-04-20 17:41:28','937b55fc-b84e-4c25-87b9-a6c2436e9d1c'),(159,6,7,4,'2015-03-05 20:42:00',NULL,'2015-03-05 20:42:49','2015-03-27 16:35:58','e276bb80-fde1-4a2f-8ad6-2b6b0b617c9b'),(160,17,29,4,'2015-03-10 15:59:00',NULL,'2015-03-10 15:59:02','2015-03-10 15:59:26','5b55890c-5025-466d-bb2f-82973d5e98c5'),(176,5,5,4,'2015-03-10 20:54:00',NULL,'2015-03-10 20:54:34','2015-03-11 18:06:14','4c8dfc88-88d5-4b74-a5f4-e423d3aea838'),(184,22,34,NULL,'2015-03-20 13:41:59',NULL,'2015-03-13 19:46:38','2015-05-03 21:29:01','824f23c8-2692-4545-ac65-174f28695626'),(193,6,39,4,'2015-03-17 16:42:00',NULL,'2015-03-17 16:42:46','2015-04-01 18:57:25','f1834eeb-5ffe-4076-8c6d-630ac6fac731'),(194,6,39,4,'2015-03-17 16:43:00',NULL,'2015-03-17 16:43:26','2015-04-01 18:53:52','76e15fb3-cdcc-4096-bbc8-051fee03302d'),(199,15,17,4,'2015-03-18 17:49:00',NULL,'2015-03-18 17:49:37','2015-05-01 20:59:05','6b5b451e-63ba-447b-8436-55c839e08e19'),(200,15,17,4,'2015-03-18 17:50:00',NULL,'2015-03-18 17:50:33','2015-05-01 20:59:47','996b8d17-0573-4d51-a674-96739f1d1601'),(201,15,17,4,'2015-03-18 17:51:00',NULL,'2015-03-18 17:51:29','2015-05-01 21:00:34','fcd62534-db0e-4aa2-8d37-fa64a8e38f91'),(202,15,17,4,'2015-03-18 17:52:00',NULL,'2015-03-18 17:52:15','2015-05-01 21:00:16','3d3c0efd-9f95-4b10-8195-7acf8dc19e04'),(206,7,31,4,'2015-03-20 21:19:53',NULL,'2015-03-20 21:19:54','2015-03-20 21:19:54','fdafa9d7-7e4a-4d58-98a4-4a4dde273e96'),(217,21,27,4,'2015-03-25 18:25:00',NULL,'2015-03-25 18:25:58','2015-03-31 20:36:01','bce1e077-d303-4539-a6d2-56183c8fddf7'),(219,7,8,4,'2015-03-27 19:04:01',NULL,'2015-03-27 19:04:01','2015-03-27 19:04:01','20da7af8-11d9-4d7d-b2e4-5fd8da7163f9'),(220,6,7,4,'2015-03-27 19:06:00',NULL,'2015-03-27 19:06:44','2015-05-03 02:07:09','dc7cccc9-8d19-4031-9a9e-201483d11f14'),(221,6,7,4,'2015-03-27 19:08:00',NULL,'2015-03-27 19:08:33','2015-03-27 19:18:07','2cba603c-168d-4a70-912e-45cac1b76f80'),(222,6,7,4,'2015-03-27 19:09:00',NULL,'2015-03-27 19:09:56','2015-03-27 19:18:15','fe2d7d08-776a-4540-a8ae-b6cad6145698'),(223,6,7,4,'2015-03-27 19:11:00',NULL,'2015-03-27 19:11:24','2015-03-27 19:18:21','c9d03e0f-5a81-4b6e-b5b5-b2b88955e5d0'),(225,6,7,4,'2015-03-27 19:13:00',NULL,'2015-03-27 19:13:58','2015-03-27 19:18:38','c1d9474d-74c2-4c26-94dd-94a7ceac2e5e'),(227,6,7,4,'2015-03-27 19:25:00',NULL,'2015-03-27 19:25:27','2015-05-03 02:06:25','ed42a7e0-f3c7-485c-be9a-598d5f4de22c'),(229,17,19,4,'2015-04-08 17:23:00',NULL,'2015-04-08 17:23:03','2015-04-08 19:10:52','1308ff9c-b50a-49e3-9e2f-ba8acf53f416'),(230,17,19,4,'2015-04-08 17:23:00',NULL,'2015-04-08 17:23:14','2015-04-08 19:11:30','05250ff4-f724-49ac-a684-392a768cbde0'),(231,17,19,4,'2015-04-08 17:23:00',NULL,'2015-04-08 17:23:25','2015-04-08 19:08:37','ee746d4f-25bc-4a10-93ec-b3e561f1fbe3'),(232,17,19,4,'2015-04-08 19:11:48',NULL,'2015-04-08 19:11:49','2015-04-08 19:11:49','f8ab678c-90a1-4a5c-9901-ec1ee2f50fda'),(233,17,19,4,'2015-04-08 19:12:23',NULL,'2015-04-08 19:12:23','2015-04-08 19:12:23','bdf6e042-db97-4504-8d1d-42960f2330fc'),(234,17,19,4,'2015-04-08 19:12:42',NULL,'2015-04-08 19:12:42','2015-04-08 19:12:42','4302a5f0-616d-4f94-9133-81693ecefd57'),(235,17,19,4,'2015-04-08 19:12:54',NULL,'2015-04-08 19:12:55','2015-04-08 19:12:55','6020f157-b2af-435f-8743-af4e415c68a3'),(236,17,40,4,'2015-04-08 19:13:00',NULL,'2015-04-08 19:13:54','2015-04-08 19:16:08','07111da7-643f-4940-97b7-4261b4d12e81'),(244,20,26,1,'2015-04-19 03:21:00',NULL,'2015-04-19 03:21:58','2015-04-19 03:40:37','6a73b409-2ceb-4855-9cd7-999162c64bfb'),(245,20,26,1,'2015-04-19 03:24:50',NULL,'2015-04-19 03:24:50','2015-04-19 03:24:50','3381bb6a-5631-44a6-a20f-89d3521d3992'),(246,20,26,1,'2015-04-19 03:25:13',NULL,'2015-04-19 03:25:13','2015-04-19 03:25:13','20f23ad6-b1b4-4761-8c0c-5996cc6941fc'),(247,20,26,1,'2015-04-19 03:26:14',NULL,'2015-04-19 03:26:14','2015-04-19 03:26:14','acd33050-7947-45f0-b9f9-abbe0371f48e'),(248,7,8,4,'2015-04-19 18:18:00',NULL,'2015-04-19 18:18:42','2015-04-23 02:14:39','0da56724-0e25-4109-ba48-2ee53ba99905'),(249,6,7,4,'2015-04-19 18:23:03',NULL,'2015-04-19 18:23:03','2015-04-19 18:23:03','474bea55-06ba-4183-8b50-99490e15c888'),(250,6,7,4,'2015-04-19 18:26:33',NULL,'2015-04-19 18:26:33','2015-04-19 18:26:33','109dc565-5e83-4d05-8ba3-a20f2a25853e'),(251,6,7,4,'2015-04-19 18:36:00',NULL,'2015-04-19 18:37:08','2015-04-19 18:44:00','5a592c39-8dcd-4776-a9b6-a1afea04df74'),(252,6,7,4,'2015-04-19 18:39:00',NULL,'2015-04-19 18:39:35','2015-04-19 18:43:29','dceb3157-b3fa-472c-9812-c4c5b4a5c10c'),(253,6,7,4,'2015-04-19 18:41:00',NULL,'2015-04-19 18:41:50','2015-04-19 18:43:47','94469b6d-c3ad-443b-bafe-cdae6fd21aa3'),(254,7,8,4,'2015-04-19 18:43:00',NULL,'2015-04-19 18:43:14','2015-04-20 19:28:07','ea16df81-44d6-4d53-ade2-f6e960b24c88'),(260,15,17,1,'2015-04-20 18:13:00',NULL,'2015-04-20 18:13:04','2015-05-01 21:00:03','6e2d85a8-7d2f-496e-8d36-398f76531742'),(263,5,35,1,'2015-04-20 18:39:32',NULL,'2015-04-20 18:39:32','2015-04-20 18:39:32','dcc15a22-fe59-4261-adf7-5dd7236d0c6c'),(265,6,7,1,'2015-04-20 18:53:26',NULL,'2015-04-20 18:53:26','2015-04-20 18:53:26','d7ba72e2-172c-472b-a844-8976eb70a6ee'),(266,6,28,1,'2015-04-20 19:05:00',NULL,'2015-04-20 19:05:18','2015-04-20 19:06:11','38162c32-7e09-4630-a92a-3b54fcf6c3b8'),(268,6,28,4,'2015-04-26 21:44:00',NULL,'2015-04-26 21:59:56','2015-04-26 22:04:05','4fd044a3-bd8f-4308-8aba-8127619d9897'),(277,20,30,1,'2015-05-03 03:44:57',NULL,'2015-05-03 03:44:57','2015-05-03 03:44:57','f028219d-0149-4e74-9f5c-9f303007a2fd'),(278,4,41,1,'2015-05-03 20:14:50',NULL,'2015-05-03 20:14:50','2015-05-03 20:14:50','692c6e10-5d80-483d-a601-eb23e1d8fda2'),(280,6,42,4,'2015-05-08 21:40:41',NULL,'2015-05-08 21:40:41','2015-05-08 21:40:41','b0d877c1-b078-44a6-8a63-884d517fdc6e'),(285,4,4,281,'2015-05-26 00:00:00',NULL,'2015-05-26 14:37:34','2015-05-29 21:10:37','febe0c0f-3529-4ed5-9b0e-73956264aac6'),(290,6,28,281,'2015-05-26 16:11:00',NULL,'2015-05-26 16:11:04','2015-05-26 21:27:28','9543857d-d884-4fec-9084-53a7cd6dd088'),(293,23,43,NULL,'2015-05-31 00:19:45',NULL,'2015-05-31 00:19:45','2015-05-31 00:45:47','95d9c58b-d0e8-432a-a13e-dd9032651cb4');
/*!40000 ALTER TABLE `craft_entries` ENABLE KEYS */;
UNLOCK TABLES;

--
-- Table structure for table `craft_entrydrafts`
--

DROP TABLE IF EXISTS `craft_entrydrafts`;
/*!40101 SET @saved_cs_client     = @@character_set_client */;
/*!40101 SET character_set_client = utf8 */;
CREATE TABLE `craft_entrydrafts` (
  `id` int(11) NOT NULL AUTO_INCREMENT,
  `entryId` int(11) NOT NULL,
  `sectionId` int(11) NOT NULL,
  `creatorId` int(11) NOT NULL,
  `locale` char(12) COLLATE utf8_unicode_ci NOT NULL,
  `name` varchar(255) COLLATE utf8_unicode_ci NOT NULL,
  `notes` tinytext COLLATE utf8_unicode_ci,
  `data` mediumtext COLLATE utf8_unicode_ci NOT NULL,
  `dateCreated` datetime NOT NULL,
  `dateUpdated` datetime NOT NULL,
  `uid` char(36) COLLATE utf8_unicode_ci NOT NULL DEFAULT '0',
  PRIMARY KEY (`id`),
  KEY `craft_entrydrafts_entryId_locale_idx` (`entryId`,`locale`),
  KEY `craft_entrydrafts_sectionId_fk` (`sectionId`),
  KEY `craft_entrydrafts_creatorId_fk` (`creatorId`),
  KEY `craft_entrydrafts_locale_fk` (`locale`),
  CONSTRAINT `craft_entrydrafts_creatorId_fk` FOREIGN KEY (`creatorId`) REFERENCES `craft_users` (`id`) ON DELETE CASCADE,
  CONSTRAINT `craft_entrydrafts_entryId_fk` FOREIGN KEY (`entryId`) REFERENCES `craft_entries` (`id`) ON DELETE CASCADE,
  CONSTRAINT `craft_entrydrafts_locale_fk` FOREIGN KEY (`locale`) REFERENCES `craft_locales` (`locale`) ON DELETE CASCADE ON UPDATE CASCADE,
  CONSTRAINT `craft_entrydrafts_sectionId_fk` FOREIGN KEY (`sectionId`) REFERENCES `craft_sections` (`id`) ON DELETE CASCADE
) ENGINE=InnoDB DEFAULT CHARSET=utf8 COLLATE=utf8_unicode_ci;
/*!40101 SET character_set_client = @saved_cs_client */;

--
-- Dumping data for table `craft_entrydrafts`
--

LOCK TABLES `craft_entrydrafts` WRITE;
/*!40000 ALTER TABLE `craft_entrydrafts` DISABLE KEYS */;
/*!40000 ALTER TABLE `craft_entrydrafts` ENABLE KEYS */;
UNLOCK TABLES;

--
-- Table structure for table `craft_entrytypes`
--

DROP TABLE IF EXISTS `craft_entrytypes`;
/*!40101 SET @saved_cs_client     = @@character_set_client */;
/*!40101 SET character_set_client = utf8 */;
CREATE TABLE `craft_entrytypes` (
  `id` int(11) NOT NULL AUTO_INCREMENT,
  `sectionId` int(11) NOT NULL,
  `fieldLayoutId` int(11) DEFAULT NULL,
  `name` varchar(255) COLLATE utf8_unicode_ci NOT NULL,
  `handle` varchar(255) COLLATE utf8_unicode_ci NOT NULL,
  `hasTitleField` tinyint(1) unsigned NOT NULL DEFAULT '1',
  `titleLabel` varchar(255) COLLATE utf8_unicode_ci DEFAULT 'Title',
  `titleFormat` varchar(255) COLLATE utf8_unicode_ci DEFAULT NULL,
  `sortOrder` tinyint(4) DEFAULT NULL,
  `dateCreated` datetime NOT NULL,
  `dateUpdated` datetime NOT NULL,
  `uid` char(36) COLLATE utf8_unicode_ci NOT NULL DEFAULT '0',
  PRIMARY KEY (`id`),
  UNIQUE KEY `craft_entrytypes_name_sectionId_unq_idx` (`name`,`sectionId`),
  UNIQUE KEY `craft_entrytypes_handle_sectionId_unq_idx` (`handle`,`sectionId`),
  KEY `craft_entrytypes_sectionId_fk` (`sectionId`),
  KEY `craft_entrytypes_fieldLayoutId_fk` (`fieldLayoutId`),
  CONSTRAINT `craft_entrytypes_fieldLayoutId_fk` FOREIGN KEY (`fieldLayoutId`) REFERENCES `craft_fieldlayouts` (`id`) ON DELETE SET NULL,
  CONSTRAINT `craft_entrytypes_sectionId_fk` FOREIGN KEY (`sectionId`) REFERENCES `craft_sections` (`id`) ON DELETE CASCADE
) ENGINE=InnoDB AUTO_INCREMENT=44 DEFAULT CHARSET=utf8 COLLATE=utf8_unicode_ci;
/*!40101 SET character_set_client = @saved_cs_client */;

--
-- Dumping data for table `craft_entrytypes`
--

LOCK TABLES `craft_entrytypes` WRITE;
/*!40000 ALTER TABLE `craft_entrytypes` DISABLE KEYS */;
INSERT INTO `craft_entrytypes` VALUES (1,1,557,'Homepage','homepage',1,'Title',NULL,NULL,'2015-01-25 16:17:44','2015-06-08 16:10:33','25e1a8ed-5241-4118-9128-0268e146b99b'),(4,4,556,'Story','story',1,'Title',NULL,NULL,'2015-01-27 15:00:33','2015-06-08 16:08:52','200ccfa3-3dbf-4263-be2d-5a02013c788e'),(5,5,448,'Resources Overview','resourcesOverview',0,NULL,'Our Helpful Resources',NULL,'2015-01-27 15:28:44','2015-03-10 17:20:08','6772dc15-e3bf-44a5-82d0-f2540bcd1d82'),(7,6,525,'Program/Service Event','programServiceEvent',1,'Title',NULL,2,'2015-02-18 22:32:22','2015-05-08 21:40:11','627a1334-1d3c-4b9e-8c48-c76ea57a0a61'),(8,7,547,'Program/Service','programService',1,'Program Name',NULL,NULL,'2015-02-18 22:32:50','2015-06-05 22:01:11','da55735b-ace6-4236-af2a-39987322406b'),(9,8,481,'contact us','contactUs',1,'Title',NULL,NULL,'2015-02-19 14:11:19','2015-03-18 17:04:29','60c0798a-5609-4448-8154-4100882d5af1'),(11,9,242,'Referral','referral',1,'Title',NULL,NULL,'2015-02-19 17:41:25','2015-02-19 17:43:05','a7e3e346-3898-4f09-b0d6-c73289c3ffb5'),(13,11,424,'Donate','donate',0,NULL,'Make a Donation',NULL,'2015-02-19 18:40:05','2015-03-10 15:43:07','a515577d-1471-41df-8885-41388cf082d8'),(14,12,492,'Warehouse','warehouse',1,'Title',NULL,NULL,'2015-02-19 18:40:23','2015-04-01 18:42:07','ae59e918-e43c-49d6-91b6-1aaad2a96a3f'),(15,13,463,'Give','give',1,'Title',NULL,NULL,'2015-02-19 18:40:31','2015-03-16 20:23:44','a548562e-7c8b-4d8f-9f3c-dd1078168258'),(16,14,521,'Volunteer','volunteer',1,'Title',NULL,NULL,'2015-02-19 18:40:42','2015-04-19 23:49:56','f8c7a7de-ef22-42f3-aa40-f47f098b5d8a'),(17,15,490,'Staff Member','staffMember',1,'Name',NULL,NULL,'2015-02-19 20:21:02','2015-03-31 21:10:39','d658548b-6f2a-4c03-82b8-285964c9b071'),(19,17,501,'Council Members','councilMembers',1,'Name',NULL,NULL,'2015-02-19 22:51:36','2015-04-08 19:14:04','fd9cbe03-f468-435f-a9f0-b8570bbe98e1'),(22,18,487,'Financials','financials',0,NULL,'Financials',NULL,'2015-02-20 15:10:01','2015-03-31 19:28:13','aabecd7e-19e9-49d3-85e1-ba6fc5989e8b'),(23,19,433,'About Us','aboutUs',0,NULL,'About The Gathering Place',NULL,'2015-02-20 15:13:01','2015-03-10 16:25:29','2d04fa29-9398-4cb1-8560-791343f8d02a'),(26,20,371,'Board Member','boardMember',1,'Name',NULL,NULL,'2015-02-24 22:18:04','2015-02-27 18:48:28','10c2b82e-c82e-45e8-82fa-2b9daffdb0d5'),(27,21,488,'TGP Locations','tgpLocations',1,'Site Name',NULL,NULL,'2015-03-05 15:23:47','2015-03-31 20:35:22','b076af15-d4bd-4f32-af73-73deffcaf9a6'),(28,6,546,'Separate Event','separateEvent',1,'Title',NULL,1,'2015-03-05 22:35:04','2015-06-05 21:59:40','9c6398ab-640d-430e-be61-5d6d538f833b'),(29,17,421,'Advisory Council Info','advisoryCouncilInfo',1,'Title',NULL,NULL,'2015-03-10 15:38:10','2015-03-10 15:38:10','caccf404-4ba4-49e1-8823-7a493be6932f'),(30,20,422,'Board of Directors Info','boardOfDirectorsInfo',1,'Title',NULL,NULL,'2015-03-10 15:38:50','2015-03-10 15:38:50','481b5220-94d9-420a-9c5c-7b5518424461'),(31,7,483,'Programs/Services General Info','programsServicesInfo',0,NULL,'Programs and Services',NULL,'2015-03-10 15:47:17','2015-03-20 21:18:03','b14be24b-8974-47f3-81d1-7a656927c91f'),(32,15,429,'Staff General Info','staffInfo',0,NULL,'Staff Info',NULL,'2015-03-10 15:48:38','2015-03-10 15:48:38','0486b13c-1112-4c87-9008-55674f6e2b98'),(33,5,548,'TGP Resource','tgpResource',1,'Title',NULL,NULL,'2015-03-10 17:08:48','2015-06-05 22:01:48','0aeda9aa-5f88-4ee3-9176-9df9612b2b6a'),(34,22,498,'Repeating Elements','repeatingElements',1,'Title',NULL,NULL,'2015-03-10 17:09:21','2015-04-08 15:46:47','8b089487-f369-4b23-99c4-70a057ea3c23'),(35,5,453,'External Resource','externalResource',1,'Title',NULL,NULL,'2015-03-10 17:24:10','2015-03-10 17:30:48','3efc5a21-40e0-41ab-b3f5-bd643de1a1d8'),(36,5,549,'Downloadable Resource','downloadableResource',1,'Title',NULL,NULL,'2015-03-10 17:32:39','2015-06-05 22:02:09','728032e6-072b-4ac0-8ba7-ad3a7516cdeb'),(38,5,472,'Newsletters','newsletters',1,'Title',NULL,NULL,'2015-03-17 14:26:53','2015-03-17 14:28:16','c9f88d45-5eaa-4143-b5a9-1551a6bbd380'),(39,6,493,'Warehouse Sales','warehouseSales',1,'Title',NULL,3,'2015-03-17 16:35:32','2015-05-08 21:40:11','eb0cce3a-5ad5-4083-9163-12593ca125bb'),(40,17,502,'Honorary Council Members','honoraryCouncilMembers',1,'Name',NULL,NULL,'2015-04-08 19:04:59','2015-04-08 19:16:51','fd574269-a90a-4bf3-98a2-603aec66fae1'),(41,4,503,'Stories Overview','storiesOverview',0,NULL,'Stories',NULL,'2015-04-10 21:12:41','2015-04-10 21:12:41','b0a54a46-3657-4c9c-96ad-739ef6ff34c6'),(42,6,541,'Calendar Overview','calendarOverview',1,'Title',NULL,4,'2015-05-08 21:40:06','2015-05-08 21:40:11','f3327a63-9395-4c11-b3b6-5eaeeea02b38'),(43,23,545,'Press Room','pressRoom',0,NULL,'{section.name|raw}',NULL,'2015-05-31 00:19:45','2015-05-31 00:24:41','e9c17cba-56a8-4063-ad53-ac0c1367c063');
/*!40000 ALTER TABLE `craft_entrytypes` ENABLE KEYS */;
UNLOCK TABLES;

--
-- Table structure for table `craft_entryversions`
--

DROP TABLE IF EXISTS `craft_entryversions`;
/*!40101 SET @saved_cs_client     = @@character_set_client */;
/*!40101 SET character_set_client = utf8 */;
CREATE TABLE `craft_entryversions` (
  `id` int(11) NOT NULL AUTO_INCREMENT,
  `entryId` int(11) NOT NULL,
  `sectionId` int(11) NOT NULL,
  `creatorId` int(11) DEFAULT NULL,
  `locale` char(12) COLLATE utf8_unicode_ci NOT NULL,
  `num` smallint(6) unsigned NOT NULL,
  `notes` tinytext COLLATE utf8_unicode_ci,
  `data` mediumtext COLLATE utf8_unicode_ci NOT NULL,
  `dateCreated` datetime NOT NULL,
  `dateUpdated` datetime NOT NULL,
  `uid` char(36) COLLATE utf8_unicode_ci NOT NULL DEFAULT '0',
  PRIMARY KEY (`id`),
  KEY `craft_entryversions_entryId_locale_idx` (`entryId`,`locale`),
  KEY `craft_entryversions_sectionId_fk` (`sectionId`),
  KEY `craft_entryversions_creatorId_fk` (`creatorId`),
  KEY `craft_entryversions_locale_fk` (`locale`),
  CONSTRAINT `craft_entryversions_creatorId_fk` FOREIGN KEY (`creatorId`) REFERENCES `craft_users` (`id`) ON DELETE SET NULL,
  CONSTRAINT `craft_entryversions_entryId_fk` FOREIGN KEY (`entryId`) REFERENCES `craft_entries` (`id`) ON DELETE CASCADE,
  CONSTRAINT `craft_entryversions_locale_fk` FOREIGN KEY (`locale`) REFERENCES `craft_locales` (`locale`) ON DELETE CASCADE ON UPDATE CASCADE,
  CONSTRAINT `craft_entryversions_sectionId_fk` FOREIGN KEY (`sectionId`) REFERENCES `craft_sections` (`id`) ON DELETE CASCADE
) ENGINE=InnoDB AUTO_INCREMENT=377 DEFAULT CHARSET=utf8 COLLATE=utf8_unicode_ci;
/*!40101 SET character_set_client = @saved_cs_client */;

--
-- Dumping data for table `craft_entryversions`
--

LOCK TABLES `craft_entryversions` WRITE;
/*!40000 ALTER TABLE `craft_entryversions` DISABLE KEYS */;
INSERT INTO `craft_entryversions` VALUES (1,2,1,5,'en_us',1,'','{\"typeId\":\"1\",\"authorId\":null,\"title\":\"The Gathering Place\",\"slug\":\"homepage\",\"postDate\":1422202664,\"expiryDate\":null,\"enabled\":1,\"fields\":{\"1\":\"<p>\\r\\n\\tIt\'s true, this site doesn\'t have a whole lot of content yet, but don\'t worry. Our web developers have just installed the CMS, and they\'re setting things up for the content editors this very moment. Soon Tgp.d-i.co will be an oasis of fresh perspectives, sharp analyses, and astute opinions that will keep you coming back again and again.\\r\\n<\\/p>\",\"2\":\"\"}}','2015-01-26 17:53:29','2015-01-26 17:53:29','df050caf-2860-4d59-aa16-476e98b33da9'),(2,2,1,5,'en_us',2,'','{\"typeId\":\"1\",\"authorId\":null,\"title\":\"The Gathering Place\",\"slug\":\"homepage\",\"postDate\":1422305788,\"expiryDate\":null,\"enabled\":1,\"fields\":{\"1\":\"<p>\\r\\n\\tIt\'s true, this site doesn\'t have a whole lot of content yet, but don\'t worry. Our web developers have just installed the CMS, and they\'re setting things up for the content editors this very moment. Soon Tgp.d-i.co will be an oasis of fresh perspectives, sharp analyses, and astute opinions that will keep you coming back again and again.\\r\\n<\\/p>\",\"3\":\"\",\"4\":\"\",\"2\":\"\"}}','2015-01-26 21:39:46','2015-01-26 21:39:46','4029483d-047f-4b66-8058-c98502cb5c84'),(3,2,1,5,'en_us',3,'','{\"typeId\":\"1\",\"authorId\":null,\"title\":\"The Gathering Place\",\"slug\":\"homepage\",\"postDate\":1422305788,\"expiryDate\":null,\"enabled\":1,\"fields\":{\"1\":\"<p>\\r\\n\\tIt\'s true, this site doesn\'t have a whole lot of content yet, but don\'t worry. Our web developers have just installed the CMS, and they\'re setting things up for the content editors this very moment. Soon Tgp.d-i.co will be an oasis of fresh perspectives, sharp analyses, and astute opinions that will keep you coming back again and again.\\r\\n<\\/p><p><br><\\/p><p>Are you like Kate<\\/p>\",\"2\":\"\"}}','2015-01-26 21:49:00','2015-01-26 21:49:00','54ffbef5-8d86-4ff4-ad81-11bb0c6b838e'),(4,2,1,5,'en_us',4,'','{\"typeId\":\"1\",\"authorId\":null,\"title\":\"The Gathering Place\",\"slug\":\"homepage\",\"postDate\":1422311192,\"expiryDate\":null,\"enabled\":1,\"fields\":{\"1\":\"<p>\\r\\n\\tIt\'s true, this site doesn\'t have a whole lot of content yet, but don\'t worry. Our web developers have just installed the CMS, and they\'re setting things up for the content editors this very moment. Soon Tgp.d-i.co will be an oasis of fresh perspectives, sharp analyses, and astute opinions that will keep you coming back again and again.\\r\\n<\\/p><p><br><\\/p><p>Are you like Kate<\\/p>\",\"6\":\"\",\"2\":\"\"}}','2015-01-26 22:40:30','2015-01-26 22:40:30','42ff7e8d-c816-4d84-91ff-c8ea76c7fa18'),(25,2,1,4,'en_us',5,'','{\"typeId\":\"1\",\"authorId\":null,\"title\":\"The Gathering Place\",\"slug\":\"homepage\",\"postDate\":1422311192,\"expiryDate\":null,\"enabled\":1,\"fields\":{\"1\":\"<p>\\r\\n\\tIt\'s true, this site doesn\'t have a whole lot of content yet, but don\'t worry. Our web developers have just installed the CMS, and they\'re setting things up for the content editors this very moment. Soon Tgp.d-i.co will be an oasis of fresh perspectives, sharp analyses, and astute opinions that will keep you coming back again and again.\\r\\n<\\/p><p>\\r\\n\\t<br>\\r\\n<\\/p><p>\\r\\n\\tAre you like Kate\\r\\n<\\/p>\",\"37\":\"\",\"30\":{\"new1\":{\"type\":\"storyBlurbImage\",\"enabled\":\"1\",\"fields\":{\"storyBlurbImage\":\"\"}},\"new2\":{\"type\":\"storyInfo\",\"enabled\":\"1\",\"fields\":{\"storyTitle\":\"Sample Story Blurb\",\"storyExcerpt\":\"This is a sample of a story box for listing the available stories.\"}}},\"2\":\"\"}}','2015-01-27 20:53:00','2015-01-27 20:53:00','9bd1ced6-a082-41d9-98f8-05dd96cf1efd'),(28,2,1,4,'en_us',6,'','{\"typeId\":\"1\",\"authorId\":null,\"title\":\"The Gathering Place\",\"slug\":\"homepage\",\"postDate\":1422311192,\"expiryDate\":null,\"enabled\":1,\"fields\":{\"1\":\"<p>\\r\\n\\tIt\'s true, this site doesn\'t have a whole lot of content yet, but don\'t worry. Our web developers have just installed the CMS, and they\'re setting things up for the content editors this very moment. Soon Tgp.d-i.co will be an oasis of fresh perspectives, sharp analyses, and astute opinions that will keep you coming back again and again.\\r\\n<\\/p><p>\\r\\n\\t<br>\\r\\n<\\/p><p>\\r\\n\\tAre you like Kate\\r\\n<\\/p>\",\"37\":\"\",\"30\":{\"18\":{\"type\":\"storyCard\",\"enabled\":\"1\",\"fields\":{\"storyTitle\":\"Sample Story Blurb\",\"storyExcerpt\":\"This is a sample of a story box for listing the available stories.Lorem ipsum dolor sit amet, omnes nonumes id sed. Aeterno efficiendi assueverit has te, ut vim postea accusata mnesarchum. Commodo scaevola recteque mel cu. Nam mutat liber audire et, homero voluptatibus ex nec. Nonumes eligendi referrentur te ius, vidit deseruisse ad eum. Ut propriae appareat his. Eligendi corrumpit sit ei.\",\"storyBlurbImage\":\"\"}},\"new1\":{\"type\":\"storyCard\",\"enabled\":\"1\",\"fields\":{\"storyTitle\":\"Second Sample Story\",\"storyExcerpt\":\"Lorem ipsum dolor sit amet, omnes nonumes id sed. Aeterno efficiendi assueverit has te, ut vim postea accusata mnesarchum. Commodo scaevola recteque mel cu. Nam mutat liber audire et, homero voluptatibus ex nec. Nonumes eligendi referrentur te ius, vidit deseruisse ad eum. Ut propriae appareat his. Eligendi corrumpit sit ei.\",\"storyBlurbImage\":\"\"}}},\"2\":\"\"}}','2015-02-16 17:13:04','2015-02-16 17:13:04','9ba5e6df-da11-448f-b5bd-92c3a92df232'),(31,2,1,4,'en_us',7,'','{\"typeId\":\"1\",\"authorId\":null,\"title\":\"The Gathering Place\",\"slug\":\"homepage\",\"postDate\":1422311192,\"expiryDate\":null,\"enabled\":1,\"fields\":{\"1\":\"<p>\\r\\n\\tIt\'s true, this site doesn\'t have a whole lot of content yet, but don\'t worry. Our web developers have just installed the CMS, and they\'re setting things up for the content editors this very moment. Soon Tgp.d-i.co will be an oasis of fresh perspectives, sharp analyses, and astute opinions that will keep you coming back again and again.<\\/p>\",\"37\":\"\",\"30\":{\"18\":{\"type\":\"storyCard\",\"enabled\":\"1\",\"fields\":{\"storyTitle\":\"Sample Story Blurb\",\"storyExcerpt\":\"This is a sample of a story box for listing the available stories.Lorem ipsum dolor sit amet, omnes nonumes id sed. Aeterno efficiendi assueverit has te, ut vim postea accusata mnesarchum. Commodo scaevola recteque mel cu. Nam mutat liber audire et, homero voluptatibus ex nec. Nonumes eligendi referrentur te ius, vidit deseruisse ad eum. Ut propriae appareat his. Eligendi corrumpit sit ei.\",\"storyBlurbImage\":\"\"}},\"26\":{\"type\":\"storyCard\",\"enabled\":\"1\",\"fields\":{\"storyTitle\":\"Second Sample Story\",\"storyExcerpt\":\"Lorem ipsum dolor sit amet, omnes nonumes id sed. Aeterno efficiendi assueverit has te, ut vim postea accusata mnesarchum. Commodo scaevola recteque mel cu. Nam mutat liber audire et, homero voluptatibus ex nec. Nonumes eligendi referrentur te ius, vidit deseruisse ad eum. Ut propriae appareat his. Eligendi corrumpit sit ei.\",\"storyBlurbImage\":\"\"}}},\"2\":\"\"}}','2015-02-16 19:53:11','2015-02-16 19:53:11','b9d3364b-6bcb-40cb-bf55-3732e33ef63f'),(43,35,4,4,'en_us',1,'','{\"typeId\":null,\"authorId\":\"4\",\"title\":\"Sample Story 1\",\"slug\":\"sample-story-1\",\"postDate\":1424217600,\"expiryDate\":null,\"enabled\":1,\"fields\":{\"87\":\"\",\"83\":{\"new1\":{\"type\":\"relatedEntries\",\"enabled\":\"1\",\"fields\":{\"relatedResources\":[\"7\"],\"relatedEvents\":\"\",\"relatedProgramsServices\":\"\"}}},\"67\":{\"new1\":{\"type\":\"storyInfo\",\"enabled\":\"1\",\"fields\":{\"storyHeaderImage\":\"\",\"storySubtitle\":\"The Gripping Tale of How I Tested Adding a Story\",\"storyText\":\"<p>Lorem ipsum dolor sit amet, ius ex putent euripidis assentior, nec munere omnium accumsan eu, eam case aliquam nusquam ne. Eruditi corpora eu eum, ei mei malis scripserit. Porro quaestio efficiendi vis ad. Mel in audiam appellantur, ludus omittantur ut eam. No iusto consulatu mel, vel an wisi assum possim, accumsan invenire atomorum eum eu.<\\/p><p>Ne vidit vocibus referrentur ius, ne graeci electram vis. <em>Augue fuisset ut cum. <\\/em>Nibh meliore quo et. Ad nec sumo essent liberavisse, id eam modo scaevola. Has nostrud ullamcorper ea. Nec et purto lucilius. Ne nisl oportere eos, nec dicta phaedrum no.<\\/p><p><strong>Te duo scripta apeirian atomorum<\\/strong>, ad duo alii veniam tibique. Ne his oratio regione, ea duo ornatus sententiae repudiandae. Te vix mazim putant, reque voluptua sea ne. Graece delicata definitiones usu cu, in mei apeirian elaboraret. Alii dolores sed et, quas vocibus pri at.<\\/p><ul><li>An vis dictas timeam necessitatibus, est eu choro nullam laoreet. <\\/li><li>Eos in elitr copiosae, tation dolores detracto id qui, eum inani denique te. <\\/li><li>Id per porro graecis, quo repudiare iracundia interpretaris no. <\\/li><li>An ridens facilisis nec, eos eu soluta persequeris repudiandae, sonet nihil doctus per cu. <\\/li><li>Cu eos explicari pertinacia, cum te autem saepe.<\\/li><\\/ul><p>Clita omnesque per et. Pri vitae debitis voluptua et. Est nulla vidisse sanctus eu, veritus iracundia ius no. Usu posse definiebas an, quo odio rebum euismod id, eu commodo minimum partiendo cum. Mel etiam nusquam placerat id, in est modus liber vituperata. Eum postea conclusionemque at, vel iusto ludus facilisis ei.<\\/p><p>Qui tation nostrud an, ex pri amet pericula. Mazim postea deserunt vim ne, quo an dicant insolens deserunt. Ea ius modo natum eruditi, et est iudico suavitate suscipiantur, omnes convenire voluptatum in per. Ut nec suas diceret referrentur. Pro ex equidem propriae, ius recteque salutandi sadipscing in, id ipsum lucilius reprehendunt qui. Cu magna impedit menandri mea, has ex cetero nusquam, novum iriure legendos sea ut. Pri utamur iisque commune ut, vero hendrerit repudiandae ea per.<\\/p><p>Eu eum virtute quaeque accommodare. Ex homero nonumy nec, no idque quodsi sed, veri adhuc oblique mea no. Ullamcorper intellegebat conclusionemque in eos. Dicta dissentias ne sea. Mea primis dictas ei.<\\/p>\",\"additionalImages\":\"\",\"accentText\":\"I\'m testing accent text too!\",\"relevantLink\":\"\",\"storyCategory\":[\"33\",\"34\"],\"storyExcerpt\":\"\\u200bLorem ipsum dolor sit amet, ius ex putent euripidis assentior, nec munere omnium accumsan eu, eam case aliquam nusquam ne. Eruditi corpora eu eum, ei mei malis scripserit. Porro quaestio efficiendi vis ad. Mel in audiam appellantur, ludus omittantur ut eam. No iusto consulatu mel, vel an wisi assum possim, accumsan invenire atomorum eum eu.\",\"storyBlockImage\":\"\"}}},\"2\":\"\"}}','2015-02-18 23:00:54','2015-02-18 23:00:54','b5f3d68e-0182-44b0-9a63-42e49d3178e3'),(44,38,4,4,'en_us',1,'','{\"typeId\":null,\"authorId\":\"4\",\"title\":\"Sample Story 2\",\"slug\":\"sample-story-2\",\"postDate\":1424304000,\"expiryDate\":null,\"enabled\":1,\"fields\":{\"87\":[\"35\"],\"83\":{\"new1\":{\"type\":\"relatedEntries\",\"enabled\":\"1\",\"fields\":{\"relatedResources\":[\"7\"],\"relatedEvents\":\"\",\"relatedProgramsServices\":\"\"}}},\"67\":{\"new1\":{\"type\":\"storyInfo\",\"enabled\":\"1\",\"fields\":{\"storyHeaderImage\":\"\",\"storySubtitle\":\"Electric Boogaloo\",\"storyText\":\"<p>Lorem ipsum dolor sit amet, ius ex putent euripidis assentior, nec munere omnium accumsan eu, eam case aliquam nusquam ne. Eruditi corpora eu eum, ei mei malis scripserit. Porro quaestio efficiendi vis ad. Mel in audiam appellantur, ludus omittantur ut eam. No iusto consulatu mel, vel an wisi assum possim, accumsan invenire atomorum eum eu.<\\/p><p>Ne vidit vocibus referrentur ius, ne graeci electram vis. <em>Augue fuisset ut cum. <\\/em>Nibh meliore quo et. Ad nec sumo essent liberavisse, id eam modo scaevola. Has nostrud ullamcorper ea. Nec et purto lucilius. Ne nisl oportere eos, nec dicta phaedrum no.<\\/p><p><strong>Te duo scripta apeirian atomorum<\\/strong>, ad duo alii veniam tibique. Ne his oratio regione, ea duo ornatus sententiae repudiandae. Te vix mazim putant, reque voluptua sea ne. Graece delicata definitiones usu cu, in mei apeirian elaboraret. Alii dolores sed et, quas vocibus pri at.<\\/p><ul><li>An vis dictas timeam necessitatibus, est eu choro nullam laoreet.<\\/li><li>Eos in elitr copiosae, tation dolores detracto id qui, eum inani denique te.<\\/li><li>Id per porro graecis, quo repudiare iracundia interpretaris no.<\\/li><li>An ridens facilisis nec, eos eu soluta persequeris repudiandae, sonet nihil doctus per cu.<\\/li><li>Cu eos explicari pertinacia, cum te autem saepe.<\\/li><\\/ul><p>Clita omnesque per et. Pri vitae debitis voluptua et. Est nulla vidisse sanctus eu, veritus iracundia ius no. Usu posse definiebas an, quo odio rebum euismod id, eu commodo minimum partiendo cum. Mel etiam nusquam placerat id, in est modus liber vituperata. Eum postea conclusionemque at, vel iusto ludus facilisis ei.<\\/p><p>Qui tation nostrud an, ex pri amet pericula. Mazim postea deserunt vim ne, quo an dicant insolens deserunt. Ea ius modo natum eruditi, et est iudico suavitate suscipiantur, omnes convenire voluptatum in per. Ut nec suas diceret referrentur. Pro ex equidem propriae, ius recteque salutandi sadipscing in, id ipsum lucilius reprehendunt qui. Cu magna impedit menandri mea, has ex cetero nusquam, novum iriure legendos sea ut. Pri utamur iisque commune ut, vero hendrerit repudiandae ea per.<\\/p><p>Eu eum virtute quaeque accommodare. Ex homero nonumy nec, no idque quodsi sed, veri adhuc oblique mea no. Ullamcorper intellegebat conclusionemque in eos. Dicta dissentias ne sea. Mea primis dictas ei.<\\/p>\",\"additionalImages\":\"\",\"accentText\":\"Eu eum virtute quaeque accommodare. Ex homero nonumy nec, no idque quodsi sed, veri adhuc oblique mea no. Ullamcorper intellegebat conclusionemque in eos. Dicta dissentias ne sea. Mea primis dictas ei.\",\"relevantLink\":\"\",\"storyCategory\":[\"32\",\"34\"],\"storyExcerpt\":\"Eu eum virtute quaeque accommodare. Ex homero nonumy nec, no idque quodsi sed, veri adhuc oblique mea no. Ullamcorper intellegebat conclusionemque in eos. Dicta dissentias ne sea. Mea primis dictas ei.\",\"storyBlockImage\":\"\"}}},\"2\":\"\"}}','2015-02-18 23:02:17','2015-02-18 23:02:17','e999a113-7795-41c3-a861-7aa6c25e0533'),(45,38,4,4,'en_us',2,'','{\"typeId\":\"4\",\"authorId\":\"4\",\"title\":\"Sample Story 2\",\"slug\":\"sample-story-2\",\"postDate\":1424304000,\"expiryDate\":null,\"enabled\":1,\"fields\":{\"87\":[\"35\"],\"83\":{\"40\":{\"type\":\"relatedEntries\",\"enabled\":\"1\",\"fields\":{\"relatedResources\":[\"7\"],\"relatedEvents\":\"\",\"relatedProgramsServices\":\"\"}}},\"67\":{\"39\":{\"type\":\"storyInfo\",\"enabled\":\"1\",\"fields\":{\"storyHeaderImage\":\"\",\"storySubtitle\":\"Electric Boogaloo\",\"storyText\":\"<p>Lorem ipsum dolor sit amet, ius ex putent euripidis assentior, nec munere omnium accumsan eu, eam case aliquam nusquam ne. Eruditi corpora eu eum, ei mei malis scripserit. Porro quaestio efficiendi vis ad. Mel in audiam appellantur, ludus omittantur ut eam. No iusto consulatu mel, vel an wisi assum possim, accumsan invenire atomorum eum eu.<\\/p><p>Ne vidit vocibus referrentur ius, ne graeci electram vis. <em>Augue fuisset ut cum. <\\/em>Nibh meliore quo et. Ad nec sumo essent liberavisse, id eam modo scaevola. Has nostrud ullamcorper ea. Nec et purto lucilius. Ne nisl oportere eos, nec dicta phaedrum no.<\\/p><p><strong>Te duo scripta apeirian atomorum<\\/strong>, ad duo alii veniam tibique. Ne his oratio regione, ea duo ornatus sententiae repudiandae. Te vix mazim putant, reque voluptua sea ne. Graece delicata definitiones usu cu, in mei apeirian elaboraret. Alii dolores sed et, quas vocibus pri at.<\\/p><ul><li>An vis dictas timeam necessitatibus, est eu choro nullam laoreet.<\\/li><li>Eos in elitr copiosae, tation dolores detracto id qui, eum inani denique te.<\\/li><li>Id per porro graecis, quo repudiare iracundia interpretaris no.<\\/li><li>An ridens facilisis nec, eos eu soluta persequeris repudiandae, sonet nihil doctus per cu.<\\/li><li>Cu eos explicari pertinacia, cum te autem saepe.<\\/li><\\/ul><p>Clita omnesque per et. Pri vitae debitis voluptua et. Est nulla vidisse sanctus eu, veritus iracundia ius no. Usu posse definiebas an, quo odio rebum euismod id, eu commodo minimum partiendo cum. Mel etiam nusquam placerat id, in est modus liber vituperata. Eum postea conclusionemque at, vel iusto ludus facilisis ei.<\\/p><p>Qui tation nostrud an, ex pri amet pericula. Mazim postea deserunt vim ne, quo an dicant insolens deserunt. Ea ius modo natum eruditi, et est iudico suavitate suscipiantur, omnes convenire voluptatum in per. Ut nec suas diceret referrentur. Pro ex equidem propriae, ius recteque salutandi sadipscing in, id ipsum lucilius reprehendunt qui. Cu magna impedit menandri mea, has ex cetero nusquam, novum iriure legendos sea ut. Pri utamur iisque commune ut, vero hendrerit repudiandae ea per.<\\/p><p>Eu eum virtute quaeque accommodare. Ex homero nonumy nec, no idque quodsi sed, veri adhuc oblique mea no. Ullamcorper intellegebat conclusionemque in eos. Dicta dissentias ne sea. Mea primis dictas ei.<\\/p>\",\"additionalImages\":\"\",\"accentText\":\"Eu eum virtute quaeque accommodare. Ex homero nonumy nec, no idque quodsi sed, veri adhuc oblique mea no. Ullamcorper intellegebat conclusionemque in eos. Dicta dissentias ne sea. Mea primis dictas ei.\",\"relevantLink\":\"\",\"storyCategory\":[\"32\",\"34\"],\"storyExcerpt\":\"Eu eum virtute quaeque accommodare. Ex homero nonumy nec, no idque quodsi sed, veri adhuc oblique mea no. Ullamcorper intellegebat conclusionemque in eos. Dicta dissentias ne sea. Mea primis dictas ei.\",\"storyBlockImage\":\"\"}}},\"2\":\"\"}}','2015-02-18 23:02:36','2015-02-18 23:02:36','d97dbf7b-4da2-450f-8ea1-5ca9b18cb54a'),(46,35,4,4,'en_us',2,'','{\"typeId\":\"4\",\"authorId\":\"4\",\"title\":\"Sample Story 1\",\"slug\":\"sample-story-1\",\"postDate\":1424217600,\"expiryDate\":null,\"enabled\":1,\"fields\":{\"87\":[\"38\"],\"83\":{\"37\":{\"type\":\"relatedEntries\",\"enabled\":\"1\",\"fields\":{\"relatedResources\":[\"7\"],\"relatedEvents\":\"\",\"relatedProgramsServices\":\"\"}}},\"67\":{\"36\":{\"type\":\"storyInfo\",\"enabled\":\"1\",\"fields\":{\"storyHeaderImage\":\"\",\"storySubtitle\":\"The Gripping Tale of How I Tested Adding a Story\",\"storyText\":\"<p>Lorem ipsum dolor sit amet, ius ex putent euripidis assentior, nec munere omnium accumsan eu, eam case aliquam nusquam ne. Eruditi corpora eu eum, ei mei malis scripserit. Porro quaestio efficiendi vis ad. Mel in audiam appellantur, ludus omittantur ut eam. No iusto consulatu mel, vel an wisi assum possim, accumsan invenire atomorum eum eu.<\\/p><p>Ne vidit vocibus referrentur ius, ne graeci electram vis. <em>Augue fuisset ut cum. <\\/em>Nibh meliore quo et. Ad nec sumo essent liberavisse, id eam modo scaevola. Has nostrud ullamcorper ea. Nec et purto lucilius. Ne nisl oportere eos, nec dicta phaedrum no.<\\/p><p><strong>Te duo scripta apeirian atomorum<\\/strong>, ad duo alii veniam tibique. Ne his oratio regione, ea duo ornatus sententiae repudiandae. Te vix mazim putant, reque voluptua sea ne. Graece delicata definitiones usu cu, in mei apeirian elaboraret. Alii dolores sed et, quas vocibus pri at.<\\/p><ul><li>An vis dictas timeam necessitatibus, est eu choro nullam laoreet. <\\/li><li>Eos in elitr copiosae, tation dolores detracto id qui, eum inani denique te. <\\/li><li>Id per porro graecis, quo repudiare iracundia interpretaris no. <\\/li><li>An ridens facilisis nec, eos eu soluta persequeris repudiandae, sonet nihil doctus per cu. <\\/li><li>Cu eos explicari pertinacia, cum te autem saepe.<\\/li><\\/ul><p>Clita omnesque per et. Pri vitae debitis voluptua et. Est nulla vidisse sanctus eu, veritus iracundia ius no. Usu posse definiebas an, quo odio rebum euismod id, eu commodo minimum partiendo cum. Mel etiam nusquam placerat id, in est modus liber vituperata. Eum postea conclusionemque at, vel iusto ludus facilisis ei.<\\/p><p>Qui tation nostrud an, ex pri amet pericula. Mazim postea deserunt vim ne, quo an dicant insolens deserunt. Ea ius modo natum eruditi, et est iudico suavitate suscipiantur, omnes convenire voluptatum in per. Ut nec suas diceret referrentur. Pro ex equidem propriae, ius recteque salutandi sadipscing in, id ipsum lucilius reprehendunt qui. Cu magna impedit menandri mea, has ex cetero nusquam, novum iriure legendos sea ut. Pri utamur iisque commune ut, vero hendrerit repudiandae ea per.<\\/p><p>Eu eum virtute quaeque accommodare. Ex homero nonumy nec, no idque quodsi sed, veri adhuc oblique mea no. Ullamcorper intellegebat conclusionemque in eos. Dicta dissentias ne sea. Mea primis dictas ei.<\\/p>\",\"additionalImages\":\"\",\"accentText\":\"I\'m testing accent text too!\",\"relevantLink\":\"\",\"storyCategory\":[\"33\",\"34\"],\"storyExcerpt\":\"\\u200bLorem ipsum dolor sit amet, ius ex putent euripidis assentior, nec munere omnium accumsan eu, eam case aliquam nusquam ne. Eruditi corpora eu eum, ei mei malis scripserit. Porro quaestio efficiendi vis ad. Mel in audiam appellantur, ludus omittantur ut eam. No iusto consulatu mel, vel an wisi assum possim, accumsan invenire atomorum eum eu.\",\"storyBlockImage\":\"\"}}},\"2\":\"\"}}','2015-02-18 23:04:08','2015-02-18 23:04:08','aabcee21-7d42-4816-bb4e-9efb844eeb91'),(47,35,4,4,'en_us',3,'','{\"typeId\":\"4\",\"authorId\":\"4\",\"title\":\"Sample Story 1\",\"slug\":\"sample-story-1\",\"postDate\":1424217600,\"expiryDate\":null,\"enabled\":1,\"fields\":{\"87\":\"\",\"83\":{\"37\":{\"type\":\"relatedEntries\",\"enabled\":\"1\",\"fields\":{\"relatedResources\":[\"7\"],\"relatedEvents\":\"\",\"relatedProgramsServices\":\"\"}}},\"67\":{\"36\":{\"type\":\"storyInfo\",\"enabled\":\"1\",\"fields\":{\"storyHeaderImage\":\"\",\"storySubtitle\":\"The Gripping Tale of How I Tested Adding a Story\",\"storyText\":\"<p>Lorem ipsum dolor sit amet, ius ex putent euripidis assentior, nec munere omnium accumsan eu, eam case aliquam nusquam ne. Eruditi corpora eu eum, ei mei malis scripserit. Porro quaestio efficiendi vis ad. Mel in audiam appellantur, ludus omittantur ut eam. No iusto consulatu mel, vel an wisi assum possim, accumsan invenire atomorum eum eu.<\\/p><p>Ne vidit vocibus referrentur ius, ne graeci electram vis. <em>Augue fuisset ut cum. <\\/em>Nibh meliore quo et. Ad nec sumo essent liberavisse, id eam modo scaevola. Has nostrud ullamcorper ea. Nec et purto lucilius. Ne nisl oportere eos, nec dicta phaedrum no.<\\/p><p><strong>Te duo scripta apeirian atomorum<\\/strong>, ad duo alii veniam tibique. Ne his oratio regione, ea duo ornatus sententiae repudiandae. Te vix mazim putant, reque voluptua sea ne. Graece delicata definitiones usu cu, in mei apeirian elaboraret. Alii dolores sed et, quas vocibus pri at.<\\/p><ul><li>An vis dictas timeam necessitatibus, est eu choro nullam laoreet. <\\/li><li>Eos in elitr copiosae, tation dolores detracto id qui, eum inani denique te. <\\/li><li>Id per porro graecis, quo repudiare iracundia interpretaris no. <\\/li><li>An ridens facilisis nec, eos eu soluta persequeris repudiandae, sonet nihil doctus per cu. <\\/li><li>Cu eos explicari pertinacia, cum te autem saepe.<\\/li><\\/ul><p>Clita omnesque per et. Pri vitae debitis voluptua et. Est nulla vidisse sanctus eu, veritus iracundia ius no. Usu posse definiebas an, quo odio rebum euismod id, eu commodo minimum partiendo cum. Mel etiam nusquam placerat id, in est modus liber vituperata. Eum postea conclusionemque at, vel iusto ludus facilisis ei.<\\/p><p>Qui tation nostrud an, ex pri amet pericula. Mazim postea deserunt vim ne, quo an dicant insolens deserunt. Ea ius modo natum eruditi, et est iudico suavitate suscipiantur, omnes convenire voluptatum in per. Ut nec suas diceret referrentur. Pro ex equidem propriae, ius recteque salutandi sadipscing in, id ipsum lucilius reprehendunt qui. Cu magna impedit menandri mea, has ex cetero nusquam, novum iriure legendos sea ut. Pri utamur iisque commune ut, vero hendrerit repudiandae ea per.<\\/p><p>Eu eum virtute quaeque accommodare. Ex homero nonumy nec, no idque quodsi sed, veri adhuc oblique mea no. Ullamcorper intellegebat conclusionemque in eos. Dicta dissentias ne sea. Mea primis dictas ei.<\\/p>\",\"additionalImages\":\"\",\"accentText\":\"I\'m testing accent text too!\",\"relevantLink\":\"\",\"storyCategory\":[\"33\",\"34\"],\"storyExcerpt\":\"\\u200bLorem ipsum dolor sit amet, ius ex putent euripidis assentior, nec munere omnium accumsan eu, eam case aliquam nusquam ne. Eruditi corpora eu eum, ei mei malis scripserit. Porro quaestio efficiendi vis ad. Mel in audiam appellantur, ludus omittantur ut eam. No iusto consulatu mel, vel an wisi assum possim, accumsan invenire atomorum eum eu.\",\"storyBlockImage\":\"\"}}},\"2\":\"\"}}','2015-02-19 14:51:43','2015-02-19 14:51:43','11ab4d07-57b4-4a55-9953-6cc797fbbc80'),(48,41,8,5,'en_us',1,'','{\"typeId\":null,\"authorId\":\"5\",\"title\":\"index\",\"slug\":\"index\",\"postDate\":1424358360,\"expiryDate\":null,\"enabled\":1,\"fields\":[]}','2015-02-19 15:06:00','2015-02-19 15:06:00','6bc53a6a-0eb7-4a83-9f4a-bc79477fe19e'),(49,2,1,4,'en_us',8,'','{\"typeId\":\"1\",\"authorId\":null,\"title\":\"The Gathering Place\",\"slug\":\"homepage\",\"postDate\":1422311192,\"expiryDate\":null,\"enabled\":1,\"fields\":{\"1\":\"<p>\\r\\n\\tIt\'s true, this site doesn\'t have a whole lot of content yet, but don\'t worry. Our web developers have just installed the CMS, and they\'re setting things up for the content editors this very moment. Soon <a href=\\\"http:\\/\\/tgp.d-i.co\\\">Tgp.d-i.co<\\/a> will be an oasis of fresh perspectives, sharp analyses, and astute opinions that will keep you coming back again and again. To start, check out our <a href=\\\"http:\\/\\/tgp.d-i.co\\/stories\\/sample-story-1#entry:35\\\">first story<\\/a>!<\\/p>\",\"2\":\"\"}}','2015-02-19 15:24:52','2015-02-19 15:24:52','19dc65ac-b503-4b1f-926f-58f8254c88dd'),(50,41,8,5,'en_us',2,'','{\"typeId\":\"9\",\"authorId\":\"5\",\"title\":\"index\",\"slug\":\"index\",\"postDate\":1424358360,\"expiryDate\":null,\"enabled\":1,\"fields\":{\"89\":{\"new1\":{\"type\":\"generalInfo\",\"enabled\":\"1\",\"fields\":{\"eastAddressAndPhone\":\"23300 Commerce Park Beachwood, Ohio 44122\",\"westAddressAndPhone\":\"800 Sharon Drive Westlake, Ohio 44145\"}},\"new2\":{\"type\":\"phone\",\"enabled\":\"1\",\"fields\":{\"eastPhoneNumber\":\"216-595-9546\",\"westPhoneNumber\":\"216-595-9546\"}},\"new3\":{\"type\":\"email\",\"enabled\":\"1\",\"fields\":{\"eastEmailLink\":\"<p><a href=\\\"http:\\/\\/www.touchedbycancer.org\\/\\\">email link<\\/a><\\/p>\",\"westEmailLink\":\"<p><a href=\\\"http:\\/\\/www.touchedbycancer.org\\/\\\">email link<\\/a><\\/p>\"}},\"new4\":{\"type\":\"staffBio\",\"enabled\":\"1\",\"fields\":{\"staffBio\":\"<p><strong>Eileen Saffran, LISW-S<\\/strong><strong>, Chief Executive Officer<\\/strong><\\/p><p>The Gathering Place is the realization of a dream for Eileen. In 23 years as a clinical social worker, she envisioned a place for people touched by cancer to find the services and resources, integrated with their medical care, focusing on enhancing quality of life with dignity and hope. Through a grassroots movement, Eileen followed her dream to create The Gathering Place, a community of sharing and support that promotes healing and wellness. She recognizes that the cancer experience touches us all and by pulling together as a caring community and family, we enhance learning, comfort, and healing.<\\/p>\",\"bioPic\":\"\",\"bioEmailLink\":\"<p><a href=\\\"mailto:saffran@touchedbycancer.org\\\">email me<\\/a><\\/p>\"}}}}}','2015-02-19 15:49:16','2015-02-19 15:49:16','f7c4d788-c7e7-4c45-afe0-7c8dcf8f81df'),(51,41,8,5,'en_us',3,'','{\"typeId\":\"9\",\"authorId\":\"5\",\"title\":\"index\",\"slug\":\"index\",\"postDate\":1424358360,\"expiryDate\":null,\"enabled\":1,\"fields\":{\"89\":{\"42\":{\"type\":\"generalInfo\",\"enabled\":\"1\",\"fields\":{\"address\":\"<p>23300 Commerce Park Beachwood, Ohio 44122<\\/p>\"}},\"43\":{\"type\":\"phone\",\"enabled\":\"1\",\"fields\":{\"phoneNumber\":\"216-595-9546\"}},\"44\":{\"type\":\"email\",\"enabled\":\"1\",\"fields\":{\"emailLink\":\"<p><a href=\\\"http:\\/\\/www.touchedbycancer.org\\/\\\">email link<\\/a><\\/p>\"}},\"45\":{\"type\":\"staffBio\",\"enabled\":\"1\",\"fields\":{\"staffBio\":\"<p><strong>Eileen Saffran, LISW-S<\\/strong><strong>, Chief Executive Officer<\\/strong><\\/p><p>The Gathering Place is the realization of a dream for Eileen. In 23 years as a clinical social worker, she envisioned a place for people touched by cancer to find the services and resources, integrated with their medical care, focusing on enhancing quality of life with dignity and hope. Through a grassroots movement, Eileen followed her dream to create The Gathering Place, a community of sharing and support that promotes healing and wellness. She recognizes that the cancer experience touches us all and by pulling together as a caring community and family, we enhance learning, comfort, and healing.<\\/p>\"}}}}}','2015-02-19 17:05:37','2015-02-19 17:05:37','ee895db9-48a0-4c0b-9b11-d7f757271c1e'),(52,41,8,5,'en_us',4,'','{\"typeId\":\"9\",\"authorId\":\"5\",\"title\":\"index\",\"slug\":\"index\",\"postDate\":1424358360,\"expiryDate\":null,\"enabled\":1,\"fields\":{\"89\":{\"new1\":{\"type\":\"generalInfo\",\"enabled\":\"1\",\"fields\":{\"address\":\"\"}},\"new2\":{\"type\":\"phone\",\"enabled\":\"1\",\"fields\":{\"phoneNumber\":\"\"}},\"new3\":{\"type\":\"generalInfo\",\"enabled\":\"1\",\"fields\":{\"address\":\"\"}},\"new4\":{\"type\":\"phone\",\"enabled\":\"1\",\"fields\":{\"phoneNumber\":\"\"}},\"new5\":{\"type\":\"staffBio\",\"enabled\":\"1\",\"fields\":{\"staffBio\":\"\"}},\"new6\":{\"type\":\"email\",\"enabled\":\"1\",\"fields\":{\"emailLink\":\"\"}}}}}','2015-02-19 17:08:38','2015-02-19 17:08:38','a81e05b3-3668-468e-85b2-275980ad7f69'),(53,41,8,5,'en_us',5,'','{\"typeId\":\"9\",\"authorId\":\"5\",\"title\":\"index\",\"slug\":\"index\",\"postDate\":1424358360,\"expiryDate\":null,\"enabled\":1,\"fields\":{\"89\":{\"46\":{\"type\":\"generalInfo\",\"enabled\":\"1\",\"fields\":{\"address\":\"<p><strong>this is information on our East (Primary) Location:<\\/strong><\\/p><p><em>The Arnold &amp; Sydell Miller Family Campus<br>23300 Commerce Park<br>Beachwood, Ohio 44122<\\/em><br><\\/p>\"}},\"47\":{\"type\":\"phone\",\"enabled\":\"1\",\"fields\":{\"phoneNumber\":\" 216-595-9546\"}},\"48\":{\"type\":\"generalInfo\",\"enabled\":\"1\",\"fields\":{\"address\":\"<p><strong>this is information on our West Location:<\\/strong><\\/p><p><em>800 Sharon Drive<br>Westlake, Ohio 44145<\\/em><em><\\/em><br><\\/p>\"}},\"49\":{\"type\":\"phone\",\"enabled\":\"1\",\"fields\":{\"phoneNumber\":\"216-595-9546\"}},\"50\":{\"type\":\"staffBio\",\"enabled\":\"1\",\"fields\":{\"staffBio\":\"<p><strong>Eileen Saffran, LISW-S<\\/strong><strong>, Chief Executive Officer<\\/strong><\\/p><p>The Gathering Place is the realization of a dream for Eileen. In 23 years as a clinical social worker, she envisioned a place for people touched by cancer to find the services and resources, integrated with their medical care, focusing on enhancing quality of life with dignity and hope. Through a grassroots movement, Eileen followed her dream to create The Gathering Place, a community of sharing and support that promotes healing and wellness. She recognizes that the cancer experience touches us all and by pulling together as a caring community and family, we enhance learning, comfort, and healing.<\\/p>\"}},\"51\":{\"type\":\"email\",\"enabled\":\"1\",\"fields\":{\"emailLink\":\"<p><a href=\\\"mailto:saffran@touchedbycancer.org\\\">email me<\\/a><\\/p>\"}}}}}','2015-02-19 17:23:24','2015-02-19 17:23:24','52279511-60c6-43b1-b297-13edd57cfcaa'),(54,52,9,5,'en_us',1,'','{\"typeId\":null,\"authorId\":\"5\",\"title\":\"index\",\"slug\":\"index\",\"postDate\":1424367966,\"expiryDate\":null,\"enabled\":1,\"fields\":{\"89\":{\"new1\":{\"type\":\"generalInfo\",\"enabled\":\"1\",\"fields\":{\"address\":\"<p><strong>Not sure what is suppose to be here or the blocks it needs to entail....<\\/strong><\\/p>\"}},\"new3\":{\"type\":\"email\",\"enabled\":\"1\",\"fields\":{\"emailLink\":\"<p><a href=\\\"http:\\/\\/www.someoneiloveissick.com\\/\\\">make a referral<\\/a><\\/p>\"}}}}}','2015-02-19 17:46:06','2015-02-19 17:46:06','ec7418ac-a6a0-45c3-982b-059d2d716cae'),(57,61,11,5,'en_us',1,'','{\"typeId\":null,\"authorId\":\"5\",\"title\":\"index\",\"slug\":\"index\",\"postDate\":1424372018,\"expiryDate\":null,\"enabled\":1,\"fields\":{\"89\":{\"new1\":{\"type\":\"generalInfo\",\"enabled\":\"1\",\"fields\":{\"address\":\"<p><strong>The Gathering Place has partnered with Blackbaud Sphere to make giving online that much more secure and easy!<\\/strong><\\/p><p><strong>We are truly appreciative of your support. Your generosity allows us to continue to provide all of our programs and services free of charge to individuals and families who are touched by cancer. Thank you for making this possible!!<span><\\/span><br><\\/strong><\\/p>\"}},\"new2\":{\"type\":\"email\",\"enabled\":\"1\",\"fields\":{\"emailLink\":\"<p><a href=\\\"https:\\/\\/touchedbycancer.org\\/donateonline\\/\\\">donate online<\\/a><\\/p>\"}}}}}','2015-02-19 18:53:38','2015-02-19 18:53:38','525ec354-8ab1-4bf1-9c58-1eda7bda4eb5'),(58,64,12,5,'en_us',1,'','{\"typeId\":null,\"authorId\":\"5\",\"title\":\"index\",\"slug\":\"index\",\"postDate\":1424372702,\"expiryDate\":null,\"enabled\":1,\"fields\":[]}','2015-02-19 19:05:02','2015-02-19 19:05:02','7900684d-cd3a-4fec-abde-083967a30756'),(59,64,12,5,'en_us',2,'','{\"typeId\":\"14\",\"authorId\":\"5\",\"title\":\"index\",\"slug\":\"index\",\"postDate\":1424372700,\"expiryDate\":null,\"enabled\":1,\"fields\":{\"89\":{\"new1\":{\"type\":\"generalInfo\",\"enabled\":\"1\",\"fields\":{\"address\":\"<h2>The Gathering Place Warehouse<\\/h2><p><strong>Shop our fabulous home furnishings warehouse sale on Saturday, February 14th from 9am-2pm and Sunday, February 15th from 10am-12pm. Select items are 50% off! Cash or credit card only.<\\/strong><\\/p><p><strong><br><\\/strong><\\/p>\"}},\"new2\":{\"type\":\"email\",\"enabled\":\"1\",\"fields\":{\"emailLink\":\"<p><a href=\\\"https:\\/\\/www.flickr.com\\/photos\\/thegatheringplaceoh\\/sets\\/72157650497466462\\/\\\">Click Here<\\/a> <strong>to see some of the items we have for sale.<\\/strong><span><\\/span><\\/p>\"}},\"new3\":{\"type\":\"generalInfo\",\"enabled\":\"1\",\"fields\":{\"address\":\"<p>The Gathering Place Warehouse Home Furnishings Sale has beautiful furniture at great prices for that empty space in your home. Items include custom furniture, household goods and costume jewelry. Proceeds support the free programs and services at The Gathering Place for individuals and families touched by cancer.<\\/p><p>Please email Cheryl Apisdorf at <a href=\\\"mailto:apisdorf@touchedbycancer.org\\\">apisdorf@touchedbycancer.org<\\/a> to be added to the email list to be notified of upcoming warehouse sales.<\\/p>\"}},\"new4\":{\"type\":\"generalInfo\",\"enabled\":\"1\",\"fields\":{\"address\":\"<p><strong>HOW TO DONATE TO THE GATHERING PLACE WAREHOUSE<\\/strong><\\/p><p>We accept gently used furniture and other household items which will be sold through our warehouse at 4911 Commerce Parkway in Warrensville Heights (a quarter mile east of Richmond off of Miles Road - directions further down on this page).<\\/p><p>To arrange for someone to come and look at items you would like to donate to our warehouse, or to be notified of future warehouse sales, please contact Cheryl Apisdorf at <a href=\\\"mailto:apisdorf@touchedbycancer.org\\\">apisdorf@touchedbycancer.org<\\/a> or (216) 595-9546.<\\/p><p><strong>Please note that we do not accept drop off donations of furniture or household items at The Gathering Place or at our warehouse.<\\/strong><\\/p>\"}},\"new5\":{\"type\":\"generalInfo\",\"enabled\":\"1\",\"fields\":{\"address\":\"<p><strong>DIRECTIONS<\\/strong><\\/p><p><br>Please be aware that the warehouse is <strong>not<\\/strong> in Beachwood. The warehouse is located at 4911 Commerce Parkway in Warrensville Heights.<\\/p><p>From the intersection of Chagrin and Richmond, head south on Richmond, make a left turn on Miles Road and Commerce Parkway is the second street on your left. We are in the back of the second last building on the right hand side of the street.<\\/p>\"}}}}}','2015-02-19 19:09:59','2015-02-19 19:09:59','aa727e6d-0c6a-4bd1-bcf5-5ed058b652fb'),(60,70,13,5,'en_us',1,'','{\"typeId\":null,\"authorId\":\"5\",\"title\":\"index\",\"slug\":\"index\",\"postDate\":1424373868,\"expiryDate\":null,\"enabled\":1,\"fields\":[]}','2015-02-19 19:24:28','2015-02-19 19:24:28','f89b9b90-b49b-466e-b160-e8005da8e75a'),(61,70,13,5,'en_us',2,'','{\"typeId\":\"15\",\"authorId\":\"5\",\"title\":\"index\",\"slug\":\"index\",\"postDate\":1424373840,\"expiryDate\":null,\"enabled\":1,\"fields\":{\"89\":{\"new1\":{\"type\":\"generalInfo\",\"enabled\":\"1\",\"fields\":{\"address\":\"<h2>Matching Donations<\\/h2><p>\\r\\n\\tThousands of companies through the United States match donations that their employees make to non-profit organizations. Do you know if your company matches donations?\\r\\n<\\/p><p>\\r\\n\\t<a href=\\\"http:\\/\\/www.matchinggifts.com\\/thegatheringplace\\/\\\" target=\\\"_new\\\">Click here<\\/a> to search a national database of companies who match donations. Search results include information on how to submit for the matching donations and limits on the amount a company will match.\\r\\n<\\/p><p>\\r\\n\\tYou can submit for any of the donations you have made to The Gathering Place including gifts to our Annual Fund, Race for the Place, and tribute gifts made in honor, in celebration and in memory.\\r\\n<\\/p><p>\\r\\n\\tThank you for helping us to double the impact of your donation.\\r\\n<\\/p>\"}},\"new2\":{\"type\":\"generalInfo\",\"enabled\":\"1\",\"fields\":{\"address\":\"<h2>United Way &amp; The Combined Federal Campaign<\\/h2><p>Are you a donor to The United Way or The Combined Federal Campaign? If so, consider donating a portion of your contribution to The Gathering Place.<\\/p><p>Donors who give $100 or more to United Way are allowed to designate up to 50% of their gift to any registered 501(c) organization. <b>There is no required code number, you simply need to list \\\"The Gathering Place, Beachwood, OH\\\" on the pledge card in the area where you can choose to designate your gift.<\\/b><\\/p><p><a href=\\\"https:\\/\\/www.kintera.org\\/site\\/c.gpIOKZOxFoG\\/b.5573107\\/k.2BFB\\/Donate_Now\\/apps\\/ka\\/sd\\/donorcustom.asp?kntaw38991=C411A719C82A4D56BA1C0C9E0612800C\\\" target=\\\"_new\\\">Click here<\\/a> to make your United Way donation online. Scroll all the way to the bottom and click on \\\"View Investment Areas\\\" to reveal the field where you can enter \\\"The Gathering Place, Beachwood\\\"<b> <\\/b>and the percentage of your donation you would like to designate to The Gathering Place.<\\/p><p>Donors who give to the Combined Federal Campaign are allowed to designate their entire gift to any of the organizations listed in the Combined Federal Campaign Directory. <strong>To designate to The Gathering Place, please use our CFC ID# 71814<\\/strong>.<\\/p><p>Thank you for supporting our community and for helping us to achieve our mission.<\\/p><p>For questions, please contact Beth Darmstadter, Chief Development Officer at <a href=\\\"mailto:darmstadter@touchedbycancer.org\\\">darmstadter@touchedbycancer.org<\\/a>.<\\/p>\"}},\"new3\":{\"type\":\"generalInfo\",\"enabled\":\"1\",\"fields\":{\"address\":\"<h2>Tributes To Loved Ones<\\/h2><p>Gifts in honor of life-cycle events of loved ones, including birthdays, anniversaries, and wishes for speedy recoveries, as well as memorial giving, provide an opportunity to acknowledge those meaningful times. When special life cycle events occur, please consider making contributions to The Gathering Place. We will promptly acknowledge the requested individual, family or organization.<\\/p><p>There are a number of opportunities at The Gathering Place to acknowledge the special people and events in your life. Following are special contributions that allow for attribution in our facility.<\\/p><p><strong>Library Funds<\\/strong><br>The Mt. Sinai Community Partners Education Center and Lending Library is a vital asset in our programs and services. For one-time gifts of at least $500, a plaque can be added to our donor wall in the library.<\\/p><p><strong>Pond of Life<\\/strong><br>In our healing garden, there is a sculpture of a glass pond which hangs on the wall. \\\"Floating\\\" in this pond are glass lily pads with names of people and groups who have had a significant impact on our community. These lily pads can be purchased for $1,200.<\\/p><p><strong>Celebration of Life Funds<\\/strong><br>Through a minimum donation of $5,000, our Celebration of Life funds are designed to grow over time via continued donations. Due to the nature of their perpetuity, these funds are an excellent way of acknowledging life cycle events forever. A plaque hangs in our indoor garden acknowledging the following special people.<\\/p><p><strong>Brick Pavers<\\/strong><br><a title=\\\"Click here\\\" href=\\\"http:\\/\\/www.touchedbycancer.org\\/pavetheway\\/\\\">Click here<\\/a> for more information about purchasing at brick pavers at both locations of The Gathering Place.<\\/p><p><strong>Tribute Cards<\\/strong><br>Tribute Cards are also available for purchase. These cards, which come in packs of five, sell for $50 and allow you to make a tribute gift and include your own note. If you would like to purchase these cards, please come and see Ben, Maureen, or Sue at The Gathering Place.<\\/p><p>For more information, or to make a Tribute Contribution, please click on the \\\"Donate Online\\\" button at the top of the page or contact our Chief Development Officer, Beth Darmstadter at 216.595.9546 or <a href=\\\"mailto:darmstadter@touchedbycancer.org\\\">darmstadter@touchedbycancer.org<\\/a>.<\\/p>\"}},\"new4\":{\"type\":\"generalInfo\",\"enabled\":\"1\",\"fields\":{\"address\":\"<h2>Community Based Fundraisers<\\/h2><p>The Gathering Place is regularly approached by people in the community who would like to raise money to support our mission. In addition to the money we receive, each of these events also introduces new people to The Gathering Place. We are very appreciative of all the individuals and organizations who help to make these events possible. Visit the<a href=\\\"http:\\/\\/www.touchedbycancer.org\\/2014\\/11\\/7465\\/\\\"> <strong>Celebrating Our Caring Community<\\/strong><\\/a> page, which recognizes those who supported our free programs and services last quarter. If you would like to host\\/organize a fund raising event contact <a href=\\\"mailto:darmstadter@touchedbycancer.org\\\" target=\\\"_blank\\\"><strong>Beth Darmstadter<\\/strong><\\/a><a href=\\\"mailto: pagsuyoin@touchedbycancer.org\\\" target=\\\"_blank\\\"><strong> <\\/strong><\\/a>or call (216) 595-9546. <\\/p>\"}},\"new5\":{\"type\":\"generalInfo\",\"enabled\":\"1\",\"fields\":{\"address\":\"<h2>Planned Giving<\\/h2><p><strong><br>Help The Gathering Place thrive through Planned Giving<\\/strong><\\/p><p>Acheive your financial goals while helping secure the future of your family and The Gathering Place.<\\/p><p>Through your Planned Gift to The Gathering Place you will have the satisfaction of knowing that you have enhanced the quality of life for those touched by cancer. You are helping to ensure that programs and services will be provided at no cost for generations to come.<\\/p><p>The benefits of a Planned Gift are:<\\/p><ul><li>Fulfill your commitment to provide quality of life to those touched by cancer<\\/li><li>Create a tax-efficient way to complement your overall financial plan<\\/li><li>Be acknowledged in perpetuity as a member of the Evergreen Society<\\/li><\\/ul><p><strong>Join our Evergreen Society<\\/strong><\\/p><p>As an expression of our gratitude for your support, we invite you to accept a lifetime membership in our Evergreen Society. As a member, you will receive public recognition on a special plaque, a listing in our Annual Report and select newsletters, as well as invitations to special Evergreen Society events.<\\/p><p>Planned Giving can be an effective means of providing for you and your<br>family, as well as benefiting The Gathering Place. We invite you to<br>become part of the tradition of giving that sustains The Gathering<br>Place. You will join a distinguished group of donors who enjoy the<br>satisfaction of knowing they have enhanced the quality of life for<br>those touched by cancer.<\\/p><p>Please contact our Beth Darmstadter, Chief Development Officer, at <a href=\\\"mailto:darmstadter@touchedbycancer.org\\\">darmstadter@touchedbycancer.org<\\/a> to discuss additional options.<\\/p>\"}}}}}','2015-02-19 19:30:23','2015-02-19 19:30:23','6aafdc08-df61-431a-94d7-db2c5738f0b7'),(62,76,14,5,'en_us',1,'','{\"typeId\":null,\"authorId\":\"5\",\"title\":\"index\",\"slug\":\"index\",\"postDate\":1424374868,\"expiryDate\":null,\"enabled\":1,\"fields\":[]}','2015-02-19 19:41:08','2015-02-19 19:41:08','55aa2d4c-ded0-472e-bb08-28cc5d77b094'),(63,76,14,5,'en_us',2,'','{\"typeId\":\"16\",\"authorId\":\"5\",\"title\":\"index\",\"slug\":\"index\",\"postDate\":1424374860,\"expiryDate\":null,\"enabled\":1,\"fields\":{\"89\":{\"new1\":{\"type\":\"generalInfo\",\"enabled\":\"1\",\"fields\":{\"address\":\"<h2>Volunteer With Us<\\/h2><p>Volunteers are an integral part of our community, contributing to our success through their support, dedication and experience.<\\/p><p>Volunteers work with our participants in our Education Center, our children\'s programs and as greeters in our reception area. They also assist with clerical responsibilities, help tend Norma\'s Garden, help coordinate special events, attend health fairs, present information to community groups about The Gathering Place and work at<strong><a title=\\\"The Gathering Place Warehouse\\\" href=\\\"http:\\/\\/www.touchedbycancer.org\\/support-us\\/the-gathering-place-warehouse\\/\\\" target=\\\"_blank\\\">The Gathering Place Warehouse<\\/a><\\/strong>.<\\/p><p>To volunteer at the <em>Westlake<\\/em> location, contact Lynn Lubben, Operations &amp; Volunteer Coordinator in Westlake, at <a href=\\\"mailto:lubben@touchedbycancer.org\\\" target=\\\"_blank\\\">lubben@touchedbycancer.org<\\/a> or call 216-595-9546*.<\\/p><p>To volunteer at our <em>Beachwood<\\/em> location, contact Liz Krantz, Volunteer Coordinator in Beachwood, at <a href=\\\"mailto:krantz@touchedbycancer.org\\\">krantz@touchedbycancer.org<\\/a> or call 216 595-9546*<\\/p>\"}},\"new2\":{\"type\":\"generalInfo\",\"enabled\":\"1\",\"fields\":{\"address\":\"<p><strong>Volunteer Story<\\/strong><\\/p><p><strong><\\/strong><a href=\\\"http:\\/\\/www.touchedbycancer.org\\/support-us\\/our-volunteers\\/\\\">read story<\\/a><\\/p>\"}},\"new3\":{\"type\":\"generalInfo\",\"enabled\":\"1\",\"fields\":{\"address\":\"<p>Resource Name<\\/p><p>Lorem ipsum dolor sit amet, consectetur adipiscing elit, sed do eiusmod tempor incididunt ut labore et dolore magna aliqua.<\\/p><p><a href=\\\"http:\\/\\/www.touchedbycancer.org\\/support-us\\/our-volunteers\\/\\\">read more<\\/a> <\\/p>\"}},\"new4\":{\"type\":\"generalInfo\",\"enabled\":\"1\",\"fields\":{\"address\":\"<h3>VOLUNTEER POSITIONS<\\/h3><p><strong><em data-redactor-tag=\\\"em\\\">Indirect Services:<\\/em><\\/strong><\\/p><p><strong>1. Special Events<\\/strong>:<\\/p><span class=\\\"wpcf7-form-control-wrap SpecialEvents\\\"><span class=\\\"wpcf7-form-control wpcf7-checkbox\\\" data-redactor-class=\\\"wpcf7-form-control wpcf7-checkbox\\\"> <span class=\\\"wpcf7-list-item-label\\\">Race for the Place-help with our annual run\\/walk to celebrate National Cancer Survivorship (April-early June)<\\/span><\\/span> <span class=\\\"wpcf7-list-item-label\\\">Helping with one day special events (as needed)<\\/span><\\/span> <span class=\\\"wpcf7-list-item-label\\\">Supply baked goods or other refreshments for special programs (as needed)<\\/span><p><strong>2. The Gathering Place Home Furnishings Warehouse<\\/strong><\\/p><p><span class=\\\"wpcf7-form-control-wrap HomeFurnishings\\\"><span class=\\\"wpcf7-form-control wpcf7-checkbox\\\" data-redactor-class=\\\"wpcf7-form-control wpcf7-checkbox\\\"> <span class=\\\"wpcf7-list-item-label\\\">Assist with sales of donated fine household items at our Warrensville Heights Warehouse (as needed)<\\/span><\\/span><\\/span><\\/p><p><strong>3. Miscellaneous<br><\\/strong><\\/p><p><span class=\\\"wpcf7-form-control-wrap Misc\\\"><span class=\\\"wpcf7-form-control wpcf7-checkbox\\\" data-redactor-class=\\\"wpcf7-form-control wpcf7-checkbox\\\"> <span class=\\\"wpcf7-list-item-label\\\">Clerical help (as needed) <\\/span><\\/span> <span class=\\\"wpcf7-list-item-label\\\">Data Entry (as needed)<\\/span><\\/span> <span class=\\\"wpcf7-list-item-label\\\">Garden weeding and watering (May-September; east location only)<\\/span><br>Other skills you offer:<br><\\/p><p><strong><em data-redactor-tag=\\\"em\\\">Direct Services:<\\/em><\\/strong><\\/p><p>* <strong><u data-redactor-tag=\\\"u\\\">The following volunteer positions require a training session and a personal<\\/u><\\/strong><u> <strong data-redactor-tag=\\\"strong\\\">interview<\\/strong><\\/u><\\/p><p>1. * <strong>Greeter:<\\/strong> <span class=\\\"qualifier\\\">(Adults 18 years or older)<\\/span><\\/p><p><span class=\\\"wpcf7-form-control-wrap Greeter\\\"><span class=\\\"wpcf7-form-control wpcf7-checkbox\\\" data-redactor-class=\\\"wpcf7-form-control wpcf7-checkbox\\\"> <span class=\\\"wpcf7-list-item-label\\\">Responsibilities include answering phones and transferring calls, greeting visitors and giving tours of our facility, registering participants for programs and services, performing some administrative and clerical tasks (must be comfortable multi-tasking and interacting with various types of people including those in crisis). Weekly commitment required for 2-3 hour shift.<\\/span><\\/span><\\/span><\\/p><p>2. <strong>* Children\'s Program: <\\/strong><span class=\\\"qualifier\\\">(Adult volunteers 18 years or older will need to complete our background check).<\\/span><\\/p><p><span class=\\\"wpcf7-form-control-wrap ChildProgram\\\"><span class=\\\"wpcf7-form-control wpcf7-checkbox\\\" data-redactor-class=\\\"wpcf7-form-control wpcf7-checkbox\\\"> <span class=\\\"wpcf7-list-item-label\\\">Assist child specialists in the various children\'s programs (Adults 18 years or older)<\\/span><\\/span> <span class=\\\"wpcf7-list-item-label\\\">Playroom supervision (14 years or older)<\\/span><\\/span> <span class=\\\"wpcf7-list-item-label\\\">Work alongside staff in our summer animal camp for children (18 years or older \\u2013 requires a week-long commitment)<\\/span><\\/p><p><strong>3. * Outreach: <\\/strong><span class=\\\"qualifier\\\">(Adults 18 years or older)<\\/span><\\/p><p><span class=\\\"wpcf7-form-control-wrap Outreach\\\"><span class=\\\"wpcf7-form-control wpcf7-checkbox\\\" data-redactor-class=\\\"wpcf7-form-control wpcf7-checkbox\\\"> <span class=\\\"wpcf7-list-item-label\\\">Represent the organization by distributing and sharing information about our programs and services at community events, health fairs, etc. Responsibilities include picking up and returning outreach materials at The Gathering Place, driving to various locations east and\\/or west of Cleveland, setting up outreach display and interacting with various types of people.<\\/span><\\/span> <span class=\\\"wpcf7-list-item-label\\\">Community or Physician Ambassador \\u2013 Responsibilities include picking up and delivering Gathering Place materials quarterly to assigned locations in various communities.<\\/span><\\/span><\\/p><p><strong>4. * Education Center\\/Library:<\\/strong> <span class=\\\"qualifier\\\">(Adults 18 years or older)<\\/span><\\/p><p><span class=\\\"wpcf7-form-control-wrap EducationCenter\\\"><span class=\\\"wpcf7-form-control wpcf7-checkbox\\\" data-redactor-class=\\\"wpcf7-form-control wpcf7-checkbox\\\"> <span class=\\\"wpcf7-list-item-label\\\">Assist participants in their search for information (must be comfortable using the computer and have good interpersonal skills).<\\/span><\\/span> <span class=\\\"wpcf7-list-item-label\\\">Perform administrative and clerical tasks as needed by our medical librarian.<\\/span><\\/span><\\/p><p><strong>5. * Breast Cancer Connection <\\/strong><span class=\\\"qualifier\\\">(for breast cancer survivors)<\\/span><\\/p><p><span class=\\\"wpcf7-form-control-wrap BreastCancer\\\"><span class=\\\"wpcf7-form-control wpcf7-checkbox\\\" data-redactor-class=\\\"wpcf7-form-control wpcf7-checkbox\\\"> <span class=\\\"wpcf7-list-item-label\\\">Provide phone support to participants who are newly diagnosed with breast cancer.<\\/span><\\/span><\\/span><\\/p><p><strong>6. * Healing Arts <\\/strong><span class=\\\"qualifier\\\">(females only \\u2013 21 years or older with at least one year of experience; background check and references required)<\\/span><\\/p><p><span class=\\\"wpcf7-form-control-wrap HealingArts\\\"><span class=\\\"wpcf7-form-control wpcf7-checkbox\\\" data-redactor-class=\\\"wpcf7-form-control wpcf7-checkbox\\\"> <span class=\\\"wpcf7-list-item-label\\\">Reiki Master <\\/span><\\/span> <span class=\\\"wpcf7-list-item-label\\\">Licensed Massage Therapist<\\/span><\\/span> <span class=\\\"wpcf7-list-item-label\\\">Certified Reflexologist<\\/span><\\/p><p>Previous volunteer experience:<\\/p><p>How did you hear about The Gathering Place?<\\/p><p>Cancer survivor? (optional)<span class=\\\"wpcf7-form-control-wrap Survivor\\\"><span class=\\\"wpcf7-form-control wpcf7-radio\\\" data-redactor-class=\\\"wpcf7-form-control wpcf7-radio\\\"> <span class=\\\"wpcf7-list-item-label\\\">Yes<\\/span><\\/span> <span class=\\\"wpcf7-list-item-label\\\">No<\\/span><\\/span><\\/p><p><strong>Other information or skills you have that you would like to share: <\\/strong><\\/p><p><span class=\\\"qualifier\\\">Location you would prefer to volunteer at:<\\/span><br><span class=\\\"wpcf7-form-control-wrap Location\\\"><span class=\\\"wpcf7-form-control wpcf7-checkbox wpcf7-validates-as-required\\\" data-redactor-class=\\\"wpcf7-form-control wpcf7-checkbox wpcf7-validates-as-required\\\"> <span class=\\\"wpcf7-list-item-label\\\">Beachwood location<\\/span><\\/span> <span class=\\\"wpcf7-list-item-label\\\">Westlake location<\\/span><\\/span><\\/p><p><br><\\/p>\"}}}}}','2015-02-19 19:51:58','2015-02-19 19:51:58','3a4d0935-3e83-4883-baf6-29359e02b4f5'),(66,2,1,4,'en_us',9,'','{\"typeId\":\"1\",\"authorId\":null,\"title\":\"The Gathering Place\",\"slug\":\"homepage\",\"postDate\":1422311192,\"expiryDate\":null,\"enabled\":1,\"fields\":{\"1\":\"<p><br><\\/p>\"}}','2015-02-20 16:17:31','2015-02-20 16:17:31','f9e62b35-6004-4ff3-acfb-c94cebcd147d'),(67,2,1,4,'en_us',10,'','{\"typeId\":\"1\",\"authorId\":null,\"title\":\"The Gathering Place\",\"slug\":\"homepage\",\"postDate\":1422311192,\"expiryDate\":null,\"enabled\":1,\"fields\":{\"1\":\"\",\"135\":\"<p>It\'s true, this site doesn\'t have a whole lot of content yet, but don\'t worry. Our web developers have just installed the CMS, and they\'re setting things up for the content editors this very moment. Soon <a href=\\\"http:\\/\\/tgp.d-i.co\\/\\\">Tgp.d-i.co<\\/a> will be an oasis of fresh perspectives, sharp analyses, and astute opinions that will keep you coming back again and again. To start, check out our <a href=\\\"http:\\/\\/tgp.d-i.co\\/stories\\/sample-story-1#entry:35:url\\\">first story<\\/a>!<span><\\/span><\\/p>\"}}','2015-02-20 16:17:45','2015-02-20 16:17:45','8fe75789-b361-4b2d-890c-c3b3654297d0'),(68,2,1,4,'en_us',11,'','{\"typeId\":\"1\",\"authorId\":null,\"title\":\"The Gathering Place\",\"slug\":\"homepage\",\"postDate\":1422311192,\"expiryDate\":null,\"enabled\":1,\"fields\":{\"135\":\"<p>It\'s true, this site doesn\'t have a whole lot of content yet, but don\'t worry. Our web developers have just installed the CMS, and they\'re setting things up for the content editors this very moment. Soon <a href=\\\"http:\\/\\/tgp.d-i.co\\/\\\">Tgp.d-i.co<\\/a> will be an oasis of fresh perspectives, sharp analyses, and astute opinions that will keep you coming back again and again. In the meantime, check out our <a href=\\\"http:\\/\\/tgp.d-i.co\\/stories\\/sample-story-1#entry:35:url\\\">first story<\\/a>!<\\/p>\"}}','2015-02-20 17:55:41','2015-02-20 17:55:41','876401f1-1a75-4bf8-a3ce-4c70bb650209'),(71,35,4,4,'en_us',4,'','{\"typeId\":\"4\",\"authorId\":\"4\",\"title\":\"Sample Story 1\",\"slug\":\"sample-story-1\",\"postDate\":1424217600,\"expiryDate\":null,\"enabled\":1,\"fields\":{\"87\":\"\",\"83\":{\"37\":{\"type\":\"relatedEntries\",\"enabled\":\"1\",\"fields\":{\"relatedResources\":[\"7\"],\"relatedEvents\":\"\",\"relatedProgramsServices\":\"\"}}},\"67\":{\"36\":{\"type\":\"storyInfoBlock\",\"enabled\":\"1\",\"fields\":{\"storyHeaderImage\":\"\",\"storySubtitle\":\"The Gripping Tale of How I Tested Adding a Story\",\"storyText\":\"<p>Lorem ipsum dolor sit amet, ius ex putent euripidis assentior, nec munere omnium accumsan eu, eam case aliquam nusquam ne. Eruditi corpora eu eum, ei mei malis scripserit. Porro quaestio efficiendi vis ad. Mel in audiam appellantur, ludus omittantur ut eam. No iusto consulatu mel, vel an wisi assum possim, accumsan invenire atomorum eum eu.<\\/p><p>Ne vidit vocibus referrentur ius, ne graeci electram vis. <em>Augue fuisset ut cum. <\\/em>Nibh meliore quo et. Ad nec sumo essent liberavisse, id eam modo scaevola. Has nostrud ullamcorper ea. Nec et purto lucilius. Ne nisl oportere eos, nec dicta phaedrum no.<\\/p><p><strong>Te duo scripta apeirian atomorum<\\/strong>, ad duo alii veniam tibique. Ne his oratio regione, ea duo ornatus sententiae repudiandae. Te vix mazim putant, reque voluptua sea ne. Graece delicata definitiones usu cu, in mei apeirian elaboraret. Alii dolores sed et, quas vocibus pri at.<\\/p><ul><li>An vis dictas timeam necessitatibus, est eu choro nullam laoreet. <\\/li><li>Eos in elitr copiosae, tation dolores detracto id qui, eum inani denique te. <\\/li><li>Id per porro graecis, quo repudiare iracundia interpretaris no. <\\/li><li>An ridens facilisis nec, eos eu soluta persequeris repudiandae, sonet nihil doctus per cu. <\\/li><li>Cu eos explicari pertinacia, cum te autem saepe.<\\/li><\\/ul><p>Clita omnesque per et. Pri vitae debitis voluptua et. Est nulla vidisse sanctus eu, veritus iracundia ius no. Usu posse definiebas an, quo odio rebum euismod id, eu commodo minimum partiendo cum. Mel etiam nusquam placerat id, in est modus liber vituperata. Eum postea conclusionemque at, vel iusto ludus facilisis ei.<\\/p><p>Qui tation nostrud an, ex pri amet pericula. Mazim postea deserunt vim ne, quo an dicant insolens deserunt. Ea ius modo natum eruditi, et est iudico suavitate suscipiantur, omnes convenire voluptatum in per. Ut nec suas diceret referrentur. Pro ex equidem propriae, ius recteque salutandi sadipscing in, id ipsum lucilius reprehendunt qui. Cu magna impedit menandri mea, has ex cetero nusquam, novum iriure legendos sea ut. Pri utamur iisque commune ut, vero hendrerit repudiandae ea per.<\\/p><p>Eu eum virtute quaeque accommodare. Ex homero nonumy nec, no idque quodsi sed, veri adhuc oblique mea no. Ullamcorper intellegebat conclusionemque in eos. Dicta dissentias ne sea. Mea primis dictas ei.<\\/p>\",\"additionalImages\":\"\",\"accentText\":\"I\'m testing accent text!\",\"relevantLink\":\"\",\"storyCategory\":\"\"}},\"new1\":{\"type\":\"excerptBlock\",\"enabled\":\"1\",\"fields\":{\"storyExcerpt\":\"Lorem ipsum dolor sit amet, ius ex putent euripidis assentior, nec munere omnium accumsan eu, eam case aliquam nusquam ne. Eruditi corpora eu eum, ei mei malis scripserit. Porro quaestio efficiendi vis ad.\",\"storyBlockImage\":\"\"}}},\"2\":\"\"}}','2015-02-20 19:51:11','2015-02-20 19:51:11','86cd5618-426f-4190-92e9-58f7ca29e989'),(72,93,6,5,'en_us',1,'','{\"typeId\":null,\"authorId\":\"5\",\"title\":\"month\",\"slug\":\"month\",\"postDate\":1424461913,\"expiryDate\":null,\"enabled\":1,\"fields\":{\"143\":{\"startDate\":{\"date\":\"2\\/24\\/2015\",\"time\":\"\"},\"endDate\":{\"date\":\"2\\/24\\/2015\",\"time\":\"\"},\"stored_rules_json\":\"\",\"recurrenceRules\":\"{\\r\\n  \\\"rules\\\": []\\r\\n}\"}}}','2015-02-20 19:51:53','2015-02-20 19:51:53','ad201501-1edb-417e-b9eb-41905aa0d879'),(73,93,6,5,'en_us',2,'','{\"typeId\":\"7\",\"authorId\":\"5\",\"title\":\"month\",\"slug\":\"month\",\"postDate\":1424461860,\"expiryDate\":null,\"enabled\":1,\"fields\":{\"89\":{\"new1\":{\"type\":\"generalInfo\",\"enabled\":\"1\",\"fields\":{\"address\":\"<h2>CURRENT CALENDAR OF PROGRAMS AND SERVICES<\\/h2><h3>PLEASE <a href=\\\"mailto:apisdorf@touchedbycancer.org\\\" target=\\\"_new\\\">CLICK HERE<\\/a> TO RECEIVE OUR QUARTERLY NEWSLETTER and BI-WEEKLY E-NEWSLETTER. BE SURE TO PROVIDE YOUR NAME ALONG WITH AN EMAIL ADDRESS FOR AN ELECTRONIC VERSION OR A MAILING ADDRESS FOR A PAPER VERSION.<\\/h3><p><a href=\\\"http:\\/\\/www.touchedbycancer.org\\/wp-content\\/uploads\\/2011\\/06\\/Jan-Feb-March-2015-v12-1.pdf\\\" target=\\\"_blank\\\">JANUARY-MARCH 2015 CALENDAR OF PROGRAMS AND SERVICES<\\/a><\\/p><p>Our calendar is published quarterly and emailed to our participants and the community as well as delivered to organizations and health care facilities in the community.<\\/p><p>If you are receiving our calendar by email but need to have it mailed to you please contact Cheryl Apisdorf at 216 595-9546 or via email at <a href=\\\"mailto:apisdorf@touchedbycancer.org\\\" target=\\\"_new\\\">apisdorf@touchedbycancer.org<\\/a>.<\\/p><p>Please note that we email an E-News update every other week to remind you of upcoming programs and to alert you to anything new. If your email changes, please let us know so that we can update our database.<\\/p>\"}}},\"143\":{\"startDate\":{\"date\":\"2\\/24\\/2015\",\"time\":\"12:00 AM\"},\"endDate\":{\"date\":\"2\\/24\\/2015\",\"time\":\"11:59 PM\"},\"stored_rules_json\":\"{\\r\\n  \\\"rules\\\": []\\r\\n}\",\"recurrenceRules\":\"{\\r\\n  \\\"rules\\\": []\\r\\n}\"}}}','2015-02-20 20:09:09','2015-02-20 20:09:09','eb2a963c-afe6-4997-b709-c92bd34db276'),(74,93,6,5,'en_us',3,'','{\"typeId\":\"7\",\"authorId\":\"5\",\"title\":\"index\",\"slug\":\"month\",\"postDate\":1424461860,\"expiryDate\":null,\"enabled\":1,\"fields\":{\"89\":{\"94\":{\"type\":\"generalInfo\",\"enabled\":\"1\",\"fields\":{\"address\":\"<h2>CURRENT CALENDAR OF PROGRAMS AND SERVICES<\\/h2><h3>PLEASE <a href=\\\"mailto:apisdorf@touchedbycancer.org\\\" target=\\\"_new\\\">CLICK HERE<\\/a> TO RECEIVE OUR QUARTERLY NEWSLETTER and BI-WEEKLY E-NEWSLETTER. BE SURE TO PROVIDE YOUR NAME ALONG WITH AN EMAIL ADDRESS FOR AN ELECTRONIC VERSION OR A MAILING ADDRESS FOR A PAPER VERSION.<\\/h3><p><a href=\\\"http:\\/\\/www.touchedbycancer.org\\/wp-content\\/uploads\\/2011\\/06\\/Jan-Feb-March-2015-v12-1.pdf\\\" target=\\\"_blank\\\">JANUARY-MARCH 2015 CALENDAR OF PROGRAMS AND SERVICES<\\/a><\\/p><p>Our calendar is published quarterly and emailed to our participants and the community as well as delivered to organizations and health care facilities in the community.<\\/p><p>If you are receiving our calendar by email but need to have it mailed to you please contact Cheryl Apisdorf at 216 595-9546 or via email at <a href=\\\"mailto:apisdorf@touchedbycancer.org\\\" target=\\\"_new\\\">apisdorf@touchedbycancer.org<\\/a>.<\\/p><p>Please note that we email an E-News update every other week to remind you of upcoming programs and to alert you to anything new. If your email changes, please let us know so that we can update our database.<\\/p>\"}}},\"143\":{\"startDate\":{\"date\":\"2\\/24\\/2015\",\"time\":\"12:00 AM\"},\"endDate\":{\"date\":\"2\\/24\\/2015\",\"time\":\"11:59 PM\"},\"stored_rules_json\":\"{\\r\\n  \\\"rules\\\": []\\r\\n}\",\"recurrenceRules\":\"{\\r\\n  \\\"rules\\\": []\\r\\n}\"}}}','2015-02-20 20:09:37','2015-02-20 20:09:37','d822874d-ac92-450b-b74c-66159a8cab51'),(75,93,6,5,'en_us',4,'','{\"typeId\":\"7\",\"authorId\":\"5\",\"title\":\"month\",\"slug\":\"month\",\"postDate\":1424461860,\"expiryDate\":null,\"enabled\":1,\"fields\":{\"89\":{\"94\":{\"type\":\"generalInfo\",\"enabled\":\"1\",\"fields\":{\"address\":\"<h2>CURRENT CALENDAR OF PROGRAMS AND SERVICES<\\/h2><h3>PLEASE <a href=\\\"mailto:apisdorf@touchedbycancer.org\\\" target=\\\"_new\\\">CLICK HERE<\\/a> TO RECEIVE OUR QUARTERLY NEWSLETTER and BI-WEEKLY E-NEWSLETTER. BE SURE TO PROVIDE YOUR NAME ALONG WITH AN EMAIL ADDRESS FOR AN ELECTRONIC VERSION OR A MAILING ADDRESS FOR A PAPER VERSION.<\\/h3><p><a href=\\\"http:\\/\\/www.touchedbycancer.org\\/wp-content\\/uploads\\/2011\\/06\\/Jan-Feb-March-2015-v12-1.pdf\\\" target=\\\"_blank\\\">JANUARY-MARCH 2015 CALENDAR OF PROGRAMS AND SERVICES<\\/a><\\/p><p>Our calendar is published quarterly and emailed to our participants and the community as well as delivered to organizations and health care facilities in the community.<\\/p><p>If you are receiving our calendar by email but need to have it mailed to you please contact Cheryl Apisdorf at 216 595-9546 or via email at <a href=\\\"mailto:apisdorf@touchedbycancer.org\\\" target=\\\"_new\\\">apisdorf@touchedbycancer.org<\\/a>.<\\/p><p>Please note that we email an E-News update every other week to remind you of upcoming programs and to alert you to anything new. If your email changes, please let us know so that we can update our database.<\\/p>\"}}},\"143\":{\"startDate\":{\"date\":\"2\\/24\\/2015\",\"time\":\"12:00 AM\"},\"endDate\":{\"date\":\"2\\/24\\/2015\",\"time\":\"11:59 PM\"},\"stored_rules_json\":\"{\\r\\n  \\\"rules\\\": []\\r\\n}\",\"recurrenceRules\":\"{\\r\\n  \\\"rules\\\": []\\r\\n}\"}}}','2015-02-20 20:10:51','2015-02-20 20:10:51','e44e5cf2-fbab-46f8-98fc-8f82ec232d18'),(76,93,6,5,'en_us',5,'','{\"typeId\":\"7\",\"authorId\":\"5\",\"title\":\"month\",\"slug\":\"month\",\"postDate\":1424461860,\"expiryDate\":null,\"enabled\":1,\"fields\":{\"89\":{\"94\":{\"type\":\"generalInfo\",\"enabled\":\"1\",\"fields\":{\"address\":\"<h2>CURRENT CALENDAR OF PROGRAMS AND SERVICES<\\/h2><h3>PLEASE <a href=\\\"mailto:apisdorf@touchedbycancer.org\\\" target=\\\"_new\\\">CLICK HERE<\\/a> TO RECEIVE OUR QUARTERLY NEWSLETTER and BI-WEEKLY E-NEWSLETTER. BE SURE TO PROVIDE YOUR NAME ALONG WITH AN EMAIL ADDRESS FOR AN ELECTRONIC VERSION OR A MAILING ADDRESS FOR A PAPER VERSION.<\\/h3><p>\\r\\n\\t<a href=\\\"http:\\/\\/www.touchedbycancer.org\\/wp-content\\/uploads\\/2011\\/06\\/Jan-Feb-March-2015-v12-1.pdf\\\" target=\\\"_blank\\\">JANUARY-MARCH 2015 CALENDAR OF PROGRAMS AND SERVICES<\\/a>\\r\\n<\\/p><p>\\r\\n\\tOur calendar is published quarterly and emailed to our participants and the community as well as delivered to organizations and health care facilities in the community.\\r\\n<\\/p><p>\\r\\n\\tIf you are receiving our calendar by email but need to have it mailed to you please contact Cheryl Apisdorf at 216 595-9546 or via email at \\r\\n\\t<a href=\\\"mailto:apisdorf@touchedbycancer.org\\\" target=\\\"_new\\\">apisdorf@touchedbycancer.org<\\/a>.\\r\\n<\\/p><p>\\r\\n\\tPlease note that we email an E-News update every other week to remind you of upcoming programs and to alert you to anything new. If your email changes, please let us know so that we can update our database.\\r\\n<\\/p>\"}}},\"143\":{\"startDate\":{\"date\":\"2\\/24\\/2015\",\"time\":\"12:00 AM\"},\"endDate\":{\"date\":\"2\\/24\\/2015\",\"time\":\"11:59 PM\"},\"stored_rules_json\":\"{\\r\\n  \\\"rules\\\": []\\r\\n}\",\"recurrenceRules\":\"{\\r\\n  \\\"rules\\\": []\\r\\n}\"}}}','2015-02-20 20:32:43','2015-02-20 20:32:43','81e1b7cd-cb31-4914-a74d-c6fcda366ff4'),(77,35,4,4,'en_us',5,'','{\"typeId\":\"4\",\"authorId\":\"4\",\"title\":\"Sample Story 1\",\"slug\":\"sample-story-1\",\"postDate\":1424217600,\"expiryDate\":null,\"enabled\":1,\"fields\":{\"87\":\"\",\"83\":{\"37\":{\"type\":\"relatedEntries\",\"enabled\":\"1\",\"fields\":{\"relatedResources\":[\"7\"],\"relatedEvents\":\"\",\"relatedProgramsServices\":\"\"}}},\"67\":{\"36\":{\"type\":\"storyInfoBlock\",\"enabled\":\"1\",\"fields\":{\"storyHeaderImage\":\"\",\"storySubtitle\":\"The Gripping Tale of How I Tested Adding a Story\",\"storyText\":\"<p>Lorem ipsum dolor sit amet, ius ex putent euripidis assentior, nec munere omnium accumsan eu, eam case aliquam nusquam ne. Eruditi corpora eu eum, ei mei malis scripserit. Porro quaestio efficiendi vis ad. Mel in audiam appellantur, ludus omittantur ut eam. No iusto consulatu mel, vel an wisi assum possim, accumsan invenire atomorum eum eu.<\\/p><p>Ne vidit vocibus referrentur ius, ne graeci electram vis. <em>Augue fuisset ut cum. <\\/em>Nibh meliore quo et. Ad nec sumo essent liberavisse, id eam modo scaevola. Has nostrud ullamcorper ea. Nec et purto lucilius. Ne nisl oportere eos, nec dicta phaedrum no.<\\/p><p><strong>Te duo scripta apeirian atomorum<\\/strong>, ad duo alii veniam tibique. Ne his oratio regione, ea duo ornatus sententiae repudiandae. Te vix mazim putant, reque voluptua sea ne. Graece delicata definitiones usu cu, in mei apeirian elaboraret. Alii dolores sed et, quas vocibus pri at.<\\/p><ul><li>An vis dictas timeam necessitatibus, est eu choro nullam laoreet. <\\/li><li>Eos in elitr copiosae, tation dolores detracto id qui, eum inani denique te. <\\/li><li>Id per porro graecis, quo repudiare iracundia interpretaris no. <\\/li><li>An ridens facilisis nec, eos eu soluta persequeris repudiandae, sonet nihil doctus per cu. <\\/li><li>Cu eos explicari pertinacia, cum te autem saepe.<\\/li><\\/ul><p>Clita omnesque per et. Pri vitae debitis voluptua et. Est nulla vidisse sanctus eu, veritus iracundia ius no. Usu posse definiebas an, quo odio rebum euismod id, eu commodo minimum partiendo cum. Mel etiam nusquam placerat id, in est modus liber vituperata. Eum postea conclusionemque at, vel iusto ludus facilisis ei.<\\/p><p>Qui tation nostrud an, ex pri amet pericula. Mazim postea deserunt vim ne, quo an dicant insolens deserunt. Ea ius modo natum eruditi, et est iudico suavitate suscipiantur, omnes convenire voluptatum in per. Ut nec suas diceret referrentur. Pro ex equidem propriae, ius recteque salutandi sadipscing in, id ipsum lucilius reprehendunt qui. Cu magna impedit menandri mea, has ex cetero nusquam, novum iriure legendos sea ut. Pri utamur iisque commune ut, vero hendrerit repudiandae ea per.<\\/p><p>Eu eum virtute quaeque accommodare. Ex homero nonumy nec, no idque quodsi sed, veri adhuc oblique mea no. Ullamcorper intellegebat conclusionemque in eos. Dicta dissentias ne sea. Mea primis dictas ei.<\\/p>\",\"additionalImages\":\"\",\"accentText\":\"I\'m testing accent text!\",\"relevantLink\":\"\",\"storyCategory\":[\"82\"]}},\"92\":{\"type\":\"excerptBlock\",\"enabled\":\"1\",\"fields\":{\"storyExcerpt\":\"Lorem ipsum dolor sit amet, ius ex putent euripidis assentior, nec munere omnium accumsan eu, eam case aliquam nusquam ne. Eruditi corpora eu eum, ei mei malis scripserit. Porro quaestio efficiendi vis ad.\",\"storyBlockImage\":\"\"}}},\"2\":\"\"}}','2015-02-20 23:27:33','2015-02-20 23:27:33','a25ec1cd-6eac-4841-a07e-dbbc907dcf6e'),(78,38,4,4,'en_us',3,'','{\"typeId\":\"4\",\"authorId\":\"4\",\"title\":\"Sample Story 2\",\"slug\":\"sample-story-2\",\"postDate\":1424304000,\"expiryDate\":null,\"enabled\":1,\"fields\":{\"87\":[\"35\"],\"83\":{\"40\":{\"type\":\"relatedEntries\",\"enabled\":\"1\",\"fields\":{\"relatedResources\":[\"7\"],\"relatedEvents\":\"\",\"relatedProgramsServices\":\"\"}}},\"67\":{\"39\":{\"type\":\"storyInfoBlock\",\"enabled\":\"1\",\"fields\":{\"storyHeaderImage\":\"\",\"storySubtitle\":\"Electric Boogaloo\",\"storyText\":\"<p>Lorem ipsum dolor sit amet, ius ex putent euripidis assentior, nec munere omnium accumsan eu, eam case aliquam nusquam ne. Eruditi corpora eu eum, ei mei malis scripserit. Porro quaestio efficiendi vis ad. Mel in audiam appellantur, ludus omittantur ut eam. No iusto consulatu mel, vel an wisi assum possim, accumsan invenire atomorum eum eu.<\\/p><p>Ne vidit vocibus referrentur ius, ne graeci electram vis. <em>Augue fuisset ut cum. <\\/em>Nibh meliore quo et. Ad nec sumo essent liberavisse, id eam modo scaevola. Has nostrud ullamcorper ea. Nec et purto lucilius. Ne nisl oportere eos, nec dicta phaedrum no.<\\/p><p><strong>Te duo scripta apeirian atomorum<\\/strong>, ad duo alii veniam tibique. Ne his oratio regione, ea duo ornatus sententiae repudiandae. Te vix mazim putant, reque voluptua sea ne. Graece delicata definitiones usu cu, in mei apeirian elaboraret. Alii dolores sed et, quas vocibus pri at.<\\/p><ul><li>An vis dictas timeam necessitatibus, est eu choro nullam laoreet.<\\/li><li>Eos in elitr copiosae, tation dolores detracto id qui, eum inani denique te.<\\/li><li>Id per porro graecis, quo repudiare iracundia interpretaris no.<\\/li><li>An ridens facilisis nec, eos eu soluta persequeris repudiandae, sonet nihil doctus per cu.<\\/li><li>Cu eos explicari pertinacia, cum te autem saepe.<\\/li><\\/ul><p>Clita omnesque per et. Pri vitae debitis voluptua et. Est nulla vidisse sanctus eu, veritus iracundia ius no. Usu posse definiebas an, quo odio rebum euismod id, eu commodo minimum partiendo cum. Mel etiam nusquam placerat id, in est modus liber vituperata. Eum postea conclusionemque at, vel iusto ludus facilisis ei.<\\/p><p>Qui tation nostrud an, ex pri amet pericula. Mazim postea deserunt vim ne, quo an dicant insolens deserunt. Ea ius modo natum eruditi, et est iudico suavitate suscipiantur, omnes convenire voluptatum in per. Ut nec suas diceret referrentur. Pro ex equidem propriae, ius recteque salutandi sadipscing in, id ipsum lucilius reprehendunt qui. Cu magna impedit menandri mea, has ex cetero nusquam, novum iriure legendos sea ut. Pri utamur iisque commune ut, vero hendrerit repudiandae ea per.<\\/p><p>Eu eum virtute quaeque accommodare. Ex homero nonumy nec, no idque quodsi sed, veri adhuc oblique mea no. Ullamcorper intellegebat conclusionemque in eos. Dicta dissentias ne sea. Mea primis dictas ei.<\\/p>\",\"additionalImages\":\"\",\"accentText\":\"Eu eum virtute quaeque accommodare. Ex homero nonumy nec, no idque quodsi sed, veri adhuc oblique mea no. Ullamcorper intellegebat conclusionemque in eos. Dicta dissentias ne sea. Mea primis dictas ei.\",\"relevantLink\":\"\",\"storyCategory\":[\"83\"]}},\"new1\":{\"type\":\"excerptBlock\",\"enabled\":\"1\",\"fields\":{\"storyExcerpt\":\"Ne vidit vocibus referrentur ius, ne graeci electram vis. Augue fuisset ut cum. Nibh meliore quo et. Ad nec sumo essent liberavisse, id eam modo scaevola. Has nostrud ullamcorper ea. Nec et purto lucilius. Ne nisl oportere eos, nec dicta phaedrum no.\",\"storyBlockImage\":\"\"}}},\"2\":\"\"}}','2015-02-20 23:27:56','2015-02-20 23:27:56','ecb28596-f1a3-44ba-9325-6bdc704aa926'),(79,35,4,4,'en_us',6,'','{\"typeId\":\"4\",\"authorId\":\"4\",\"title\":\"Sample Story 1\",\"slug\":\"sample-story-1\",\"postDate\":1424217600,\"expiryDate\":null,\"enabled\":1,\"fields\":{\"174\":[\"82\"],\"87\":\"\",\"83\":{\"37\":{\"type\":\"relatedEntries\",\"enabled\":\"1\",\"fields\":{\"relatedResources\":[\"7\"],\"relatedEvents\":\"\",\"relatedProgramsServices\":\"\"}}},\"67\":{\"36\":{\"type\":\"storyInfoBlock\",\"enabled\":\"1\",\"fields\":{\"storyHeaderImage\":\"\",\"storySubtitle\":\"The Gripping Tale of How I Tested Adding a Story\",\"storyText\":\"<p>Lorem ipsum dolor sit amet, ius ex putent euripidis assentior, nec munere omnium accumsan eu, eam case aliquam nusquam ne. Eruditi corpora eu eum, ei mei malis scripserit. Porro quaestio efficiendi vis ad. Mel in audiam appellantur, ludus omittantur ut eam. No iusto consulatu mel, vel an wisi assum possim, accumsan invenire atomorum eum eu.<\\/p><p>Ne vidit vocibus referrentur ius, ne graeci electram vis. <em>Augue fuisset ut cum. <\\/em>Nibh meliore quo et. Ad nec sumo essent liberavisse, id eam modo scaevola. Has nostrud ullamcorper ea. Nec et purto lucilius. Ne nisl oportere eos, nec dicta phaedrum no.<\\/p><p><strong>Te duo scripta apeirian atomorum<\\/strong>, ad duo alii veniam tibique. Ne his oratio regione, ea duo ornatus sententiae repudiandae. Te vix mazim putant, reque voluptua sea ne. Graece delicata definitiones usu cu, in mei apeirian elaboraret. Alii dolores sed et, quas vocibus pri at.<\\/p><ul><li>An vis dictas timeam necessitatibus, est eu choro nullam laoreet. <\\/li><li>Eos in elitr copiosae, tation dolores detracto id qui, eum inani denique te. <\\/li><li>Id per porro graecis, quo repudiare iracundia interpretaris no. <\\/li><li>An ridens facilisis nec, eos eu soluta persequeris repudiandae, sonet nihil doctus per cu. <\\/li><li>Cu eos explicari pertinacia, cum te autem saepe.<\\/li><\\/ul><p>Clita omnesque per et. Pri vitae debitis voluptua et. Est nulla vidisse sanctus eu, veritus iracundia ius no. Usu posse definiebas an, quo odio rebum euismod id, eu commodo minimum partiendo cum. Mel etiam nusquam placerat id, in est modus liber vituperata. Eum postea conclusionemque at, vel iusto ludus facilisis ei.<\\/p><p>Qui tation nostrud an, ex pri amet pericula. Mazim postea deserunt vim ne, quo an dicant insolens deserunt. Ea ius modo natum eruditi, et est iudico suavitate suscipiantur, omnes convenire voluptatum in per. Ut nec suas diceret referrentur. Pro ex equidem propriae, ius recteque salutandi sadipscing in, id ipsum lucilius reprehendunt qui. Cu magna impedit menandri mea, has ex cetero nusquam, novum iriure legendos sea ut. Pri utamur iisque commune ut, vero hendrerit repudiandae ea per.<\\/p><p>Eu eum virtute quaeque accommodare. Ex homero nonumy nec, no idque quodsi sed, veri adhuc oblique mea no. Ullamcorper intellegebat conclusionemque in eos. Dicta dissentias ne sea. Mea primis dictas ei.<\\/p>\",\"additionalImages\":\"\",\"accentText\":\"I\'m testing accent text!\",\"relevantLink\":\"\"}},\"92\":{\"type\":\"excerptBlock\",\"enabled\":\"1\",\"fields\":{\"storyExcerpt\":\"Lorem ipsum dolor sit amet, ius ex putent euripidis assentior, nec munere omnium accumsan eu, eam case aliquam nusquam ne. Eruditi corpora eu eum, ei mei malis scripserit. Porro quaestio efficiendi vis ad.\",\"storyBlockImage\":\"\"}}},\"2\":\"\"}}','2015-02-20 23:32:52','2015-02-20 23:32:52','82b694d4-b746-42aa-88fc-a225a7a12add'),(80,38,4,4,'en_us',4,'','{\"typeId\":\"4\",\"authorId\":\"4\",\"title\":\"Sample Story 2\",\"slug\":\"sample-story-2\",\"postDate\":1424304000,\"expiryDate\":null,\"enabled\":1,\"fields\":{\"174\":[\"83\"],\"87\":[\"35\"],\"83\":{\"40\":{\"type\":\"relatedEntries\",\"enabled\":\"1\",\"fields\":{\"relatedResources\":[\"7\"],\"relatedEvents\":\"\",\"relatedProgramsServices\":\"\"}}},\"67\":{\"39\":{\"type\":\"storyInfoBlock\",\"enabled\":\"1\",\"fields\":{\"storyHeaderImage\":\"\",\"storySubtitle\":\"Electric Boogaloo\",\"storyText\":\"<p>Lorem ipsum dolor sit amet, ius ex putent euripidis assentior, nec munere omnium accumsan eu, eam case aliquam nusquam ne. Eruditi corpora eu eum, ei mei malis scripserit. Porro quaestio efficiendi vis ad. Mel in audiam appellantur, ludus omittantur ut eam. No iusto consulatu mel, vel an wisi assum possim, accumsan invenire atomorum eum eu.<\\/p><p>Ne vidit vocibus referrentur ius, ne graeci electram vis. <em>Augue fuisset ut cum. <\\/em>Nibh meliore quo et. Ad nec sumo essent liberavisse, id eam modo scaevola. Has nostrud ullamcorper ea. Nec et purto lucilius. Ne nisl oportere eos, nec dicta phaedrum no.<\\/p><p><strong>Te duo scripta apeirian atomorum<\\/strong>, ad duo alii veniam tibique. Ne his oratio regione, ea duo ornatus sententiae repudiandae. Te vix mazim putant, reque voluptua sea ne. Graece delicata definitiones usu cu, in mei apeirian elaboraret. Alii dolores sed et, quas vocibus pri at.<\\/p><ul><li>An vis dictas timeam necessitatibus, est eu choro nullam laoreet.<\\/li><li>Eos in elitr copiosae, tation dolores detracto id qui, eum inani denique te.<\\/li><li>Id per porro graecis, quo repudiare iracundia interpretaris no.<\\/li><li>An ridens facilisis nec, eos eu soluta persequeris repudiandae, sonet nihil doctus per cu.<\\/li><li>Cu eos explicari pertinacia, cum te autem saepe.<\\/li><\\/ul><p>Clita omnesque per et. Pri vitae debitis voluptua et. Est nulla vidisse sanctus eu, veritus iracundia ius no. Usu posse definiebas an, quo odio rebum euismod id, eu commodo minimum partiendo cum. Mel etiam nusquam placerat id, in est modus liber vituperata. Eum postea conclusionemque at, vel iusto ludus facilisis ei.<\\/p><p>Qui tation nostrud an, ex pri amet pericula. Mazim postea deserunt vim ne, quo an dicant insolens deserunt. Ea ius modo natum eruditi, et est iudico suavitate suscipiantur, omnes convenire voluptatum in per. Ut nec suas diceret referrentur. Pro ex equidem propriae, ius recteque salutandi sadipscing in, id ipsum lucilius reprehendunt qui. Cu magna impedit menandri mea, has ex cetero nusquam, novum iriure legendos sea ut. Pri utamur iisque commune ut, vero hendrerit repudiandae ea per.<\\/p><p>Eu eum virtute quaeque accommodare. Ex homero nonumy nec, no idque quodsi sed, veri adhuc oblique mea no. Ullamcorper intellegebat conclusionemque in eos. Dicta dissentias ne sea. Mea primis dictas ei.<\\/p>\",\"additionalImages\":\"\",\"accentText\":\"Eu eum virtute quaeque accommodare. Ex homero nonumy nec, no idque quodsi sed, veri adhuc oblique mea no. Ullamcorper intellegebat conclusionemque in eos. Dicta dissentias ne sea. Mea primis dictas ei.\",\"relevantLink\":\"\"}},\"95\":{\"type\":\"excerptBlock\",\"enabled\":\"1\",\"fields\":{\"storyExcerpt\":\"Ne vidit vocibus referrentur ius, ne graeci electram vis. Augue fuisset ut cum. Nibh meliore quo et. Ad nec sumo essent liberavisse, id eam modo scaevola. Has nostrud ullamcorper ea. Nec et purto lucilius. Ne nisl oportere eos, nec dicta phaedrum no.\",\"storyBlockImage\":\"\"}}},\"2\":\"\"}}','2015-02-23 15:27:58','2015-02-23 15:27:58','54468816-56ef-4930-b429-3eb5c975ac6b'),(81,35,4,4,'en_us',7,'','{\"typeId\":\"4\",\"authorId\":\"4\",\"title\":\"Sample Story 1\",\"slug\":\"sample-story-1\",\"postDate\":1424217600,\"expiryDate\":null,\"enabled\":1,\"fields\":{\"174\":[\"82\"],\"87\":\"\",\"83\":{\"37\":{\"type\":\"relatedEntries\",\"enabled\":\"1\",\"fields\":{\"relatedResources\":[\"7\"],\"relatedEvents\":\"\",\"relatedProgramsServices\":\"\"}}},\"67\":{\"36\":{\"type\":\"storyInfoBlock\",\"enabled\":\"1\",\"fields\":{\"storyHeaderImage\":\"\",\"storySubtitle\":\"The Gripping Tale of How I Tested Adding a Story\",\"storyText\":\"<p>Lorem ipsum dolor sit amet, ius ex putent euripidis assentior, nec munere omnium accumsan eu, eam case aliquam nusquam ne. Eruditi corpora eu eum, ei mei malis scripserit. Porro quaestio efficiendi vis ad. Mel in audiam appellantur, ludus omittantur ut eam. No iusto consulatu mel, vel an wisi assum possim, accumsan invenire atomorum eum eu.<\\/p><p>Ne vidit vocibus referrentur ius, ne graeci electram vis. <em>Augue fuisset ut cum. <\\/em>Nibh meliore quo et. Ad nec sumo essent liberavisse, id eam modo scaevola. Has nostrud ullamcorper ea. Nec et purto lucilius. Ne nisl oportere eos, nec dicta phaedrum no.<\\/p><p><strong>Te duo scripta apeirian atomorum<\\/strong>, ad duo alii veniam tibique. Ne his oratio regione, ea duo ornatus sententiae repudiandae. Te vix mazim putant, reque voluptua sea ne. Graece delicata definitiones usu cu, in mei apeirian elaboraret. Alii dolores sed et, quas vocibus pri at.<\\/p><ul><li>An vis dictas timeam necessitatibus, est eu choro nullam laoreet. <\\/li><li>Eos in elitr copiosae, tation dolores detracto id qui, eum inani denique te. <\\/li><li>Id per porro graecis, quo repudiare iracundia interpretaris no. <\\/li><li>An ridens facilisis nec, eos eu soluta persequeris repudiandae, sonet nihil doctus per cu. <\\/li><li>Cu eos explicari pertinacia, cum te autem saepe.<\\/li><\\/ul><p>Clita omnesque per et. Pri vitae debitis voluptua et. Est nulla vidisse sanctus eu, veritus iracundia ius no. Usu posse definiebas an, quo odio rebum euismod id, eu commodo minimum partiendo cum. Mel etiam nusquam placerat id, in est modus liber vituperata. Eum postea conclusionemque at, vel iusto ludus facilisis ei.<\\/p><p>Qui tation nostrud an, ex pri amet pericula. Mazim postea deserunt vim ne, quo an dicant insolens deserunt. Ea ius modo natum eruditi, et est iudico suavitate suscipiantur, omnes convenire voluptatum in per. Ut nec suas diceret referrentur. Pro ex equidem propriae, ius recteque salutandi sadipscing in, id ipsum lucilius reprehendunt qui. Cu magna impedit menandri mea, has ex cetero nusquam, novum iriure legendos sea ut. Pri utamur iisque commune ut, vero hendrerit repudiandae ea per.<\\/p><p>Eu eum virtute quaeque accommodare. Ex homero nonumy nec, no idque quodsi sed, veri adhuc oblique mea no. Ullamcorper intellegebat conclusionemque in eos. Dicta dissentias ne sea. Mea primis dictas ei.<\\/p>\",\"additionalImages\":\"\",\"accentText\":\"I\'m testing accent text!\",\"relevantLink\":\"tgp.d-i.co\"}},\"92\":{\"type\":\"excerptBlock\",\"enabled\":\"1\",\"fields\":{\"storyExcerpt\":\"Lorem ipsum dolor sit amet, ius ex putent euripidis assentior, nec munere omnium accumsan eu, eam case aliquam nusquam ne. Eruditi corpora eu eum, ei mei malis scripserit. Porro quaestio efficiendi vis ad.\",\"storyBlockImage\":\"\"}}},\"2\":\"\"}}','2015-02-23 18:01:20','2015-02-23 18:01:20','32e8cbeb-93b4-44c6-bc1e-6e582e6fb378'),(82,35,4,4,'en_us',8,'','{\"typeId\":\"4\",\"authorId\":\"4\",\"title\":\"Sample Story 1\",\"slug\":\"sample-story-1\",\"postDate\":1424217600,\"expiryDate\":null,\"enabled\":1,\"fields\":{\"174\":[\"82\"],\"87\":[\"38\"],\"83\":{\"37\":{\"type\":\"relatedEntries\",\"enabled\":\"1\",\"fields\":{\"relatedResources\":[\"7\"],\"relatedEvents\":\"\",\"relatedProgramsServices\":\"\"}}},\"67\":{\"36\":{\"type\":\"storyInfoBlock\",\"enabled\":\"1\",\"fields\":{\"storyHeaderImage\":\"\",\"storySubtitle\":\"The Gripping Tale of How I Tested Adding a Story\",\"storyText\":\"<p>Lorem ipsum dolor sit amet, ius ex putent euripidis assentior, nec munere omnium accumsan eu, eam case aliquam nusquam ne. Eruditi corpora eu eum, ei mei malis scripserit. Porro quaestio efficiendi vis ad. Mel in audiam appellantur, ludus omittantur ut eam. No iusto consulatu mel, vel an wisi assum possim, accumsan invenire atomorum eum eu.<\\/p><p>Ne vidit vocibus referrentur ius, ne graeci electram vis. <em>Augue fuisset ut cum. <\\/em>Nibh meliore quo et. Ad nec sumo essent liberavisse, id eam modo scaevola. Has nostrud ullamcorper ea. Nec et purto lucilius. Ne nisl oportere eos, nec dicta phaedrum no.<\\/p><p><strong>Te duo scripta apeirian atomorum<\\/strong>, ad duo alii veniam tibique. Ne his oratio regione, ea duo ornatus sententiae repudiandae. Te vix mazim putant, reque voluptua sea ne. Graece delicata definitiones usu cu, in mei apeirian elaboraret. Alii dolores sed et, quas vocibus pri at.<\\/p><ul><li>An vis dictas timeam necessitatibus, est eu choro nullam laoreet. <\\/li><li>Eos in elitr copiosae, tation dolores detracto id qui, eum inani denique te. <\\/li><li>Id per porro graecis, quo repudiare iracundia interpretaris no. <\\/li><li>An ridens facilisis nec, eos eu soluta persequeris repudiandae, sonet nihil doctus per cu. <\\/li><li>Cu eos explicari pertinacia, cum te autem saepe.<\\/li><\\/ul><p>Clita omnesque per et. Pri vitae debitis voluptua et. Est nulla vidisse sanctus eu, veritus iracundia ius no. Usu posse definiebas an, quo odio rebum euismod id, eu commodo minimum partiendo cum. Mel etiam nusquam placerat id, in est modus liber vituperata. Eum postea conclusionemque at, vel iusto ludus facilisis ei.<\\/p><p>Qui tation nostrud an, ex pri amet pericula. Mazim postea deserunt vim ne, quo an dicant insolens deserunt. Ea ius modo natum eruditi, et est iudico suavitate suscipiantur, omnes convenire voluptatum in per. Ut nec suas diceret referrentur. Pro ex equidem propriae, ius recteque salutandi sadipscing in, id ipsum lucilius reprehendunt qui. Cu magna impedit menandri mea, has ex cetero nusquam, novum iriure legendos sea ut. Pri utamur iisque commune ut, vero hendrerit repudiandae ea per.<\\/p><p>Eu eum virtute quaeque accommodare. Ex homero nonumy nec, no idque quodsi sed, veri adhuc oblique mea no. Ullamcorper intellegebat conclusionemque in eos. Dicta dissentias ne sea. Mea primis dictas ei.<\\/p>\",\"additionalImages\":\"\",\"accentText\":\"I\'m testing accent text!\",\"relevantLink\":\"tgp.d-i.co\"}},\"92\":{\"type\":\"excerptBlock\",\"enabled\":\"1\",\"fields\":{\"storyExcerpt\":\"Lorem ipsum dolor sit amet, ius ex putent euripidis assentior, nec munere omnium accumsan eu, eam case aliquam nusquam ne. Eruditi corpora eu eum, ei mei malis scripserit. Porro quaestio efficiendi vis ad.\",\"storyBlockImage\":\"\"}}},\"2\":\"\"}}','2015-02-23 18:18:57','2015-02-23 18:18:57','551009ba-bcc7-4593-b820-712d767360d6'),(83,35,4,4,'en_us',9,'','{\"typeId\":\"4\",\"authorId\":\"4\",\"title\":\"Sample Story 1\",\"slug\":\"sample-story-1\",\"postDate\":1424217600,\"expiryDate\":null,\"enabled\":1,\"fields\":{\"174\":[\"82\"],\"87\":[\"38\"],\"83\":{\"37\":{\"type\":\"relatedEntries\",\"enabled\":\"1\",\"fields\":{\"relatedResources\":[\"7\"],\"relatedEvents\":\"\",\"relatedProgramsServices\":\"\"}}},\"67\":{\"36\":{\"type\":\"storyInfoBlock\",\"enabled\":\"1\",\"fields\":{\"storyHeaderImage\":\"\",\"storySubtitle\":\"The Gripping Tale of How I Tested Adding a Story\",\"storyText\":\"<p>Lorem ipsum dolor sit amet, ius ex putent euripidis assentior, nec munere omnium accumsan eu, eam case aliquam nusquam ne. Eruditi corpora eu eum, ei mei malis scripserit. Porro quaestio efficiendi vis ad. Mel in audiam appellantur, ludus omittantur ut eam. No iusto consulatu mel, vel an wisi assum possim, accumsan invenire atomorum eum eu.<\\/p><p>Ne vidit vocibus referrentur ius, ne graeci electram vis. <em>Augue fuisset ut cum. <\\/em>Nibh meliore quo et. Ad nec sumo essent liberavisse, id eam modo scaevola. Has nostrud ullamcorper ea. Nec et purto lucilius. Ne nisl oportere eos, nec dicta phaedrum no.<\\/p><p><strong>Te duo scripta apeirian atomorum<\\/strong>, ad duo alii veniam tibique. Ne his oratio regione, ea duo ornatus sententiae repudiandae. Te vix mazim putant, reque voluptua sea ne. Graece delicata definitiones usu cu, in mei apeirian elaboraret. Alii dolores sed et, quas vocibus pri at.<\\/p><ul><li>An vis dictas timeam necessitatibus, est eu choro nullam laoreet. <\\/li><li>Eos in elitr copiosae, tation dolores detracto id qui, eum inani denique te. <\\/li><li>Id per porro graecis, quo repudiare iracundia interpretaris no. <\\/li><li>An ridens facilisis nec, eos eu soluta persequeris repudiandae, sonet nihil doctus per cu. <\\/li><li>Cu eos explicari pertinacia, cum te autem saepe.<\\/li><\\/ul><p>Clita omnesque per et. Pri vitae debitis voluptua et. Est nulla vidisse sanctus eu, veritus iracundia ius no. Usu posse definiebas an, quo odio rebum euismod id, eu commodo minimum partiendo cum. Mel etiam nusquam placerat id, in est modus liber vituperata. Eum postea conclusionemque at, vel iusto ludus facilisis ei.<\\/p><p>Qui tation nostrud an, ex pri amet pericula. Mazim postea deserunt vim ne, quo an dicant insolens deserunt. Ea ius modo natum eruditi, et est iudico suavitate suscipiantur, omnes convenire voluptatum in per. Ut nec suas diceret referrentur. Pro ex equidem propriae, ius recteque salutandi sadipscing in, id ipsum lucilius reprehendunt qui. Cu magna impedit menandri mea, has ex cetero nusquam, novum iriure legendos sea ut. Pri utamur iisque commune ut, vero hendrerit repudiandae ea per.<\\/p><p>Eu eum virtute quaeque accommodare. Ex homero nonumy nec, no idque quodsi sed, veri adhuc oblique mea no. Ullamcorper intellegebat conclusionemque in eos. Dicta dissentias ne sea. Mea primis dictas ei.<\\/p>\",\"additionalImages\":\"\",\"accentText\":\"I\'m testing accent text!\",\"relevantLink\":\"tgp.d-i.co\"}},\"92\":{\"type\":\"excerptBlock\",\"enabled\":\"1\",\"fields\":{\"storyExcerpt\":\"Lorem ipsum dolor sit amet, ius ex putent euripidis assentior, nec munere omnium accumsan eu, eam case aliquam nusquam ne. Eruditi corpora eu eum, ei mei malis scripserit. Porro quaestio efficiendi vis ad.\",\"storyBlockImage\":\"\"}}},\"2\":\"\"}}','2015-02-23 18:50:46','2015-02-23 18:50:46','a04dc985-f9fa-413c-9b38-8acb2c77b9e6'),(84,35,4,4,'en_us',10,'','{\"typeId\":\"4\",\"authorId\":\"4\",\"title\":\"Sample Story 1\",\"slug\":\"sample-story-1\",\"postDate\":1424217600,\"expiryDate\":null,\"enabled\":1,\"fields\":{\"174\":[\"82\"],\"177\":\"\",\"175\":\"\",\"176\":\"\",\"144\":\"\",\"87\":[\"38\"],\"67\":{\"36\":{\"type\":\"storyInfoBlock\",\"enabled\":\"1\",\"fields\":{\"storyHeaderImage\":[\"97\"],\"storySubtitle\":\"The Gripping Tale of How I Tested Adding a Story\",\"storyText\":\"<p>Lorem ipsum dolor sit amet, ius ex putent euripidis assentior, nec munere omnium accumsan eu, eam case aliquam nusquam ne. Eruditi corpora eu eum, ei mei malis scripserit. Porro quaestio efficiendi vis ad. Mel in audiam appellantur, ludus omittantur ut eam. No iusto consulatu mel, vel an wisi assum possim, accumsan invenire atomorum eum eu.<\\/p><p>Ne vidit vocibus referrentur ius, ne graeci electram vis. <em>Augue fuisset ut cum. <\\/em>Nibh meliore quo et. Ad nec sumo essent liberavisse, id eam modo scaevola. Has nostrud ullamcorper ea. Nec et purto lucilius. Ne nisl oportere eos, nec dicta phaedrum no.<\\/p><p><strong>Te duo scripta apeirian atomorum<\\/strong>, ad duo alii veniam tibique. Ne his oratio regione, ea duo ornatus sententiae repudiandae. Te vix mazim putant, reque voluptua sea ne. Graece delicata definitiones usu cu, in mei apeirian elaboraret. Alii dolores sed et, quas vocibus pri at.<\\/p><ul><li>An vis dictas timeam necessitatibus, est eu choro nullam laoreet. <\\/li><li>Eos in elitr copiosae, tation dolores detracto id qui, eum inani denique te. <\\/li><li>Id per porro graecis, quo repudiare iracundia interpretaris no. <\\/li><li>An ridens facilisis nec, eos eu soluta persequeris repudiandae, sonet nihil doctus per cu. <\\/li><li>Cu eos explicari pertinacia, cum te autem saepe.<\\/li><\\/ul><p>Clita omnesque per et. Pri vitae debitis voluptua et. Est nulla vidisse sanctus eu, veritus iracundia ius no. Usu posse definiebas an, quo odio rebum euismod id, eu commodo minimum partiendo cum. Mel etiam nusquam placerat id, in est modus liber vituperata. Eum postea conclusionemque at, vel iusto ludus facilisis ei.<\\/p><p>Qui tation nostrud an, ex pri amet pericula. Mazim postea deserunt vim ne, quo an dicant insolens deserunt. Ea ius modo natum eruditi, et est iudico suavitate suscipiantur, omnes convenire voluptatum in per. Ut nec suas diceret referrentur. Pro ex equidem propriae, ius recteque salutandi sadipscing in, id ipsum lucilius reprehendunt qui. Cu magna impedit menandri mea, has ex cetero nusquam, novum iriure legendos sea ut. Pri utamur iisque commune ut, vero hendrerit repudiandae ea per.<\\/p><p>Eu eum virtute quaeque accommodare. Ex homero nonumy nec, no idque quodsi sed, veri adhuc oblique mea no. Ullamcorper intellegebat conclusionemque in eos. Dicta dissentias ne sea. Mea primis dictas ei.<\\/p>\",\"additionalImages\":\"\",\"accentText\":\"I\'m testing accent text!\",\"relevantLink\":\"tgp.d-i.co\"}},\"92\":{\"type\":\"excerptBlock\",\"enabled\":\"1\",\"fields\":{\"storyExcerpt\":\"Lorem ipsum dolor sit amet, ius ex putent euripidis assentior, nec munere omnium accumsan eu, eam case aliquam nusquam ne. Eruditi corpora eu eum, ei mei malis scripserit. Porro quaestio efficiendi vis ad.\",\"storyBlockImage\":\"\"}}},\"2\":\"\"}}','2015-02-23 19:06:09','2015-02-23 19:06:09','2582ae6a-5a08-4276-8a6f-959a92ad7cdc'),(85,35,4,4,'en_us',11,'','{\"typeId\":\"4\",\"authorId\":\"4\",\"title\":\"Sample Story 1\",\"slug\":\"sample-story-1\",\"postDate\":1424217600,\"expiryDate\":null,\"enabled\":1,\"fields\":{\"174\":[\"82\"],\"177\":\"\",\"175\":\"\",\"176\":\"\",\"144\":\"\",\"87\":[\"38\"],\"67\":{\"36\":{\"type\":\"storyInfoBlock\",\"enabled\":\"1\",\"fields\":{\"storyHeaderImage\":[\"97\"],\"storySubtitle\":\"The Gripping Tale of How I Tested Adding a Story\",\"storyText\":\"<p>Lorem ipsum dolor sit amet, ius ex putent euripidis assentior, nec munere omnium accumsan eu, eam case aliquam nusquam ne. Eruditi corpora eu eum, ei mei malis scripserit. Porro quaestio efficiendi vis ad. Mel in audiam appellantur, ludus omittantur ut eam. No iusto consulatu mel, vel an wisi assum possim, accumsan invenire atomorum eum eu.<\\/p><p>Ne vidit vocibus referrentur ius, ne graeci electram vis. <em>Augue fuisset ut cum. <\\/em>Nibh meliore quo et. Ad nec sumo essent liberavisse, id eam modo scaevola. Has nostrud ullamcorper ea. Nec et purto lucilius. Ne nisl oportere eos, nec dicta phaedrum no.<\\/p><p><strong>Te duo scripta apeirian atomorum<\\/strong>, ad duo alii veniam tibique. Ne his oratio regione, ea duo ornatus sententiae repudiandae. Te vix mazim putant, reque voluptua sea ne. Graece delicata definitiones usu cu, in mei apeirian elaboraret. Alii dolores sed et, quas vocibus pri at.<\\/p><ul><li>An vis dictas timeam necessitatibus, est eu choro nullam laoreet. <\\/li><li>Eos in elitr copiosae, tation dolores detracto id qui, eum inani denique te. <\\/li><li>Id per porro graecis, quo repudiare iracundia interpretaris no. <\\/li><li>An ridens facilisis nec, eos eu soluta persequeris repudiandae, sonet nihil doctus per cu. <\\/li><li>Cu eos explicari pertinacia, cum te autem saepe.<\\/li><\\/ul><p>Clita omnesque per et. Pri vitae debitis voluptua et. Est nulla vidisse sanctus eu, veritus iracundia ius no. Usu posse definiebas an, quo odio rebum euismod id, eu commodo minimum partiendo cum. Mel etiam nusquam placerat id, in est modus liber vituperata. Eum postea conclusionemque at, vel iusto ludus facilisis ei.<\\/p><p>Qui tation nostrud an, ex pri amet pericula. Mazim postea deserunt vim ne, quo an dicant insolens deserunt. Ea ius modo natum eruditi, et est iudico suavitate suscipiantur, omnes convenire voluptatum in per. Ut nec suas diceret referrentur. Pro ex equidem propriae, ius recteque salutandi sadipscing in, id ipsum lucilius reprehendunt qui. Cu magna impedit menandri mea, has ex cetero nusquam, novum iriure legendos sea ut. Pri utamur iisque commune ut, vero hendrerit repudiandae ea per.<\\/p><p>Eu eum virtute quaeque accommodare. Ex homero nonumy nec, no idque quodsi sed, veri adhuc oblique mea no. Ullamcorper intellegebat conclusionemque in eos. Dicta dissentias ne sea. Mea primis dictas ei.<\\/p>\",\"additionalImages\":\"\",\"accentText\":\"I\'m testing accent text!\",\"relevantLink\":\"tgp.d-i.co\"}},\"92\":{\"type\":\"excerptBlock\",\"enabled\":\"1\",\"fields\":{\"storyExcerpt\":\"Lorem ipsum dolor sit amet, ius ex putent euripidis assentior, nec munere omnium accumsan eu, eam case aliquam nusquam ne. Eruditi corpora eu eum, ei mei malis scripserit. Porro quaestio efficiendi vis ad.\",\"storyBlockImage\":\"\"}}},\"2\":\"\"}}','2015-02-23 20:09:25','2015-02-23 20:09:25','b465fa2f-d9c5-4b47-9080-55c954646b4b'),(86,35,4,4,'en_us',12,'','{\"typeId\":\"4\",\"authorId\":\"4\",\"title\":\"Sample Story 1\",\"slug\":\"sample-story-1\",\"postDate\":1424217600,\"expiryDate\":null,\"enabled\":1,\"fields\":{\"174\":[\"82\"],\"177\":\"\",\"175\":\"\",\"176\":\"\",\"144\":[\"7\"],\"87\":[\"38\"],\"67\":{\"36\":{\"type\":\"storyInfoBlock\",\"enabled\":\"1\",\"fields\":{\"storyHeaderImage\":[\"97\"],\"storySubtitle\":\"The Gripping Tale of How I Tested Adding a Story\",\"storyText\":\"<p>Lorem ipsum dolor sit amet, ius ex putent euripidis assentior, nec munere omnium accumsan eu, eam case aliquam nusquam ne. Eruditi corpora eu eum, ei mei malis scripserit. Porro quaestio efficiendi vis ad. Mel in audiam appellantur, ludus omittantur ut eam. No iusto consulatu mel, vel an wisi assum possim, accumsan invenire atomorum eum eu.<\\/p><p>Ne vidit vocibus referrentur ius, ne graeci electram vis. <em>Augue fuisset ut cum. <\\/em>Nibh meliore quo et. Ad nec sumo essent liberavisse, id eam modo scaevola. Has nostrud ullamcorper ea. Nec et purto lucilius. Ne nisl oportere eos, nec dicta phaedrum no.<\\/p><p><strong>Te duo scripta apeirian atomorum<\\/strong>, ad duo alii veniam tibique. Ne his oratio regione, ea duo ornatus sententiae repudiandae. Te vix mazim putant, reque voluptua sea ne. Graece delicata definitiones usu cu, in mei apeirian elaboraret. Alii dolores sed et, quas vocibus pri at.<\\/p><ul><li>An vis dictas timeam necessitatibus, est eu choro nullam laoreet. <\\/li><li>Eos in elitr copiosae, tation dolores detracto id qui, eum inani denique te. <\\/li><li>Id per porro graecis, quo repudiare iracundia interpretaris no. <\\/li><li>An ridens facilisis nec, eos eu soluta persequeris repudiandae, sonet nihil doctus per cu. <\\/li><li>Cu eos explicari pertinacia, cum te autem saepe.<\\/li><\\/ul><p>Clita omnesque per et. Pri vitae debitis voluptua et. Est nulla vidisse sanctus eu, veritus iracundia ius no. Usu posse definiebas an, quo odio rebum euismod id, eu commodo minimum partiendo cum. Mel etiam nusquam placerat id, in est modus liber vituperata. Eum postea conclusionemque at, vel iusto ludus facilisis ei.<\\/p><p>Qui tation nostrud an, ex pri amet pericula. Mazim postea deserunt vim ne, quo an dicant insolens deserunt. Ea ius modo natum eruditi, et est iudico suavitate suscipiantur, omnes convenire voluptatum in per. Ut nec suas diceret referrentur. Pro ex equidem propriae, ius recteque salutandi sadipscing in, id ipsum lucilius reprehendunt qui. Cu magna impedit menandri mea, has ex cetero nusquam, novum iriure legendos sea ut. Pri utamur iisque commune ut, vero hendrerit repudiandae ea per.<\\/p><p>Eu eum virtute quaeque accommodare. Ex homero nonumy nec, no idque quodsi sed, veri adhuc oblique mea no. Ullamcorper intellegebat conclusionemque in eos. Dicta dissentias ne sea. Mea primis dictas ei.<\\/p>\",\"additionalImages\":\"\",\"accentText\":\"I\'m testing accent text!\",\"relevantLink\":\"tgp.d-i.co\"}},\"92\":{\"type\":\"excerptBlock\",\"enabled\":\"1\",\"fields\":{\"storyExcerpt\":\"Lorem ipsum dolor sit amet, ius ex putent euripidis assentior, nec munere omnium accumsan eu, eam case aliquam nusquam ne. Eruditi corpora eu eum, ei mei malis scripserit. Porro quaestio efficiendi vis ad.\",\"storyBlockImage\":\"\"}}},\"2\":\"\"}}','2015-02-23 22:04:52','2015-02-23 22:04:52','f8305646-6806-4ff1-b3ae-658f60cb307a'),(87,98,5,4,'en_us',1,'','{\"typeId\":null,\"authorId\":\"4\",\"title\":\"Sample Resource 1\",\"slug\":\"sample-resource-1\",\"postDate\":1424730574,\"expiryDate\":null,\"enabled\":1,\"fields\":{\"9\":{\"new1\":{\"type\":\"resourceName\",\"enabled\":\"1\",\"fields\":{\"placeholdername\":\"\"}}},\"47\":\"\"}}','2015-02-23 22:29:34','2015-02-23 22:29:34','8b4db4a6-6f17-45b5-9e87-6934535cd931'),(88,100,5,4,'en_us',1,'','{\"typeId\":null,\"authorId\":\"4\",\"title\":\"Sample Resource 2\",\"slug\":\"sample-resource-2\",\"postDate\":1424730582,\"expiryDate\":null,\"enabled\":1,\"fields\":{\"9\":\"\",\"47\":\"\"}}','2015-02-23 22:29:42','2015-02-23 22:29:42','8e35724e-0b90-4171-9747-7088950bdc0e'),(89,101,5,4,'en_us',1,'','{\"typeId\":null,\"authorId\":\"4\",\"title\":\"Sample Resource 3\",\"slug\":\"sample-resource-3\",\"postDate\":1424730591,\"expiryDate\":null,\"enabled\":1,\"fields\":{\"9\":\"\",\"47\":\"\"}}','2015-02-23 22:29:51','2015-02-23 22:29:51','541ab411-9322-4728-b557-1b54864ffc57'),(90,102,5,4,'en_us',1,'','{\"typeId\":null,\"authorId\":\"4\",\"title\":\"Sample Resource 4\",\"slug\":\"sample-resource-4\",\"postDate\":1424730604,\"expiryDate\":null,\"enabled\":1,\"fields\":{\"9\":\"\",\"47\":\"\"}}','2015-02-23 22:30:05','2015-02-23 22:30:05','6c923e90-c9e1-4710-9729-9a9282f7c5a0'),(91,103,5,4,'en_us',1,'','{\"typeId\":null,\"authorId\":\"4\",\"title\":\"Sample Resource 5\",\"slug\":\"sample-resource-5\",\"postDate\":1424730611,\"expiryDate\":null,\"enabled\":1,\"fields\":{\"9\":\"\",\"47\":\"\"}}','2015-02-23 22:30:11','2015-02-23 22:30:11','3d45c9e0-1cc8-42bf-99a0-da78ab129b00'),(92,104,5,4,'en_us',1,'','{\"typeId\":null,\"authorId\":\"4\",\"title\":\"Sample Resource 6\",\"slug\":\"sample-resource-6\",\"postDate\":1424730617,\"expiryDate\":null,\"enabled\":1,\"fields\":{\"9\":\"\",\"47\":\"\"}}','2015-02-23 22:30:17','2015-02-23 22:30:17','c73ee120-6898-47d3-b522-217532b7d1d6'),(93,98,5,4,'en_us',2,'','{\"typeId\":\"5\",\"authorId\":\"4\",\"title\":\"Sample Resource 1\",\"slug\":\"sample-resource-1\",\"postDate\":1424730540,\"expiryDate\":null,\"enabled\":1,\"fields\":{\"174\":[\"82\"],\"9\":{\"99\":{\"type\":\"resourceName\",\"enabled\":\"1\",\"fields\":{\"placeholdername\":\"\"}}},\"47\":\"\"}}','2015-02-23 22:31:33','2015-02-23 22:31:33','74696e1a-7f7e-4aec-984b-73f5eddb8b11'),(94,100,5,4,'en_us',2,'','{\"typeId\":\"5\",\"authorId\":\"4\",\"title\":\"Sample Resource 2\",\"slug\":\"sample-resource-2\",\"postDate\":1424730540,\"expiryDate\":null,\"enabled\":1,\"fields\":{\"174\":[\"83\"],\"9\":\"\",\"47\":\"\"}}','2015-02-23 22:31:44','2015-02-23 22:31:44','26cd6f9f-c7e4-49ca-8d3f-c51bc1cd4858'),(95,101,5,4,'en_us',2,'','{\"typeId\":\"5\",\"authorId\":\"4\",\"title\":\"Sample Resource 3\",\"slug\":\"sample-resource-3\",\"postDate\":1424730540,\"expiryDate\":null,\"enabled\":1,\"fields\":{\"174\":[\"84\"],\"9\":\"\",\"47\":\"\"}}','2015-02-23 22:31:53','2015-02-23 22:31:53','58a5aace-c9a0-4702-9a31-934104e4be11'),(96,104,5,4,'en_us',2,'','{\"typeId\":\"5\",\"authorId\":\"4\",\"title\":\"Sample Resource 6\",\"slug\":\"sample-resource-6\",\"postDate\":1424730600,\"expiryDate\":null,\"enabled\":1,\"fields\":{\"174\":[\"82\"],\"9\":\"\",\"47\":\"\"}}','2015-02-23 22:32:07','2015-02-23 22:32:07','3ef026bb-1509-492c-b29b-646448450cd4'),(97,103,5,4,'en_us',2,'','{\"typeId\":\"5\",\"authorId\":\"4\",\"title\":\"Sample Resource 5\",\"slug\":\"sample-resource-5\",\"postDate\":1424730600,\"expiryDate\":null,\"enabled\":1,\"fields\":{\"174\":[\"83\"],\"9\":\"\",\"47\":\"\"}}','2015-02-23 22:32:24','2015-02-23 22:32:24','fbcd994a-c5f4-4c92-9596-e365c50fc1b6'),(98,35,4,4,'en_us',13,'','{\"typeId\":\"4\",\"authorId\":\"4\",\"title\":\"Sample Story 1\",\"slug\":\"sample-story-1\",\"postDate\":1424217600,\"expiryDate\":null,\"enabled\":1,\"fields\":{\"174\":[\"82\"],\"177\":\"\",\"175\":\"\",\"176\":\"\",\"144\":[\"7\"],\"87\":[\"38\"],\"67\":{\"36\":{\"type\":\"storyInfoBlock\",\"enabled\":\"1\",\"fields\":{\"storyHeaderImage\":[\"97\"],\"storySubtitle\":\"The Gripping Tale of How I Tested Adding a Story\",\"storyText\":\"<p>Lorem ipsum dolor sit amet, ius ex putent euripidis assentior, nec munere omnium accumsan eu, eam case aliquam nusquam ne. Eruditi corpora eu eum, ei mei malis scripserit. Porro quaestio efficiendi vis ad. Mel in audiam appellantur, ludus omittantur ut eam. No iusto consulatu mel, vel an wisi assum possim, accumsan invenire atomorum eum eu.<\\/p><p>Ne vidit vocibus referrentur ius, ne graeci electram vis. <em>Augue fuisset ut cum. <\\/em>Nibh meliore quo et. Ad nec sumo essent liberavisse, id eam modo scaevola. Has nostrud ullamcorper ea. Nec et purto lucilius. Ne nisl oportere eos, nec dicta phaedrum no.<\\/p><p><strong>Te duo scripta apeirian atomorum<\\/strong>, ad duo alii veniam tibique. Ne his oratio regione, ea duo ornatus sententiae repudiandae. Te vix mazim putant, reque voluptua sea ne. Graece delicata definitiones usu cu, in mei apeirian elaboraret. Alii dolores sed et, quas vocibus pri at.<\\/p><ul><li>An vis dictas timeam necessitatibus, est eu choro nullam laoreet. <\\/li><li>Eos in elitr copiosae, tation dolores detracto id qui, eum inani denique te. <\\/li><li>Id per porro graecis, quo repudiare iracundia interpretaris no. <\\/li><li>An ridens facilisis nec, eos eu soluta persequeris repudiandae, sonet nihil doctus per cu. <\\/li><li>Cu eos explicari pertinacia, cum te autem saepe.<\\/li><\\/ul><p>Clita omnesque per et. Pri vitae debitis voluptua et. Est nulla vidisse sanctus eu, veritus iracundia ius no. Usu posse definiebas an, quo odio rebum euismod id, eu commodo minimum partiendo cum. Mel etiam nusquam placerat id, in est modus liber vituperata. Eum postea conclusionemque at, vel iusto ludus facilisis ei.<\\/p><p>Qui tation nostrud an, ex pri amet pericula. Mazim postea deserunt vim ne, quo an dicant insolens deserunt. Ea ius modo natum eruditi, et est iudico suavitate suscipiantur, omnes convenire voluptatum in per. Ut nec suas diceret referrentur. Pro ex equidem propriae, ius recteque salutandi sadipscing in, id ipsum lucilius reprehendunt qui. Cu magna impedit menandri mea, has ex cetero nusquam, novum iriure legendos sea ut. Pri utamur iisque commune ut, vero hendrerit repudiandae ea per.<\\/p><p>Eu eum virtute quaeque accommodare. Ex homero nonumy nec, no idque quodsi sed, veri adhuc oblique mea no. Ullamcorper intellegebat conclusionemque in eos. Dicta dissentias ne sea. Mea primis dictas ei.<\\/p>\",\"additionalImages\":\"\",\"accentText\":\"I\'m testing accent text!\",\"relevantLink\":\"tgp.d-i.co\"}},\"92\":{\"type\":\"excerptBlock\",\"enabled\":\"1\",\"fields\":{\"storyExcerpt\":\"Lorem ipsum dolor sit amet, ius ex putent euripidis assentior, nec munere omnium accumsan eu, eam case aliquam nusquam ne. Eruditi corpora eu eum, ei mei malis scripserit. Porro quaestio efficiendi vis ad.\",\"storyBlockImage\":\"\"}}},\"2\":\"\"}}','2015-02-24 20:32:37','2015-02-24 20:32:37','d71f107e-068e-46d6-9585-735c76a89cb2'),(99,35,4,4,'en_us',14,'','{\"typeId\":\"4\",\"authorId\":\"4\",\"title\":\"Sample Story 1\",\"slug\":\"sample-story-1\",\"postDate\":1424217600,\"expiryDate\":null,\"enabled\":1,\"fields\":{\"174\":[\"82\"],\"177\":\"\",\"175\":\"\",\"176\":\"\",\"144\":[\"7\"],\"87\":[\"38\"],\"67\":{\"36\":{\"type\":\"storyInfoBlock\",\"enabled\":\"1\",\"fields\":{\"storyHeaderImage\":[\"97\"],\"storySubtitle\":\"The Gripping Tale of How I Tested Adding a Story\",\"storyText\":\"<p>Lorem ipsum dolor sit amet, ius ex putent euripidis assentior, nec munere omnium accumsan eu, eam case aliquam nusquam ne. Eruditi corpora eu eum, ei mei malis scripserit. Porro quaestio efficiendi vis ad. Mel in audiam appellantur, ludus omittantur ut eam. No iusto consulatu mel, vel an wisi assum possim, accumsan invenire atomorum eum eu.<\\/p><p>Ne vidit vocibus referrentur ius, ne graeci electram vis. <em>Augue fuisset ut cum. <\\/em>Nibh meliore quo et. Ad nec sumo essent liberavisse, id eam modo scaevola. Has nostrud ullamcorper ea. Nec et purto lucilius. Ne nisl oportere eos, nec dicta phaedrum no.<\\/p><p><strong>Te duo scripta apeirian atomorum<\\/strong>, ad duo alii veniam tibique. Ne his oratio regione, ea duo ornatus sententiae repudiandae. Te vix mazim putant, reque voluptua sea ne. Graece delicata definitiones usu cu, in mei apeirian elaboraret. Alii dolores sed et, quas vocibus pri at.<\\/p><ul><li>An vis dictas timeam necessitatibus, est eu choro nullam laoreet. <\\/li><li>Eos in elitr copiosae, tation dolores detracto id qui, eum inani denique te. <\\/li><li>Id per porro graecis, quo repudiare iracundia interpretaris no. <\\/li><li>An ridens facilisis nec, eos eu soluta persequeris repudiandae, sonet nihil doctus per cu. <\\/li><li>Cu eos explicari pertinacia, cum te autem saepe.<\\/li><\\/ul><p>Clita omnesque per et. Pri vitae debitis voluptua et. Est nulla vidisse sanctus eu, veritus iracundia ius no. Usu posse definiebas an, quo odio rebum euismod id, eu commodo minimum partiendo cum. Mel etiam nusquam placerat id, in est modus liber vituperata. Eum postea conclusionemque at, vel iusto ludus facilisis ei.<\\/p><p>Qui tation nostrud an, ex pri amet pericula. Mazim postea deserunt vim ne, quo an dicant insolens deserunt. Ea ius modo natum eruditi, et est iudico suavitate suscipiantur, omnes convenire voluptatum in per. Ut nec suas diceret referrentur. Pro ex equidem propriae, ius recteque salutandi sadipscing in, id ipsum lucilius reprehendunt qui. Cu magna impedit menandri mea, has ex cetero nusquam, novum iriure legendos sea ut. Pri utamur iisque commune ut, vero hendrerit repudiandae ea per.<\\/p><p>Eu eum virtute quaeque accommodare. Ex homero nonumy nec, no idque quodsi sed, veri adhuc oblique mea no. Ullamcorper intellegebat conclusionemque in eos. Dicta dissentias ne sea. Mea primis dictas ei.<\\/p>\",\"additionalImages\":\"\",\"accentText\":\"I\'m testing accent text!\",\"relevantLink\":\"http:\\/\\/tgp.d-i.co\"}},\"92\":{\"type\":\"excerptBlock\",\"enabled\":\"1\",\"fields\":{\"storyExcerpt\":\"Lorem ipsum dolor sit amet, ius ex putent euripidis assentior, nec munere omnium accumsan eu, eam case aliquam nusquam ne. Eruditi corpora eu eum, ei mei malis scripserit. Porro quaestio efficiendi vis ad.\",\"storyBlockImage\":\"\"}}},\"2\":\"\"}}','2015-02-24 20:46:32','2015-02-24 20:46:32','bf63fda1-9ddc-4862-aa0a-fdef2a549f43'),(100,105,17,4,'en_us',1,'','{\"typeId\":null,\"authorId\":\"4\",\"title\":\"Council Member\",\"slug\":\"council-member\",\"postDate\":1424889630,\"expiryDate\":null,\"enabled\":1,\"fields\":{\"182\":\"University Hospitals\",\"179\":\"Wendy Miano, DNP, RN, AOCN\",\"180\":\"\",\"181\":\"\"}}','2015-02-25 18:40:30','2015-02-25 18:40:30','fe7abdc3-f9da-4de3-bec6-73bfc121a701'),(101,106,17,4,'en_us',1,'','{\"typeId\":null,\"authorId\":\"4\",\"title\":\"Council Member\",\"slug\":\"council-member\",\"postDate\":1424889659,\"expiryDate\":null,\"enabled\":1,\"fields\":{\"182\":\"Akron Children\'s Hospital\",\"179\":\"Laura Rocker, MD\",\"180\":\"Chair\",\"181\":\"\"}}','2015-02-25 18:40:59','2015-02-25 18:40:59','9414e800-6d11-4ef7-b323-00947b45371d'),(102,105,17,4,'en_us',2,'','{\"typeId\":\"19\",\"authorId\":\"4\",\"title\":\"Council Member\",\"slug\":\"council-member\",\"postDate\":1424889600,\"expiryDate\":null,\"enabled\":1,\"fields\":{\"182\":\"University Hospitals\",\"179\":\"Wendy Miano, DNP, RN, AOCN\",\"180\":\"\",\"181\":\"\"}}','2015-02-25 18:54:32','2015-02-25 18:54:32','13e046eb-8205-4ad6-aa26-d5b2cc7daeb8'),(103,107,17,4,'en_us',1,'','{\"typeId\":null,\"authorId\":\"4\",\"title\":\"Council Member\",\"slug\":\"council-member\",\"postDate\":1424891654,\"expiryDate\":null,\"enabled\":1,\"fields\":{\"182\":\"[workplace needed]\",\"179\":\"Cynthia Greenberg\",\"180\":\"\",\"181\":\"1\"}}','2015-02-25 19:14:14','2015-02-25 19:14:14','f600bd4c-d888-4c9c-b770-87a5d3360a17'),(104,38,4,4,'en_us',5,'','{\"typeId\":\"4\",\"authorId\":\"4\",\"title\":\"Sample Story 2\",\"slug\":\"sample-story-2\",\"postDate\":1424304000,\"expiryDate\":null,\"enabled\":1,\"fields\":{\"174\":[\"83\"],\"177\":\"\",\"175\":\"\",\"176\":\"\",\"144\":\"\",\"87\":[\"35\"],\"67\":{\"39\":{\"type\":\"storyInfoBlock\",\"enabled\":\"1\",\"fields\":{\"storyHeaderImage\":[\"97\"],\"storySubtitle\":\"Electric Boogaloo\",\"storyText\":\"<p>Lorem ipsum dolor sit amet, ius ex putent euripidis assentior, nec munere omnium accumsan eu, eam case aliquam nusquam ne. Eruditi corpora eu eum, ei mei malis scripserit. Porro quaestio efficiendi vis ad. Mel in audiam appellantur, ludus omittantur ut eam. No iusto consulatu mel, vel an wisi assum possim, accumsan invenire atomorum eum eu.<\\/p><p>Ne vidit vocibus referrentur ius, ne graeci electram vis. <em>Augue fuisset ut cum. <\\/em>Nibh meliore quo et. Ad nec sumo essent liberavisse, id eam modo scaevola. Has nostrud ullamcorper ea. Nec et purto lucilius. Ne nisl oportere eos, nec dicta phaedrum no.<\\/p><p><strong>Te duo scripta apeirian atomorum<\\/strong>, ad duo alii veniam tibique. Ne his oratio regione, ea duo ornatus sententiae repudiandae. Te vix mazim putant, reque voluptua sea ne. Graece delicata definitiones usu cu, in mei apeirian elaboraret. Alii dolores sed et, quas vocibus pri at.<\\/p><ul><li>An vis dictas timeam necessitatibus, est eu choro nullam laoreet.<\\/li><li>Eos in elitr copiosae, tation dolores detracto id qui, eum inani denique te.<\\/li><li>Id per porro graecis, quo repudiare iracundia interpretaris no.<\\/li><li>An ridens facilisis nec, eos eu soluta persequeris repudiandae, sonet nihil doctus per cu.<\\/li><li>Cu eos explicari pertinacia, cum te autem saepe.<\\/li><\\/ul><p>Clita omnesque per et. Pri vitae debitis voluptua et. Est nulla vidisse sanctus eu, veritus iracundia ius no. Usu posse definiebas an, quo odio rebum euismod id, eu commodo minimum partiendo cum. Mel etiam nusquam placerat id, in est modus liber vituperata. Eum postea conclusionemque at, vel iusto ludus facilisis ei.<\\/p><p>Qui tation nostrud an, ex pri amet pericula. Mazim postea deserunt vim ne, quo an dicant insolens deserunt. Ea ius modo natum eruditi, et est iudico suavitate suscipiantur, omnes convenire voluptatum in per. Ut nec suas diceret referrentur. Pro ex equidem propriae, ius recteque salutandi sadipscing in, id ipsum lucilius reprehendunt qui. Cu magna impedit menandri mea, has ex cetero nusquam, novum iriure legendos sea ut. Pri utamur iisque commune ut, vero hendrerit repudiandae ea per.<\\/p><p>Eu eum virtute quaeque accommodare. Ex homero nonumy nec, no idque quodsi sed, veri adhuc oblique mea no. Ullamcorper intellegebat conclusionemque in eos. Dicta dissentias ne sea. Mea primis dictas ei.<\\/p>\",\"additionalImages\":\"\",\"accentText\":\"Eu eum virtute quaeque accommodare. Ex homero nonumy nec, no idque quodsi sed, veri adhuc oblique mea no. Ullamcorper intellegebat conclusionemque in eos. Dicta dissentias ne sea. Mea primis dictas ei.\",\"relevantLink\":\"http:\\/\\/\"}},\"95\":{\"type\":\"excerptBlock\",\"enabled\":\"1\",\"fields\":{\"storyExcerpt\":\"Ne vidit vocibus referrentur ius, ne graeci electram vis. Augue fuisset ut cum. Nibh meliore quo et. Ad nec sumo essent liberavisse, id eam modo scaevola. Has nostrud ullamcorper ea. Nec et purto lucilius. Ne nisl oportere eos, nec dicta phaedrum no.\",\"storyBlockImage\":\"\"}}},\"2\":\"\"}}','2015-02-25 22:14:30','2015-02-25 22:14:30','364f06d9-9e53-471c-a692-6bd1ed24ccba'),(105,35,4,4,'en_us',15,'','{\"typeId\":\"4\",\"authorId\":\"4\",\"title\":\"Sample Story 1\",\"slug\":\"sample-story-1\",\"postDate\":1424217600,\"expiryDate\":null,\"enabled\":1,\"fields\":{\"174\":[\"82\"],\"177\":\"\",\"175\":\"\",\"176\":\"\",\"144\":[\"7\"],\"87\":[\"38\"],\"67\":{\"36\":{\"type\":\"storyInfoBlock\",\"enabled\":\"1\",\"fields\":{\"storyHeaderImage\":[\"97\"],\"storySubtitle\":\"The Gripping Tale of How I Tested Adding a Story\",\"storyText\":\"<p>Lorem ipsum dolor sit amet, ius ex putent euripidis assentior, nec munere omnium accumsan eu, eam case aliquam nusquam ne. Eruditi corpora eu eum, ei mei malis scripserit. Porro quaestio efficiendi vis ad. Mel in audiam appellantur, ludus omittantur ut eam. No iusto consulatu mel, vel an wisi assum possim, accumsan invenire atomorum eum eu.<\\/p><p>Ne vidit vocibus referrentur ius, ne graeci electram vis. <em>Augue fuisset ut cum. <\\/em>Nibh meliore quo et. Ad nec sumo essent liberavisse, id eam modo scaevola. Has nostrud ullamcorper ea. Nec et purto lucilius. Ne nisl oportere eos, nec dicta phaedrum no.<\\/p><p><strong>Te duo scripta apeirian atomorum<\\/strong>, ad duo alii veniam tibique. Ne his oratio regione, ea duo ornatus sententiae repudiandae. Te vix mazim putant, reque voluptua sea ne. Graece delicata definitiones usu cu, in mei apeirian elaboraret. Alii dolores sed et, quas vocibus pri at.<\\/p><ul><li>An vis dictas timeam necessitatibus, est eu choro nullam laoreet. <\\/li><li>Eos in elitr copiosae, tation dolores detracto id qui, eum inani denique te. <\\/li><li>Id per porro graecis, quo repudiare iracundia interpretaris no. <\\/li><li>An ridens facilisis nec, eos eu soluta persequeris repudiandae, sonet nihil doctus per cu. <\\/li><li>Cu eos explicari pertinacia, cum te autem saepe.<\\/li><\\/ul><p>Clita omnesque per et. Pri vitae debitis voluptua et. Est nulla vidisse sanctus eu, veritus iracundia ius no. Usu posse definiebas an, quo odio rebum euismod id, eu commodo minimum partiendo cum. Mel etiam nusquam placerat id, in est modus liber vituperata. Eum postea conclusionemque at, vel iusto ludus facilisis ei.<\\/p><p>Qui tation nostrud an, ex pri amet pericula. Mazim postea deserunt vim ne, quo an dicant insolens deserunt. Ea ius modo natum eruditi, et est iudico suavitate suscipiantur, omnes convenire voluptatum in per. Ut nec suas diceret referrentur. Pro ex equidem propriae, ius recteque salutandi sadipscing in, id ipsum lucilius reprehendunt qui. Cu magna impedit menandri mea, has ex cetero nusquam, novum iriure legendos sea ut. Pri utamur iisque commune ut, vero hendrerit repudiandae ea per.<\\/p><p>Eu eum virtute quaeque accommodare. Ex homero nonumy nec, no idque quodsi sed, veri adhuc oblique mea no. Ullamcorper intellegebat conclusionemque in eos. Dicta dissentias ne sea. Mea primis dictas ei.<\\/p>\",\"additionalImages\":\"\",\"accentText\":\"I\'m testing accent text!\",\"relevantLink\":\"http:\\/\\/tgp.d-i.co\"}},\"92\":{\"type\":\"excerptBlock\",\"enabled\":\"1\",\"fields\":{\"storyExcerpt\":\"Lorem ipsum dolor sit amet, ius ex putent euripidis assentior, nec munere omnium accumsan eu, eam case aliquam nusquam ne. Eruditi corpora eu eum, ei mei malis scripserit. Porro quaestio efficiendi vis ad.\",\"storyBlockImage\":[\"97\"]}}},\"2\":\"\"}}','2015-02-25 22:16:22','2015-02-25 22:16:22','ef4b2722-7b94-4931-bab9-715fa45c607a'),(106,35,4,4,'en_us',16,'','{\"typeId\":\"4\",\"authorId\":\"4\",\"title\":\"Sample Story 1\",\"slug\":\"sample-story-1\",\"postDate\":1424217600,\"expiryDate\":null,\"enabled\":1,\"fields\":{\"174\":[\"82\"],\"177\":\"\",\"175\":\"\",\"176\":\"\",\"144\":[\"7\"],\"87\":[\"38\"],\"67\":{\"36\":{\"type\":\"storyInfoBlock\",\"enabled\":\"1\",\"fields\":{\"storyHeaderImage\":[\"97\"],\"storySubtitle\":\"The Gripping Tale of How I Tested Adding a Story\",\"storyText\":\"<p>Lorem ipsum dolor sit amet, ius ex putent euripidis assentior, nec munere omnium accumsan eu, eam case aliquam nusquam ne. Eruditi corpora eu eum, ei mei malis scripserit. Porro quaestio efficiendi vis ad. Mel in audiam appellantur, ludus omittantur ut eam. No iusto consulatu mel, vel an wisi assum possim, accumsan invenire atomorum eum eu.<\\/p><p>Ne vidit vocibus referrentur ius, ne graeci electram vis. <em>Augue fuisset ut cum. <\\/em>Nibh meliore quo et. Ad nec sumo essent liberavisse, id eam modo scaevola. Has nostrud ullamcorper ea. Nec et purto lucilius. Ne nisl oportere eos, nec dicta phaedrum no.<\\/p><p><strong>Te duo scripta apeirian atomorum<\\/strong>, ad duo alii veniam tibique. Ne his oratio regione, ea duo ornatus sententiae repudiandae. Te vix mazim putant, reque voluptua sea ne. Graece delicata definitiones usu cu, in mei apeirian elaboraret. Alii dolores sed et, quas vocibus pri at.<\\/p><ul><li>An vis dictas timeam necessitatibus, est eu choro nullam laoreet. <\\/li><li>Eos in elitr copiosae, tation dolores detracto id qui, eum inani denique te. <\\/li><li>Id per porro graecis, quo repudiare iracundia interpretaris no. <\\/li><li>An ridens facilisis nec, eos eu soluta persequeris repudiandae, sonet nihil doctus per cu. <\\/li><li>Cu eos explicari pertinacia, cum te autem saepe.<\\/li><\\/ul><p>Clita omnesque per et. Pri vitae debitis voluptua et. Est nulla vidisse sanctus eu, veritus iracundia ius no. Usu posse definiebas an, quo odio rebum euismod id, eu commodo minimum partiendo cum. Mel etiam nusquam placerat id, in est modus liber vituperata. Eum postea conclusionemque at, vel iusto ludus facilisis ei.<\\/p><p>Qui tation nostrud an, ex pri amet pericula. Mazim postea deserunt vim ne, quo an dicant insolens deserunt. Ea ius modo natum eruditi, et est iudico suavitate suscipiantur, omnes convenire voluptatum in per. Ut nec suas diceret referrentur. Pro ex equidem propriae, ius recteque salutandi sadipscing in, id ipsum lucilius reprehendunt qui. Cu magna impedit menandri mea, has ex cetero nusquam, novum iriure legendos sea ut. Pri utamur iisque commune ut, vero hendrerit repudiandae ea per.<\\/p><p>Eu eum virtute quaeque accommodare. Ex homero nonumy nec, no idque quodsi sed, veri adhuc oblique mea no. Ullamcorper intellegebat conclusionemque in eos. Dicta dissentias ne sea. Mea primis dictas ei.<\\/p>\",\"additionalImages\":\"\",\"accentText\":\"I\'m testing accent text!\",\"relevantLink\":\"http:\\/\\/tgp.d-i.co\"}},\"92\":{\"type\":\"excerptBlock\",\"enabled\":\"1\",\"fields\":{\"storyExcerpt\":\"Lorem ipsum dolor sit amet, ius ex putent euripidis assentior, nec munere omnium accumsan eu, eam case aliquam nusquam ne. Eruditi corpora eu eum, ei mei malis scripserit. Porro quaestio efficiendi vis ad.\",\"storyBlockImage\":[\"97\"]}}},\"2\":\"\"}}','2015-02-25 22:17:50','2015-02-25 22:17:50','8700cccb-5611-4edb-9818-9859007327b7'),(107,110,15,4,'en_us',1,'','{\"typeId\":null,\"authorId\":\"4\",\"title\":\"Staff\",\"slug\":\"staff\",\"postDate\":1424987028,\"expiryDate\":null,\"enabled\":1,\"fields\":{\"191\":\" Maecenas faucibus mollis interdum. Maecenas sed diam eget risus varius blandit sit amet non magna. Nullam quis risus eget urna mollis ornare vel eu leo. Nullam id dolor id nibh ultricies vehicula ut id elit.\",\"190\":\"Maecenas faucib nullam quis risus eget urna mollis ornare vel eu leo. Nullam id dolor id nibh ultricies vehicula ut id elit. Nulla vitae elit libero, a pharetra augue. Cum sociis natoque penatibus et magnis dis parturient montes, nascetur ridiculus mus. Sed posuere consectetur est at lobortis. Vivamus sagittis lacus vel augue laoreet rutrum faucibus dolor auctor.\",\"192\":\"aspidorf@touchedbycancer.org\",\"189\":[\"109\"],\"179\":\"Cheryl Aspidorf\",\"180\":\"Outreach Coordinator\",\"188\":\"MBA\"}}','2015-02-26 21:43:48','2015-02-26 21:43:48','d99bd7da-4b4b-4bd6-bb63-50f52717ba73'),(108,112,20,4,'en_us',1,'','{\"typeId\":null,\"authorId\":\"4\",\"title\":\"Board of Directors\",\"slug\":\"board-of-directors\",\"postDate\":1424989029,\"expiryDate\":null,\"enabled\":1,\"fields\":{\"182\":\"EMM Consulting\",\"189\":[\"109\"],\"179\":\"Emily Martin\",\"180\":\"Chair\",\"188\":\"\"}}','2015-02-26 22:17:09','2015-02-26 22:17:09','00dd2628-a0ca-46f7-aa05-f16e77b1d839'),(109,113,4,4,'en_us',1,'','{\"typeId\":null,\"authorId\":\"4\",\"title\":\"One Step Closer\",\"slug\":\"one-step-closer\",\"postDate\":1425052243,\"expiryDate\":null,\"enabled\":1,\"fields\":{\"174\":[\"82\"],\"177\":\"\",\"175\":[\"93\"],\"176\":[\"81\"],\"144\":[\"98\"],\"87\":[\"35\"],\"67\":{\"new1\":{\"type\":\"storyInfoBlock\",\"enabled\":\"1\",\"fields\":{\"storyHeaderImage\":[\"97\"],\"storySubtitle\":\"Emily Survives Cancer and Shaves for a Cure\",\"storyText\":\"<p>After trying everything to cure her cancer, Emily was given three months to live. Then something amazing happened \\u2014 her cancer went away. Read Emily\'s survival story and learn why she shaves her head to raise money for childhood cancer research. <\\/p><p>I was given three months to live. That was 17 years ago. <\\/p><p>At the age of 11, I was diagnosed with late-stage osteosarcoma of the spine and ribs. As is typical with bone cancers, I had been having pain for a couple of months. But it wasn\'t until I injured my knee rollerskating and went completely paralyzed from the waist down that doctors found a grapefruit-sized tumor that had grown into four ribs, around my spine, and into my lungs. <\\/p><p>They found it with a simple X-ray. <\\/p><p><strong>My doctors gave me slim chances of either beating cancer or of regaining my ability walk.<\\/strong> When given a choice of protocol, I decided to go with the big guns: chemotherapy, heavy radiation, a massive 24-hour surgery, and a randomized experimental therapeutic trial of a drug that was created by a veterinarian for use in animals. <\\/p><p>In surgery, doctors took out four of my ribs, half of four vertebrae, the lower lobe of my left lung, put in two sets of titanium rods, fused my entire spine, did bone grafts, and implanted radiated seeds in a gortex mesh.<\\/p><p><strong>The surgery was a success, taking only 18 hours instead of the projected 24 hours. And I came out of it without becoming paralyzed once more. Life was going well.<\\/strong> I was still reacting positively to chemotherapy and radiation, and we knew I was receiving the experimental drug and not a placebo due to my response. I was gaining strength through physical therapy and had learned to walk again with assistance of a walker and crutches.<\\/p><p><span><\\/span>And then it came. The call. The call where you end up in a windowless room with all your doctors and nurses and social workers. <strong>It\'s bad when you relapse. It\'s worse when you relapse while still on chemo. <\\/strong>I\'ll never forget that moment \\u2014 how sad my parents were, the shock on my brother\'s face. I still had options, but now the aim was to buy time, not a cure. <\\/p><p>Once again, I had a choice: more chemo or stop all treatments? I emphatically declined further treatments. I was at peace due to my personal faith and the faith I had in my doctors. I knew we had tried everything. I would take the three months they gave me and live. I would go to the top of Pike\'s Peak, see the Grand Canyon once more, celebrate my 21st birthday, go to prom, take one final vacation to Disney World, and spend my time with family and friends, watching as many sunrises and sunsets as I could along the way. Then a miracle happened. The metastasis in my lung went away during those three months, and I became cancer free. I choose to believe that a large part of my survival is due to the experimental treatment and having a team like the one I have. <\\/p><p><strong>My miracle is the biggest reason I am such a supporter of the St. Baldrick\'s-Stand Up to Cancer Pediatric Cancer Dream Team partnership. Kids need cures for cancer that don\'t ruin their bodies.<\\/strong> <\\/p><p>This miracle is why I\'ve shaved my head three times, and why I will shave again next year: <strong>With every head shaved, and every donation made, we are one step closer to better cancer treatments and finding cures for children like me and for all our friends. <\\/strong><\\/p>\",\"additionalImages\":\"\",\"accentText\":\"\\\"I still had options, but now the aim was to buy time, not for a cure.\\\"\",\"relevantLink\":\"http:\\/\\/\"}},\"new3\":{\"type\":\"excerptBlock\",\"enabled\":\"1\",\"fields\":{\"storyExcerpt\":\"After trying everything to cure her cancer, Emily was given three months to live. Then something amazing happened \\u2014 her cancer went away. Read Emily\'s survival story and learn why she shaves her head to raise money for childhood cancer research.\",\"storyBlockImage\":[\"109\"]}}},\"2\":\"\"}}','2015-02-27 15:50:43','2015-02-27 15:50:43','7f249647-8e1a-40e7-ae64-d103d4597c64'),(110,113,4,4,'en_us',2,'','{\"typeId\":\"4\",\"authorId\":\"4\",\"title\":\"One Step Closer\",\"slug\":\"one-step-closer\",\"postDate\":1425052200,\"expiryDate\":null,\"enabled\":1,\"fields\":{\"174\":[\"82\"],\"177\":\"\",\"175\":[\"93\"],\"176\":[\"81\"],\"144\":[\"98\"],\"87\":[\"35\"],\"67\":{\"114\":{\"type\":\"storyInfoBlock\",\"enabled\":\"1\",\"fields\":{\"storyHeaderImage\":[\"97\"],\"storySubtitle\":\"Emily Survives Cancer and Shaves for a Cure\",\"storyText\":\"<p>After trying everything to cure her cancer, Emily was given three months to live. Then something amazing happened \\u2014 her cancer went away. Read Emily\'s survival story and learn why she shaves her head to raise money for childhood cancer research. <\\/p><p>I was given three months to live. That was 17 years ago. <\\/p><p>At the age of 11, I was diagnosed with late-stage osteosarcoma of the spine and ribs. As is typical with bone cancers, I had been having pain for a couple of months. But it wasn\'t until I injured my knee rollerskating and went completely paralyzed from the waist down that doctors found a grapefruit-sized tumor that had grown into four ribs, around my spine, and into my lungs. <\\/p><p>They found it with a simple X-ray. <\\/p><p><strong>My doctors gave me slim chances of either beating cancer or of regaining my ability walk.<\\/strong> When given a choice of protocol, I decided to go with the big guns: chemotherapy, heavy radiation, a massive 24-hour surgery, and a randomized experimental therapeutic trial of a drug that was created by a veterinarian for use in animals. <\\/p><p>In surgery, doctors took out four of my ribs, half of four vertebrae, the lower lobe of my left lung, put in two sets of titanium rods, fused my entire spine, did bone grafts, and implanted radiated seeds in a gortex mesh.<\\/p><p><strong>The surgery was a success, taking only 18 hours instead of the projected 24 hours. And I came out of it without becoming paralyzed once more. Life was going well.<\\/strong> I was still reacting positively to chemotherapy and radiation, and we knew I was receiving the experimental drug and not a placebo due to my response. I was gaining strength through physical therapy and had learned to walk again with assistance of a walker and crutches.<\\/p><p>And then it came. The call. The call where you end up in a windowless room with all your doctors and nurses and social workers. <strong>It\'s bad when you relapse. It\'s worse when you relapse while still on chemo. <\\/strong>I\'ll never forget that moment \\u2014 how sad my parents were, the shock on my brother\'s face. I still had options, but now the aim was to buy time, not a cure. <\\/p><p>Once again, I had a choice: more chemo or stop all treatments? I emphatically declined further treatments. I was at peace due to my personal faith and the faith I had in my doctors. I knew we had tried everything. I would take the three months they gave me and live. I would go to the top of Pike\'s Peak, see the Grand Canyon once more, celebrate my 21st birthday, go to prom, take one final vacation to Disney World, and spend my time with family and friends, watching as many sunrises and sunsets as I could along the way. Then a miracle happened. The metastasis in my lung went away during those three months, and I became cancer free. I choose to believe that a large part of my survival is due to the experimental treatment and having a team like the one I have. <\\/p><p><strong>My miracle is the biggest reason I am such a supporter of the St. Baldrick\'s-Stand Up to Cancer Pediatric Cancer Dream Team partnership. Kids need cures for cancer that don\'t ruin their bodies.<\\/strong> <\\/p><p>This miracle is why I\'ve shaved my head three times, and why I will shave again next year: <strong>With every head shaved, and every donation made, we are one step closer to better cancer treatments and finding cures for children like me and for all our friends. <\\/strong><\\/p>\",\"additionalImages\":\"\",\"accentText\":\"\\\"I still had options, but now the aim was to buy time, not for a cure.\\\"\",\"relevantLink\":\"http:\\/\\/\"}},\"115\":{\"type\":\"excerptBlock\",\"enabled\":\"1\",\"fields\":{\"storyExcerpt\":\"After trying everything to cure her cancer, Emily was given three months to live. Then something amazing happened \\u2014 her cancer went away. Read Emily\'s survival story and learn why she shaves her head to raise money for childhood cancer research.\",\"storyBlockImage\":[\"109\"]}}},\"2\":\"\"}}','2015-02-27 16:08:41','2015-02-27 16:08:41','1bb02fe6-93e9-4ac9-be24-4854176fea9b'),(111,116,7,4,'en_us',1,'','{\"typeId\":null,\"authorId\":\"4\",\"title\":\"Art Therapy\",\"slug\":\"art-therapy\",\"postDate\":1425062721,\"expiryDate\":null,\"enabled\":1,\"fields\":{\"197\":\"\",\"184\":[\"97\"],\"177\":\"\",\"135\":\"<p>Pellentesque ornare sem lacinia quam venenatis vestibulum. Sed posuere consectetur est lobortis. Cras mattis consectetur purus sit amet fermentum. Donec id elit non mi porta gravida at eget metus. Praesent commodo cursus magna, vel scelerisque nisl consectetur et.<\\/p><p>Sed posuere consectetur est at lobortis. Integer posuere erat a ante venenatis dapibus posuere velit aliquet. Donec sed odio dui. Praesent commodo cursus magna, vel scelerisque nisl consectetur et. Nullam quis risus eget urna mollis ornare vel eu leo. Aenean eu leo quam. Pellentesque ornare sem lacinia quam venenatis. Donec ullamcorper nulla non metus auctor fringilla. Praesent commodo cursus magna, vel scelerisque nisl consectetur. <\\/p><p>Curabitur blandit tempus porttitor. Sed posuere consectetur est at lobortis. Donec sed odio dui. Nullam id dolor id nibh ultricies vehicula ut id elit. Nullam id dolor id nibh ultricies vehicula ut id elit. Etiam porta sem malesuada magna mollis euismod. Lorem ipsum dolor sit amet, consectetur adipiscing elit. Vestibulum id ligula porta felis euismod semper.Nulla vitae elit libero, a pharetra augue. Cum sociis natoque penatibus et magnis dis parturient montes, nascetur ridiculus mus. Vivamus sagittis lacus vel augue laoreet rutrum faucibus dolor auctor. Maecenas faucibus mollis interdum. Donec id elit non mi porta gravida at eget metus. <\\/p>\",\"175\":\"\",\"176\":\"\",\"144\":\"\",\"195\":[\"110\"],\"87\":\"\",\"194\":\"<p>Nulla vitae elit libero, a pharetra augue. Praesent commodo cursus magna, vel scelerisque nisl consectetur et. Morbi leo risus, porta ac consectetur ac, vestibulum at eros. Donec ullamcorper nulla non metus auctor fringilla. Vestibulum id ligula porta felis euismod semper Aenean eu leo quam. Pellentesque ornare sem lacinia quam venenatis vestibulum.<\\/p>\",\"193\":\"Paint Your Path to a New Beginning\"}}','2015-02-27 18:45:21','2015-02-27 18:45:21','317e109a-6152-4562-aefe-5b8768ef3026'),(112,110,15,4,'en_us',2,'','{\"typeId\":\"17\",\"authorId\":\"4\",\"title\":\"Cheryl Aspidorf\",\"slug\":\"staff\",\"postDate\":1424986980,\"expiryDate\":null,\"enabled\":1,\"fields\":{\"191\":\" Maecenas faucibus mollis interdum. Maecenas sed diam eget risus varius blandit sit amet non magna. Nullam quis risus eget urna mollis ornare vel eu leo. Nullam id dolor id nibh ultricies vehicula ut id elit.\",\"190\":\"Maecenas faucib nullam quis risus eget urna mollis ornare vel eu leo. Nullam id dolor id nibh ultricies vehicula ut id elit. Nulla vitae elit libero, a pharetra augue. Cum sociis natoque penatibus et magnis dis parturient montes, nascetur ridiculus mus. Sed posuere consectetur est at lobortis. Vivamus sagittis lacus vel augue laoreet rutrum faucibus dolor auctor.\",\"192\":\"aspidorf@touchedbycancer.org\",\"189\":[\"109\"],\"180\":\"Outreach Coordinator\",\"188\":\"MBA\"}}','2015-02-27 18:46:35','2015-02-27 18:46:35','2b45af11-571c-408d-bccc-735a79b88b05'),(113,116,7,4,'en_us',2,'','{\"typeId\":\"8\",\"authorId\":\"4\",\"title\":\"Art Therapy\",\"slug\":\"art-therapy\",\"postDate\":1425062700,\"expiryDate\":null,\"enabled\":1,\"fields\":{\"197\":\"aspidorf@touchedbycancer.org\",\"184\":[\"97\"],\"177\":\"\",\"135\":\"<p>Pellentesque ornare sem lacinia quam venenatis vestibulum. Sed posuere consectetur est lobortis. Cras mattis consectetur purus sit amet fermentum. Donec id elit non mi porta gravida at eget metus. Praesent commodo cursus magna, vel scelerisque nisl consectetur et.<\\/p><p>Sed posuere consectetur est at lobortis. Integer posuere erat a ante venenatis dapibus posuere velit aliquet. Donec sed odio dui. Praesent commodo cursus magna, vel scelerisque nisl consectetur et. Nullam quis risus eget urna mollis ornare vel eu leo. Aenean eu leo quam. Pellentesque ornare sem lacinia quam venenatis. Donec ullamcorper nulla non metus auctor fringilla. Praesent commodo cursus magna, vel scelerisque nisl consectetur. <\\/p><p>Curabitur blandit tempus porttitor. Sed posuere consectetur est at lobortis. Donec sed odio dui. Nullam id dolor id nibh ultricies vehicula ut id elit. Nullam id dolor id nibh ultricies vehicula ut id elit. Etiam porta sem malesuada magna mollis euismod. Lorem ipsum dolor sit amet, consectetur adipiscing elit. Vestibulum id ligula porta felis euismod semper.Nulla vitae elit libero, a pharetra augue. Cum sociis natoque penatibus et magnis dis parturient montes, nascetur ridiculus mus. Vivamus sagittis lacus vel augue laoreet rutrum faucibus dolor auctor. Maecenas faucibus mollis interdum. Donec id elit non mi porta gravida at eget metus. <\\/p>\",\"175\":\"\",\"176\":\"\",\"144\":\"\",\"195\":[\"110\"],\"87\":\"\",\"194\":\"<p>Nulla vitae elit libero, a pharetra augue. Praesent commodo cursus magna, vel scelerisque nisl consectetur et. Morbi leo risus, porta ac consectetur ac, vestibulum at eros. Donec ullamcorper nulla non metus auctor fringilla. Vestibulum id ligula porta felis euismod semper Aenean eu leo quam. Pellentesque ornare sem lacinia quam venenatis vestibulum.<\\/p>\",\"193\":\"Paint Your Path to a New Beginning\"}}','2015-02-27 18:47:37','2015-02-27 18:47:37','dbf4aaf0-55d4-43e2-9007-a15ab6dc7f7b'),(114,116,7,4,'en_us',3,'','{\"typeId\":\"8\",\"authorId\":\"4\",\"title\":\"Art Therapy\",\"slug\":\"art-therapy\",\"postDate\":1425062700,\"expiryDate\":null,\"enabled\":1,\"fields\":{\"197\":\"aspidorf@touchedbycancer.org\",\"184\":[\"97\"],\"177\":\"\",\"135\":\"<p>Pellentesque ornare sem lacinia quam venenatis vestibulum. Sed posuere consectetur est lobortis. Cras mattis consectetur purus sit amet fermentum. Donec id elit non mi porta gravida at eget metus. Praesent commodo cursus magna, vel scelerisque nisl consectetur et.<\\/p><p>Sed posuere consectetur est at lobortis. Integer posuere erat a ante venenatis dapibus posuere velit aliquet. Donec sed odio dui. Praesent commodo cursus magna, vel scelerisque nisl consectetur et. Nullam quis risus eget urna mollis ornare vel eu leo. Aenean eu leo quam. Pellentesque ornare sem lacinia quam venenatis. Donec ullamcorper nulla non metus auctor fringilla. Praesent commodo cursus magna, vel scelerisque nisl consectetur. <\\/p><p>Curabitur blandit tempus porttitor. Sed posuere consectetur est at lobortis. Donec sed odio dui. Nullam id dolor id nibh ultricies vehicula ut id elit. Nullam id dolor id nibh ultricies vehicula ut id elit. Etiam porta sem malesuada magna mollis euismod. Lorem ipsum dolor sit amet, consectetur adipiscing elit. Vestibulum id ligula porta felis euismod semper.Nulla vitae elit libero, a pharetra augue. Cum sociis natoque penatibus et magnis dis parturient montes, nascetur ridiculus mus. Vivamus sagittis lacus vel augue laoreet rutrum faucibus dolor auctor. Maecenas faucibus mollis interdum. Donec id elit non mi porta gravida at eget metus. <\\/p>\",\"175\":[\"93\"],\"176\":[\"81\"],\"144\":[\"98\",\"100\",\"101\",\"102\"],\"195\":[\"110\"],\"87\":[\"38\"],\"194\":\"<p>Nulla vitae elit libero, a pharetra augue. Praesent commodo cursus magna, vel scelerisque nisl consectetur et. Morbi leo risus, porta ac consectetur ac, vestibulum at eros. Donec ullamcorper nulla non metus auctor fringilla. Vestibulum id ligula porta felis euismod semper Aenean eu leo quam. Pellentesque ornare sem lacinia quam venenatis vestibulum.<\\/p>\",\"193\":\"Paint Your Path to a New Beginning\"}}','2015-02-27 18:59:40','2015-02-27 18:59:40','54cb6231-3d80-43eb-8cc4-7b2415b89534'),(115,116,7,4,'en_us',4,'','{\"typeId\":\"8\",\"authorId\":\"4\",\"title\":\"Art Therapy\",\"slug\":\"art-therapy\",\"postDate\":1425062700,\"expiryDate\":null,\"enabled\":1,\"fields\":{\"197\":\"aspidorf@touchedbycancer.org\",\"174\":[\"82\"],\"184\":[\"97\"],\"177\":\"\",\"135\":\"<p>Pellentesque ornare sem lacinia quam venenatis vestibulum. Sed posuere consectetur est lobortis. Cras mattis consectetur purus sit amet fermentum. Donec id elit non mi porta gravida at eget metus. Praesent commodo cursus magna, vel scelerisque nisl consectetur et.<\\/p><p>Sed posuere consectetur est at lobortis. Integer posuere erat a ante venenatis dapibus posuere velit aliquet. Donec sed odio dui. Praesent commodo cursus magna, vel scelerisque nisl consectetur et. Nullam quis risus eget urna mollis ornare vel eu leo. Aenean eu leo quam. Pellentesque ornare sem lacinia quam venenatis. Donec ullamcorper nulla non metus auctor fringilla. Praesent commodo cursus magna, vel scelerisque nisl consectetur. <\\/p><p>Curabitur blandit tempus porttitor. Sed posuere consectetur est at lobortis. Donec sed odio dui. Nullam id dolor id nibh ultricies vehicula ut id elit. Nullam id dolor id nibh ultricies vehicula ut id elit. Etiam porta sem malesuada magna mollis euismod. Lorem ipsum dolor sit amet, consectetur adipiscing elit. Vestibulum id ligula porta felis euismod semper.Nulla vitae elit libero, a pharetra augue. Cum sociis natoque penatibus et magnis dis parturient montes, nascetur ridiculus mus. Vivamus sagittis lacus vel augue laoreet rutrum faucibus dolor auctor. Maecenas faucibus mollis interdum. Donec id elit non mi porta gravida at eget metus. <\\/p>\",\"175\":[\"93\"],\"176\":[\"81\"],\"144\":[\"98\",\"100\",\"101\",\"102\"],\"195\":[\"110\"],\"87\":[\"38\"],\"194\":\"<p>Nulla vitae elit libero, a pharetra augue. Praesent commodo cursus magna, vel scelerisque nisl consectetur et. Morbi leo risus, porta ac consectetur ac, vestibulum at eros. Donec ullamcorper nulla non metus auctor fringilla. Vestibulum id ligula porta felis euismod semper Aenean eu leo quam. Pellentesque ornare sem lacinia quam venenatis vestibulum.<\\/p>\",\"193\":\"Paint Your Path to a New Beginning\"}}','2015-02-27 18:59:56','2015-02-27 18:59:56','8c3a8ec4-ca18-4a42-9c35-93dfab7514dd'),(116,88,19,4,'en_us',1,'','{\"typeId\":\"23\",\"authorId\":null,\"title\":\"Learn About The Gathering Place\",\"slug\":\"aboutus\",\"postDate\":1425401544,\"expiryDate\":null,\"enabled\":1,\"fields\":{\"146\":\"\",\"1\":\"\",\"175\":\"\",\"176\":\"\",\"87\":[\"35\",\"113\"],\"167\":\"\",\"158\":\"\"}}','2015-03-03 19:42:19','2015-03-03 19:42:19','a9c6f2a9-8560-4480-8796-9da5ca736b38'),(117,88,19,4,'en_us',2,'','{\"typeId\":\"23\",\"authorId\":null,\"title\":\"Learn About The Gathering Place\",\"slug\":\"aboutus\",\"postDate\":1425401544,\"expiryDate\":null,\"enabled\":1,\"fields\":{\"176\":\"\",\"87\":[\"35\",\"113\"],\"167\":{\"new1\":{\"type\":\"siteImage\",\"enabled\":\"1\",\"fields\":{\"siteImageFile\":\"\",\"siteImageCaption\":\"\",\"imageSite\":\"\"}}}}}','2015-03-03 20:29:19','2015-03-03 20:29:19','14d35b31-8257-4978-9119-31db048f54fc'),(118,88,19,4,'en_us',3,'','{\"typeId\":\"23\",\"authorId\":null,\"title\":\"About The Gathering Place\",\"slug\":\"aboutus\",\"postDate\":1425415227,\"expiryDate\":null,\"enabled\":1,\"fields\":{\"176\":[\"116\"],\"87\":[\"35\",\"113\"],\"167\":{\"121\":{\"type\":\"siteImage\",\"enabled\":\"1\",\"fields\":{\"siteImageFile\":\"\",\"siteImageCaption\":\"\",\"imageSite\":\"\"}}}}}','2015-03-03 22:47:43','2015-03-03 22:47:43','39f95c4e-a451-4fa3-b104-2c5d1af99e45'),(119,132,4,4,'en_us',1,'','{\"typeId\":null,\"authorId\":\"4\",\"title\":\"Volunteer Story\",\"slug\":\"volunteer-story\",\"postDate\":1425504900,\"expiryDate\":null,\"enabled\":1,\"fields\":{\"174\":[\"118\"],\"177\":\"\",\"175\":[\"93\"],\"176\":[\"116\"],\"144\":[\"102\",\"103\"],\"87\":[\"38\"],\"67\":{\"new1\":{\"type\":\"storyInfoBlock\",\"enabled\":\"1\",\"fields\":{\"storyHeaderImage\":[\"129\"],\"storySubtitle\":\"Story About Volunteering\",\"storyText\":\"<p>Has magna diceret ut. Ut cum menandri iracundia delicatissimi, eu sumo vitae neglegentur mel, ea mel mollis atomorum dignissim. His nominati persequeris appellantur id. Pri an causae verterem. Eius erant at pri, ea ius vero prima intellegat. Nec amet voluptaria disputando ei, te sed suas diceret, id torquatos deseruisse per.<\\/p><p>At sit amet suscipit efficiantur. Pri ut possit invenire, mel natum iriure liberavisse ad. Prima dissentiet ex duo. Doctus vituperata an vim, ad apeirian consequuntur sea. Id vix probatus dissentiet.<\\/p><p>Vis dolor habemus suavitate ea, vocibus accumsan definiebas sit in. Sonet partem aperiam nam et, at nulla nobis utinam sea. Eum ad dicam ridens, vis ut possit labores delectus, per erant regione periculis et. Pri mundi ocurreret eu, quo placerat tincidunt abhorreant an.<\\/p><p>Prompta delenit percipit sit in. Id illum percipitur pri, ex quem tacimates pri, vim ea dictas recteque. Ex mel labores legimus forensibus, graece contentiones ut sit. Ludus ignota feugait ei usu, illum saperet constituto eos ex. Est quot error mnesarchum at, et blandit expetenda abhorreant mei. Qui et justo partiendo molestiae, nostro eligendi his id.<\\/p><p>Eu vim purto rebum vitae, dictas tincidunt theophrastus ex vis, accusamus expetendis ei pro. Qui debet labores eu, sed ei commune consetetur. Mei ne mollis aperiam suavitate, pri melius latine voluptatibus ei, posse adversarium te qui. Graeci blandit est id, cum ex simul epicurei. Et assum libris patrioque his, quo diceret graecis perfecto ex.<\\/p><p>In eam fierent volutpat urbanitas. Eum dolor accusata an, at nec graeci perpetua. Rebum denique ei mea, eu duo laudem moderatius reformidans. Ius et tation perpetua, mei illum sadipscing efficiantur ea. Pro ea erat alienum volutpat, ei sed modo unum probo, vis amet lorem an. Moderatius liberavisse ex eos, ne omnesque disputationi his.<\\/p><p>Graecis iudicabit cu nam, his tibique epicuri pertinax in, eum nusquam vivendum tractatos et. Partiendo iudicabit mei no. Graeco consulatu id duo. Laudem corrumpit mel cu. No nulla debitis eos, qui labore cotidieque ex.<\\/p>\",\"additionalImages\":\"\",\"accentText\":\"In eam fierent volutpat urbanitas. Eum dolor accusata an, at nec graeci perpetua. Rebum denique ei mea, eu duo laudem moderatius reformidans. Ius et tation perpetua, mei illum sadipscing efficiantur ea. Pro ea erat alienum volutpat, ei sed modo unum probo, vis amet lorem an. \",\"relevantLink\":\"http:\\/\\/\"}}},\"2\":\"\"}}','2015-03-04 21:35:32','2015-03-04 21:35:32','fd1cbc34-2f9b-4298-a9de-1e2c809a6c7e'),(120,132,4,4,'en_us',2,'','{\"typeId\":\"4\",\"authorId\":\"4\",\"title\":\"Volunteer Story\",\"slug\":\"volunteer-story\",\"postDate\":1425504900,\"expiryDate\":null,\"enabled\":1,\"fields\":{\"174\":[\"118\"],\"177\":\"\",\"175\":[\"93\"],\"176\":[\"116\"],\"144\":[\"102\",\"103\"],\"87\":[\"38\"],\"67\":{\"133\":{\"type\":\"storyInfoBlock\",\"enabled\":\"1\",\"fields\":{\"storyHeaderImage\":[\"129\"],\"storySubtitle\":\"Story About Volunteering\",\"storyText\":\"<p>Has magna diceret ut. Ut cum menandri iracundia delicatissimi, eu sumo vitae neglegentur mel, ea mel mollis atomorum dignissim. His nominati persequeris appellantur id. Pri an causae verterem. Eius erant at pri, ea ius vero prima intellegat. Nec amet voluptaria disputando ei, te sed suas diceret, id torquatos deseruisse per.<\\/p><p>At sit amet suscipit efficiantur. Pri ut possit invenire, mel natum iriure liberavisse ad. Prima dissentiet ex duo. Doctus vituperata an vim, ad apeirian consequuntur sea. Id vix probatus dissentiet.<\\/p><p>Vis dolor habemus suavitate ea, vocibus accumsan definiebas sit in. Sonet partem aperiam nam et, at nulla nobis utinam sea. Eum ad dicam ridens, vis ut possit labores delectus, per erant regione periculis et. Pri mundi ocurreret eu, quo placerat tincidunt abhorreant an.<\\/p><p>Prompta delenit percipit sit in. Id illum percipitur pri, ex quem tacimates pri, vim ea dictas recteque. Ex mel labores legimus forensibus, graece contentiones ut sit. Ludus ignota feugait ei usu, illum saperet constituto eos ex. Est quot error mnesarchum at, et blandit expetenda abhorreant mei. Qui et justo partiendo molestiae, nostro eligendi his id.<\\/p><p>Eu vim purto rebum vitae, dictas tincidunt theophrastus ex vis, accusamus expetendis ei pro. Qui debet labores eu, sed ei commune consetetur. Mei ne mollis aperiam suavitate, pri melius latine voluptatibus ei, posse adversarium te qui. Graeci blandit est id, cum ex simul epicurei. Et assum libris patrioque his, quo diceret graecis perfecto ex.<\\/p><p>In eam fierent volutpat urbanitas. Eum dolor accusata an, at nec graeci perpetua. Rebum denique ei mea, eu duo laudem moderatius reformidans. Ius et tation perpetua, mei illum sadipscing efficiantur ea. Pro ea erat alienum volutpat, ei sed modo unum probo, vis amet lorem an. Moderatius liberavisse ex eos, ne omnesque disputationi his.<\\/p><p>Graecis iudicabit cu nam, his tibique epicuri pertinax in, eum nusquam vivendum tractatos et. Partiendo iudicabit mei no. Graeco consulatu id duo. Laudem corrumpit mel cu. No nulla debitis eos, qui labore cotidieque ex.<\\/p>\",\"additionalImages\":\"\",\"accentText\":\"In eam fierent volutpat urbanitas. Eum dolor accusata an, at nec graeci perpetua. Rebum denique ei mea, eu duo laudem moderatius reformidans. Ius et tation perpetua, mei illum sadipscing efficiantur ea. Pro ea erat alienum volutpat, ei sed modo unum probo, vis amet lorem an. \",\"relevantLink\":\"http:\\/\\/\"}}},\"2\":\"\"}}','2015-03-04 21:49:00','2015-03-04 21:49:00','1bc80214-ea4a-44aa-a074-ed73cb519625'),(121,76,14,4,'en_us',3,'','{\"typeId\":\"16\",\"authorId\":null,\"title\":\"Volunteer\",\"slug\":\"volunteer\",\"postDate\":1425505707,\"expiryDate\":null,\"enabled\":1,\"fields\":{\"174\":[\"118\"]}}','2015-03-04 21:49:14','2015-03-04 21:49:14','2064fd7f-d7a1-48b5-8026-605cd3781e0c'),(122,35,4,4,'en_us',17,'','{\"typeId\":\"4\",\"authorId\":\"4\",\"title\":\"Sample Story 1\",\"slug\":\"sample-story-1\",\"postDate\":1424217600,\"expiryDate\":null,\"enabled\":1,\"fields\":{\"174\":[\"82\"],\"177\":\"\",\"175\":\"\",\"176\":\"\",\"144\":[\"7\"],\"87\":[\"38\"],\"67\":{\"36\":{\"type\":\"storyInfoBlock\",\"enabled\":\"1\",\"fields\":{\"storyHeaderImage\":[\"134\"],\"storySubtitle\":\"The Gripping Tale of How I Tested Adding a Story\",\"storyText\":\"<p>Lorem ipsum dolor sit amet, ius ex putent euripidis assentior, nec munere omnium accumsan eu, eam case aliquam nusquam ne. Eruditi corpora eu eum, ei mei malis scripserit. Porro quaestio efficiendi vis ad. Mel in audiam appellantur, ludus omittantur ut eam. No iusto consulatu mel, vel an wisi assum possim, accumsan invenire atomorum eum eu.<\\/p><p>Ne vidit vocibus referrentur ius, ne graeci electram vis. <em>Augue fuisset ut cum. <\\/em>Nibh meliore quo et. Ad nec sumo essent liberavisse, id eam modo scaevola. Has nostrud ullamcorper ea. Nec et purto lucilius. Ne nisl oportere eos, nec dicta phaedrum no.<\\/p><p><strong>Te duo scripta apeirian atomorum<\\/strong>, ad duo alii veniam tibique. Ne his oratio regione, ea duo ornatus sententiae repudiandae. Te vix mazim putant, reque voluptua sea ne. Graece delicata definitiones usu cu, in mei apeirian elaboraret. Alii dolores sed et, quas vocibus pri at.<\\/p><ul><li>An vis dictas timeam necessitatibus, est eu choro nullam laoreet. <\\/li><li>Eos in elitr copiosae, tation dolores detracto id qui, eum inani denique te. <\\/li><li>Id per porro graecis, quo repudiare iracundia interpretaris no. <\\/li><li>An ridens facilisis nec, eos eu soluta persequeris repudiandae, sonet nihil doctus per cu. <\\/li><li>Cu eos explicari pertinacia, cum te autem saepe.<\\/li><\\/ul><p>Clita omnesque per et. Pri vitae debitis voluptua et. Est nulla vidisse sanctus eu, veritus iracundia ius no. Usu posse definiebas an, quo odio rebum euismod id, eu commodo minimum partiendo cum. Mel etiam nusquam placerat id, in est modus liber vituperata. Eum postea conclusionemque at, vel iusto ludus facilisis ei.<\\/p><p>Qui tation nostrud an, ex pri amet pericula. Mazim postea deserunt vim ne, quo an dicant insolens deserunt. Ea ius modo natum eruditi, et est iudico suavitate suscipiantur, omnes convenire voluptatum in per. Ut nec suas diceret referrentur. Pro ex equidem propriae, ius recteque salutandi sadipscing in, id ipsum lucilius reprehendunt qui. Cu magna impedit menandri mea, has ex cetero nusquam, novum iriure legendos sea ut. Pri utamur iisque commune ut, vero hendrerit repudiandae ea per.<\\/p><p>Eu eum virtute quaeque accommodare. Ex homero nonumy nec, no idque quodsi sed, veri adhuc oblique mea no. Ullamcorper intellegebat conclusionemque in eos. Dicta dissentias ne sea. Mea primis dictas ei.<\\/p>\",\"additionalImages\":\"\",\"accentText\":\"I\'m testing accent text!\",\"relevantLink\":\"http:\\/\\/tgp.d-i.co\"}}},\"2\":\"\"}}','2015-03-05 14:12:12','2015-03-05 14:12:12','a6f8d728-5638-4149-9e92-368469af971f'),(123,88,19,4,'en_us',4,'','{\"typeId\":\"23\",\"authorId\":null,\"title\":\"About The Gathering Place\",\"slug\":\"aboutus\",\"postDate\":1425505690,\"expiryDate\":null,\"enabled\":1,\"fields\":{\"176\":[\"116\"],\"87\":[\"35\",\"113\"],\"167\":\"\"}}','2015-03-05 15:26:29','2015-03-05 15:26:29','315b9749-c29c-4092-8cb4-b7e04fceda12'),(124,148,21,4,'en_us',1,'','{\"typeId\":null,\"authorId\":\"4\",\"title\":\"The Gathering Place (East)\",\"slug\":\"the-gathering-place-east\",\"postDate\":1425586503,\"expiryDate\":null,\"enabled\":1,\"fields\":{\"167\":\"\",\"158\":{\"new1\":{\"type\":\"siteInfo\",\"enabled\":\"1\",\"fields\":{\"siteName\":\"The Arnold & Sydell Miller Family Campus\",\"siteDescription\":\"\",\"siteStreetAddress\":\"23300 Commerce Park\",\"siteCity\":\"Beachwood\",\"siteState\":\"OH\",\"siteZip\":\"44122\"}}}}}','2015-03-05 20:15:03','2015-03-05 20:15:03','0f91ab92-ab07-463d-bc2a-ba4e9952d5b4'),(125,150,21,4,'en_us',1,'','{\"typeId\":null,\"authorId\":\"4\",\"title\":\"The Gathering Place (West)\",\"slug\":\"the-gathering-place-west\",\"postDate\":1425586586,\"expiryDate\":null,\"enabled\":1,\"fields\":{\"167\":\"\",\"158\":{\"new1\":{\"type\":\"siteInfo\",\"enabled\":\"1\",\"fields\":{\"siteName\":\"The Gathering Place - West\",\"siteDescription\":\"\",\"siteStreetAddress\":\"800 Sharon Drive\",\"siteCity\":\"Westlake\",\"siteState\":\"OH\",\"siteZip\":\"44145\"}}}}}','2015-03-05 20:16:26','2015-03-05 20:16:26','e7f493d6-8061-4c5e-b1e7-20f0d93eb253'),(126,93,6,4,'en_us',6,'','{\"typeId\":\"7\",\"authorId\":\"5\",\"title\":\"Tai Chi\",\"slug\":\"tai-chi-east-wed\",\"postDate\":1424461860,\"expiryDate\":null,\"enabled\":1,\"fields\":{\"143\":{\"startDate\":{\"date\":\"3\\/11\\/2015\",\"time\":\"2:00 PM\"},\"endDate\":{\"date\":\"3\\/11\\/2015\",\"time\":\"3:15 PM\"},\"stored_rules_json\":\"{\\r\\n  \\\"rules\\\": [\\r\\n    {\\r\\n      \\\"ruleType\\\": {\\r\\n        \\\"name\\\": \\\"weekly\\\",\\r\\n        \\\"title\\\": \\\"Weekly\\\"\\r\\n      },\\r\\n      \\\"uiTemplateName\\\": \\\"fields-weekly_Template\\\",\\r\\n      \\\"showRepeatUntilDate\\\": false,\\r\\n      \\\"showRepeatUntilCount\\\": false,\\r\\n      \\\"repeatUntilType\\\": \\\"forever\\\",\\r\\n      \\\"repeatForever\\\": 1,\\r\\n      \\\"weeksInterval\\\": \\\"1\\\",\\r\\n      \\\"daysOfWeek\\\": \\\"Wed\\\"\\r\\n    }\\r\\n  ]\\r\\n}\",\"recurrenceRules\":\"{\\r\\n  \\\"rules\\\": [\\r\\n    {\\r\\n      \\\"ruleType\\\": {\\r\\n        \\\"name\\\": \\\"weekly\\\",\\r\\n        \\\"title\\\": \\\"Weekly\\\"\\r\\n      },\\r\\n      \\\"uiTemplateName\\\": \\\"fields-weekly_Template\\\",\\r\\n      \\\"showRepeatUntilDate\\\": false,\\r\\n      \\\"showRepeatUntilCount\\\": false,\\r\\n      \\\"repeatUntilType\\\": \\\"forever\\\",\\r\\n      \\\"repeatForever\\\": 1,\\r\\n      \\\"weeksInterval\\\": \\\"1\\\",\\r\\n      \\\"daysOfWeek\\\": \\\"Wed\\\"\\r\\n    }\\r\\n  ]\\r\\n}\"},\"184\":\"\",\"135\":\"<p>Focus on wellness and what you can do to boost your energy, open up and release tension. Movements are done in a standing and seated positions and you may sit at anytime. Tai chi increases leg strength, balance and flexibility. <strong>Advance registration by calling 216.595.9546 or by email (see below).<\\/strong><\\/p><p>Lead by Susan Cady<\\/p><p><strong><a href=\\\"mailto:kohn@touchedbycancer.org\\\" target=\\\"_blank\\\">Click here<\\/a> to email Betsy Kohn, MA, PC, and let her know you are interested in Tai Chi. She will contact you to complete registration. Please include your name and phone number in the email.<\\/strong><\\/p>\",\"107\":\"\",\"176\":\"\",\"200\":[\"148\"]}}','2015-03-05 20:23:39','2015-03-05 20:23:39','0452dc80-b96d-40ad-87ba-ec0fb893b697'),(127,156,6,4,'en_us',1,'','{\"typeId\":null,\"authorId\":\"4\",\"title\":\"Tai Chi\",\"slug\":\"tai-chi-east-thur\",\"postDate\":1425587536,\"expiryDate\":null,\"enabled\":1,\"fields\":{\"143\":{\"startDate\":{\"date\":\"3\\/12\\/2015\",\"time\":\"11:00 AM\"},\"endDate\":{\"date\":\"3\\/12\\/2015\",\"time\":\"12:15 PM\"},\"stored_rules_json\":\"\",\"recurrenceRules\":\"{\\r\\n  \\\"rules\\\": [\\r\\n    {\\r\\n      \\\"ruleType\\\": {\\r\\n        \\\"name\\\": \\\"weekly\\\",\\r\\n        \\\"title\\\": \\\"Weekly\\\"\\r\\n      },\\r\\n      \\\"uiTemplateName\\\": \\\"fields-weekly_Template\\\",\\r\\n      \\\"showRepeatUntilDate\\\": false,\\r\\n      \\\"showRepeatUntilCount\\\": false,\\r\\n      \\\"repeatUntilType\\\": \\\"forever\\\",\\r\\n      \\\"repeatForever\\\": 1,\\r\\n      \\\"weeksInterval\\\": \\\"1\\\",\\r\\n      \\\"daysOfWeek\\\": \\\"Thu\\\"\\r\\n    }\\r\\n  ]\\r\\n}\"},\"184\":\"\",\"135\":\"<p>Focus on wellness and what you can do to boost your energy, open up and release tension. Movements are done in a standing and seated position and you may sit at anytime. Tai chi increases leg strength, balance and flexibility. <strong>Advance registration by calling 216.595.9546 or by email (see below).<\\/strong><\\/p><p><strong><\\/strong>Lead by Charlene Nevans<\\/p><p><span><\\/span><strong><a href=\\\"mailto:kohn@touchedbycancer.org\\\" target=\\\"_blank\\\">Click here<\\/a> to email Betsy Kohn, MA, PC, and let her know you are interested in Tai Chi. She will contact you to complete registration. Please include your name and phone number in the email.<\\/strong><\\/p>\",\"107\":\"\",\"176\":\"\",\"200\":[\"148\"]}}','2015-03-05 20:32:16','2015-03-05 20:32:16','27991ed0-cab5-40f3-a1e4-ae239965baf4'),(128,158,7,4,'en_us',1,'','{\"typeId\":null,\"authorId\":\"4\",\"title\":\"Tai Chi\",\"slug\":\"tai-chi\",\"postDate\":1425587984,\"expiryDate\":null,\"enabled\":1,\"fields\":{\"197\":\"\",\"174\":[\"82\"],\"184\":\"\",\"177\":\"\",\"135\":\"<p>Focus on wellness and what you can do to boost your energy, open up and release tension. Movements are done in a standing and seated position and you may sit at anytime. Tai chi increases leg strength, balance and flexibility. <strong>Advance registration by calling 216.595.9546 or by email (see below).<\\/strong><\\/p><p><strong>TGP East: <\\/strong><br>Wednesdays, 2:00-3:15 pm, Susan Cady<br>Thursdays, 11:00 am-12:15 pm, Charlene Nevans<\\/p><p><span><\\/span><strong><a href=\\\"mailto:kohn@touchedbycancer.org\\\" target=\\\"_blank\\\">Click here<\\/a> to email Betsy Kohn, MA, PC, and let her know you are interested in Tai Chi. She will contact you to complete registration. Please include your name and phone number in the email.<\\/strong><\\/p><p><strong>TGP West:<br><\\/strong>Thursdays, 6:30-7:45 pm, Michael Stadul<\\/p><p><span><\\/span><strong><a href=\\\"mailto:marinac@touchedbycancer.org\\\" target=\\\"_blank\\\">Click here<\\/a><\\/strong><strong> <\\/strong><strong>to email Susan Marinac, LISW-S, MT-BC, and let her know you are interested in Tai Chi. She will contact you to complete registration. Please include your name and phone number in the email.<\\/strong><\\/p>\",\"175\":[\"93\",\"156\"],\"176\":[\"116\"],\"144\":[\"7\",\"98\",\"100\"],\"195\":\"\",\"87\":[\"35\"],\"194\":\"\",\"193\":\"\"}}','2015-03-05 20:39:44','2015-03-05 20:39:44','4035cd62-1a56-4740-ab1a-8a81053014da'),(129,93,6,4,'en_us',7,'','{\"typeId\":\"7\",\"authorId\":\"5\",\"title\":\"Tai Chi\",\"slug\":\"tai-chi-east-wed\",\"postDate\":1424461860,\"expiryDate\":null,\"enabled\":1,\"fields\":{\"143\":{\"startDate\":{\"date\":\"3\\/11\\/2015\",\"time\":\"2:00 PM\"},\"endDate\":{\"date\":\"3\\/11\\/2015\",\"time\":\"3:15 PM\"},\"stored_rules_json\":\"{\\r\\n  \\\"rules\\\": [\\r\\n    {\\r\\n      \\\"ruleType\\\": {\\r\\n        \\\"name\\\": \\\"weekly\\\",\\r\\n        \\\"title\\\": \\\"Weekly\\\"\\r\\n      },\\r\\n      \\\"uiTemplateName\\\": \\\"fields-weekly_Template\\\",\\r\\n      \\\"showRepeatUntilDate\\\": false,\\r\\n      \\\"showRepeatUntilCount\\\": false,\\r\\n      \\\"repeatUntilType\\\": \\\"forever\\\",\\r\\n      \\\"repeatForever\\\": 1,\\r\\n      \\\"weeksInterval\\\": \\\"1\\\",\\r\\n      \\\"daysOfWeek\\\": \\\"Wed\\\"\\r\\n    }\\r\\n  ]\\r\\n}\",\"recurrenceRules\":\"{\\r\\n  \\\"rules\\\": [\\r\\n    {\\r\\n      \\\"ruleType\\\": {\\r\\n        \\\"name\\\": \\\"weekly\\\",\\r\\n        \\\"title\\\": \\\"Weekly\\\"\\r\\n      },\\r\\n      \\\"uiTemplateName\\\": \\\"fields-weekly_Template\\\",\\r\\n      \\\"showRepeatUntilDate\\\": false,\\r\\n      \\\"showRepeatUntilCount\\\": false,\\r\\n      \\\"repeatUntilType\\\": \\\"forever\\\",\\r\\n      \\\"repeatForever\\\": 1,\\r\\n      \\\"weeksInterval\\\": \\\"1\\\",\\r\\n      \\\"daysOfWeek\\\": \\\"Wed\\\"\\r\\n    }\\r\\n  ]\\r\\n}\"},\"184\":\"\",\"135\":\"<p>Focus on wellness and what you can do to boost your energy, open up and release tension. Movements are done in a standing and seated positions and you may sit at anytime. Tai chi increases leg strength, balance and flexibility. <strong>Advance registration by calling 216.595.9546 or by email (see below).<\\/strong><\\/p><p>Lead by Susan Cady<\\/p><p><strong><a href=\\\"mailto:kohn@touchedbycancer.org\\\" target=\\\"_blank\\\">Click here<\\/a> to email Betsy Kohn, MA, PC, and let her know you are interested in Tai Chi. She will contact you to complete registration. Please include your name and phone number in the email.<\\/strong><\\/p>\",\"107\":\"\",\"176\":[\"158\"],\"200\":[\"148\"]}}','2015-03-05 20:40:25','2015-03-05 20:40:25','3bb14718-d87a-4a1f-b0e0-a51c9a857ad4'),(130,156,6,4,'en_us',2,'','{\"typeId\":\"7\",\"authorId\":\"4\",\"title\":\"Tai Chi\",\"slug\":\"tai-chi-east-thur\",\"postDate\":1425587520,\"expiryDate\":null,\"enabled\":1,\"fields\":{\"143\":{\"startDate\":{\"date\":\"3\\/12\\/2015\",\"time\":\"11:00 AM\"},\"endDate\":{\"date\":\"3\\/12\\/2015\",\"time\":\"12:15 PM\"},\"stored_rules_json\":\"{\\r\\n  \\\"rules\\\": [\\r\\n    {\\r\\n      \\\"ruleType\\\": {\\r\\n        \\\"name\\\": \\\"weekly\\\",\\r\\n        \\\"title\\\": \\\"Weekly\\\"\\r\\n      },\\r\\n      \\\"uiTemplateName\\\": \\\"fields-weekly_Template\\\",\\r\\n      \\\"showRepeatUntilDate\\\": false,\\r\\n      \\\"showRepeatUntilCount\\\": false,\\r\\n      \\\"repeatUntilType\\\": \\\"forever\\\",\\r\\n      \\\"repeatForever\\\": 1,\\r\\n      \\\"weeksInterval\\\": \\\"1\\\",\\r\\n      \\\"daysOfWeek\\\": \\\"Thu\\\"\\r\\n    }\\r\\n  ]\\r\\n}\",\"recurrenceRules\":\"{\\r\\n  \\\"rules\\\": [\\r\\n    {\\r\\n      \\\"ruleType\\\": {\\r\\n        \\\"name\\\": \\\"weekly\\\",\\r\\n        \\\"title\\\": \\\"Weekly\\\"\\r\\n      },\\r\\n      \\\"uiTemplateName\\\": \\\"fields-weekly_Template\\\",\\r\\n      \\\"showRepeatUntilDate\\\": false,\\r\\n      \\\"showRepeatUntilCount\\\": false,\\r\\n      \\\"repeatUntilType\\\": \\\"forever\\\",\\r\\n      \\\"repeatForever\\\": 1,\\r\\n      \\\"weeksInterval\\\": \\\"1\\\",\\r\\n      \\\"daysOfWeek\\\": \\\"Thu\\\"\\r\\n    }\\r\\n  ]\\r\\n}\"},\"184\":\"\",\"135\":\"<p>Focus on wellness and what you can do to boost your energy, open up and release tension. Movements are done in a standing and seated position and you may sit at anytime. Tai chi increases leg strength, balance and flexibility. <strong>Advance registration by calling 216.595.9546 or by email (see below).<\\/strong><\\/p><p>Lead by Charlene Nevans<\\/p><p><strong><a href=\\\"mailto:kohn@touchedbycancer.org\\\" target=\\\"_blank\\\">Click here<\\/a> to email Betsy Kohn, MA, PC, and let her know you are interested in Tai Chi. She will contact you to complete registration. Please include your name and phone number in the email.<\\/strong><\\/p>\",\"107\":\"\",\"176\":[\"158\"],\"200\":[\"148\"]}}','2015-03-05 20:40:39','2015-03-05 20:40:39','9e13ce8c-06d5-4594-a258-abe688f4ae5e'),(131,159,6,4,'en_us',1,'','{\"typeId\":null,\"authorId\":\"4\",\"title\":\"Tai Chi\",\"slug\":\"tai-chi\",\"postDate\":1425588169,\"expiryDate\":null,\"enabled\":1,\"fields\":{\"143\":{\"startDate\":{\"date\":\"3\\/12\\/2015\",\"time\":\"6:30 PM\"},\"endDate\":{\"date\":\"3\\/12\\/2015\",\"time\":\"7:15 PM\"},\"stored_rules_json\":\"\",\"recurrenceRules\":\"{\\r\\n  \\\"rules\\\": [\\r\\n    {\\r\\n      \\\"ruleType\\\": {\\r\\n        \\\"name\\\": \\\"weekly\\\",\\r\\n        \\\"title\\\": \\\"Weekly\\\"\\r\\n      },\\r\\n      \\\"uiTemplateName\\\": \\\"fields-weekly_Template\\\",\\r\\n      \\\"showRepeatUntilDate\\\": false,\\r\\n      \\\"showRepeatUntilCount\\\": false,\\r\\n      \\\"repeatUntilType\\\": \\\"forever\\\",\\r\\n      \\\"repeatForever\\\": 1,\\r\\n      \\\"weeksInterval\\\": \\\"1\\\",\\r\\n      \\\"daysOfWeek\\\": \\\"Thu\\\"\\r\\n    }\\r\\n  ]\\r\\n}\"},\"184\":[\"134\"],\"135\":\"<p>Focus on wellness and what you can do to boost your energy, open up and release tension. Movements are done in a standing and seated position and you may sit at anytime. Tai chi increases leg strength, balance and flexibility. <strong>Advance registration by calling 216.595.9546 or by email (see below).<\\/strong><\\/p><p><strong><\\/strong>Lead By Michael Stadul<\\/p><p><span><\\/span><strong><a href=\\\"mailto:marinac@touchedbycancer.org\\\" target=\\\"_blank\\\">Click here<\\/a><\\/strong><strong> <\\/strong><strong>to email Susan Marinac, LISW-S, MT-BC, and let her know you are interested in Tai Chi. She will contact you to complete registration. Please include your name and phone number in the email.<\\/strong><\\/p>\",\"107\":\"\",\"176\":[\"158\"],\"200\":[\"150\"]}}','2015-03-05 20:42:49','2015-03-05 20:42:49','c1812d62-093a-4fa9-bde9-67d62af7e21c'),(132,159,6,4,'en_us',2,'','{\"typeId\":\"7\",\"authorId\":\"4\",\"title\":\"Tai Chi\",\"slug\":\"tai-chi-west-thu\",\"postDate\":1425588120,\"expiryDate\":null,\"enabled\":1,\"fields\":{\"143\":{\"startDate\":{\"date\":\"3\\/12\\/2015\",\"time\":\"6:30 PM\"},\"endDate\":{\"date\":\"3\\/12\\/2015\",\"time\":\"7:15 PM\"},\"stored_rules_json\":\"{\\r\\n  \\\"rules\\\": [\\r\\n    {\\r\\n      \\\"ruleType\\\": {\\r\\n        \\\"name\\\": \\\"weekly\\\",\\r\\n        \\\"title\\\": \\\"Weekly\\\"\\r\\n      },\\r\\n      \\\"uiTemplateName\\\": \\\"fields-weekly_Template\\\",\\r\\n      \\\"showRepeatUntilDate\\\": false,\\r\\n      \\\"showRepeatUntilCount\\\": false,\\r\\n      \\\"repeatUntilType\\\": \\\"forever\\\",\\r\\n      \\\"repeatForever\\\": 1,\\r\\n      \\\"weeksInterval\\\": \\\"1\\\",\\r\\n      \\\"daysOfWeek\\\": \\\"Thu\\\"\\r\\n    }\\r\\n  ]\\r\\n}\",\"recurrenceRules\":\"{\\r\\n  \\\"rules\\\": [\\r\\n    {\\r\\n      \\\"ruleType\\\": {\\r\\n        \\\"name\\\": \\\"weekly\\\",\\r\\n        \\\"title\\\": \\\"Weekly\\\"\\r\\n      },\\r\\n      \\\"uiTemplateName\\\": \\\"fields-weekly_Template\\\",\\r\\n      \\\"showRepeatUntilDate\\\": false,\\r\\n      \\\"showRepeatUntilCount\\\": false,\\r\\n      \\\"repeatUntilType\\\": \\\"forever\\\",\\r\\n      \\\"repeatForever\\\": 1,\\r\\n      \\\"weeksInterval\\\": \\\"1\\\",\\r\\n      \\\"daysOfWeek\\\": \\\"Thu\\\"\\r\\n    }\\r\\n  ]\\r\\n}\"},\"184\":[\"134\"],\"135\":\"<p>Focus on wellness and what you can do to boost your energy, open up and release tension. Movements are done in a standing and seated position and you may sit at anytime. Tai chi increases leg strength, balance and flexibility. <strong>Advance registration by calling 216.595.9546 or by email (see below).<\\/strong><\\/p><p>Lead By Michael Stadul<\\/p><p><strong><a href=\\\"mailto:marinac@touchedbycancer.org\\\" target=\\\"_blank\\\">Click here<\\/a><\\/strong><strong> <\\/strong><strong>to email Susan Marinac, LISW-S, MT-BC, and let her know you are interested in Tai Chi. She will contact you to complete registration. Please include your name and phone number in the email.<\\/strong><\\/p>\",\"107\":\"\",\"176\":[\"158\"],\"200\":[\"150\"]}}','2015-03-05 20:43:22','2015-03-05 20:43:22','0f4b05ee-0831-4dec-9239-863d58595242'),(133,159,6,4,'en_us',3,'','{\"typeId\":\"7\",\"authorId\":\"4\",\"title\":\"Tai Chi\",\"slug\":\"tai-chi-west-thur\",\"postDate\":1425588120,\"expiryDate\":null,\"enabled\":1,\"fields\":{\"143\":{\"startDate\":{\"date\":\"3\\/12\\/2015\",\"time\":\"6:30 PM\"},\"endDate\":{\"date\":\"3\\/12\\/2015\",\"time\":\"7:15 PM\"},\"stored_rules_json\":\"{\\r\\n  \\\"rules\\\": [\\r\\n    {\\r\\n      \\\"ruleType\\\": {\\r\\n        \\\"name\\\": \\\"weekly\\\",\\r\\n        \\\"title\\\": \\\"Weekly\\\"\\r\\n      },\\r\\n      \\\"uiTemplateName\\\": \\\"fields-weekly_Template\\\",\\r\\n      \\\"showRepeatUntilDate\\\": false,\\r\\n      \\\"showRepeatUntilCount\\\": false,\\r\\n      \\\"repeatUntilType\\\": \\\"forever\\\",\\r\\n      \\\"repeatForever\\\": 1,\\r\\n      \\\"weeksInterval\\\": \\\"1\\\",\\r\\n      \\\"daysOfWeek\\\": \\\"Thu\\\"\\r\\n    }\\r\\n  ]\\r\\n}\",\"recurrenceRules\":\"{\\r\\n  \\\"rules\\\": [\\r\\n    {\\r\\n      \\\"ruleType\\\": {\\r\\n        \\\"name\\\": \\\"weekly\\\",\\r\\n        \\\"title\\\": \\\"Weekly\\\"\\r\\n      },\\r\\n      \\\"uiTemplateName\\\": \\\"fields-weekly_Template\\\",\\r\\n      \\\"showRepeatUntilDate\\\": false,\\r\\n      \\\"showRepeatUntilCount\\\": false,\\r\\n      \\\"repeatUntilType\\\": \\\"forever\\\",\\r\\n      \\\"repeatForever\\\": 1,\\r\\n      \\\"weeksInterval\\\": \\\"1\\\",\\r\\n      \\\"daysOfWeek\\\": \\\"Thu\\\"\\r\\n    }\\r\\n  ]\\r\\n}\"},\"184\":[\"134\"],\"135\":\"<p>Focus on wellness and what you can do to boost your energy, open up and release tension. Movements are done in a standing and seated position and you may sit at anytime. Tai chi increases leg strength, balance and flexibility. <strong>Advance registration by calling 216.595.9546 or by email (see below).<\\/strong><\\/p><p>Lead By Michael Stadul<\\/p><p><strong><a href=\\\"mailto:marinac@touchedbycancer.org\\\" target=\\\"_blank\\\">Click here<\\/a><\\/strong><strong> <\\/strong><strong>to email Susan Marinac, LISW-S, MT-BC, and let her know you are interested in Tai Chi. She will contact you to complete registration. Please include your name and phone number in the email.<\\/strong><\\/p>\",\"107\":\"\",\"176\":[\"158\"],\"200\":[\"150\"]}}','2015-03-05 20:43:30','2015-03-05 20:43:30','69a74e9a-cff9-4129-b317-cfdb34e2ea3e'),(134,159,6,4,'en_us',4,'','{\"typeId\":\"7\",\"authorId\":\"4\",\"title\":\"Tai Chi\",\"slug\":\"tai-chi-west-thur\",\"postDate\":1425588120,\"expiryDate\":null,\"enabled\":1,\"fields\":{\"143\":{\"startDate\":{\"date\":\"3\\/12\\/2015\",\"time\":\"6:30 PM\"},\"endDate\":{\"date\":\"3\\/12\\/2015\",\"time\":\"7:15 PM\"},\"stored_rules_json\":\"{\\r\\n  \\\"rules\\\": [\\r\\n    {\\r\\n      \\\"ruleType\\\": {\\r\\n        \\\"name\\\": \\\"weekly\\\",\\r\\n        \\\"title\\\": \\\"Weekly\\\"\\r\\n      },\\r\\n      \\\"uiTemplateName\\\": \\\"fields-weekly_Template\\\",\\r\\n      \\\"showRepeatUntilDate\\\": false,\\r\\n      \\\"showRepeatUntilCount\\\": false,\\r\\n      \\\"repeatUntilType\\\": \\\"forever\\\",\\r\\n      \\\"repeatForever\\\": 1,\\r\\n      \\\"weeksInterval\\\": \\\"1\\\",\\r\\n      \\\"daysOfWeek\\\": \\\"Thu\\\"\\r\\n    }\\r\\n  ]\\r\\n}\",\"recurrenceRules\":\"{\\r\\n  \\\"rules\\\": [\\r\\n    {\\r\\n      \\\"ruleType\\\": {\\r\\n        \\\"name\\\": \\\"weekly\\\",\\r\\n        \\\"title\\\": \\\"Weekly\\\"\\r\\n      },\\r\\n      \\\"uiTemplateName\\\": \\\"fields-weekly_Template\\\",\\r\\n      \\\"showRepeatUntilDate\\\": false,\\r\\n      \\\"showRepeatUntilCount\\\": false,\\r\\n      \\\"repeatUntilType\\\": \\\"forever\\\",\\r\\n      \\\"repeatForever\\\": 1,\\r\\n      \\\"weeksInterval\\\": \\\"1\\\",\\r\\n      \\\"daysOfWeek\\\": \\\"Thu\\\"\\r\\n    }\\r\\n  ]\\r\\n}\"},\"184\":[\"134\"],\"135\":\"<p>Focus on wellness and what you can do to boost your energy, open up and release tension. Movements are done in a standing and seated position and you may sit at anytime. Tai chi increases leg strength, balance and flexibility. <strong>Advance registration by calling 216.595.9546 or by email (see below).<\\/strong><\\/p><p>Lead By Michael Stadul<\\/p><p><strong><a href=\\\"mailto:marinac@touchedbycancer.org\\\" target=\\\"_blank\\\">Click here<\\/a><\\/strong><strong> <\\/strong><strong>to email Susan Marinac, LISW-S, MT-BC, and let her know you are interested in Tai Chi. She will contact you to complete registration. Please include your name and phone number in the email.<\\/strong><\\/p>\",\"107\":\"\",\"176\":[\"158\"],\"200\":[\"150\"]}}','2015-03-05 20:43:35','2015-03-05 20:43:35','62330ce1-f547-4506-a97a-2a5c797a5345'),(135,113,4,4,'en_us',3,'','{\"typeId\":\"4\",\"authorId\":\"4\",\"title\":\"One Step Closer\",\"slug\":\"one-step-closer\",\"postDate\":1425052200,\"expiryDate\":null,\"enabled\":1,\"fields\":{\"174\":[\"82\"],\"177\":\"\",\"175\":[\"93\"],\"176\":[\"158\"],\"144\":[\"98\",\"100\",\"101\",\"102\"],\"87\":[\"35\"],\"67\":{\"114\":{\"type\":\"storyInfoBlock\",\"enabled\":\"1\",\"fields\":{\"storyHeaderImage\":[\"97\"],\"storySubtitle\":\"Emily Survives Cancer and Shaves for a Cure\",\"storyText\":\"<p>After trying everything to cure her cancer, Emily was given three months to live. Then something amazing happened \\u2014 her cancer went away. Read Emily\'s survival story and learn why she shaves her head to raise money for childhood cancer research. <\\/p><p>I was given three months to live. That was 17 years ago. <\\/p><p>At the age of 11, I was diagnosed with late-stage osteosarcoma of the spine and ribs. As is typical with bone cancers, I had been having pain for a couple of months. But it wasn\'t until I injured my knee rollerskating and went completely paralyzed from the waist down that doctors found a grapefruit-sized tumor that had grown into four ribs, around my spine, and into my lungs. <\\/p><p>They found it with a simple X-ray. <\\/p><p><strong>My doctors gave me slim chances of either beating cancer or of regaining my ability walk.<\\/strong> When given a choice of protocol, I decided to go with the big guns: chemotherapy, heavy radiation, a massive 24-hour surgery, and a randomized experimental therapeutic trial of a drug that was created by a veterinarian for use in animals. <\\/p><p>In surgery, doctors took out four of my ribs, half of four vertebrae, the lower lobe of my left lung, put in two sets of titanium rods, fused my entire spine, did bone grafts, and implanted radiated seeds in a gortex mesh.<\\/p><p><strong>The surgery was a success, taking only 18 hours instead of the projected 24 hours. And I came out of it without becoming paralyzed once more. Life was going well.<\\/strong> I was still reacting positively to chemotherapy and radiation, and we knew I was receiving the experimental drug and not a placebo due to my response. I was gaining strength through physical therapy and had learned to walk again with assistance of a walker and crutches.<\\/p><p>And then it came. The call. The call where you end up in a windowless room with all your doctors and nurses and social workers. <strong>It\'s bad when you relapse. It\'s worse when you relapse while still on chemo. <\\/strong>I\'ll never forget that moment \\u2014 how sad my parents were, the shock on my brother\'s face. I still had options, but now the aim was to buy time, not a cure. <\\/p><p>Once again, I had a choice: more chemo or stop all treatments? I emphatically declined further treatments. I was at peace due to my personal faith and the faith I had in my doctors. I knew we had tried everything. I would take the three months they gave me and live. I would go to the top of Pike\'s Peak, see the Grand Canyon once more, celebrate my 21st birthday, go to prom, take one final vacation to Disney World, and spend my time with family and friends, watching as many sunrises and sunsets as I could along the way. Then a miracle happened. The metastasis in my lung went away during those three months, and I became cancer free. I choose to believe that a large part of my survival is due to the experimental treatment and having a team like the one I have. <\\/p><p><strong>My miracle is the biggest reason I am such a supporter of the St. Baldrick\'s-Stand Up to Cancer Pediatric Cancer Dream Team partnership. Kids need cures for cancer that don\'t ruin their bodies.<\\/strong> <\\/p><p>This miracle is why I\'ve shaved my head three times, and why I will shave again next year: <strong>With every head shaved, and every donation made, we are one step closer to better cancer treatments and finding cures for children like me and for all our friends. <\\/strong><\\/p>\",\"additionalImages\":\"\",\"accentText\":\"\\\"I still had options, but now the aim was to buy time, not for a cure.\\\"\",\"relevantLink\":\"http:\\/\\/\"}}},\"2\":\"\"}}','2015-03-06 17:33:28','2015-03-06 17:33:28','58f9b33d-7232-4468-bd0d-f27df60eaa12'),(136,35,4,4,'en_us',18,'','{\"typeId\":\"4\",\"authorId\":\"4\",\"title\":\"Sample Story 1\",\"slug\":\"sample-story-1\",\"postDate\":1424217600,\"expiryDate\":null,\"enabled\":1,\"fields\":{\"174\":[\"82\"],\"177\":\"\",\"175\":\"\",\"176\":\"\",\"144\":[\"7\"],\"87\":[\"38\"],\"67\":{\"36\":{\"type\":\"storyInfoBlock\",\"enabled\":\"1\",\"fields\":{\"storyHeaderImage\":[\"134\"],\"storySubtitle\":\"The Gripping Tale of How I Tested Adding a Story\",\"storyText\":\"<p>Lorem ipsum dolor sit amet, ius ex putent euripidis assentior, nec munere omnium accumsan eu, eam case aliquam nusquam ne. Eruditi corpora eu eum, ei mei malis scripserit. Porro quaestio efficiendi vis ad. Mel in audiam appellantur, ludus omittantur ut eam. No iusto consulatu mel, vel an wisi assum possim, accumsan invenire atomorum eum eu.<\\/p><p>Ne vidit vocibus referrentur ius, ne graeci electram vis. <em>Augue fuisset ut cum. <\\/em>Nibh meliore quo et. Ad nec sumo essent liberavisse, id eam modo scaevola. Has nostrud ullamcorper ea. Nec et purto lucilius. Ne nisl oportere eos, nec dicta phaedrum no.<\\/p><p><strong>Te duo scripta apeirian atomorum<\\/strong>, ad duo alii veniam tibique. Ne his oratio regione, ea duo ornatus sententiae repudiandae. Te vix mazim putant, reque voluptua sea ne. Graece delicata definitiones usu cu, in mei apeirian elaboraret. Alii dolores sed et, quas vocibus pri at.<\\/p><img src=\\\"\\/uploads\\/images\\/janiss.jpg#asset:109\\\" alt=\\\"\\\" style=\\\"float: right; margin: 0px 0px 10px 10px;\\\"><ul><li>An vis dictas timeam necessitatibus, est eu choro nullam laoreet.<\\/li><li>Eos in elitr copiosae, tation dolores detracto id qui, eum inani denique te. <\\/li><li>Id per porro graecis, quo repudiare iracundia interpretaris no.<\\/li><li>An ridens facilisis nec, eos eu soluta persequeris repudiandae, sonet nihil doctus per cu. <\\/li><li>Cu eos explicari pertinacia, cum te autem saepe.<\\/li><\\/ul><p>Clita omnesque per et. Pri vitae debitis voluptua et. Est nulla vidisse sanctus eu, veritus iracundia ius no. Usu posse definiebas an, quo odio rebum euismod id, eu commodo minimum partiendo cum. Mel etiam nusquam placerat id, in est modus liber vituperata. Eum postea conclusionemque at, vel iusto ludus facilisis ei.<\\/p><p>Qui tation nostrud an, ex pri amet pericula. Mazim postea deserunt vim ne, quo an dicant insolens deserunt. Ea ius modo natum eruditi, et est iudico suavitate suscipiantur, omnes convenire voluptatum in per. Ut nec suas diceret referrentur. Pro ex equidem propriae, ius recteque salutandi sadipscing in, id ipsum lucilius reprehendunt qui. Cu magna impedit menandri mea, has ex cetero nusquam, novum iriure legendos sea ut. Pri utamur iisque commune ut, vero hendrerit repudiandae ea per.<\\/p><p>Eu eum virtute quaeque accommodare. Ex homero nonumy nec, no idque quodsi sed, veri adhuc oblique mea no. Ullamcorper intellegebat conclusionemque in eos. Dicta dissentias ne sea. Mea primis dictas ei.<\\/p>\",\"additionalImages\":\"\",\"accentText\":\"I\'m testing accent text!\",\"relevantLink\":\"http:\\/\\/tgp.d-i.co\"}}},\"2\":\"\"}}','2015-03-06 18:59:04','2015-03-06 18:59:04','9e0c6ebc-94fb-4df2-b9f0-26fdc182fc2d'),(137,35,4,4,'en_us',19,'','{\"typeId\":\"4\",\"authorId\":\"4\",\"title\":\"Sample Story 1\",\"slug\":\"sample-story-1\",\"postDate\":1424217600,\"expiryDate\":null,\"enabled\":1,\"fields\":{\"174\":[\"82\"],\"177\":\"\",\"175\":\"\",\"176\":\"\",\"144\":[\"7\"],\"87\":[\"38\"],\"67\":{\"36\":{\"type\":\"storyInfoBlock\",\"enabled\":\"1\",\"fields\":{\"storyHeaderImage\":[\"134\"],\"storySubtitle\":\"The Gripping Tale of How I Tested Adding a Story\",\"storyText\":\"<p>\\r\\n\\tLorem ipsum dolor sit amet, ius ex putent euripidis assentior, nec munere omnium accumsan eu, eam case aliquam nusquam ne. Eruditi corpora eu eum, ei mei malis scripserit. Porro quaestio efficiendi vis ad. Mel in audiam appellantur, ludus omittantur ut eam. No iusto consulatu mel, vel an wisi assum possim, accumsan invenire atomorum eum eu.\\r\\n<\\/p>\\r\\n<p>\\r\\n\\tNe vidit vocibus referrentur ius, ne graeci electram vis. <em>Augue fuisset ut cum. <\\/em>Nibh meliore quo et. Ad nec sumo essent liberavisse, id eam modo scaevola. Has nostrud ullamcorper ea. Nec et purto lucilius. Ne nisl oportere eos, nec dicta phaedrum no.\\r\\n<\\/p>\\r\\n<p>\\r\\n\\t<strong>Te duo scripta apeirian atomorum<\\/strong>, ad duo alii veniam tibique. Ne his oratio regione, ea duo ornatus sententiae repudiandae. Te vix mazim putant, reque voluptua sea ne. Graece delicata definitiones usu cu, in mei apeirian elaboraret. Alii dolores sed et, quas vocibus pri at.\\r\\n<\\/p>\\r\\n<img src=\\\"\\/uploads\\/images\\/janiss.jpg#asset:109:url\\\" alt=\\\"\\\" style=\\\"float: right; margin: 0px 0px 10px 10px;\\\">\\r\\n<ul>\\r\\n\\t<li>An vis dictas timeam necessitatibus, est eu choro nullam laoreet.<\\/li>\\r\\n\\t<li>Eos in elitr copiosae, tation dolores detracto id qui, eum inani denique te. <\\/li>\\r\\n\\t<li>Id per porro graecis, quo repudiare iracundia interpretaris no.<\\/li>\\r\\n\\t<li>An ridens facilisis nec, eos eu soluta persequeris repudiandae, sonet nihil doctus per cu. <\\/li>\\r\\n\\t<li>Cu eos explicari pertinacia, cum te autem saepe.<\\/li>\\r\\n<\\/ul>\\r\\n<p>\\r\\n\\tClita omnesque per et. Pri vitae debitis voluptua et. Est nulla vidisse sanctus eu, veritus iracundia ius no. Usu posse definiebas an, quo odio rebum euismod id, eu commodo minimum partiendo cum. Mel etiam nusquam placerat id, in est modus liber vituperata. Eum postea conclusionemque at, vel iusto ludus facilisis ei.\\r\\n<\\/p>\\r\\n<p>\\r\\n\\tQui tation nostrud an, ex pri amet pericula. Mazim postea deserunt vim ne, quo an dicant insolens deserunt. Ea ius modo natum eruditi, et est iudico suavitate suscipiantur, omnes convenire voluptatum in per. Ut nec suas diceret referrentur. Pro ex equidem propriae, ius recteque salutandi sadipscing in, id ipsum lucilius reprehendunt qui. Cu magna impedit menandri mea, has ex cetero nusquam, novum iriure legendos sea ut. Pri utamur iisque commune ut, vero hendrerit repudiandae ea per.\\r\\n<\\/p>\\r\\n<p>\\r\\n\\tEu eum virtute quaeque accommodare. Ex homero nonumy nec, no idque quodsi sed, veri adhuc oblique mea no. Ullamcorper intellegebat conclusionemque in eos. Dicta dissentias ne sea. Mea primis dictas ei.\\r\\n<\\/p>\",\"additionalImages\":\"\",\"accentText\":\"I\'m testing accent text!\",\"relevantLink\":\"http:\\/\\/tgp.d-i.co\"}}},\"2\":\"\"}}','2015-03-06 18:59:32','2015-03-06 18:59:32','b59b233f-7d9a-49bc-9078-b412524a5ead'),(138,93,6,4,'en_us',8,'','{\"typeId\":\"7\",\"authorId\":\"5\",\"title\":\"Tai Chi\",\"slug\":\"tai-chi-east-wed\",\"postDate\":1424461860,\"expiryDate\":null,\"enabled\":1,\"fields\":{\"174\":[\"82\"],\"199\":[\"137\"],\"143\":{\"startDate\":{\"date\":\"3\\/11\\/2015\",\"time\":\"2:00 PM\"},\"endDate\":{\"date\":\"3\\/11\\/2015\",\"time\":\"3:15 PM\"},\"stored_rules_json\":\"{\\r\\n  \\\"rules\\\": [\\r\\n    {\\r\\n      \\\"ruleType\\\": {\\r\\n        \\\"name\\\": \\\"weekly\\\",\\r\\n        \\\"title\\\": \\\"Weekly\\\"\\r\\n      },\\r\\n      \\\"uiTemplateName\\\": \\\"fields-weekly_Template\\\",\\r\\n      \\\"showRepeatUntilDate\\\": false,\\r\\n      \\\"showRepeatUntilCount\\\": false,\\r\\n      \\\"repeatUntilType\\\": \\\"forever\\\",\\r\\n      \\\"repeatForever\\\": 1,\\r\\n      \\\"weeksInterval\\\": \\\"1\\\",\\r\\n      \\\"daysOfWeek\\\": \\\"Wed\\\"\\r\\n    }\\r\\n  ]\\r\\n}\",\"recurrenceRules\":\"{\\r\\n  \\\"rules\\\": [\\r\\n    {\\r\\n      \\\"ruleType\\\": {\\r\\n        \\\"name\\\": \\\"weekly\\\",\\r\\n        \\\"title\\\": \\\"Weekly\\\"\\r\\n      },\\r\\n      \\\"uiTemplateName\\\": \\\"fields-weekly_Template\\\",\\r\\n      \\\"showRepeatUntilDate\\\": true,\\r\\n      \\\"showRepeatUntilCount\\\": false,\\r\\n      \\\"repeatUntilType\\\": \\\"date\\\",\\r\\n      \\\"repeatUntilDate\\\": \\\"9\\/1\\/2014\\\",\\r\\n      \\\"repeatForever\\\": 0,\\r\\n      \\\"weeksInterval\\\": \\\"1\\\",\\r\\n      \\\"daysOfWeek\\\": \\\"Wed\\\"\\r\\n    },\\r\\n    {\\r\\n      \\\"ruleType\\\": {\\r\\n        \\\"name\\\": \\\"daily\\\",\\r\\n        \\\"title\\\": \\\"Daily\\\"\\r\\n      },\\r\\n      \\\"uiTemplateName\\\": \\\"fields-daily_Template\\\",\\r\\n      \\\"showRepeatUntilDate\\\": true,\\r\\n      \\\"showRepeatUntilCount\\\": false,\\r\\n      \\\"repeatUntilType\\\": \\\"date\\\",\\r\\n      \\\"repeatUntilDate\\\": \\\"9\\/1\\/2014\\\",\\r\\n      \\\"repeatForever\\\": 0,\\r\\n      \\\"daysInterval\\\": \\\"2\\\"\\r\\n    }\\r\\n  ]\\r\\n}\"},\"184\":\"\",\"135\":\"<p>Focus on wellness and what you can do to boost your energy, open up and release tension. Movements are done in a standing and seated positions and you may sit at anytime. Tai chi increases leg strength, balance and flexibility. <strong>Advance registration by calling 216.595.9546 or by email (see below).<\\/strong><\\/p><p>Lead by Susan Cady<\\/p><p><strong><a href=\\\"mailto:kohn@touchedbycancer.org\\\" target=\\\"_blank\\\">Click here<\\/a> to email Betsy Kohn, MA, PC, and let her know you are interested in Tai Chi. She will contact you to complete registration. Please include your name and phone number in the email.<\\/strong><\\/p>\",\"107\":\"\",\"176\":[\"158\"],\"87\":\"\",\"200\":[\"148\"]}}','2015-03-10 13:22:03','2015-03-10 13:22:03','d2a80974-48aa-41fa-9136-4cbb26cf873f'),(139,160,17,4,'en_us',1,'','{\"typeId\":\"29\",\"authorId\":\"4\",\"title\":\"The Advisory Committee\",\"slug\":\"the-advisory-committee\",\"postDate\":1426003142,\"expiryDate\":null,\"enabled\":1,\"fields\":{\"135\":\"<p>This is where your introduction to this page would go. This should only be entered once. The rest of the entries in this section should be individual members of the advisory committee.<\\/p>\"}}','2015-03-10 15:59:02','2015-03-10 15:59:02','a64c3c1e-5b52-4acd-9dda-627ab747d6d1'),(140,160,17,4,'en_us',2,'','{\"typeId\":\"29\",\"authorId\":\"4\",\"title\":\"The Advisory Committee\",\"slug\":\"the-advisory-committee\",\"postDate\":1426003140,\"expiryDate\":null,\"enabled\":1,\"fields\":{\"135\":\"<p>This is where the introduction to this page would go. This should only be entered once. The rest of the entries in this section should be individual members of the advisory committee.<\\/p>\"}}','2015-03-10 15:59:26','2015-03-10 15:59:26','df4217f2-3c05-41e7-b141-cbe40750bf40'),(141,76,14,4,'en_us',4,'','{\"typeId\":\"16\",\"authorId\":null,\"title\":\"Volunteer\",\"slug\":\"volunteer\",\"postDate\":1425505707,\"expiryDate\":null,\"enabled\":1,\"fields\":{\"202\":{\"new1\":{\"type\":\"formInfo\",\"enabled\":\"1\",\"fields\":{\"formHeader\":\"Become a Volunteer\",\"formOverview\":\"Lorem ipsum dolor sit amet, dicant sanctus ut quo, sententiae interesset duo an. Virtute nostrud persequeris no has, at mei choro appellantur reprehendunt. Omnes adolescens reprehendunt eu vel. Per tollit dictas civibus ut.\"}}},\"174\":[\"118\"],\"135\":\"<p>Overview of volunteering opportunities at The Gathering Place.<\\/p>\"}}','2015-03-10 16:38:25','2015-03-10 16:38:25','635ad994-d0ec-4a2a-8956-ef57242b3f05'),(142,76,14,4,'en_us',5,'','{\"typeId\":\"16\",\"authorId\":null,\"title\":\"Volunteer\",\"slug\":\"volunteer\",\"postDate\":1425505707,\"expiryDate\":null,\"enabled\":1,\"fields\":{\"202\":{\"161\":{\"type\":\"formInfo\",\"enabled\":\"1\",\"fields\":{\"formHeader\":\"Become a Volunteer\",\"formOverview\":\"Lorem ipsum dolor sit amet, dicant sanctus ut quo, sententiae interesset duo an. Virtute nostrud persequeris no has, at mei choro appellantur reprehendunt. Omnes adolescens reprehendunt eu vel. Per tollit dictas civibus ut.\"}}},\"174\":[\"118\"],\"135\":\"<p>Overview of volunteering opportunities at The Gathering Place.<\\/p>\"}}','2015-03-10 16:38:35','2015-03-10 16:38:35','f7ee6f47-6922-4599-9fb1-4618de4ffdf3'),(143,76,14,4,'en_us',6,'','{\"typeId\":\"16\",\"authorId\":null,\"title\":\"formVolunteer\",\"slug\":\"volunteer\",\"postDate\":1425505707,\"expiryDate\":null,\"enabled\":1,\"fields\":{\"202\":{\"161\":{\"type\":\"formInfo\",\"enabled\":\"1\",\"fields\":{\"formHeader\":\"Become a Volunteer\",\"formOverview\":\"Lorem ipsum dolor sit amet, dicant sanctus ut quo, sententiae interesset duo an. Virtute nostrud persequeris no has, at mei choro appellantur reprehendunt. Omnes adolescens reprehendunt eu vel. Per tollit dictas civibus ut.\"}}},\"174\":[\"118\"],\"135\":\"<p>Overview of volunteering opportunities at The Gathering Place.<\\/p>\"}}','2015-03-10 16:40:55','2015-03-10 16:40:55','06e68e37-d599-4fe7-917e-cdedc5067022'),(144,76,14,4,'en_us',7,'','{\"typeId\":\"16\",\"authorId\":null,\"title\":\"Volunteer\",\"slug\":\"volunteer\",\"postDate\":1425505707,\"expiryDate\":null,\"enabled\":1,\"fields\":{\"202\":{\"161\":{\"type\":\"formInfo\",\"enabled\":\"1\",\"fields\":{\"formHeader\":\"Become a Volunteer\",\"formOverview\":\"Lorem ipsum dolor sit amet, dicant sanctus ut quo, sententiae interesset duo an. Virtute nostrud persequeris no has, at mei choro appellantur reprehendunt. Omnes adolescens reprehendunt eu vel. Per tollit dictas civibus ut.\"}}},\"174\":[\"118\"],\"135\":\"<p>Overview of volunteering opportunities at The Gathering Place.<\\/p>\"}}','2015-03-10 16:41:35','2015-03-10 16:41:35','7f75629e-f539-4539-a3bc-f71ea79163de'),(145,98,5,4,'en_us',3,'','{\"typeId\":\"33\",\"authorId\":\"4\",\"title\":\"Helpful Websites\",\"slug\":\"sample-resource-1\",\"postDate\":1424730540,\"expiryDate\":null,\"enabled\":1,\"fields\":{\"174\":[\"82\"],\"135\":\"<p>Pellentesque ornare sem lacinia quam venenatis vestibulum. Sed posuere consectetur est lobortis. Cras mattis consectetur purus sit amet fermentum. Donec id elit non mi porta gravida at eget metus. Praesent commodo cursus magna, vel scelerisque nisl consectetur et.<\\/p><p>The resources below can help organize the stream of information that accompanies a cancer diagnosis. Take time in learning about the cancer that has touched you. If you\'re feeling overwhelmed, you can always visit our <em>Humor and Cancer page. <\\/em><\\/p>\",\"221\":\"Nullam quis risus eget urna mollis ornare vel eu leo. Nullam id dolor id nibh ultricies vehicula ut id elit. Nulla vitae elit libero, a pharetra augue.\",\"175\":[\"93\",\"156\"],\"176\":[\"116\"],\"144\":[\"100\",\"101\",\"102\",\"103\",\"104\"],\"87\":[\"113\"],\"222\":[\"166\"],\"212\":{\"new1\":{\"type\":\"subSectionBlock\",\"enabled\":\"1\",\"fields\":{\"subSectionHeader\":\"General Information\",\"subSectionContent\":\"<ul><li><span><\\/span><em>American Cancer Society <\\/em><\\/li><li><em>Cancer Facts<\\/em><\\/li><li><em>Cancer Source<\\/em><\\/li><li><em>Cancer 411<\\/em><\\/li><li><em>National Cancer Institute Fact Sheets <\\/em><\\/li><li><em>National Comprehensive Cancer Network <\\/em><\\/li><\\/ul>\"}},\"new2\":{\"type\":\"subSectionBlock\",\"enabled\":\"1\",\"fields\":{\"subSectionHeader\":\"Care Management\",\"subSectionContent\":\"<ul><li>American Psychosocial Oncology Society\\u2014website for patients and caregivers, offering counseling referrals all\\r\\nover US, and toll free helpline 1.866.276.7443 <\\/li><li>\\r\\n\\t\\t\\t\\t\\tCancare<\\/li><li>Chemotherapy Information from Chemocare<\\/li><li>Manage Cancer from Christina\'s Garden<\\/li><li>Treatment Guidelines\\u2014Standard care plans and guidelines for all types of cancers             <span><\\/span><\\/li><\\/ul>\"}},\"new3\":{\"type\":\"subSectionBlock\",\"enabled\":\"1\",\"fields\":{\"subSectionHeader\":\"Reliable Medical Search Engines for Any Disease, Including Cancer\",\"subSectionContent\":\"<ul><li><em>WebMD<\\/em>\\u2014Good consumer-friendly medical search engine.<\\/li><li><em>Infotrac<\\/em>\\u2014You access this through Cleveland Public Library, using your own library card number. From the Cleveland Public Library homepage, choose \\\"Do Research\\\" from the left side menu. Then, in the blank search space, type Infotrac. When you click on the result, it will ask for your card number.<\\/li><li><em>PubMed<\\/em>\\u2014Academic level abstracts from the National Library of Medicine\'s huge database of journal articles.<span><\\/span><\\/li><\\/ul>\"}}}}}','2015-03-10 18:52:39','2015-03-10 18:52:39','3a3c7a7f-584a-4fcf-90ec-5c004288b215'),(146,100,5,4,'en_us',3,'','{\"typeId\":\"35\",\"authorId\":\"4\",\"title\":\"Sample Resource 2\",\"slug\":\"sample-resource-2\",\"postDate\":1424730540,\"expiryDate\":null,\"enabled\":1,\"fields\":{\"174\":[\"83\"],\"201\":{\"new1\":{\"type\":\"externalLinkDetails\",\"enabled\":\"1\",\"fields\":{\"linkName\":\"WebMD\",\"linkUrl\":\"http:\\/\\/www.webmd.com\"}}},\"221\":\"Nullam quis risus eget urna mollis ornare vel eu leo. Nullam id dolor id nibh ultricies vehicula ut id elit. Nulla vitae elit libero, a pharetra augue.\",\"222\":[\"164\"]}}','2015-03-10 18:53:40','2015-03-10 18:53:40','11cc47c2-c47b-4870-ad10-f53bcac888ce'),(147,101,5,4,'en_us',3,'','{\"typeId\":\"36\",\"authorId\":\"4\",\"title\":\"Sample Resource 3\",\"slug\":\"sample-resource-3\",\"postDate\":1424730540,\"expiryDate\":null,\"enabled\":1,\"fields\":{\"145\":[\"169\"],\"174\":[\"117\"],\"221\":\"Nullam quis risus eget urna mollis ornare vel eu leo. Nullam id dolor id nibh ultricies vehicula ut id elit. Nulla vitae elit libero, a pharetra augue.\",\"222\":[\"162\"]}}','2015-03-10 18:54:26','2015-03-10 18:54:26','0f54e788-1133-489b-996b-de0074c5c0da'),(148,102,5,4,'en_us',2,'','{\"typeId\":\"33\",\"authorId\":\"4\",\"title\":\"Sample Resource 4\",\"slug\":\"sample-resource-4\",\"postDate\":1424730600,\"expiryDate\":null,\"enabled\":1,\"fields\":{\"174\":[\"118\"],\"135\":\"<p>Nullam quis risus eget urna mollis ornare vel eu leo. Nullam id dolor id nibh ultricies vehicula ut id elit. Nulla vitae elit libero, a pharetra augue.<\\/p>\",\"221\":\"Nullam quis risus eget urna mollis ornare vel eu leo. Nullam id dolor id nibh ultricies vehicula ut id elit. Nulla vitae elit libero, a pharetra augue.\",\"175\":\"\",\"176\":\"\",\"144\":\"\",\"87\":\"\",\"222\":[\"163\"],\"212\":\"\"}}','2015-03-10 19:16:05','2015-03-10 19:16:05','1660aca0-2ab1-492a-895f-7e5508c9c19d'),(149,103,5,4,'en_us',3,'','{\"typeId\":\"35\",\"authorId\":\"4\",\"title\":\"Sample Resource 5\",\"slug\":\"sample-resource-5\",\"postDate\":1424730600,\"expiryDate\":null,\"enabled\":1,\"fields\":{\"174\":[\"83\"],\"201\":{\"new1\":{\"type\":\"externalLinkDetails\",\"enabled\":\"1\",\"fields\":{\"linkName\":\"The Gathering Place\",\"linkUrl\":\"http:\\/\\/www.touchedbycancer.org\"}}},\"221\":\"Nullam quis risus eget urna mollis ornare vel eu leo. Nullam id dolor id nibh ultricies vehicula ut id elit. Nulla vitae elit libero, a pharetra augue.\",\"222\":[\"164\"]}}','2015-03-10 19:17:32','2015-03-10 19:17:32','35a0126f-2808-4fcd-999d-a1a8d30c2e1b'),(150,104,5,4,'en_us',3,'','{\"typeId\":\"35\",\"authorId\":\"4\",\"title\":\"Sample Resource 6\",\"slug\":\"sample-resource-6\",\"postDate\":1424730600,\"expiryDate\":null,\"enabled\":1,\"fields\":{\"174\":[\"82\"],\"201\":{\"new1\":{\"type\":\"externalLinkDetails\",\"enabled\":\"1\",\"fields\":{\"linkName\":\"The Gathering Place\",\"linkUrl\":\"http:\\/\\/www.touchedbycancer.org\"}}},\"221\":\"Nullam quis risus eget urna mollis ornare vel eu leo. Nullam id dolor id nibh ultricies vehicula ut id elit. Nulla vitae elit libero, a pharetra augue.\",\"222\":[\"165\"]}}','2015-03-10 19:18:07','2015-03-10 19:18:07','50296b09-7051-4496-9810-7281d2910bdb'),(151,176,5,4,'en_us',1,'','{\"typeId\":\"5\",\"authorId\":\"4\",\"title\":\"Our Helpful Resources\",\"slug\":\"our-helpful-resources\",\"postDate\":1426020874,\"expiryDate\":null,\"enabled\":1,\"fields\":{\"135\":\"<p>Sed posuere consectetur est lobortis. Cras mattis consectetur purus sit amet fermentum. Donec id elit non mi porta gravida at eget metus. Praesent commodo cursus magna, Donec sed odio duivel scelerisque nisl consectetur et. <\\/p>\"}}','2015-03-10 20:54:34','2015-03-10 20:54:34','31ce0ce0-7375-4365-9646-3b5cfa028ad9'),(153,176,5,4,'en_us',2,'','{\"typeId\":\"33\",\"authorId\":\"4\",\"title\":\"Our Helpful Resources\",\"slug\":\"our-helpful-resources\",\"postDate\":1426020840,\"expiryDate\":null,\"enabled\":1,\"fields\":{\"174\":[\"82\"],\"135\":\"<p>Pellentesque ornare sem lacinia quam venenatis vestibulum. Sed posuere consectetur est lobortis. Cras mattis consectetur purus sit amet fermentum. Donec id elit non mi porta gravida at eget metus. Praesent commodo cursus magna, vel scelerisque nisl consectetur et. <\\/p><p>The resources below can help organize the stream of information that accompanies a cancer diagnosis. Take time in learning about the cancer that has touched you. If you\'re feeling overwhelmed, you can always visit our <em>Humor and Cancer <\\/em>page<em>. <\\/em><\\/p>\",\"221\":\"Praesent commodo cursus magna, Donec sed odio duivel scelerisque nisl consectetur et.\",\"175\":\"\",\"176\":\"\",\"144\":\"\",\"87\":\"\",\"222\":[\"166\"],\"212\":{\"new1\":{\"type\":\"subSectionBlock\",\"enabled\":\"1\",\"fields\":{\"subSectionHeader\":\"General Information\",\"subSectionContent\":\"<ul><li><em>American Cancer Society<\\/em><\\/li><li><em>Cancer Facts<\\/em><\\/li><li><em>Cancer Source<\\/em><\\/li><li><em>Cancer 411 <\\/em><\\/li><li><em>National Cancer Institute Fact Sheets\\r\\nNational Comprehensive Cancer Network    <\\/em>         <span><\\/span><\\/li><\\/ul>\"}},\"new2\":{\"type\":\"subSectionBlock\",\"enabled\":\"1\",\"fields\":{\"subSectionHeader\":\"Care Management\",\"subSectionContent\":\"<ul><li><em>American Psychosocial Oncology Society<\\/em>\\u2014website for patients and caregivers, offering counseling referrals all\\r\\nover US, and toll free helpline 1.866.276.7443 <\\/li><li>\\r\\n\\t\\t\\t\\t\\t<em>Cancare<\\/em><\\/li><li><em>Chemotherapy Information from Chemocare<\\/em><\\/li><li><em>Manage Cancer from Christina\'s Garden<\\/em><\\/li><li><em>Treatment Guidelines\\u2014Standard care plans and guidelines for all types of cancers<\\/em><em><\\/em><\\/li><\\/ul>\"}},\"new3\":{\"type\":\"subSectionBlock\",\"enabled\":\"1\",\"fields\":{\"subSectionHeader\":\"Reliable Medical Search Engines for Any Disease, Including Cancer\",\"subSectionContent\":\"<ul><li><em>WebMD<\\/em>\\u2014Good consumer-friendly medical search engine. <\\/li><li>\\r\\n\\t\\t\\t\\t\\t<em>Infotrac<\\/em>\\u2014You access this through Cleveland Public Library, using your own library card number. From the\\r\\nCleveland Public Library homepage, choose \\\"Do Research\\\" from the left side menu. Then, in the blank search\\r\\nspace, type Infotrac. When you click on the result, it will ask for your card number. <\\/li><li>\\r\\n\\t\\t\\t\\t\\t<em>PubMed<\\/em>\\u2014Academic level abstracts from the National Library of Medicine\'s huge database of journal articles.<\\/li><\\/ul>\"}}}}}','2015-03-11 18:02:47','2015-03-11 18:02:47','93e0a7da-f597-49b5-b9f0-a2f998b5aa64'),(154,176,5,4,'en_us',3,'','{\"typeId\":\"5\",\"authorId\":\"4\",\"title\":\"Our Helpful Resources\",\"slug\":\"our-helpful-resources\",\"postDate\":1426020840,\"expiryDate\":null,\"enabled\":1,\"fields\":{\"135\":\"<p>Sed posuere consectetur est lobortis. Cras mattis consectetur purus sit amet fermentum. Donec id elit non mi porta gravida at eget metus. Praesent commodo cursus magna, donec sed odio duivel scelerisque nisl consectetur et. <\\/p>\"}}','2015-03-11 18:04:49','2015-03-11 18:04:49','4f55173f-d565-4cbc-a3e1-19de181344d7'),(155,176,5,4,'en_us',4,'','{\"typeId\":\"5\",\"authorId\":\"4\",\"title\":\"Our Helpful Resources\",\"slug\":\"our-helpful-resources\",\"postDate\":1426020840,\"expiryDate\":null,\"enabled\":1,\"fields\":{\"135\":\"<p>Sed posuere consectetur est lobortis. Cras mattis consectetur purus sit amet fermentum. Donec id elit non mi porta gravida at eget metus. Praesent commodo cursus magna, donec sed odio duivel scelerisque nisl consectetur et. <\\/p>\"}}','2015-03-11 18:05:38','2015-03-11 18:05:38','9bb9d0ed-5e19-4d0c-9a21-abec0c4448af'),(156,176,5,4,'en_us',5,'','{\"typeId\":\"5\",\"authorId\":\"4\",\"title\":\"Our Helpful Resources\",\"slug\":\"our-helpful-resources\",\"postDate\":1426020840,\"expiryDate\":null,\"enabled\":1,\"fields\":{\"135\":\"<p>Sed posuere consectetur est lobortis. Cras mattis consectetur purus sit amet fermentum. Donec id elit non mi porta gravida at eget metus. Praesent commodo cursus magna, donec sed odio duivel scelerisque nisl consectetur et. <\\/p>\"}}','2015-03-11 18:06:14','2015-03-11 18:06:14','c49529ff-9533-4337-868a-8888198da11f'),(157,93,6,4,'en_us',9,'','{\"typeId\":\"7\",\"authorId\":\"5\",\"title\":\"Tai Chi\",\"slug\":\"tai-chi-east-wed\",\"postDate\":1424461860,\"expiryDate\":null,\"enabled\":1,\"fields\":{\"174\":[\"82\"],\"199\":[\"137\"],\"143\":{\"startDate\":{\"date\":\"3\\/11\\/2015\",\"time\":\"2:00 PM\"},\"endDate\":{\"date\":\"3\\/11\\/2015\",\"time\":\"3:15 PM\"},\"stored_rules_json\":\"{\\r\\n  \\\"rules\\\": [\\r\\n    {\\r\\n      \\\"ruleType\\\": {\\r\\n        \\\"name\\\": \\\"weekly\\\",\\r\\n        \\\"title\\\": \\\"Weekly\\\"\\r\\n      },\\r\\n      \\\"uiTemplateName\\\": \\\"fields-weekly_Template\\\",\\r\\n      \\\"showRepeatUntilDate\\\": true,\\r\\n      \\\"showRepeatUntilCount\\\": false,\\r\\n      \\\"repeatUntilType\\\": \\\"date\\\",\\r\\n      \\\"repeatUntilDate\\\": \\\"9\\/1\\/2014\\\",\\r\\n      \\\"repeatForever\\\": 0,\\r\\n      \\\"weeksInterval\\\": \\\"1\\\",\\r\\n      \\\"daysOfWeek\\\": \\\"Wed\\\"\\r\\n    },\\r\\n    {\\r\\n      \\\"ruleType\\\": {\\r\\n        \\\"name\\\": \\\"daily\\\",\\r\\n        \\\"title\\\": \\\"Daily\\\"\\r\\n      },\\r\\n      \\\"uiTemplateName\\\": \\\"fields-daily_Template\\\",\\r\\n      \\\"showRepeatUntilDate\\\": true,\\r\\n      \\\"showRepeatUntilCount\\\": false,\\r\\n      \\\"repeatUntilType\\\": \\\"date\\\",\\r\\n      \\\"repeatUntilDate\\\": \\\"9\\/1\\/2014\\\",\\r\\n      \\\"repeatForever\\\": 0,\\r\\n      \\\"daysInterval\\\": \\\"2\\\"\\r\\n    }\\r\\n  ]\\r\\n}\",\"recurrenceRules\":\"{\\r\\n  \\\"rules\\\": [\\r\\n    {\\r\\n      \\\"ruleType\\\": {\\r\\n        \\\"name\\\": \\\"weekly\\\",\\r\\n        \\\"title\\\": \\\"Weekly\\\"\\r\\n      },\\r\\n      \\\"uiTemplateName\\\": \\\"fields-weekly_Template\\\",\\r\\n      \\\"showRepeatUntilDate\\\": true,\\r\\n      \\\"showRepeatUntilCount\\\": false,\\r\\n      \\\"repeatUntilType\\\": \\\"date\\\",\\r\\n      \\\"repeatUntilDate\\\": \\\"9\\/1\\/2014\\\",\\r\\n      \\\"repeatForever\\\": 0,\\r\\n      \\\"weeksInterval\\\": \\\"1\\\",\\r\\n      \\\"daysOfWeek\\\": \\\"Wed\\\"\\r\\n    },\\r\\n    {\\r\\n      \\\"ruleType\\\": {\\r\\n        \\\"name\\\": \\\"daily\\\",\\r\\n        \\\"title\\\": \\\"Daily\\\"\\r\\n      },\\r\\n      \\\"uiTemplateName\\\": \\\"fields-daily_Template\\\",\\r\\n      \\\"showRepeatUntilDate\\\": false,\\r\\n      \\\"showRepeatUntilCount\\\": false,\\r\\n      \\\"repeatUntilType\\\": \\\"forever\\\",\\r\\n      \\\"repeatUntilDate\\\": \\\"9\\/1\\/2014\\\",\\r\\n      \\\"repeatForever\\\": 1,\\r\\n      \\\"daysInterval\\\": \\\"2\\\"\\r\\n    }\\r\\n  ]\\r\\n}\"},\"184\":\"\",\"135\":\"<p>Focus on wellness and what you can do to boost your energy, open up and release tension. Movements are done in a standing and seated positions and you may sit at anytime. Tai chi increases leg strength, balance and flexibility. <strong>Advance registration by calling 216.595.9546 or by email (see below).<\\/strong><\\/p><p>Lead by Susan Cady<\\/p><p><strong><a href=\\\"mailto:kohn@touchedbycancer.org\\\" target=\\\"_blank\\\">Click here<\\/a> to email Betsy Kohn, MA, PC, and let her know you are interested in Tai Chi. She will contact you to complete registration. Please include your name and phone number in the email.<\\/strong><\\/p>\",\"107\":\"\",\"176\":[\"158\"],\"87\":\"\",\"200\":[\"148\"]}}','2015-03-11 18:50:25','2015-03-11 18:50:25','e3d3e556-c224-4fe9-aaef-59d42a3eaefe'),(158,93,6,4,'en_us',10,'','{\"typeId\":\"7\",\"authorId\":\"5\",\"title\":\"Tai Chi\",\"slug\":\"tai-chi-east-wed\",\"postDate\":1424461860,\"expiryDate\":null,\"enabled\":1,\"fields\":{\"174\":[\"82\"],\"199\":[\"137\"],\"143\":{\"startDate\":{\"date\":\"3\\/11\\/2015\",\"time\":\"2:00 PM\"},\"endDate\":{\"date\":\"3\\/11\\/2015\",\"time\":\"3:15 PM\"},\"stored_rules_json\":\"{\\r\\n  \\\"rules\\\": [\\r\\n    {\\r\\n      \\\"ruleType\\\": {\\r\\n        \\\"name\\\": \\\"weekly\\\",\\r\\n        \\\"title\\\": \\\"Weekly\\\"\\r\\n      },\\r\\n      \\\"uiTemplateName\\\": \\\"fields-weekly_Template\\\",\\r\\n      \\\"showRepeatUntilDate\\\": true,\\r\\n      \\\"showRepeatUntilCount\\\": false,\\r\\n      \\\"repeatUntilType\\\": \\\"date\\\",\\r\\n      \\\"repeatUntilDate\\\": \\\"9\\/1\\/2014\\\",\\r\\n      \\\"repeatForever\\\": 0,\\r\\n      \\\"weeksInterval\\\": \\\"1\\\",\\r\\n      \\\"daysOfWeek\\\": \\\"Wed\\\"\\r\\n    },\\r\\n    {\\r\\n      \\\"ruleType\\\": {\\r\\n        \\\"name\\\": \\\"daily\\\",\\r\\n        \\\"title\\\": \\\"Daily\\\"\\r\\n      },\\r\\n      \\\"uiTemplateName\\\": \\\"fields-daily_Template\\\",\\r\\n      \\\"showRepeatUntilDate\\\": false,\\r\\n      \\\"showRepeatUntilCount\\\": false,\\r\\n      \\\"repeatUntilType\\\": \\\"forever\\\",\\r\\n      \\\"repeatUntilDate\\\": \\\"9\\/1\\/2014\\\",\\r\\n      \\\"repeatForever\\\": 1,\\r\\n      \\\"daysInterval\\\": \\\"2\\\"\\r\\n    }\\r\\n  ]\\r\\n}\",\"recurrenceRules\":\"{\\r\\n  \\\"rules\\\": [\\r\\n    {\\r\\n      \\\"ruleType\\\": {\\r\\n        \\\"name\\\": \\\"weekly\\\",\\r\\n        \\\"title\\\": \\\"Weekly\\\"\\r\\n      },\\r\\n      \\\"uiTemplateName\\\": \\\"fields-weekly_Template\\\",\\r\\n      \\\"showRepeatUntilDate\\\": true,\\r\\n      \\\"showRepeatUntilCount\\\": false,\\r\\n      \\\"repeatUntilType\\\": \\\"date\\\",\\r\\n      \\\"repeatUntilDate\\\": \\\"9\\/1\\/2014\\\",\\r\\n      \\\"repeatForever\\\": 0,\\r\\n      \\\"weeksInterval\\\": \\\"1\\\",\\r\\n      \\\"daysOfWeek\\\": \\\"Wed\\\"\\r\\n    }\\r\\n  ]\\r\\n}\"},\"184\":\"\",\"135\":\"<p>Focus on wellness and what you can do to boost your energy, open up and release tension. Movements are done in a standing and seated positions and you may sit at anytime. Tai chi increases leg strength, balance and flexibility. <strong>Advance registration by calling 216.595.9546 or by email (see below).<\\/strong><\\/p><p>Lead by Susan Cady<\\/p><p><strong><a href=\\\"mailto:kohn@touchedbycancer.org\\\" target=\\\"_blank\\\">Click here<\\/a> to email Betsy Kohn, MA, PC, and let her know you are interested in Tai Chi. She will contact you to complete registration. Please include your name and phone number in the email.<\\/strong><\\/p>\",\"107\":\"\",\"176\":[\"158\"],\"87\":\"\",\"200\":[\"148\"]}}','2015-03-11 18:52:29','2015-03-11 18:52:29','f52f1b83-5aea-4841-83e8-8761322cf8ff'),(159,98,5,4,'en_us',4,'','{\"typeId\":\"33\",\"authorId\":\"4\",\"title\":\"Helpful Websites\",\"slug\":\"helpful-websites\",\"postDate\":1424730540,\"expiryDate\":null,\"enabled\":1,\"fields\":{\"174\":[\"82\"],\"135\":\"<p>Pellentesque ornare sem lacinia quam venenatis vestibulum. Sed posuere consectetur est lobortis. Cras mattis consectetur purus sit amet fermentum. Donec id elit non mi porta gravida at eget metus. Praesent commodo cursus magna, vel scelerisque nisl consectetur et.<\\/p><p>The resources below can help organize the stream of information that accompanies a cancer diagnosis. Take time in learning about the cancer that has touched you. If you\'re feeling overwhelmed, you can always visit our <em>Humor and Cancer page. <\\/em><\\/p>\",\"221\":\"Nullam quis risus eget urna mollis ornare vel eu leo. Nullam id dolor id nibh ultricies vehicula ut id elit. Nulla vitae elit libero, a pharetra augue.\",\"175\":[\"93\",\"156\"],\"176\":[\"116\"],\"144\":[\"100\",\"101\",\"102\",\"103\",\"104\"],\"87\":[\"113\"],\"222\":[\"166\"],\"212\":{\"170\":{\"type\":\"subSectionBlock\",\"enabled\":\"1\",\"fields\":{\"subSectionHeader\":\"General Information\",\"subSectionContent\":\"<ul><li><em>American Cancer Society <\\/em><\\/li><li><em>Cancer Facts<\\/em><\\/li><li><em>Cancer Source<\\/em><\\/li><li><em>Cancer 411<\\/em><\\/li><li><em>National Cancer Institute Fact Sheets <\\/em><\\/li><li><em>National Comprehensive Cancer Network <\\/em><\\/li><\\/ul>\"}},\"171\":{\"type\":\"subSectionBlock\",\"enabled\":\"1\",\"fields\":{\"subSectionHeader\":\"Care Management\",\"subSectionContent\":\"<ul><li>American Psychosocial Oncology Society\\u2014website for patients and caregivers, offering counseling referrals all\\r\\nover US, and toll free helpline 1.866.276.7443 <\\/li><li>\\r\\n\\t\\t\\t\\t\\tCancare<\\/li><li>Chemotherapy Information from Chemocare<\\/li><li>Manage Cancer from Christina\'s Garden<\\/li><li>Treatment Guidelines\\u2014Standard care plans and guidelines for all types of cancers             <\\/li><\\/ul>\"}},\"172\":{\"type\":\"subSectionBlock\",\"enabled\":\"1\",\"fields\":{\"subSectionHeader\":\"Reliable Medical Search Engines for Any Disease, Including Cancer\",\"subSectionContent\":\"<ul><li><em>WebMD<\\/em>\\u2014Good consumer-friendly medical search engine.<\\/li><li><em>Infotrac<\\/em>\\u2014You access this through Cleveland Public Library, using your own library card number. From the Cleveland Public Library homepage, choose \\\"Do Research\\\" from the left side menu. Then, in the blank search space, type Infotrac. When you click on the result, it will ask for your card number.<\\/li><li><em>PubMed<\\/em>\\u2014Academic level abstracts from the National Library of Medicine\'s huge database of journal articles.<\\/li><\\/ul>\"}}}}}','2015-03-11 19:01:43','2015-03-11 19:01:43','e6e6db2c-e702-43c6-8e1d-0ff9228f1eca'),(160,93,6,4,'en_us',11,'','{\"typeId\":\"7\",\"authorId\":\"5\",\"title\":\"Tai Chi\",\"slug\":\"tai-chi-east-wed\",\"postDate\":1424461860,\"expiryDate\":null,\"enabled\":1,\"fields\":{\"174\":[\"82\"],\"199\":[\"137\"],\"143\":{\"startDate\":{\"date\":\"3\\/11\\/2015\",\"time\":\"2:00 PM\"},\"endDate\":{\"date\":\"3\\/11\\/2015\",\"time\":\"3:15 PM\"},\"stored_rules_json\":\"{\\r\\n  \\\"rules\\\": [\\r\\n    {\\r\\n      \\\"ruleType\\\": {\\r\\n        \\\"name\\\": \\\"weekly\\\",\\r\\n        \\\"title\\\": \\\"Weekly\\\"\\r\\n      },\\r\\n      \\\"uiTemplateName\\\": \\\"fields-weekly_Template\\\",\\r\\n      \\\"showRepeatUntilDate\\\": true,\\r\\n      \\\"showRepeatUntilCount\\\": false,\\r\\n      \\\"repeatUntilType\\\": \\\"date\\\",\\r\\n      \\\"repeatUntilDate\\\": \\\"9\\/1\\/2014\\\",\\r\\n      \\\"repeatForever\\\": 0,\\r\\n      \\\"weeksInterval\\\": \\\"1\\\",\\r\\n      \\\"daysOfWeek\\\": \\\"Wed\\\"\\r\\n    }\\r\\n  ]\\r\\n}\",\"recurrenceRules\":\"{\\r\\n  \\\"rules\\\": [\\r\\n    {\\r\\n      \\\"ruleType\\\": {\\r\\n        \\\"name\\\": \\\"weekly\\\",\\r\\n        \\\"title\\\": \\\"Weekly\\\"\\r\\n      },\\r\\n      \\\"uiTemplateName\\\": \\\"fields-weekly_Template\\\",\\r\\n      \\\"showRepeatUntilDate\\\": true,\\r\\n      \\\"showRepeatUntilCount\\\": false,\\r\\n      \\\"repeatUntilType\\\": \\\"date\\\",\\r\\n      \\\"repeatUntilDate\\\": \\\"9\\/1\\/2014\\\",\\r\\n      \\\"repeatForever\\\": 0,\\r\\n      \\\"weeksInterval\\\": \\\"1\\\",\\r\\n      \\\"daysOfWeek\\\": \\\"Wed\\\"\\r\\n    }\\r\\n  ]\\r\\n}\"},\"184\":\"\",\"135\":\"<p>Focus on wellness and what you can do to boost your energy, open up and release tension. Movements are done in a standing and seated positions and you may sit at anytime. Tai chi increases leg strength, balance and flexibility. <strong>Advance registration by calling 216.595.9546 or by email (see below).<\\/strong><\\/p><p>Lead by Susan Cady<\\/p><p><strong><a href=\\\"mailto:kohn@touchedbycancer.org\\\" target=\\\"_blank\\\">Click here<\\/a> to email Betsy Kohn, MA, PC, and let her know you are interested in Tai Chi. She will contact you to complete registration. Please include your name and phone number in the email.<\\/strong><\\/p>\",\"107\":\"\",\"176\":[\"158\"],\"87\":\"\",\"200\":[\"148\"]}}','2015-03-11 20:37:31','2015-03-11 20:37:31','f40bdeb9-5a6e-4fee-8897-7bff6d4ed2ec'),(161,100,5,4,'en_us',4,'','{\"typeId\":\"35\",\"authorId\":\"4\",\"title\":\"Sample Resource 2\",\"slug\":\"sample-resource-2\",\"postDate\":1424730540,\"expiryDate\":null,\"enabled\":1,\"fields\":{\"174\":[\"83\"],\"201\":{\"173\":{\"type\":\"externalLinkDetails\",\"enabled\":\"1\",\"fields\":{\"linkName\":\"WebMD\",\"linkUrl\":\"http:\\/\\/www.webmd.com\"}}},\"221\":\"Nullam quis risus eget urna mollis ornare vel eu leo. Nullam id dolor id nibh ultricies vehicula ut id elit. Nulla vitae elit libero, a pharetra augue.\",\"222\":[\"164\"]}}','2015-03-11 20:51:09','2015-03-11 20:51:09','969010b2-3fb2-449a-b701-a2d656a73164'),(162,101,5,4,'en_us',4,'','{\"typeId\":\"36\",\"authorId\":\"4\",\"title\":\"Newsletter - Spring 2015\",\"slug\":\"newsletter-spring-2015\",\"postDate\":1424730540,\"expiryDate\":null,\"enabled\":1,\"fields\":{\"145\":[\"182\"],\"174\":[\"117\"],\"221\":\"Nullam quis risus eget urna mollis ornare vel eu leo. Nullam id dolor id nibh ultricies vehicula ut id elit. Nulla vitae elit libero, a pharetra augue.\",\"222\":[\"162\"]}}','2015-03-11 20:52:50','2015-03-11 20:52:50','1de4e34e-3cf8-4707-b4a0-59b5c847c8ca'),(163,104,5,4,'en_us',4,'','{\"typeId\":\"35\",\"authorId\":\"4\",\"title\":\"Sample Resource 6\",\"slug\":\"sample-resource-6\",\"postDate\":1424730600,\"expiryDate\":null,\"enabled\":1,\"fields\":{\"174\":[\"82\"],\"201\":{\"175\":{\"type\":\"externalLinkDetails\",\"enabled\":\"1\",\"fields\":{\"linkName\":\"The Gathering Place\",\"linkUrl\":\"http:\\/\\/www.touchedbycancer.org\"}}},\"221\":\"Nullam quis risus eget urna mollis ornare vel eu leo. Nullam id dolor id nibh ultricies vehicula ut id elit. Nulla vitae elit libero, a pharetra augue.\",\"222\":[\"165\"]}}','2015-03-11 21:11:24','2015-03-11 21:11:24','14493c86-79ce-473a-a898-22fbe3d7ee42'),(164,101,5,4,'en_us',5,'','{\"typeId\":\"36\",\"authorId\":\"4\",\"title\":\"Newsletter - Spring 2015\",\"slug\":\"newsletter-spring-2015\",\"postDate\":1424730540,\"expiryDate\":null,\"enabled\":1,\"fields\":{\"145\":[\"182\"],\"174\":[\"117\"],\"221\":\"Nullam quis risus eget urna mollis ornare vel eu leo. Nullam id dolor id nibh ultricies vehicula ut id elit. Nulla vitae elit libero, a pharetra augue.\",\"222\":[\"183\"]}}','2015-03-11 21:13:28','2015-03-11 21:13:28','da71a8ba-fcc1-4b02-aa3b-8bb967c2bb1d'),(165,101,5,4,'en_us',6,'','{\"typeId\":\"36\",\"authorId\":\"4\",\"title\":\"Newsletter - Spring 2015\",\"slug\":\"newsletter-spring-2015\",\"postDate\":1424730540,\"expiryDate\":null,\"enabled\":1,\"fields\":{\"145\":[\"182\"],\"174\":[\"82\",\"83\"],\"221\":\"Nullam quis risus eget urna mollis ornare vel eu leo. Nullam id dolor id nibh ultricies vehicula ut id elit. Nulla vitae elit libero, a pharetra augue.\",\"222\":[\"183\"]}}','2015-03-11 21:19:13','2015-03-11 21:19:13','faa6f3f1-92b1-4190-928c-5fdb68ea6e3c'),(166,100,5,4,'en_us',5,'','{\"typeId\":\"35\",\"authorId\":\"4\",\"title\":\"Sample Resource 2\",\"slug\":\"sample-resource-2\",\"postDate\":1424730540,\"expiryDate\":null,\"enabled\":1,\"fields\":{\"174\":[\"83\"],\"201\":{\"173\":{\"type\":\"externalLinkDetails\",\"enabled\":\"1\",\"fields\":{\"linkName\":\"WebMD\",\"linkUrl\":\"http:\\/\\/www.webmd.com\"}}},\"221\":\"Nullam quis risus eget urna mollis ornare vel eu leo. Nullam id dolor id nibh ultricies vehicula ut id elit. Nulla vitae elit libero, a pharetra augue.\",\"222\":[\"164\"]}}','2015-03-11 21:19:26','2015-03-11 21:19:26','77f8ebed-fca3-4f06-90dc-55068e8a0690'),(167,102,5,4,'en_us',3,'','{\"typeId\":\"33\",\"authorId\":\"4\",\"title\":\"Sample Resource 4\",\"slug\":\"sample-resource-4\",\"postDate\":1424730600,\"expiryDate\":null,\"enabled\":1,\"fields\":{\"174\":[\"118\"],\"135\":\"<p>Nullam quis risus eget urna mollis ornare vel eu leo. Nullam id dolor id nibh ultricies vehicula ut id elit. Nulla vitae elit libero, a pharetra augue.<\\/p>\",\"221\":\"Nullam quis risus eget urna mollis ornare vel eu leo. Nullam id dolor id nibh ultricies vehicula ut id elit. Nulla vitae elit libero, a pharetra augue.\",\"175\":\"\",\"176\":\"\",\"144\":\"\",\"87\":\"\",\"222\":[\"163\"],\"212\":\"\"}}','2015-03-11 21:19:35','2015-03-11 21:19:35','92b83749-df76-428d-b501-733215bd7744'),(168,100,5,4,'en_us',6,'','{\"typeId\":\"35\",\"authorId\":\"4\",\"title\":\"WebMD\",\"slug\":\"sample-resource-2\",\"postDate\":1424730540,\"expiryDate\":null,\"enabled\":1,\"fields\":{\"174\":[\"83\"],\"201\":{\"173\":{\"type\":\"externalLinkDetails\",\"enabled\":\"1\",\"fields\":{\"linkName\":\"WebMD\",\"linkUrl\":\"http:\\/\\/www.webmd.com\"}}},\"221\":\"Nullam quis risus eget urna mollis ornare vel eu leo. Nullam id dolor id nibh ultricies vehicula ut id elit. Nulla vitae elit libero, a pharetra augue.\",\"222\":[\"164\"]}}','2015-03-11 21:19:46','2015-03-11 21:19:46','16144f3c-056f-4953-87f7-eb3c895f56af'),(169,104,5,4,'en_us',5,'','{\"typeId\":\"35\",\"authorId\":\"4\",\"title\":\"Sample Resource 6\",\"slug\":\"sample-resource-6\",\"postDate\":1424730600,\"expiryDate\":null,\"enabled\":1,\"fields\":{\"174\":[\"117\"],\"201\":{\"175\":{\"type\":\"externalLinkDetails\",\"enabled\":\"1\",\"fields\":{\"linkName\":\"The Gathering Place\",\"linkUrl\":\"http:\\/\\/www.touchedbycancer.org\"}}},\"221\":\"Nullam quis risus eget urna mollis ornare vel eu leo. Nullam id dolor id nibh ultricies vehicula ut id elit. Nulla vitae elit libero, a pharetra augue.\",\"222\":[\"165\"]}}','2015-03-11 21:20:05','2015-03-11 21:20:05','159fd78f-c090-47ee-be0e-4f2762340a2e'),(170,184,22,4,'en_us',1,'','{\"typeId\":null,\"authorId\":\"4\",\"title\":\"Repeating Elements\",\"slug\":\"repeating-elements\",\"postDate\":1426275998,\"expiryDate\":null,\"enabled\":1,\"fields\":{\"216\":\"\",\"215\":\"\",\"211\":\"Maecenas faucibus mollis interdum. Maecenas sed diam eget risus varius blandit sit amet non magna. Nullam quis risus eget urna mollis ornare vel eu leo.\"}}','2015-03-13 19:46:38','2015-03-13 19:46:38','87ca6061-368e-40d5-b5c5-f7d981c25ce6'),(171,76,14,4,'en_us',8,'','{\"typeId\":\"16\",\"authorId\":null,\"title\":\"Volunteer\",\"slug\":\"volunteer\",\"postDate\":1425505707,\"expiryDate\":null,\"enabled\":1,\"fields\":{\"202\":{\"161\":{\"type\":\"formInfo\",\"enabled\":\"1\",\"fields\":{\"formHeader\":\"Become a Volunteer\",\"formOverview\":\"Lorem ipsum dolor sit amet, dicant sanctus ut quo, sententiae interesset duo an. Virtute nostrud persequeris no has, at mei choro appellantur reprehendunt. Omnes adolescens reprehendunt eu vel. Per tollit dictas civibus ut.\"}}},\"174\":[\"118\"],\"135\":\"<p>Overview of volunteering opportunities at The Gathering Place.<\\/p>\",\"87\":[\"132\"]}}','2015-03-16 15:25:34','2015-03-16 15:25:34','6dd3fd26-fbb2-43c1-aba2-e7696a1e6b65'),(172,88,19,4,'en_us',5,'','{\"typeId\":\"23\",\"authorId\":null,\"title\":\"About The Gathering Place\",\"slug\":\"aboutus\",\"postDate\":1425505690,\"expiryDate\":null,\"enabled\":1,\"fields\":{\"205\":\"\",\"207\":\"\",\"135\":\"<p>Donec sed odio dui. Curabitur blandit tempus porttitor. Duis mollis, est non commodo luctus, nisi erat porttitor ligula, eget lacinia odio sem nec elit. Nullam id dolor id nibh ultricies vehicula ut id elit. Donec ullamcorper nulla non metus auctor fringilla. Sed posuere consectetur est <span style=\\\"font-size: 14px; line-height: 1.6em; background-color: initial;\\\">at lobortis. Lorem ipsum dolor sit amet, consectetur adipiscing elit. Maecenas sed diam eget risus varius blandit sit amet non magna. Vivamus sagittis lacus vel augue laoreet rutrum faucibus dolor auctor. Nulla vitae elit libero, a pharetra augue. Aenean eu leo quam. Pellentesque ornare sem lacinia quam venenatis vestibulum. <\\/span><\\/p>\",\"203\":\"The mission of The Gathering Place is to support, educate and empower individuals and families touched by cancer through programs and services provided free of charge.\",\"204\":\"\",\"206\":\"\",\"176\":[\"116\"],\"87\":[\"35\",\"113\"],\"167\":\"\",\"208\":\"\"}}','2015-03-16 15:33:36','2015-03-16 15:33:36','93520d48-7766-447f-8c97-3c57c45dcadc'),(173,88,19,4,'en_us',6,'','{\"typeId\":\"23\",\"authorId\":null,\"title\":\"About The Gathering Place\",\"slug\":\"aboutus\",\"postDate\":1425505690,\"expiryDate\":null,\"enabled\":1,\"fields\":{\"205\":\"<p>Fusce dapibus, tellus ac cursus commodo, tortor mauris condimentum nibh, ut fermentum massa justo sit amet risus. Donec id elit non mi porta gravida at eget metus. Duis mollis, est non commodo luctus, nisi erat porttitor ligula, eget lacinia odio sem nec elit. Sed posuere consectetur est at lobortis. Cum sociis natoque penatibus et magnis dis parturient montes, nascetur ridiculus mus. Sed posuere consectetur est at lobortis. Fusce dapibus, tellus ac cursus commodo, tortor mauris condimentum nibh, ut fermentum massa justo sit amet risus. Vivamus sagittis lacus vel augue laoreet rutrum faucibus dolor auctor. Nullam quis risus eget urna mollis ornare vel eu leo. Cras mattis consectetur purus sit amet fermentum.<span><\\/span><\\/p>\",\"207\":\"<p>Vivamus sagittis lacus vel augue laoreet rutrum faucibus dolor auctor. Nulla vitae elit libero, a pharetra augue. Nullam quis risus eget urna mollis ornare vel eu leo. Etiam porta sem malesuada magna mollis euismod. Fusce dapibus, tellus ac cursus commodo, tortor mauris condimentum nibh, ut fermentum massa justo sit amet risus. Donec ullamcorper nulla non metus auctor fringilla.<\\/p><p>Cras mattis consectetur purus sit amet fermentum. Cum sociis natoque penatibus et magnis dis parturient montes, nascetur ridiculus mus. Nulla vitae elit libero, a pharetra augue. Aenean lacinia bibendum nulla sed consectetur. <\\/p>\",\"135\":\"<p>Donec sed odio dui. Curabitur blandit tempus porttitor. Duis mollis, est non commodo luctus, nisi erat porttitor ligula, eget lacinia odio sem nec elit. Nullam id dolor id nibh ultricies vehicula ut id elit. Donec ullamcorper nulla non metus auctor fringilla. Sed posuere consectetur est at lobortis. Lorem ipsum dolor sit amet, consectetur adipiscing elit. Maecenas sed diam eget risus varius blandit sit amet non magna. Vivamus sagittis lacus vel augue laoreet rutrum faucibus dolor auctor. Nulla vitae elit libero, a pharetra augue. Aenean eu leo quam. Pellentesque ornare sem lacinia quam venenatis vestibulum. <\\/p>\",\"203\":\"The mission of The Gathering Place is to support, educate and empower individuals and families touched by cancer through programs and services provided free of charge.\",\"204\":\"<p>Fusce dapibus, tellus ac cursus commodo, tortor mauris condimentum nibh, ut fermentum massa justo sit amet risus. Donec id elit non mi porta gravida at eget metus. Duis mollis, est non commodo luctus, nisi erat porttitor ligula, eget lacinia odio sem nec elit. Sed posuere consectetur est at lobortis. Cum sociis natoque penatibus et magnis dis parturient montes, nascetur ridiculus mus. Sed posuere consectetur est at lobortis. Fusce dapibus, tellus ac cursus commodo, tortor mauris condimentum nibh, ut fermentum massa justo sit amet risus. Vivamus sagittis lacus vel augue laoreet rutrum faucibus dolor auctor. Nullam quis risus eget urna mollis ornare vel eu leo. Cras mattis consectetur purus sit amet fermentum.<\\/p>\",\"206\":\"<ul><li><span><\\/span>Two education centers that include lending libraries with over 2,500 books, cds and dvds. Public lectures by local experts offering the latest information on cancer treatments and complementary medicine. The medical librarian will help you research any questions you may have on cancer and its treatment, whether you are newly diagnosed or a long-term survivor.<\\/li><li>Support groups to help you cope with the emotional impact of a cancer diagnosis. There are weekly groups for those diagnosed with cancer and one for family friends, as well as monthly drop-in groups for specific cancers such as breast, leukemia and lymphoma, myeloma and prostate.<\\/li><li>Gentle movement classes such as tai chi and yoga and exercise classes appropriate for any levelincluding those with low energy.<\\/li><li>Nutrition Classes and one-to-one consultations with a licensed dietitian as well as healthy cooking classes.<\\/li><li>Age appropriate support groups, education classes and social activities for children who have a loved one with cancer, and specialized, caring staff to help families every step of the way. <\\/li><\\/ul>\",\"176\":[\"116\"],\"87\":[\"35\",\"113\"],\"167\":{\"new1\":{\"type\":\"siteImage\",\"enabled\":\"1\",\"fields\":{\"siteImageFile\":[\"97\"],\"siteImageCaption\":\"Football Cat\",\"imageSite\":[\"119\"]}},\"new2\":{\"type\":\"siteImage\",\"enabled\":\"1\",\"fields\":{\"siteImageFile\":[\"134\"],\"siteImageCaption\":\"Lighthouse\",\"imageSite\":[\"120\"]}},\"new3\":{\"type\":\"siteImage\",\"enabled\":\"1\",\"fields\":{\"siteImageFile\":[\"109\"],\"siteImageCaption\":\"Janis\",\"imageSite\":[\"119\"]}},\"new4\":{\"type\":\"siteImage\",\"enabled\":\"1\",\"fields\":{\"siteImageFile\":[\"129\"],\"siteImageCaption\":\"Walrus\",\"imageSite\":[\"120\"]}}},\"208\":\"<p>Donec id elit non mi porta gravida at eget metus. Vivamus sagittis lacus vel augue laoreet rutrum faucibus dolor auctor. Maecenas faucibus mollis interdum. Donec id elit non mi porta gravida at eget metus.<\\/p><p>Nulla vitae elit libero, a pharetra augue. Lorem ipsum dolor sit amet, consectetur adipiscing elit. Curabitur blandit tempus porttitor. Nulla vitae elit libero, a pharetra augue. Fusce dapibus, tellus ac cursus commodo, tortor mauris condimentum nibh, ut fermentum massa justo sit amet risus. Etiam porta sem malesuada magna mollis euismod. Curabitur blandit tempus porttitor. <\\/p>\"}}','2015-03-16 15:36:25','2015-03-16 15:36:25','bd8e58a4-7225-47c2-a02c-be2b32b849e0'),(174,88,19,4,'en_us',7,'','{\"typeId\":\"23\",\"authorId\":null,\"title\":\"About The Gathering Place\",\"slug\":\"aboutus\",\"postDate\":1425505690,\"expiryDate\":null,\"enabled\":1,\"fields\":{\"205\":\"<p>Fusce dapibus, tellus ac cursus commodo, tortor mauris condimentum nibh, ut fermentum massa justo sit amet risus. Donec id elit non mi porta gravida at eget metus. Duis mollis, est non commodo luctus, nisi erat porttitor ligula, eget lacinia odio sem nec elit. Sed posuere consectetur est at lobortis. Cum sociis natoque penatibus et magnis dis parturient montes, nascetur ridiculus mus. Sed posuere consectetur est at lobortis. Fusce dapibus, tellus ac cursus commodo, tortor mauris condimentum nibh, ut fermentum massa justo sit amet risus. Vivamus sagittis lacus vel augue laoreet rutrum faucibus dolor auctor. Nullam quis risus eget urna mollis ornare vel eu leo. Cras mattis consectetur purus sit amet fermentum.<\\/p>\",\"207\":\"<p>Vivamus sagittis lacus vel augue laoreet rutrum faucibus dolor auctor. Nulla vitae elit libero, a pharetra augue. Nullam quis risus eget urna mollis ornare vel eu leo. Etiam porta sem malesuada magna mollis euismod. Fusce dapibus, tellus ac cursus commodo, tortor mauris condimentum nibh, ut fermentum massa justo sit amet risus. Donec ullamcorper nulla non metus auctor fringilla.<\\/p><p>Cras mattis consectetur purus sit amet fermentum. Cum sociis natoque penatibus et magnis dis parturient montes, nascetur ridiculus mus. Nulla vitae elit libero, a pharetra augue. Aenean lacinia bibendum nulla sed consectetur. <\\/p>\",\"135\":\"<p>Donec sed odio dui. Curabitur blandit tempus porttitor. Duis mollis, est non commodo luctus, nisi erat porttitor ligula, eget lacinia odio sem nec elit. Nullam id dolor id nibh ultricies vehicula ut id elit. Donec ullamcorper nulla non metus auctor fringilla. Sed posuere consectetur est at lobortis. Lorem ipsum dolor sit amet, consectetur adipiscing elit. Maecenas sed diam eget risus varius blandit sit amet non magna. Vivamus sagittis lacus vel augue laoreet rutrum faucibus dolor auctor. Nulla vitae elit libero, a pharetra augue. Aenean eu leo quam. Pellentesque ornare sem lacinia quam venenatis vestibulum. <\\/p>\",\"203\":\"The mission of The Gathering Place is to support, educate and empower individuals and families touched by cancer through programs and services provided free of charge.\",\"204\":\"<p>Fusce dapibus, tellus ac cursus commodo, tortor mauris condimentum nibh, ut fermentum massa justo sit amet risus. Donec id elit non mi porta gravida at eget metus. Duis mollis, est non commodo luctus, nisi erat porttitor ligula, eget lacinia odio sem nec elit. Sed posuere consectetur est at lobortis. Cum sociis natoque penatibus et magnis dis parturient montes, nascetur ridiculus mus. Sed posuere consectetur est at lobortis. Fusce dapibus, tellus ac cursus commodo, tortor mauris condimentum nibh, ut fermentum massa justo sit amet risus. Vivamus sagittis lacus vel augue laoreet rutrum faucibus dolor auctor. Nullam quis risus eget urna mollis ornare vel eu leo. Cras mattis consectetur purus sit amet fermentum.<\\/p>\",\"206\":\"<ul><li>Two education centers that include lending libraries with over 2,500 books, cds and dvds. Public lectures by local experts offering the latest information on cancer treatments and complementary medicine. The medical librarian will help you research any questions you may have on cancer and its treatment, whether you are newly diagnosed or a long-term survivor.<\\/li><li>Support groups to help you cope with the emotional impact of a cancer diagnosis. There are weekly groups for those diagnosed with cancer and one for family friends, as well as monthly drop-in groups for specific cancers such as breast, leukemia and lymphoma, myeloma and prostate.<\\/li><li>Gentle movement classes such as tai chi and yoga and exercise classes appropriate for any levelincluding those with low energy.<\\/li><li>Nutrition Classes and one-to-one consultations with a licensed dietitian as well as healthy cooking classes.<\\/li><li>Age appropriate support groups, education classes and social activities for children who have a loved one with cancer, and specialized, caring staff to help families every step of the way. <\\/li><\\/ul>\",\"176\":[\"116\"],\"87\":[\"35\",\"113\"],\"167\":{\"185\":{\"type\":\"siteImage\",\"enabled\":\"1\",\"fields\":{\"siteImageFile\":[\"97\"],\"siteImageCaption\":\"Football Cat\",\"imageSite\":[\"119\"]}},\"186\":{\"type\":\"siteImage\",\"enabled\":\"1\",\"fields\":{\"siteImageFile\":[\"134\"],\"siteImageCaption\":\"Lighthouse\",\"imageSite\":[\"120\"]}},\"187\":{\"type\":\"siteImage\",\"enabled\":\"1\",\"fields\":{\"siteImageFile\":[\"109\"],\"siteImageCaption\":\"Janis\",\"imageSite\":[\"119\"]}},\"188\":{\"type\":\"siteImage\",\"enabled\":\"1\",\"fields\":{\"siteImageFile\":[\"129\"],\"siteImageCaption\":\"Walrus\",\"imageSite\":[\"120\"]}}},\"208\":\"<p>Donec id elit non mi porta gravida at eget metus. Vivamus sagittis lacus vel augue laoreet rutrum faucibus dolor auctor. Maecenas faucibus mollis interdum. Donec id elit non mi porta gravida at eget metus.<\\/p><p>Nulla vitae elit libero, a pharetra augue. Lorem ipsum dolor sit amet, consectetur adipiscing elit. Curabitur blandit tempus porttitor. Nulla vitae elit libero, a pharetra augue. Fusce dapibus, tellus ac cursus commodo, tortor mauris condimentum nibh, ut fermentum massa justo sit amet risus. Etiam porta sem malesuada magna mollis euismod. Curabitur blandit tempus porttitor. <\\/p>\"}}','2015-03-16 15:48:46','2015-03-16 15:48:46','b206cda6-8331-480d-a4fb-d108c022ecad'),(175,76,14,4,'en_us',9,'','{\"typeId\":\"16\",\"authorId\":null,\"title\":\"Volunteer\",\"slug\":\"volunteer\",\"postDate\":1425505707,\"expiryDate\":null,\"enabled\":1,\"fields\":{\"202\":{\"161\":{\"type\":\"formInfo\",\"enabled\":\"1\",\"fields\":{\"formHeader\":\"Become a Volunteer\",\"formOverview\":\"Lorem ipsum dolor sit amet, dicant sanctus ut quo, sententiae interesset duo an. Virtute nostrud persequeris no has, at mei choro appellantur reprehendunt. Omnes adolescens reprehendunt eu vel. Per tollit dictas civibus ut.\"}}},\"174\":[\"118\"],\"135\":\"<p>Overview of volunteering opportunities at The Gathering Place.<\\/p>\",\"87\":[\"132\"]}}','2015-03-16 15:48:59','2015-03-16 15:48:59','4376a80b-51f1-4721-98a7-a28aa4248d7a'),(176,70,13,4,'en_us',3,'','{\"typeId\":\"15\",\"authorId\":null,\"title\":\"More Ways to Support\",\"slug\":\"support\",\"postDate\":1426002327,\"expiryDate\":null,\"enabled\":1,\"fields\":{\"135\":\"<p>Sed posuere consectetur est lobortis. Cras mattis consectetur purus sit amet fermentum. Donec id elit non mi porta gravida at eget metus. Praesent commodo cursus magna, Donec sed odio duivel scelerisque nisl consectetur et. Fusce dapibus, tellus ac cursus commodo, tortor mauris condimentum nibh, ut fermentum massa justo sit amet risus. <\\/p>\",\"225\":\"\"}}','2015-03-16 20:24:10','2015-03-16 20:24:10','20c83f97-2e19-4668-b1a4-3f374b09a7f1'),(177,70,13,4,'en_us',4,'','{\"typeId\":\"15\",\"authorId\":null,\"title\":\"More Ways to Support\",\"slug\":\"support\",\"postDate\":1426002327,\"expiryDate\":null,\"enabled\":1,\"fields\":{\"135\":\"<p>Sed posuere consectetur est lobortis. Cras mattis consectetur purus sit amet fermentum. Donec id elit non mi porta gravida at eget metus. Praesent commodo cursus magna, Donec sed odio duivel scelerisque nisl consectetur et. Fusce dapibus, tellus ac cursus commodo, tortor mauris condimentum nibh, ut fermentum massa justo sit amet risus. <\\/p>\",\"225\":{\"new1\":{\"type\":\"supportOptions\",\"enabled\":\"1\",\"fields\":{\"supportBlockHeading\":\"Upcoming Events\",\"supportBlockOverview\":\"Vivamus sagittis lacus vel augue laoreet rutrum faucibus dolor auctor. Nulla vitae elit libero, a pharetra augue. Nullam quis risus eget urna mollis ornare vel eu leo. Etiam porta sem malesuada magna mollis euismod. Fusce dapibus, tellus ac cursus commodo, tortor mauris condimentum nibh, ut fermentum massa justo sit amet risus. Donec ullamcorper nulla non metus auctor fringilla. Cras mattis consectetur purus sit amet fermentum. Cum sociis natoque penatibus et magnis dis parturient montes, nascetur ridiculus mus. Nulla vitae elit libero, a pharetra augue. Aenean lacinia bibendum nulla sed consectetur.\",\"supportBlockImages\":\"\"}}}}}','2015-03-16 20:25:04','2015-03-16 20:25:04','bc1f838c-d47e-4ba0-a082-9c085b5d5a58'),(178,70,13,4,'en_us',5,'','{\"typeId\":\"15\",\"authorId\":null,\"title\":\"More Ways to Support\",\"slug\":\"support\",\"postDate\":1426002327,\"expiryDate\":null,\"enabled\":1,\"fields\":{\"135\":\"<p>Sed posuere consectetur est lobortis. Cras mattis consectetur purus sit amet fermentum. Donec id elit non mi porta gravida at eget metus. Praesent commodo cursus magna, Donec sed odio duivel scelerisque nisl consectetur et. Fusce dapibus, tellus ac cursus commodo, tortor mauris condimentum nibh, ut fermentum massa justo sit amet risus. <\\/p>\",\"225\":{\"189\":{\"type\":\"supportOptions\",\"enabled\":\"1\",\"fields\":{\"supportBlockHeading\":\"Upcoming Events\",\"supportBlockOverview\":\"<p>Vivamus sagittis lacus vel augue laoreet rutrum faucibus dolor auctor. Nulla vitae elit libero, a pharetra augue. Nullam quis risus eget urna mollis ornare vel eu leo. Etiam porta sem malesuada magna mollis euismod. Fusce dapibus, tellus ac cursus commodo, tortor mauris condimentum nibh, ut fermentum massa justo sit amet risus. Donec ullamcorper nulla non metus auctor fringilla. <\\/p><p>Cras mattis consectetur purus sit amet fermentum. Cum sociis natoque penatibus et magnis dis parturient montes, nascetur ridiculus mus. Nulla vitae elit libero, a pharetra augue. Aenean lacinia bibendum nulla sed consectetur.<\\/p>\",\"supportBlockImages\":[\"97\",\"177\",\"109\"]}},\"new1\":{\"type\":\"supportOptions\",\"enabled\":\"1\",\"fields\":{\"supportBlockHeading\":\"Community Fundraisers\",\"supportBlockOverview\":\"<p>Donec id elit non mi porta gravida at eget metus. Vivamus sagittis lacus vel augue laoreet rutrum faucibus dolor auctor. Maecenas faucibus mollis interdum. Donec id elit non mi porta gravida at eget metus.<\\/p><p>Nulla vitae elit libero, a pharetra augue. Lorem ipsum dolor sit amet, consectetur adipiscing elit. Curabitur blandit tempus porttitor. Nulla vitae elit libero, a pharetra augue. Fusce dapibus, tellus ac cursus commodo, tortor mauris condimentum nibh, ut fermentum massa justo sit amet risus. Etiam porta sem malesuada magna mollis euismod. Curabitur blandit tempus porttitor. <\\/p>\",\"supportBlockImages\":[\"109\",\"134\"]}},\"new2\":{\"type\":\"supportOptions\",\"enabled\":\"1\",\"fields\":{\"supportBlockHeading\":\"Tributes to Loved Ones\",\"supportBlockOverview\":\"<p>Donec id elit non mi porta gravida at eget metus. Vivamus sagittis lacus vel augue laoreet rutrum faucibus dolor auctor. Maecenas faucibus mollis interdum. Donec id elit non mi porta gravida at eget metus.<\\/p><p>Nulla vitae elit libero, a pharetra augue. Lorem ipsum dolor sit amet, consectetur adipiscing elit. Curabitur blandit tempus porttitor. Nulla vitae elit libero, a pharetra augue. Fusce dapibus, tellus ac cursus commodo, tortor mauris condimentum nibh, ut fermentum massa justo sit amet risus. Etiam porta sem malesuada magna mollis euismod. Curabitur blandit tempus porttitor. <\\/p>\",\"supportBlockImages\":[\"182\",\"169\"]}},\"new3\":{\"type\":\"supportOptions\",\"enabled\":\"1\",\"fields\":{\"supportBlockHeading\":\"Other Ways to Support\",\"supportBlockOverview\":\"<p>Vivamus sagittis lacus vel augue laoreet rutrum faucibus dolor auctor. Nulla vitae elit libero, a pharetra augue. Nullam quis risus eget urna mollis ornare vel eu leo. Etiam porta sem malesuada magna mollis euismod. Fusce dapibus, tellus ac cursus commodo, tortor mauris condimentum nibh, ut fermentum massa justo sit amet risus. Donec ullamcorper nulla non metus auctor fringilla.<\\/p><p>Cras mattis consectetur purus sit amet fermentum. Cum sociis natoque penatibus et magnis dis parturient montes, nascetur ridiculus mus. Nulla vitae elit libero, a pharetra augue. Aenean lacinia bibendum nulla sed consectetur. <\\/p>\",\"supportBlockImages\":[\"129\"]}}}}}','2015-03-16 20:26:55','2015-03-16 20:26:55','18300ff0-10f9-48f8-b878-76ba79304cb4'),(179,64,12,4,'en_us',3,'','{\"typeId\":\"14\",\"authorId\":null,\"title\":\"Warehouse\",\"slug\":\"warehouse\",\"postDate\":1426002350,\"expiryDate\":null,\"enabled\":1,\"fields\":{\"232\":\"julie@d-i.co\",\"230\":\"Nulla vitae elit libero, a pharetra augue. Lorem ipsum dolor sit amet, consectetur adipiscing elit. Curabitur blandit tempus porttitor. Nulla vitae elit libero, a pharetra augue. Fusce dapibus, tellus ac cursus commodo, tortor mauris condimentum nibh, ut fermentum massa justo sit amet risus. Etiam porta sem malesuada magna mollis euismod. Curabitur blandit tempus porttitor.\",\"135\":\"<p>S ed posuere consectetur est lobortis. Cras mattis consectetur purus sit amet fermentum. Donec id elit non mi porta gravida at eget metus. Praesent commodo cursus magna, Donec sed odio duivel scelerisque nisl consectetur et. Fusce dapibus, tellus ac cursus commodo, tortor mauris condimentum nibh, ut fermentum massa justo sit amet risus. <\\/p>\",\"231\":[\"169\"],\"229\":\"Cras mattis consectetur purus sit amet fermentum. Cum sociis natoque penatibus et magnis dis parturient montes, nascetur ridiculus mus. Nulla vitae elit libero, a pharetra augue. Aenean lacinia bibendum nulla sed consectetur.\"}}','2015-03-16 21:05:30','2015-03-16 21:05:30','39ef61ad-b66a-4fb9-9afc-f00fb7be0b31'),(180,64,12,4,'en_us',4,'','{\"typeId\":\"14\",\"authorId\":null,\"title\":\"Warehouse\",\"slug\":\"warehouse\",\"postDate\":1426002350,\"expiryDate\":null,\"enabled\":1,\"fields\":{\"232\":\"julie@d-i.co\",\"230\":\"Nulla vitae elit libero, a pharetra augue. Lorem ipsum dolor sit amet, consectetur adipiscing elit. Curabitur blandit tempus porttitor. Nulla vitae elit libero, a pharetra augue. Fusce dapibus, tellus ac cursus commodo, tortor mauris condimentum nibh, ut fermentum massa justo sit amet risus. Etiam porta sem malesuada magna mollis euismod. Curabitur blandit tempus porttitor.\",\"135\":\"<p>S ed posuere consectetur est lobortis. Cras mattis consectetur purus sit amet fermentum. Donec id elit non mi porta gravida at eget metus. Praesent commodo cursus magna, Donec sed odio duivel scelerisque nisl consectetur et. Fusce dapibus, tellus ac cursus commodo, tortor mauris condimentum nibh, ut fermentum massa justo sit amet risus. <\\/p>\",\"231\":[\"169\"],\"229\":\"Cras mattis consectetur purus sit amet fermentum. Cum sociis natoque penatibus et magnis dis parturient montes, nascetur ridiculus mus. Nulla vitae elit libero, a pharetra augue. Aenean lacinia bibendum nulla sed consectetur.\"}}','2015-03-16 21:07:18','2015-03-16 21:07:18','932496b5-6eb2-49c8-9098-4bd143bdef6b'),(181,64,12,4,'en_us',5,'','{\"typeId\":\"14\",\"authorId\":null,\"title\":\"Warehouse\",\"slug\":\"warehouse\",\"postDate\":1426002350,\"expiryDate\":null,\"enabled\":1,\"fields\":{\"232\":\"julie@d-i.co\",\"230\":\"Nulla vitae elit libero, a pharetra augue. Lorem ipsum dolor sit amet, consectetur adipiscing elit. Curabitur blandit tempus porttitor. Nulla vitae elit libero, a pharetra augue. Fusce dapibus, tellus ac cursus commodo, tortor mauris condimentum nibh, ut fermentum massa justo sit amet risus. Etiam porta sem malesuada magna mollis euismod. Curabitur blandit tempus porttitor.\",\"135\":\"<p>S ed posuere consectetur est lobortis. Cras mattis consectetur purus sit amet fermentum. Donec id elit non mi porta gravida at eget metus. Praesent commodo cursus magna, Donec sed odio duivel scelerisque nisl consectetur et. Fusce dapibus, tellus ac cursus commodo, tortor mauris condimentum nibh, ut fermentum massa justo sit amet risus. <\\/p>\",\"231\":[\"169\"],\"229\":\"Cras mattis consectetur purus sit amet fermentum. Cum sociis natoque penatibus et magnis dis parturient montes, nascetur ridiculus mus. Nulla vitae elit libero, a pharetra augue. Aenean lacinia bibendum nulla sed consectetur.\"}}','2015-03-16 21:16:26','2015-03-16 21:16:26','3426cabe-4f0b-40e1-8a80-0eaa71f4c195'),(182,101,5,4,'en_us',7,'','{\"typeId\":\"38\",\"authorId\":\"4\",\"title\":\"Newsletter - Spring 2015\",\"slug\":\"newsletter-spring-2015\",\"postDate\":1424730540,\"expiryDate\":null,\"enabled\":1,\"fields\":{\"145\":[\"182\"],\"174\":[\"82\",\"83\"],\"221\":\"Nullam quis risus eget urna mollis ornare vel eu leo. Nullam id dolor id nibh ultricies vehicula ut id elit. Nulla vitae elit libero, a pharetra augue.\",\"222\":[\"183\"]}}','2015-03-17 14:28:41','2015-03-17 14:28:41','a1ade0a4-5db9-41cc-9021-7b4e247521f2'),(183,193,6,4,'en_us',1,'','{\"typeId\":\"39\",\"authorId\":\"4\",\"title\":\"Warehouse Sale\",\"slug\":\"warehouse-sale\",\"postDate\":1426610520,\"expiryDate\":null,\"enabled\":1,\"fields\":{\"174\":[\"82\",\"83\",\"118\",\"117\"],\"199\":[\"145\"],\"143\":{\"startDate\":{\"date\":\"3\\/28\\/2015\",\"time\":\"9:00 AM\"},\"endDate\":{\"date\":\"3\\/28\\/2015\",\"time\":\"2:00 PM\"},\"stored_rules_json\":\"{\\r\\n  \\\"rules\\\": []\\r\\n}\",\"recurrenceRules\":\"{\\r\\n  \\\"rules\\\": []\\r\\n}\"},\"221\":\"Cras mattis consectetur purus sit amet fermentum. Cum sociis natoque penatibus et magnis dis parturient montes, nascetur ridiculus mus.\"}}','2015-03-17 16:42:46','2015-03-17 16:42:46','471a2877-df3a-43df-a088-07271456978b'),(184,194,6,4,'en_us',1,'','{\"typeId\":\"39\",\"authorId\":\"4\",\"title\":\"Warehouse Sale\",\"slug\":\"warehouse-sale-1\",\"postDate\":1426610605,\"expiryDate\":null,\"enabled\":1,\"fields\":{\"174\":[\"82\",\"83\",\"118\",\"117\"],\"199\":[\"145\"],\"143\":{\"startDate\":{\"date\":\"3\\/29\\/2015\",\"time\":\"11:00 AM\"},\"endDate\":{\"date\":\"3\\/29\\/2015\",\"time\":\"1:00 PM\"},\"stored_rules_json\":\"\",\"recurrenceRules\":\"{\\r\\n  \\\"rules\\\": []\\r\\n}\"},\"221\":\"Cras mattis consectetur purus sit amet fermentum. Cum sociis natoque penatibus et magnis dis parturient montes, nascetur ridiculus mus.\"}}','2015-03-17 16:43:26','2015-03-17 16:43:26','c0ef5e93-d743-4e62-8a58-3657f19ab7c4'),(185,193,6,4,'en_us',2,'','{\"typeId\":\"39\",\"authorId\":\"4\",\"title\":\"Warehouse Sale\",\"slug\":\"warehouse-sale\",\"postDate\":1426610520,\"expiryDate\":null,\"enabled\":1,\"fields\":{\"174\":[\"82\",\"83\",\"118\",\"117\"],\"199\":[\"145\"],\"143\":{\"startDate\":{\"date\":\"3\\/28\\/2015\",\"time\":\"9:00 AM\"},\"endDate\":{\"date\":\"3\\/28\\/2015\",\"time\":\"2:00 PM\"},\"stored_rules_json\":\"{\\r\\n  \\\"rules\\\": []\\r\\n}\",\"recurrenceRules\":\"{\\r\\n  \\\"rules\\\": []\\r\\n}\"},\"221\":\"Cras mattis consectetur purus sit amet fermentum. Cum sociis natoque penatibus et magnis dis parturient montes, nascetur ridiculus mus.\"}}','2015-03-17 21:01:11','2015-03-17 21:01:11','1fa6906a-6632-4a24-b2f0-c8d24b1d57af'),(186,52,9,4,'en_us',2,'','{\"typeId\":\"11\",\"authorId\":null,\"title\":\"Referral\",\"slug\":\"referral\",\"postDate\":1426001723,\"expiryDate\":null,\"enabled\":1,\"fields\":[]}','2015-03-18 16:19:45','2015-03-18 16:19:45','7fb3f6b8-bc61-4c36-bffe-279618e8d7ee'),(187,158,7,4,'en_us',2,'','{\"typeId\":\"8\",\"authorId\":\"4\",\"title\":\"Tai Chi\",\"slug\":\"tai-chi\",\"postDate\":1425587940,\"expiryDate\":null,\"enabled\":1,\"fields\":{\"197\":\"\",\"174\":[\"82\"],\"184\":[\"134\"],\"177\":\"\",\"135\":\"<p>Focus on wellness and what you can do to boost your energy, open up and release tension. Movements are done in a standing and seated position and you may sit at anytime. Tai chi increases leg strength, balance and flexibility. <strong>Advance registration by calling 216.595.9546 or by email (see below).<\\/strong><\\/p><p><strong>TGP East: <\\/strong><br>Wednesdays, 2:00-3:15 pm, Susan Cady<br>Thursdays, 11:00 am-12:15 pm, Charlene Nevans<\\/p><p><strong><a href=\\\"mailto:kohn@touchedbycancer.org\\\" target=\\\"_blank\\\">Click here<\\/a> to email Betsy Kohn, MA, PC, and let her know you are interested in Tai Chi. She will contact you to complete registration. Please include your name and phone number in the email.<\\/strong><\\/p><p><strong>TGP West:<br><\\/strong>Thursdays, 6:30-7:45 pm, Michael Stadul<\\/p><p><strong><a href=\\\"mailto:marinac@touchedbycancer.org\\\" target=\\\"_blank\\\">Click here<\\/a><\\/strong><strong> <\\/strong><strong>to email Susan Marinac, LISW-S, MT-BC, and let her know you are interested in Tai Chi. She will contact you to complete registration. Please include your name and phone number in the email.<\\/strong><\\/p>\",\"175\":[\"93\",\"156\"],\"176\":[\"116\"],\"144\":[\"98\",\"100\"],\"195\":\"\",\"87\":[\"35\"],\"194\":\"\",\"193\":\"\"}}','2015-03-18 16:39:13','2015-03-18 16:39:13','38fde6c6-6afb-4bb5-a1e9-7051b9141043'),(188,116,7,4,'en_us',5,'','{\"typeId\":\"8\",\"authorId\":\"4\",\"title\":\"Art Therapy\",\"slug\":\"art-therapy\",\"postDate\":1425062700,\"expiryDate\":null,\"enabled\":1,\"fields\":{\"197\":\"aspidorf@touchedbycancer.org\",\"174\":[\"82\"],\"184\":[\"97\"],\"177\":\"\",\"135\":\"<p>Pellentesque ornare sem lacinia quam venenatis vestibulum. Sed posuere consectetur est lobortis. Cras mattis consectetur purus sit amet fermentum. Donec id elit non mi porta gravida at eget metus. Praesent commodo cursus magna, vel scelerisque nisl consectetur et.<\\/p><p>Sed posuere consectetur est at lobortis. Integer posuere erat a ante venenatis dapibus posuere velit aliquet. Donec sed odio dui. Praesent commodo cursus magna, vel scelerisque nisl consectetur et. Nullam quis risus eget urna mollis ornare vel eu leo. Aenean eu leo quam. Pellentesque ornare sem lacinia quam venenatis. Donec ullamcorper nulla non metus auctor fringilla. Praesent commodo cursus magna, vel scelerisque nisl consectetur. <\\/p><p>Curabitur blandit tempus porttitor. Sed posuere consectetur est at lobortis. Donec sed odio dui. Nullam id dolor id nibh ultricies vehicula ut id elit. Nullam id dolor id nibh ultricies vehicula ut id elit. Etiam porta sem malesuada magna mollis euismod. Lorem ipsum dolor sit amet, consectetur adipiscing elit. Vestibulum id ligula porta felis euismod semper.Nulla vitae elit libero, a pharetra augue. Cum sociis natoque penatibus et magnis dis parturient montes, nascetur ridiculus mus. Vivamus sagittis lacus vel augue laoreet rutrum faucibus dolor auctor. Maecenas faucibus mollis interdum. Donec id elit non mi porta gravida at eget metus. <\\/p>\",\"175\":[\"93\",\"193\",\"156\",\"159\"],\"176\":[\"158\"],\"144\":[\"98\",\"100\",\"101\",\"102\"],\"195\":[\"110\"],\"87\":[\"38\"],\"194\":\"<p>Nulla vitae elit libero, a pharetra augue. Praesent commodo cursus magna, vel scelerisque nisl consectetur et. Morbi leo risus, porta ac consectetur ac, vestibulum at eros. Donec ullamcorper nulla non metus auctor fringilla. Vestibulum id ligula porta felis euismod semper Aenean eu leo quam. Pellentesque ornare sem lacinia quam venenatis vestibulum.<\\/p>\",\"193\":\"Paint Your Path to a New Beginning\"}}','2015-03-18 16:43:46','2015-03-18 16:43:46','404360f0-8dea-4b89-ac51-c2c00ae2a562'),(189,41,8,4,'en_us',6,'','{\"typeId\":\"9\",\"authorId\":null,\"title\":\"Contact Us\",\"slug\":\"contactus\",\"postDate\":1426001369,\"expiryDate\":null,\"enabled\":1,\"fields\":{\"234\":\"<p>Lorem ipsum dolor sit amet, consectetur adipiscing elit, sed do eiusmod tempor incididunt ut labore et dolore magna aliqua. Ut enim ad minim veniam, quis nostrud exercitation ullamco laboris nisi ut aliquip ex ea commodo consequat. Duis aute irure dolor in reprehenderit in voluptate velit esse cillum dolore eu fugiat nulla pariatur. Excepteur sint occaecat cupidatat non proident, sunt in culpa qui officia deserunt mollit anim id est laborum<\\/p>\",\"235\":\"216-595-9546\",\"207\":\"<p>Lorem ipsum dolor sit amet, consectetur adipiscing elit, sed do eiusmod tempor incididunt ut labore et dolore magna aliqua. Ut enim ad minim veniam, quis nostrud exercitation ullamco laboris nisi ut aliquip ex ea commodo consequat.<\\/p>\",\"233\":\"<p>Lorem ipsum dolor sit amet, consectetur adipiscing elit, sed do eiusmod tempor incididunt ut labore et dolore magna aliqua. Ut enim ad minim veniam, quis nostrud exercitation ullamco laboris nisi ut aliquip ex ea commodo consequat. Duis aute irure dolor in reprehenderit in voluptate velit esse cillum dolore eu fugiat nulla pariatur. Excepteur sint occaecat cupidatat non proident, sunt in culpa qui officia deserunt mollit anim id est laborum<\\/p>\",\"195\":[\"110\"],\"208\":\"<p>Lorem ipsum dolor sit amet, consectetur adipiscing elit, sed do eiusmod tempor incididunt ut labore et dolore magna aliqua. Ut enim ad minim veniam, quis nostrud exercitation ullamco laboris nisi ut aliquip ex ea commodo consequat.<\\/p>\"}}','2015-03-18 17:06:11','2015-03-18 17:06:11','963aed98-e5aa-45b4-921d-0f3cdc5647c6'),(190,150,21,4,'en_us',2,'','{\"typeId\":\"27\",\"authorId\":\"4\",\"title\":\"The Gathering Place (West)\",\"slug\":\"the-gathering-place-west\",\"postDate\":1425586560,\"expiryDate\":null,\"enabled\":1,\"fields\":{\"167\":\"\",\"158\":{\"151\":{\"type\":\"siteInfo\",\"enabled\":\"1\",\"fields\":{\"siteName\":\"The Gathering Place - West\",\"siteDescription\":\"\",\"siteStreetAddress\":\"800 Sharon Drive\",\"siteCity\":\"Westlake\",\"siteState\":\"OH\",\"siteZip\":\"44145\"}}}}}','2015-03-18 17:47:58','2015-03-18 17:47:58','dceae469-716c-4455-8090-098e881064ae'),(191,199,15,4,'en_us',1,'','{\"typeId\":\"17\",\"authorId\":\"4\",\"title\":\"Erin Rafter\",\"slug\":\"erin-rafter\",\"postDate\":1426700977,\"expiryDate\":null,\"enabled\":1,\"fields\":{\"191\":\" Maecenas faucibus mollis interdum. Maecenas sed diam eget risus varius blandit sit amet non magna. Nullam quis risus eget urna mollis ornare vel eu leo. Nullam id dolor id nibh ultricies vehicula ut id elit.\",\"190\":\"Maecenas faucib nullam quis risus eget urna mollis ornare vel eu leo. Nullam id dolor id nibh ultricies vehicula ut id elit. Nulla vitae elit libero, a pharetra augue. Cum sociis natoque penatibus et magnis dis parturient montes, nascetur ridiculus mus. Sed posuere consectetur est at lobortis. Vivamus sagittis lacus vel augue laoreet rutrum faucibus dolor auctor.\",\"192\":\"rafter@touchedbycancer.org\",\"189\":[\"195\"],\"180\":\"Program Staff\",\"188\":\"PhD, CCLS\"}}','2015-03-18 17:49:37','2015-03-18 17:49:37','e883ba9c-600c-46b1-8d57-f220e405c754'),(192,200,15,4,'en_us',1,'','{\"typeId\":\"17\",\"authorId\":\"4\",\"title\":\"Cheryl Aspidorf\",\"slug\":\"cheryl-aspidorf\",\"postDate\":1426701033,\"expiryDate\":null,\"enabled\":1,\"fields\":{\"191\":\"Maecenas faucib nullam quis risus eget urna mollis ornare vel eu leo. Nullam id dolor id nibh ultricies vehicula ut id elit. Nulla vitae elit libero, a pharetra augue. Cum sociis natoque penatibus et magnis dis parturient montes, nascetur ridiculus mus. Sed posuere consectetur est at lobortis. \",\"190\":\"Maecenas faucib nullam quis risus eget urna mollis ornare vel eu leo. Nullam id dolor id nibh ultricies vehicula ut id elit. Nulla vitae elit libero, a pharetra augue. Cum sociis natoque penatibus et magnis dis parturient montes, nascetur ridiculus mus. Sed posuere consectetur est at lobortis. Vivamus sagittis lacus vel augue laoreet rutrum faucibus dolor auctor\",\"192\":\"rafter@touchedbycancer.org\",\"189\":[\"196\"],\"180\":\"Program Staff\",\"188\":\"HPD, CCLS\"}}','2015-03-18 17:50:33','2015-03-18 17:50:33','666c91de-d615-47ce-bf9f-92a07932ceef'),(193,200,15,4,'en_us',2,'','{\"typeId\":\"17\",\"authorId\":\"4\",\"title\":\"Erin Rafter\",\"slug\":\"cheryl-aspidorf\",\"postDate\":1426701000,\"expiryDate\":null,\"enabled\":1,\"fields\":{\"191\":\"Maecenas faucib nullam quis risus eget urna mollis ornare vel eu leo. Nullam id dolor id nibh ultricies vehicula ut id elit. Nulla vitae elit libero, a pharetra augue. Cum sociis natoque penatibus et magnis dis parturient montes, nascetur ridiculus mus. Sed posuere consectetur est at lobortis. \",\"190\":\"Maecenas faucib nullam quis risus eget urna mollis ornare vel eu leo. Nullam id dolor id nibh ultricies vehicula ut id elit. Nulla vitae elit libero, a pharetra augue. Cum sociis natoque penatibus et magnis dis parturient montes, nascetur ridiculus mus. Sed posuere consectetur est at lobortis. Vivamus sagittis lacus vel augue laoreet rutrum faucibus dolor auctor\",\"192\":\"rafter@touchedbycancer.org\",\"189\":[\"196\"],\"180\":\"Program Staff\",\"188\":\"HPD, CCLS\"}}','2015-03-18 17:50:48','2015-03-18 17:50:48','4d97a9ee-6bf3-4ec9-88fb-698c9553daf1'),(194,201,15,4,'en_us',1,'','{\"typeId\":\"17\",\"authorId\":\"4\",\"title\":\"Cheryl Aspidorf\",\"slug\":\"cheryl-aspidorf\",\"postDate\":1426701089,\"expiryDate\":null,\"enabled\":1,\"fields\":{\"191\":\"Maecenas faucib nullam quis risus eget urna mollis ornare vel eu leo. Nullam id dolor id nibh ultricies vehicula ut id elit. Nulla vitae elit libero, a pharetra augue. Cum sociis natoque penatibus et magnis dis parturient montes, nascetur ridiculus mus. \",\"190\":\"Maecenas faucib nullam quis risus eget urna mollis ornare vel eu leo. Nullam id dolor id nibh ultricies vehicula ut id elit. Nulla vitae elit libero, a pharetra augue. Cum sociis natoque penatibus et magnis dis parturient montes, nascetur ridiculus mus. Sed posuere consectetur est at lobortis. Vivamus sagittis lacus vel augue laoreet rutrum faucibus dolor auctor\",\"192\":\"aspidorf@touchedbycancer.org\",\"189\":[\"197\"],\"180\":\"Outreach Coordinator\",\"188\":\"MBA\"}}','2015-03-18 17:51:29','2015-03-18 17:51:29','69f44f42-3953-48a9-aa8c-dc340598467f'),(195,202,15,4,'en_us',1,'','{\"typeId\":\"17\",\"authorId\":\"4\",\"title\":\"Cheryl Aspidorf\",\"slug\":\"cheryl-aspidorf\",\"postDate\":1426701135,\"expiryDate\":null,\"enabled\":1,\"fields\":{\"191\":\"Maecenas faucib nullam quis risus eget urna mollis ornare vel eu leo. Nullam id dolor id nibh ultricies vehicula ut id elit. Nulla vitae elit libero, a pharetra augue.ed posuere consectetur est at lobortis.\",\"190\":\"Maecenas faucib nullam quis risus eget urna mollis ornare vel eu leo. Nullam id dolor id nibh ultricies vehicula ut id elit. Nulla vitae elit libero, a pharetra augue. Cum sociis natoque penatibus et magnis dis parturient montes, nascetur ridiculus mus. Sed posuere consectetur est at lobortis. Vivamus sagittis lacus vel augue laoreet rutrum faucibus dolor auctor\",\"192\":\"aspidorf@touchedbycancer.org\",\"189\":[\"198\"],\"180\":\"Outreach Coordinator\",\"188\":\"MBA\"}}','2015-03-18 17:52:15','2015-03-18 17:52:15','4b95e5c0-8e11-487d-a967-847b21447ec3'),(197,184,22,4,'en_us',2,'','{\"typeId\":\"34\",\"authorId\":\"4\",\"title\":\"Repeating Elements\",\"slug\":\"repeating-elements\",\"postDate\":1426275960,\"expiryDate\":null,\"enabled\":1,\"fields\":{\"216\":{\"new1\":{\"type\":\"additionalLinks\",\"enabled\":\"1\",\"fields\":{\"linkName\":\"The Gathering Place\",\"linkURL\":\"www.touchedbycancer.org\"}},\"new2\":{\"type\":\"additionalLinks\",\"enabled\":\"1\",\"fields\":{\"linkName\":\"The Gathering Place\",\"linkURL\":\"www.touchecbycancer.org\"}}},\"215\":\"The resources and information given by our staff is NOT an endorsement of those individuals or practices. Staff members do not provide medical advice or assistance. We make every attempt to stock current, legitimate health-related materials. Opinions offered in writing or in lectures do not necessarily reflect the opinions of The Gathering Place staff or Board of Trustees. We receive no fee for maintaining lists of resources and information. It is the responsibility of anyone utilizing this information to fully research the resources provided.\",\"211\":\"Maecenas faucibus mollis interdum. Maecenas sed diam eget risus varius blandit sit amet non magna. Nullam quis risus eget urna mollis ornare vel eu leo.\"}}','2015-03-20 13:41:38','2015-03-20 13:41:38','7e48d70e-adeb-4420-b7a7-a0769cae23bc'),(198,184,22,4,'en_us',3,'','{\"typeId\":\"34\",\"authorId\":null,\"title\":\"Repeating Elements\",\"slug\":\"repeatingelements\",\"postDate\":1426858919,\"expiryDate\":null,\"enabled\":1,\"fields\":{\"216\":{\"203\":{\"type\":\"additionalLinks\",\"enabled\":\"1\",\"fields\":{\"linkName\":\"The Gathering Place\",\"linkURL\":\"http:\\/\\/touchedbycancer.org\"}},\"204\":{\"type\":\"additionalLinks\",\"enabled\":\"1\",\"fields\":{\"linkName\":\"The Gathering Place\",\"linkURL\":\"http:\\/\\/touchedbycancer.org\"}}},\"215\":\"The resources and information given by our staff is NOT an endorsement of those individuals or practices. Staff members do not provide medical advice or assistance. We make every attempt to stock current, legitimate health-related materials. Opinions offered in writing or in lectures do not necessarily reflect the opinions of The Gathering Place staff or Board of Trustees. We receive no fee for maintaining lists of resources and information. It is the responsibility of anyone utilizing this information to fully research the resources provided.\",\"211\":\"Maecenas faucibus mollis interdum. Maecenas sed diam eget risus varius blandit sit amet non magna. Nullam quis risus eget urna mollis ornare vel eu leo.\"}}','2015-03-20 14:00:07','2015-03-20 14:00:07','b29703a4-207a-4d50-b9a4-007c8b6808fc'),(199,206,7,4,'en_us',1,'','{\"typeId\":\"31\",\"authorId\":\"4\",\"title\":\"Programs and Services\",\"slug\":\"programs-and-services\",\"postDate\":1426886393,\"expiryDate\":null,\"enabled\":1,\"fields\":{\"236\":[\"205\"],\"135\":\"<p>Nulla vitae elit libero, a pharetra augue. Praesent commodo cursus magna, vel scelerisque nisl consectetur et. Morbi leo risus, porta ac consectetur ac, vestibulum at eros. Donec ullamcorper nulla non metus auctor fringilla. <\\/p>\"}}','2015-03-20 21:19:54','2015-03-20 21:19:54','3c1e408d-3f95-4b3a-b29a-13f81add1fed'),(200,217,21,4,'en_us',1,'','{\"typeId\":null,\"authorId\":\"4\",\"title\":\"Wellness Center\",\"slug\":\"wellness-center\",\"postDate\":1427307958,\"expiryDate\":null,\"enabled\":1,\"fields\":{\"167\":\"\",\"158\":{\"new1\":{\"type\":\"siteInfo\",\"enabled\":\"1\",\"fields\":{\"siteName\":\"Richman Family Wellness Center\",\"siteDescription\":\"\",\"siteStreetAddress\":\"23295 Commerce Park\",\"siteCity\":\"Beachwood\",\"siteState\":\"OH\",\"siteZip\":\"44122\"}}}}}','2015-03-25 18:25:58','2015-03-25 18:25:58','ea08c6e0-e193-4f2d-aedc-3c12ca03abff'),(201,148,21,4,'en_us',2,'','{\"typeId\":\"27\",\"authorId\":\"4\",\"title\":\"The Gathering Place (East)\",\"slug\":\"east\",\"postDate\":1425586500,\"expiryDate\":null,\"enabled\":1,\"fields\":{\"167\":\"\",\"158\":{\"149\":{\"type\":\"siteInfo\",\"enabled\":\"1\",\"fields\":{\"siteName\":\"The Arnold & Sydell Miller Family Campus\",\"siteDescription\":\"\",\"siteStreetAddress\":\"23300 Commerce Park\",\"siteCity\":\"Beachwood\",\"siteState\":\"OH\",\"siteZip\":\"44122\"}}}}}','2015-03-25 18:26:08','2015-03-25 18:26:08','7fb2b5f3-1d06-4882-92fb-ed28f2b17f48'),(202,150,21,4,'en_us',3,'','{\"typeId\":\"27\",\"authorId\":\"4\",\"title\":\"The Gathering Place (West)\",\"slug\":\"west\",\"postDate\":1425586560,\"expiryDate\":null,\"enabled\":1,\"fields\":{\"167\":\"\",\"158\":{\"151\":{\"type\":\"siteInfo\",\"enabled\":\"1\",\"fields\":{\"siteName\":\"The Gathering Place - West\",\"siteDescription\":\"\",\"siteStreetAddress\":\"800 Sharon Drive\",\"siteCity\":\"Westlake\",\"siteState\":\"OH\",\"siteZip\":\"44145\"}}}}}','2015-03-25 18:26:17','2015-03-25 18:26:17','72c475d1-d36d-438e-8f6f-8090b0a8e246'),(203,217,21,4,'en_us',2,'','{\"typeId\":\"27\",\"authorId\":\"4\",\"title\":\"Wellness Center\",\"slug\":\"wc\",\"postDate\":1427307900,\"expiryDate\":null,\"enabled\":1,\"fields\":{\"167\":\"\",\"158\":{\"218\":{\"type\":\"siteInfo\",\"enabled\":\"1\",\"fields\":{\"siteName\":\"Richman Family Wellness Center\",\"siteDescription\":\"\",\"siteStreetAddress\":\"23295 Commerce Park\",\"siteCity\":\"Beachwood\",\"siteState\":\"OH\",\"siteZip\":\"44122\"}}}}}','2015-03-25 18:26:46','2015-03-25 18:26:46','cf30338f-c360-4720-a5c0-fc840dc4ccf3'),(204,217,21,4,'en_us',3,'','{\"typeId\":\"27\",\"authorId\":\"4\",\"title\":\"Wellness Center\",\"slug\":\"wc\",\"postDate\":1427307900,\"expiryDate\":null,\"enabled\":1,\"fields\":{\"167\":\"\",\"158\":{\"218\":{\"type\":\"siteInfo\",\"enabled\":\"1\",\"fields\":{\"siteName\":\"Richman Family Wellness Center\",\"siteDescription\":\"\",\"siteStreetAddress\":\"23295 Commerce Park\",\"siteCity\":\"Beachwood\",\"siteState\":\"OH\",\"siteZip\":\"44122\"}}}}}','2015-03-25 18:28:38','2015-03-25 18:28:38','07eec55c-a081-4748-a2df-1fb6ce4c14b9'),(205,148,21,4,'en_us',3,'','{\"typeId\":\"27\",\"authorId\":\"4\",\"title\":\"East Campus\",\"slug\":\"east\",\"postDate\":1425586500,\"expiryDate\":null,\"enabled\":1,\"fields\":{\"167\":\"\",\"158\":{\"149\":{\"type\":\"siteInfo\",\"enabled\":\"1\",\"fields\":{\"siteName\":\"The Arnold & Sydell Miller Family Campus\",\"siteDescription\":\"\",\"siteStreetAddress\":\"23300 Commerce Park\",\"siteCity\":\"Beachwood\",\"siteState\":\"OH\",\"siteZip\":\"44122\"}}}}}','2015-03-25 18:56:58','2015-03-25 18:56:58','9184e2d6-1b72-462f-96a3-bb9d971c56d7'),(206,150,21,4,'en_us',4,'','{\"typeId\":\"27\",\"authorId\":\"4\",\"title\":\"West Campus\",\"slug\":\"west\",\"postDate\":1425586560,\"expiryDate\":null,\"enabled\":1,\"fields\":{\"167\":\"\",\"158\":{\"151\":{\"type\":\"siteInfo\",\"enabled\":\"1\",\"fields\":{\"siteName\":\"The Gathering Place - West\",\"siteDescription\":\"\",\"siteStreetAddress\":\"800 Sharon Drive\",\"siteCity\":\"Westlake\",\"siteState\":\"OH\",\"siteZip\":\"44145\"}}}}}','2015-03-25 18:57:05','2015-03-25 18:57:05','bcd591a7-ac55-4028-8bf0-0007607aa8f9'),(207,93,6,4,'en_us',12,'','{\"typeId\":\"7\",\"authorId\":\"5\",\"title\":\"Tai Chi\",\"slug\":\"tai-chi-east-wed\",\"postDate\":1424461860,\"expiryDate\":null,\"enabled\":1,\"fields\":{\"174\":[\"82\"],\"199\":[\"216\"],\"143\":{\"startDate\":{\"date\":\"3\\/11\\/2015\",\"time\":\"2:00 PM\"},\"endDate\":{\"date\":\"3\\/11\\/2015\",\"time\":\"3:15 PM\"},\"stored_rules_json\":\"{\\r\\n  \\\"rules\\\": [\\r\\n    {\\r\\n      \\\"ruleType\\\": {\\r\\n        \\\"name\\\": \\\"weekly\\\",\\r\\n        \\\"title\\\": \\\"Weekly\\\"\\r\\n      },\\r\\n      \\\"uiTemplateName\\\": \\\"fields-weekly_Template\\\",\\r\\n      \\\"showRepeatUntilDate\\\": true,\\r\\n      \\\"showRepeatUntilCount\\\": false,\\r\\n      \\\"repeatUntilType\\\": \\\"date\\\",\\r\\n      \\\"repeatUntilDate\\\": \\\"9\\/1\\/2014\\\",\\r\\n      \\\"repeatForever\\\": 0,\\r\\n      \\\"weeksInterval\\\": \\\"1\\\",\\r\\n      \\\"daysOfWeek\\\": \\\"Wed\\\"\\r\\n    }\\r\\n  ]\\r\\n}\",\"recurrenceRules\":\"{\\r\\n  \\\"rules\\\": [\\r\\n    {\\r\\n      \\\"ruleType\\\": {\\r\\n        \\\"name\\\": \\\"weekly\\\",\\r\\n        \\\"title\\\": \\\"Weekly\\\"\\r\\n      },\\r\\n      \\\"uiTemplateName\\\": \\\"fields-weekly_Template\\\",\\r\\n      \\\"showRepeatUntilDate\\\": true,\\r\\n      \\\"showRepeatUntilCount\\\": false,\\r\\n      \\\"repeatUntilType\\\": \\\"date\\\",\\r\\n      \\\"repeatUntilDate\\\": \\\"1\\/27\\/2016\\\",\\r\\n      \\\"repeatForever\\\": 0,\\r\\n      \\\"weeksInterval\\\": \\\"1\\\",\\r\\n      \\\"daysOfWeek\\\": \\\"Wed\\\"\\r\\n    }\\r\\n  ]\\r\\n}\"},\"184\":\"\",\"135\":\"<p>Focus on wellness and what you can do to boost your energy, open up and release tension. Movements are done in a standing and seated positions and you may sit at anytime. Tai chi increases leg strength, balance and flexibility. <strong>Advance registration by calling 216.595.9546 or by email (see below).<\\/strong><\\/p><p>Lead by Susan Cady<\\/p><p><strong><a href=\\\"mailto:kohn@touchedbycancer.org\\\" target=\\\"_blank\\\">Click here<\\/a> to email Betsy Kohn, MA, PC, and let her know you are interested in Tai Chi. She will contact you to complete registration. Please include your name and phone number in the email.<\\/strong><\\/p>\",\"107\":\"\",\"176\":[\"158\"],\"87\":\"\",\"200\":[\"148\"]}}','2015-03-26 15:15:38','2015-03-26 15:15:38','ba5edd0c-16ac-4395-9917-9813f068969a'),(208,156,6,4,'en_us',3,'','{\"typeId\":\"7\",\"authorId\":\"4\",\"title\":\"Tai Chi\",\"slug\":\"tai-chi-east-thur\",\"postDate\":1425587520,\"expiryDate\":null,\"enabled\":1,\"fields\":{\"174\":[\"82\"],\"199\":[\"216\"],\"143\":{\"startDate\":{\"date\":\"3\\/12\\/2015\",\"time\":\"11:00 AM\"},\"endDate\":{\"date\":\"3\\/12\\/2015\",\"time\":\"12:15 PM\"},\"stored_rules_json\":\"{\\r\\n  \\\"rules\\\": [\\r\\n    {\\r\\n      \\\"ruleType\\\": {\\r\\n        \\\"name\\\": \\\"weekly\\\",\\r\\n        \\\"title\\\": \\\"Weekly\\\"\\r\\n      },\\r\\n      \\\"uiTemplateName\\\": \\\"fields-weekly_Template\\\",\\r\\n      \\\"showRepeatUntilDate\\\": false,\\r\\n      \\\"showRepeatUntilCount\\\": false,\\r\\n      \\\"repeatUntilType\\\": \\\"forever\\\",\\r\\n      \\\"repeatForever\\\": 1,\\r\\n      \\\"weeksInterval\\\": \\\"1\\\",\\r\\n      \\\"daysOfWeek\\\": \\\"Thu\\\"\\r\\n    }\\r\\n  ]\\r\\n}\",\"recurrenceRules\":\"{\\r\\n  \\\"rules\\\": [\\r\\n    {\\r\\n      \\\"ruleType\\\": {\\r\\n        \\\"name\\\": \\\"weekly\\\",\\r\\n        \\\"title\\\": \\\"Weekly\\\"\\r\\n      },\\r\\n      \\\"uiTemplateName\\\": \\\"fields-weekly_Template\\\",\\r\\n      \\\"showRepeatUntilDate\\\": false,\\r\\n      \\\"showRepeatUntilCount\\\": false,\\r\\n      \\\"repeatUntilType\\\": \\\"forever\\\",\\r\\n      \\\"repeatForever\\\": 1,\\r\\n      \\\"weeksInterval\\\": \\\"1\\\",\\r\\n      \\\"daysOfWeek\\\": \\\"Thu\\\"\\r\\n    }\\r\\n  ]\\r\\n}\"},\"184\":\"\",\"135\":\"<p>Focus on wellness and what you can do to boost your energy, open up and release tension. Movements are done in a standing and seated position and you may sit at anytime. Tai chi increases leg strength, balance and flexibility. <strong>Advance registration by calling 216.595.9546 or by email (see below).<\\/strong><\\/p><p>Lead by Charlene Nevans<\\/p><p><strong><a href=\\\"mailto:kohn@touchedbycancer.org\\\" target=\\\"_blank\\\">Click here<\\/a> to email Betsy Kohn, MA, PC, and let her know you are interested in Tai Chi. She will contact you to complete registration. Please include your name and phone number in the email.<\\/strong><\\/p>\",\"107\":\"\",\"176\":[\"158\"],\"87\":\"\",\"200\":[\"148\"]}}','2015-03-26 15:16:04','2015-03-26 15:16:04','76ae7da0-e304-45aa-aced-feaee0e9f868'),(209,159,6,4,'en_us',5,'','{\"typeId\":\"7\",\"authorId\":\"4\",\"title\":\"Tai Chi\",\"slug\":\"tai-chi-west-thur\",\"postDate\":1425588120,\"expiryDate\":null,\"enabled\":1,\"fields\":{\"174\":[\"82\"],\"199\":[\"216\"],\"143\":{\"startDate\":{\"date\":\"3\\/12\\/2015\",\"time\":\"6:30 PM\"},\"endDate\":{\"date\":\"3\\/12\\/2015\",\"time\":\"7:15 PM\"},\"stored_rules_json\":\"{\\r\\n  \\\"rules\\\": [\\r\\n    {\\r\\n      \\\"ruleType\\\": {\\r\\n        \\\"name\\\": \\\"weekly\\\",\\r\\n        \\\"title\\\": \\\"Weekly\\\"\\r\\n      },\\r\\n      \\\"uiTemplateName\\\": \\\"fields-weekly_Template\\\",\\r\\n      \\\"showRepeatUntilDate\\\": false,\\r\\n      \\\"showRepeatUntilCount\\\": false,\\r\\n      \\\"repeatUntilType\\\": \\\"forever\\\",\\r\\n      \\\"repeatForever\\\": 1,\\r\\n      \\\"weeksInterval\\\": \\\"1\\\",\\r\\n      \\\"daysOfWeek\\\": \\\"Thu\\\"\\r\\n    }\\r\\n  ]\\r\\n}\",\"recurrenceRules\":\"{\\r\\n  \\\"rules\\\": [\\r\\n    {\\r\\n      \\\"ruleType\\\": {\\r\\n        \\\"name\\\": \\\"weekly\\\",\\r\\n        \\\"title\\\": \\\"Weekly\\\"\\r\\n      },\\r\\n      \\\"uiTemplateName\\\": \\\"fields-weekly_Template\\\",\\r\\n      \\\"showRepeatUntilDate\\\": false,\\r\\n      \\\"showRepeatUntilCount\\\": false,\\r\\n      \\\"repeatUntilType\\\": \\\"forever\\\",\\r\\n      \\\"repeatForever\\\": 1,\\r\\n      \\\"weeksInterval\\\": \\\"1\\\",\\r\\n      \\\"daysOfWeek\\\": \\\"Thu\\\"\\r\\n    }\\r\\n  ]\\r\\n}\"},\"184\":[\"134\"],\"135\":\"<p>Focus on wellness and what you can do to boost your energy, open up and release tension. Movements are done in a standing and seated position and you may sit at anytime. Tai chi increases leg strength, balance and flexibility. <strong>Advance registration by calling 216.595.9546 or by email (see below).<\\/strong><\\/p><p>Lead By Michael Stadul<\\/p><p><strong><a href=\\\"mailto:marinac@touchedbycancer.org\\\" target=\\\"_blank\\\">Click here<\\/a><\\/strong><strong> <\\/strong><strong>to email Susan Marinac, LISW-S, MT-BC, and let her know you are interested in Tai Chi. She will contact you to complete registration. Please include your name and phone number in the email.<\\/strong><\\/p>\",\"107\":\"\",\"176\":[\"158\"],\"87\":\"\",\"200\":[\"150\"]}}','2015-03-26 16:16:08','2015-03-26 16:16:08','92dd2760-48a0-44f7-a5d0-d05ddcb8eb96'),(210,93,6,4,'en_us',13,'','{\"typeId\":\"7\",\"authorId\":\"5\",\"title\":\"Tai Chi\",\"slug\":\"tai-chi-east-wed\",\"postDate\":1424461860,\"expiryDate\":null,\"enabled\":1,\"fields\":{\"174\":[\"82\"],\"199\":[\"216\"],\"143\":{\"startDate\":{\"date\":\"3\\/11\\/2015\",\"time\":\"2:00 PM\"},\"endDate\":{\"date\":\"3\\/11\\/2015\",\"time\":\"3:15 PM\"},\"stored_rules_json\":\"{\\r\\n  \\\"rules\\\": [\\r\\n    {\\r\\n      \\\"ruleType\\\": {\\r\\n        \\\"name\\\": \\\"weekly\\\",\\r\\n        \\\"title\\\": \\\"Weekly\\\"\\r\\n      },\\r\\n      \\\"uiTemplateName\\\": \\\"fields-weekly_Template\\\",\\r\\n      \\\"showRepeatUntilDate\\\": true,\\r\\n      \\\"showRepeatUntilCount\\\": false,\\r\\n      \\\"repeatUntilType\\\": \\\"date\\\",\\r\\n      \\\"repeatUntilDate\\\": \\\"1\\/27\\/2016\\\",\\r\\n      \\\"repeatForever\\\": 0,\\r\\n      \\\"weeksInterval\\\": \\\"1\\\",\\r\\n      \\\"daysOfWeek\\\": \\\"Wed\\\"\\r\\n    }\\r\\n  ]\\r\\n}\",\"recurrenceRules\":\"{\\r\\n  \\\"rules\\\": [\\r\\n    {\\r\\n      \\\"ruleType\\\": {\\r\\n        \\\"name\\\": \\\"weekly\\\",\\r\\n        \\\"title\\\": \\\"Weekly\\\"\\r\\n      },\\r\\n      \\\"uiTemplateName\\\": \\\"fields-weekly_Template\\\",\\r\\n      \\\"showRepeatUntilDate\\\": true,\\r\\n      \\\"showRepeatUntilCount\\\": false,\\r\\n      \\\"repeatUntilType\\\": \\\"date\\\",\\r\\n      \\\"repeatUntilDate\\\": \\\"1\\/27\\/2016\\\",\\r\\n      \\\"repeatForever\\\": 0,\\r\\n      \\\"weeksInterval\\\": \\\"1\\\",\\r\\n      \\\"daysOfWeek\\\": \\\"Wed\\\"\\r\\n    }\\r\\n  ]\\r\\n}\"},\"184\":\"\",\"135\":\"<p>Focus on wellness and what you can do to boost your energy, open up and release tension. Movements are done in a standing and seated positions and you may sit at anytime. Tai chi increases leg strength, balance and flexibility. <strong>Advance registration by calling 216.595.9546 or by email (see below).<\\/strong><\\/p><p>Lead by Susan Cady<\\/p><p><strong><a href=\\\"mailto:kohn@touchedbycancer.org\\\" target=\\\"_blank\\\">Click here<\\/a> to email Betsy Kohn, MA, PC, and let her know you are interested in Tai Chi. She will contact you to complete registration. Please include your name and phone number in the email.<\\/strong><\\/p>\",\"107\":\"\",\"176\":[\"158\"],\"87\":\"\",\"200\":[\"148\"]}}','2015-03-27 15:58:19','2015-03-27 15:58:19','ba0c8d94-4a33-482d-bee3-3ba849bef174'),(211,159,6,4,'en_us',6,'','{\"typeId\":\"7\",\"authorId\":\"4\",\"title\":\"Tai Chi\",\"slug\":\"tai-chi-west-thur\",\"postDate\":1425588120,\"expiryDate\":null,\"enabled\":1,\"fields\":{\"174\":[\"82\"],\"199\":[\"216\"],\"143\":{\"startDate\":{\"date\":\"3\\/12\\/2015\",\"time\":\"6:30 PM\"},\"endDate\":{\"date\":\"3\\/12\\/2015\",\"time\":\"7:15 PM\"},\"stored_rules_json\":\"{\\r\\n  \\\"rules\\\": [\\r\\n    {\\r\\n      \\\"ruleType\\\": {\\r\\n        \\\"name\\\": \\\"weekly\\\",\\r\\n        \\\"title\\\": \\\"Weekly\\\"\\r\\n      },\\r\\n      \\\"uiTemplateName\\\": \\\"fields-weekly_Template\\\",\\r\\n      \\\"showRepeatUntilDate\\\": false,\\r\\n      \\\"showRepeatUntilCount\\\": false,\\r\\n      \\\"repeatUntilType\\\": \\\"forever\\\",\\r\\n      \\\"repeatForever\\\": 1,\\r\\n      \\\"weeksInterval\\\": \\\"1\\\",\\r\\n      \\\"daysOfWeek\\\": \\\"Thu\\\"\\r\\n    }\\r\\n  ]\\r\\n}\",\"recurrenceRules\":\"{\\r\\n  \\\"rules\\\": [\\r\\n    {\\r\\n      \\\"ruleType\\\": {\\r\\n        \\\"name\\\": \\\"weekly\\\",\\r\\n        \\\"title\\\": \\\"Weekly\\\"\\r\\n      },\\r\\n      \\\"uiTemplateName\\\": \\\"fields-weekly_Template\\\",\\r\\n      \\\"showRepeatUntilDate\\\": false,\\r\\n      \\\"showRepeatUntilCount\\\": false,\\r\\n      \\\"repeatUntilType\\\": \\\"forever\\\",\\r\\n      \\\"repeatForever\\\": 1,\\r\\n      \\\"weeksInterval\\\": \\\"1\\\",\\r\\n      \\\"daysOfWeek\\\": \\\"Thu\\\"\\r\\n    }\\r\\n  ]\\r\\n}\"},\"184\":[\"134\"],\"135\":\"<p>Focus on wellness and what you can do to boost your energy, open up and release tension. Movements are done in a standing and seated position and you may sit at anytime. Tai chi increases leg strength, balance and flexibility. <strong>Advance registration by calling 216.595.9546 or by email (see below).<\\/strong><\\/p><p>Lead By Michael Stadul<\\/p><p><strong><a href=\\\"mailto:marinac@touchedbycancer.org\\\" target=\\\"_blank\\\">Click here<\\/a><\\/strong><strong> <\\/strong><strong>to email Susan Marinac, LISW-S, MT-BC, and let her know you are interested in Tai Chi. She will contact you to complete registration. Please include your name and phone number in the email.<\\/strong><\\/p>\",\"107\":\"\",\"176\":[\"158\"],\"87\":\"\",\"200\":[\"150\"]}}','2015-03-27 16:35:58','2015-03-27 16:35:58','a271f55f-4cf2-49e8-84a2-fd98da100442'),(212,193,6,4,'en_us',3,'','{\"typeId\":\"39\",\"authorId\":\"4\",\"title\":\"Warehouse Sale\",\"slug\":\"warehouse-sale\",\"postDate\":1426610520,\"expiryDate\":null,\"enabled\":1,\"fields\":{\"174\":[\"83\",\"118\",\"117\"],\"199\":[\"145\"],\"143\":{\"startDate\":{\"date\":\"3\\/28\\/2015\",\"time\":\"9:00 AM\"},\"endDate\":{\"date\":\"3\\/28\\/2015\",\"time\":\"2:00 PM\"},\"stored_rules_json\":\"{\\r\\n  \\\"rules\\\": []\\r\\n}\",\"recurrenceRules\":\"{\\r\\n  \\\"rules\\\": []\\r\\n}\"},\"177\":\"\",\"221\":\"Cras mattis consectetur purus sit amet fermentum. Cum sociis natoque penatibus et magnis dis parturient montes, nascetur ridiculus mus.\"}}','2015-03-27 17:19:26','2015-03-27 17:19:26','7fa7fcc1-e0d4-40db-b00d-ff67b9c13f81'),(213,193,6,4,'en_us',4,'','{\"typeId\":\"39\",\"authorId\":\"4\",\"title\":\"Warehouse Sale\",\"slug\":\"warehouse-sale\",\"postDate\":1426610520,\"expiryDate\":null,\"enabled\":1,\"fields\":{\"174\":[\"83\",\"118\",\"117\"],\"199\":\"\",\"143\":{\"startDate\":{\"date\":\"3\\/28\\/2015\",\"time\":\"9:00 AM\"},\"endDate\":{\"date\":\"3\\/28\\/2015\",\"time\":\"2:00 PM\"},\"stored_rules_json\":\"{\\r\\n  \\\"rules\\\": []\\r\\n}\",\"recurrenceRules\":\"{\\r\\n  \\\"rules\\\": []\\r\\n}\"},\"177\":\"\",\"221\":\"Cras mattis consectetur purus sit amet fermentum. Cum sociis natoque penatibus et magnis dis parturient montes, nascetur ridiculus mus.\"}}','2015-03-27 17:32:58','2015-03-27 17:32:58','11d69820-bde1-4e0b-817c-4293bc059bb8'),(214,194,6,4,'en_us',2,'','{\"typeId\":\"39\",\"authorId\":\"4\",\"title\":\"Warehouse Sale\",\"slug\":\"warehouse-sale-1\",\"postDate\":1426610580,\"expiryDate\":null,\"enabled\":1,\"fields\":{\"174\":[\"82\",\"83\",\"118\",\"117\"],\"199\":[\"214\"],\"143\":{\"startDate\":{\"date\":\"3\\/29\\/2015\",\"time\":\"11:00 AM\"},\"endDate\":{\"date\":\"3\\/29\\/2015\",\"time\":\"1:00 PM\"},\"stored_rules_json\":\"{\\r\\n  \\\"rules\\\": []\\r\\n}\",\"recurrenceRules\":\"{\\r\\n  \\\"rules\\\": []\\r\\n}\"},\"177\":\"\",\"221\":\"Cras mattis consectetur purus sit amet fermentum. Cum sociis natoque penatibus et magnis dis parturient montes, nascetur ridiculus mus.\"}}','2015-03-27 17:33:22','2015-03-27 17:33:22','ca2da780-df8c-4eb5-b9db-0c26bf842451'),(215,219,7,4,'en_us',1,'','{\"typeId\":\"8\",\"authorId\":\"4\",\"title\":\"Welcome Orientation\",\"slug\":\"welcome-orientation\",\"postDate\":1427483041,\"expiryDate\":null,\"enabled\":1,\"fields\":{\"197\":\"\",\"174\":[\"82\",\"83\"],\"184\":\"\",\"177\":\"\",\"135\":\"<p>Adults (over 18) touched by cancer are invited to attend a <strong>Welcoming Orientation<\\/strong> session to learn about our free programs and services. No registration required but childcare can only be arranged with prior notification.<span><\\/span><\\/p>\",\"175\":\"\",\"176\":\"\",\"144\":\"\",\"195\":\"\",\"87\":\"\",\"194\":\"\",\"193\":\"\"}}','2015-03-27 19:04:01','2015-03-27 19:04:01','8bc44b04-b6f2-4bd4-bdfa-65c436355483'),(216,220,6,4,'en_us',1,'','{\"typeId\":\"7\",\"authorId\":\"4\",\"title\":\"Welcome Orientation\",\"slug\":\"welcome-orientation\",\"postDate\":1427483204,\"expiryDate\":null,\"enabled\":1,\"fields\":{\"174\":[\"82\",\"83\"],\"199\":[\"214\",\"142\"],\"143\":{\"startDate\":{\"date\":\"3\\/30\\/2015\",\"time\":\"6:30 PM\"},\"endDate\":{\"date\":\"3\\/30\\/2015\",\"time\":\"7:00 PM\"},\"stored_rules_json\":\"\",\"recurrenceRules\":\"{\\r\\n  \\\"rules\\\": [\\r\\n    {\\r\\n      \\\"ruleType\\\": {\\r\\n        \\\"name\\\": \\\"weekly\\\",\\r\\n        \\\"title\\\": \\\"Weekly\\\"\\r\\n      },\\r\\n      \\\"uiTemplateName\\\": \\\"fields-weekly_Template\\\",\\r\\n      \\\"showRepeatUntilDate\\\": false,\\r\\n      \\\"showRepeatUntilCount\\\": false,\\r\\n      \\\"repeatUntilType\\\": \\\"forever\\\",\\r\\n      \\\"repeatForever\\\": 1,\\r\\n      \\\"weeksInterval\\\": \\\"1\\\",\\r\\n      \\\"daysOfWeek\\\": \\\"Mon\\\"\\r\\n    }\\r\\n  ]\\r\\n}\"},\"184\":\"\",\"135\":\"<p>Adults (over 18) touched by cancer are invited to attend a <strong>Welcoming Orientation<\\/strong> session to learn about our free programs and services. No registration required but childcare can only be arranged with prior notification.<span><\\/span><\\/p>\",\"107\":\"\",\"176\":[\"219\"],\"87\":\"\",\"200\":[\"148\"]}}','2015-03-27 19:06:44','2015-03-27 19:06:44','944371e9-9472-4e2f-9665-a25defc13d66'),(217,221,6,4,'en_us',1,'','{\"typeId\":\"7\",\"authorId\":\"4\",\"title\":\"Welcome Orientation\",\"slug\":\"welcome-orientation-tues-east\",\"postDate\":1427483312,\"expiryDate\":null,\"enabled\":1,\"fields\":{\"174\":[\"82\",\"83\"],\"199\":[\"214\",\"142\"],\"143\":{\"startDate\":{\"date\":\"3\\/31\\/2015\",\"time\":\"1:30 PM\"},\"endDate\":{\"date\":\"3\\/31\\/2015\",\"time\":\"1:30 PM\"},\"stored_rules_json\":\"\",\"recurrenceRules\":\"{\\r\\n  \\\"rules\\\": [\\r\\n    {\\r\\n      \\\"ruleType\\\": {\\r\\n        \\\"name\\\": \\\"weekly\\\",\\r\\n        \\\"title\\\": \\\"Weekly\\\"\\r\\n      },\\r\\n      \\\"uiTemplateName\\\": \\\"fields-weekly_Template\\\",\\r\\n      \\\"showRepeatUntilDate\\\": false,\\r\\n      \\\"showRepeatUntilCount\\\": false,\\r\\n      \\\"repeatUntilType\\\": \\\"forever\\\",\\r\\n      \\\"repeatForever\\\": 1,\\r\\n      \\\"weeksInterval\\\": \\\"1\\\",\\r\\n      \\\"daysOfWeek\\\": \\\"Tue\\\"\\r\\n    }\\r\\n  ]\\r\\n}\"},\"184\":\"\",\"135\":\"<p>Adults (over 18) touched by cancer are invited to attend a <strong>Welcoming Orientation<\\/strong> session to learn about our free programs and services. No registration required but childcare can only be arranged with prior notification.<span><\\/span><\\/p>\",\"107\":\"\",\"176\":[\"219\"],\"87\":\"\",\"200\":[\"148\"]}}','2015-03-27 19:08:33','2015-03-27 19:08:33','b015eac9-3607-4c1e-b659-43c79d60ae66'),(218,222,6,4,'en_us',1,'','{\"typeId\":\"7\",\"authorId\":\"4\",\"title\":\"Welcome Orientation\",\"slug\":\"welcome-orientation-sat-east\",\"postDate\":1427483396,\"expiryDate\":null,\"enabled\":1,\"fields\":{\"174\":[\"82\",\"83\"],\"199\":[\"214\",\"142\"],\"143\":{\"startDate\":{\"date\":\"3\\/28\\/2015\",\"time\":\"10:30 AM\"},\"endDate\":{\"date\":\"3\\/28\\/2015\",\"time\":\"11:00 AM\"},\"stored_rules_json\":\"\",\"recurrenceRules\":\"{\\r\\n  \\\"rules\\\": [\\r\\n    {\\r\\n      \\\"ruleType\\\": {\\r\\n        \\\"name\\\": \\\"weekly\\\",\\r\\n        \\\"title\\\": \\\"Weekly\\\"\\r\\n      },\\r\\n      \\\"uiTemplateName\\\": \\\"fields-weekly_Template\\\",\\r\\n      \\\"showRepeatUntilDate\\\": false,\\r\\n      \\\"showRepeatUntilCount\\\": false,\\r\\n      \\\"repeatUntilType\\\": \\\"forever\\\",\\r\\n      \\\"repeatForever\\\": 1,\\r\\n      \\\"weeksInterval\\\": \\\"1\\\",\\r\\n      \\\"daysOfWeek\\\": \\\"Sat\\\"\\r\\n    }\\r\\n  ]\\r\\n}\"},\"184\":\"\",\"135\":\"<p>Adults (over 18) touched by cancer are invited to attend a <strong>Welcoming Orientation<\\/strong> session to learn about our free programs and services. No registration required but childcare can only be arranged with prior notification.<span><\\/span><\\/p>\",\"107\":\"\",\"176\":[\"219\"],\"87\":\"\",\"200\":[\"148\"]}}','2015-03-27 19:09:56','2015-03-27 19:09:56','617ddfed-5b19-484e-8970-ff9a22e187fe'),(219,223,6,4,'en_us',1,'','{\"typeId\":\"7\",\"authorId\":\"4\",\"title\":\"Welcome Orientation\",\"slug\":\"welcome-orientation-tues-west\",\"postDate\":1427483483,\"expiryDate\":null,\"enabled\":1,\"fields\":{\"174\":[\"82\",\"83\"],\"199\":[\"214\",\"142\"],\"143\":{\"startDate\":{\"date\":\"3\\/31\\/2015\",\"time\":\"1:30 PM\"},\"endDate\":{\"date\":\"3\\/31\\/2015\",\"time\":\"2:00 PM\"},\"stored_rules_json\":\"\",\"recurrenceRules\":\"{\\r\\n  \\\"rules\\\": [\\r\\n    {\\r\\n      \\\"ruleType\\\": {\\r\\n        \\\"name\\\": \\\"weekly\\\",\\r\\n        \\\"title\\\": \\\"Weekly\\\"\\r\\n      },\\r\\n      \\\"uiTemplateName\\\": \\\"fields-weekly_Template\\\",\\r\\n      \\\"showRepeatUntilDate\\\": false,\\r\\n      \\\"showRepeatUntilCount\\\": false,\\r\\n      \\\"repeatUntilType\\\": \\\"forever\\\",\\r\\n      \\\"repeatForever\\\": 1,\\r\\n      \\\"weeksInterval\\\": \\\"1\\\",\\r\\n      \\\"daysOfWeek\\\": \\\"Tue\\\"\\r\\n    }\\r\\n  ]\\r\\n}\"},\"184\":\"\",\"135\":\"<p>Adults (over 18) touched by cancer are invited to attend a <strong>Welcoming Orientation<\\/strong> session to learn about our free programs and services. No registration required but childcare can only be arranged with prior notification.<span><\\/span><\\/p>\",\"107\":\"\",\"176\":[\"219\"],\"87\":\"\",\"200\":[\"150\"]}}','2015-03-27 19:11:24','2015-03-27 19:11:24','c61cf8bf-9b17-4d10-85ce-9eacf8f5b0f1'),(221,225,6,4,'en_us',1,'','{\"typeId\":\"7\",\"authorId\":\"4\",\"title\":\"Welcome Orientation\",\"slug\":\"welcome-orientation-sat-west\",\"postDate\":1427483638,\"expiryDate\":null,\"enabled\":1,\"fields\":{\"174\":[\"82\",\"83\"],\"199\":[\"214\",\"142\"],\"143\":{\"startDate\":{\"date\":\"3\\/28\\/2015\",\"time\":\"10:30 AM\"},\"endDate\":{\"date\":\"3\\/28\\/2015\",\"time\":\"11:00 AM\"},\"stored_rules_json\":\"\",\"recurrenceRules\":\"{\\r\\n  \\\"rules\\\": [\\r\\n    {\\r\\n      \\\"ruleType\\\": {\\r\\n        \\\"name\\\": \\\"weekly\\\",\\r\\n        \\\"title\\\": \\\"Weekly\\\"\\r\\n      },\\r\\n      \\\"uiTemplateName\\\": \\\"fields-weekly_Template\\\",\\r\\n      \\\"showRepeatUntilDate\\\": false,\\r\\n      \\\"showRepeatUntilCount\\\": false,\\r\\n      \\\"repeatUntilType\\\": \\\"forever\\\",\\r\\n      \\\"repeatForever\\\": 1,\\r\\n      \\\"weeksInterval\\\": \\\"1\\\",\\r\\n      \\\"daysOfWeek\\\": \\\"Sat\\\"\\r\\n    }\\r\\n  ]\\r\\n}\"},\"184\":\"\",\"135\":\"<p>Adults (over 18) touched by cancer are invited to attend a <strong>Welcoming Orientation<\\/strong> session to learn about our free programs and services. No registration required but childcare can only be arranged with prior notification.<span><\\/span><\\/p>\",\"107\":\"\",\"176\":[\"219\"],\"87\":\"\",\"200\":[\"150\"]}}','2015-03-27 19:13:58','2015-03-27 19:13:58','0de51937-95d2-4524-9358-e8dbf550599d'),(222,220,6,4,'en_us',2,'','{\"typeId\":\"7\",\"authorId\":\"4\",\"title\":\"Welcome Orientation\",\"slug\":\"welcome-orientation-mon-east\",\"postDate\":1427483160,\"expiryDate\":null,\"enabled\":1,\"fields\":{\"174\":[\"82\",\"83\"],\"199\":[\"214\",\"142\"],\"143\":{\"startDate\":{\"date\":\"3\\/30\\/2015\",\"time\":\"6:30 PM\"},\"endDate\":{\"date\":\"3\\/30\\/2015\",\"time\":\"7:00 PM\"},\"stored_rules_json\":\"{\\r\\n  \\\"rules\\\": [\\r\\n    {\\r\\n      \\\"ruleType\\\": {\\r\\n        \\\"name\\\": \\\"weekly\\\",\\r\\n        \\\"title\\\": \\\"Weekly\\\"\\r\\n      },\\r\\n      \\\"uiTemplateName\\\": \\\"fields-weekly_Template\\\",\\r\\n      \\\"showRepeatUntilDate\\\": false,\\r\\n      \\\"showRepeatUntilCount\\\": false,\\r\\n      \\\"repeatUntilType\\\": \\\"forever\\\",\\r\\n      \\\"repeatForever\\\": 1,\\r\\n      \\\"weeksInterval\\\": \\\"1\\\",\\r\\n      \\\"daysOfWeek\\\": \\\"Mon\\\"\\r\\n    }\\r\\n  ]\\r\\n}\",\"recurrenceRules\":\"{\\r\\n  \\\"rules\\\": [\\r\\n    {\\r\\n      \\\"ruleType\\\": {\\r\\n        \\\"name\\\": \\\"weekly\\\",\\r\\n        \\\"title\\\": \\\"Weekly\\\"\\r\\n      },\\r\\n      \\\"uiTemplateName\\\": \\\"fields-weekly_Template\\\",\\r\\n      \\\"showRepeatUntilDate\\\": false,\\r\\n      \\\"showRepeatUntilCount\\\": false,\\r\\n      \\\"repeatUntilType\\\": \\\"forever\\\",\\r\\n      \\\"repeatForever\\\": 1,\\r\\n      \\\"weeksInterval\\\": \\\"1\\\",\\r\\n      \\\"daysOfWeek\\\": \\\"Mon\\\"\\r\\n    }\\r\\n  ]\\r\\n}\"},\"184\":\"\",\"135\":\"<p>Adults (over 18) touched by cancer are invited to attend a <strong>Welcoming Orientation<\\/strong> session to learn about our free programs and services. No registration required but childcare can only be arranged with prior notification.<\\/p>\",\"107\":\"\",\"176\":[\"219\"],\"87\":\"\",\"200\":[\"148\"]}}','2015-03-27 19:15:15','2015-03-27 19:15:15','830aa363-e12f-49f3-bc24-3d076b847ea2'),(223,221,6,4,'en_us',2,'','{\"typeId\":\"7\",\"authorId\":\"4\",\"title\":\"Welcome Orientation\",\"slug\":\"welcome-orientation-tues-east\",\"postDate\":1427483280,\"expiryDate\":null,\"enabled\":1,\"fields\":{\"174\":[\"82\",\"83\"],\"199\":[\"214\",\"142\"],\"143\":{\"startDate\":{\"date\":\"3\\/31\\/2015\",\"time\":\"1:30 PM\"},\"endDate\":{\"date\":\"3\\/31\\/2015\",\"time\":\"1:30 PM\"},\"stored_rules_json\":\"{\\r\\n  \\\"rules\\\": [\\r\\n    {\\r\\n      \\\"ruleType\\\": {\\r\\n        \\\"name\\\": \\\"weekly\\\",\\r\\n        \\\"title\\\": \\\"Weekly\\\"\\r\\n      },\\r\\n      \\\"uiTemplateName\\\": \\\"fields-weekly_Template\\\",\\r\\n      \\\"showRepeatUntilDate\\\": false,\\r\\n      \\\"showRepeatUntilCount\\\": false,\\r\\n      \\\"repeatUntilType\\\": \\\"forever\\\",\\r\\n      \\\"repeatForever\\\": 1,\\r\\n      \\\"weeksInterval\\\": \\\"1\\\",\\r\\n      \\\"daysOfWeek\\\": \\\"Tue\\\"\\r\\n    }\\r\\n  ]\\r\\n}\",\"recurrenceRules\":\"{\\r\\n  \\\"rules\\\": [\\r\\n    {\\r\\n      \\\"ruleType\\\": {\\r\\n        \\\"name\\\": \\\"weekly\\\",\\r\\n        \\\"title\\\": \\\"Weekly\\\"\\r\\n      },\\r\\n      \\\"uiTemplateName\\\": \\\"fields-weekly_Template\\\",\\r\\n      \\\"showRepeatUntilDate\\\": false,\\r\\n      \\\"showRepeatUntilCount\\\": false,\\r\\n      \\\"repeatUntilType\\\": \\\"forever\\\",\\r\\n      \\\"repeatForever\\\": 1,\\r\\n      \\\"weeksInterval\\\": \\\"1\\\",\\r\\n      \\\"daysOfWeek\\\": \\\"Tue\\\"\\r\\n    }\\r\\n  ]\\r\\n}\"},\"184\":\"\",\"135\":\"<p>Adults (over 18) touched by cancer are invited to attend a <strong>Welcoming Orientation<\\/strong> session to learn about our free programs and services. No registration required but childcare can only be arranged with prior notification.<\\/p>\",\"107\":\"\",\"176\":[\"219\"],\"87\":\"\",\"200\":[\"148\"]}}','2015-03-27 19:18:07','2015-03-27 19:18:07','29c723ea-eea1-4984-b1d2-310fc9ceb866'),(224,222,6,4,'en_us',2,'','{\"typeId\":\"7\",\"authorId\":\"4\",\"title\":\"Welcome Orientation\",\"slug\":\"welcome-orientation-sat-east\",\"postDate\":1427483340,\"expiryDate\":null,\"enabled\":1,\"fields\":{\"174\":[\"82\",\"83\"],\"199\":[\"214\",\"142\"],\"143\":{\"startDate\":{\"date\":\"3\\/28\\/2015\",\"time\":\"10:30 AM\"},\"endDate\":{\"date\":\"3\\/28\\/2015\",\"time\":\"11:00 AM\"},\"stored_rules_json\":\"{\\r\\n  \\\"rules\\\": [\\r\\n    {\\r\\n      \\\"ruleType\\\": {\\r\\n        \\\"name\\\": \\\"weekly\\\",\\r\\n        \\\"title\\\": \\\"Weekly\\\"\\r\\n      },\\r\\n      \\\"uiTemplateName\\\": \\\"fields-weekly_Template\\\",\\r\\n      \\\"showRepeatUntilDate\\\": false,\\r\\n      \\\"showRepeatUntilCount\\\": false,\\r\\n      \\\"repeatUntilType\\\": \\\"forever\\\",\\r\\n      \\\"repeatForever\\\": 1,\\r\\n      \\\"weeksInterval\\\": \\\"1\\\",\\r\\n      \\\"daysOfWeek\\\": \\\"Sat\\\"\\r\\n    }\\r\\n  ]\\r\\n}\",\"recurrenceRules\":\"{\\r\\n  \\\"rules\\\": [\\r\\n    {\\r\\n      \\\"ruleType\\\": {\\r\\n        \\\"name\\\": \\\"weekly\\\",\\r\\n        \\\"title\\\": \\\"Weekly\\\"\\r\\n      },\\r\\n      \\\"uiTemplateName\\\": \\\"fields-weekly_Template\\\",\\r\\n      \\\"showRepeatUntilDate\\\": false,\\r\\n      \\\"showRepeatUntilCount\\\": false,\\r\\n      \\\"repeatUntilType\\\": \\\"forever\\\",\\r\\n      \\\"repeatForever\\\": 1,\\r\\n      \\\"weeksInterval\\\": \\\"1\\\",\\r\\n      \\\"daysOfWeek\\\": \\\"Sat\\\"\\r\\n    }\\r\\n  ]\\r\\n}\"},\"184\":\"\",\"135\":\"<p>Adults (over 18) touched by cancer are invited to attend a <strong>Welcoming Orientation<\\/strong> session to learn about our free programs and services. No registration required but childcare can only be arranged with prior notification.<\\/p>\",\"107\":\"\",\"176\":[\"219\"],\"87\":\"\",\"200\":[\"148\"]}}','2015-03-27 19:18:15','2015-03-27 19:18:15','bd53f93a-2a56-4c4b-96b4-b137ffbaa71c'),(225,223,6,4,'en_us',2,'','{\"typeId\":\"7\",\"authorId\":\"4\",\"title\":\"Welcome Orientation\",\"slug\":\"welcome-orientation-tues-west\",\"postDate\":1427483460,\"expiryDate\":null,\"enabled\":1,\"fields\":{\"174\":[\"82\",\"83\"],\"199\":[\"214\",\"142\"],\"143\":{\"startDate\":{\"date\":\"3\\/31\\/2015\",\"time\":\"1:30 PM\"},\"endDate\":{\"date\":\"3\\/31\\/2015\",\"time\":\"2:00 PM\"},\"stored_rules_json\":\"{\\r\\n  \\\"rules\\\": [\\r\\n    {\\r\\n      \\\"ruleType\\\": {\\r\\n        \\\"name\\\": \\\"weekly\\\",\\r\\n        \\\"title\\\": \\\"Weekly\\\"\\r\\n      },\\r\\n      \\\"uiTemplateName\\\": \\\"fields-weekly_Template\\\",\\r\\n      \\\"showRepeatUntilDate\\\": false,\\r\\n      \\\"showRepeatUntilCount\\\": false,\\r\\n      \\\"repeatUntilType\\\": \\\"forever\\\",\\r\\n      \\\"repeatForever\\\": 1,\\r\\n      \\\"weeksInterval\\\": \\\"1\\\",\\r\\n      \\\"daysOfWeek\\\": \\\"Tue\\\"\\r\\n    }\\r\\n  ]\\r\\n}\",\"recurrenceRules\":\"{\\r\\n  \\\"rules\\\": [\\r\\n    {\\r\\n      \\\"ruleType\\\": {\\r\\n        \\\"name\\\": \\\"weekly\\\",\\r\\n        \\\"title\\\": \\\"Weekly\\\"\\r\\n      },\\r\\n      \\\"uiTemplateName\\\": \\\"fields-weekly_Template\\\",\\r\\n      \\\"showRepeatUntilDate\\\": false,\\r\\n      \\\"showRepeatUntilCount\\\": false,\\r\\n      \\\"repeatUntilType\\\": \\\"forever\\\",\\r\\n      \\\"repeatForever\\\": 1,\\r\\n      \\\"weeksInterval\\\": \\\"1\\\",\\r\\n      \\\"daysOfWeek\\\": \\\"Tue\\\"\\r\\n    }\\r\\n  ]\\r\\n}\"},\"184\":\"\",\"135\":\"<p>Adults (over 18) touched by cancer are invited to attend a <strong>Welcoming Orientation<\\/strong> session to learn about our free programs and services. No registration required but childcare can only be arranged with prior notification.<\\/p>\",\"107\":\"\",\"176\":[\"219\"],\"87\":\"\",\"200\":[\"150\"]}}','2015-03-27 19:18:21','2015-03-27 19:18:21','4cdf87f9-419c-4b5a-b081-d9f92eb5af9e'),(227,225,6,4,'en_us',2,'','{\"typeId\":\"7\",\"authorId\":\"4\",\"title\":\"Welcome Orientation\",\"slug\":\"welcome-orientation-sat-west\",\"postDate\":1427483580,\"expiryDate\":null,\"enabled\":1,\"fields\":{\"174\":[\"82\",\"83\"],\"199\":[\"214\",\"142\"],\"143\":{\"startDate\":{\"date\":\"3\\/28\\/2015\",\"time\":\"10:30 AM\"},\"endDate\":{\"date\":\"3\\/28\\/2015\",\"time\":\"11:00 AM\"},\"stored_rules_json\":\"{\\r\\n  \\\"rules\\\": [\\r\\n    {\\r\\n      \\\"ruleType\\\": {\\r\\n        \\\"name\\\": \\\"weekly\\\",\\r\\n        \\\"title\\\": \\\"Weekly\\\"\\r\\n      },\\r\\n      \\\"uiTemplateName\\\": \\\"fields-weekly_Template\\\",\\r\\n      \\\"showRepeatUntilDate\\\": false,\\r\\n      \\\"showRepeatUntilCount\\\": false,\\r\\n      \\\"repeatUntilType\\\": \\\"forever\\\",\\r\\n      \\\"repeatForever\\\": 1,\\r\\n      \\\"weeksInterval\\\": \\\"1\\\",\\r\\n      \\\"daysOfWeek\\\": \\\"Sat\\\"\\r\\n    }\\r\\n  ]\\r\\n}\",\"recurrenceRules\":\"{\\r\\n  \\\"rules\\\": [\\r\\n    {\\r\\n      \\\"ruleType\\\": {\\r\\n        \\\"name\\\": \\\"weekly\\\",\\r\\n        \\\"title\\\": \\\"Weekly\\\"\\r\\n      },\\r\\n      \\\"uiTemplateName\\\": \\\"fields-weekly_Template\\\",\\r\\n      \\\"showRepeatUntilDate\\\": false,\\r\\n      \\\"showRepeatUntilCount\\\": false,\\r\\n      \\\"repeatUntilType\\\": \\\"forever\\\",\\r\\n      \\\"repeatForever\\\": 1,\\r\\n      \\\"weeksInterval\\\": \\\"1\\\",\\r\\n      \\\"daysOfWeek\\\": \\\"Sat\\\"\\r\\n    }\\r\\n  ]\\r\\n}\"},\"184\":\"\",\"135\":\"<p>Adults (over 18) touched by cancer are invited to attend a <strong>Welcoming Orientation<\\/strong> session to learn about our free programs and services. No registration required but childcare can only be arranged with prior notification.<\\/p>\",\"107\":\"\",\"176\":[\"219\"],\"87\":\"\",\"200\":[\"150\"]}}','2015-03-27 19:18:38','2015-03-27 19:18:38','6eaef082-6510-4273-97bc-5577ae872202'),(231,227,6,4,'en_us',1,'','{\"typeId\":\"7\",\"authorId\":\"4\",\"title\":\"Welcome Orientation\",\"slug\":\"welcome-orientation-thur-west\",\"postDate\":1427484300,\"expiryDate\":null,\"enabled\":1,\"fields\":{\"174\":[\"82\",\"83\"],\"199\":[\"214\",\"142\"],\"143\":{\"startDate\":{\"date\":\"3\\/26\\/2015\",\"time\":\"6:30 PM\"},\"endDate\":{\"date\":\"3\\/26\\/2015\",\"time\":\"7:00 PM\"},\"stored_rules_json\":\"{\\r\\n  \\\"rules\\\": [\\r\\n    {\\r\\n      \\\"ruleType\\\": {\\r\\n        \\\"name\\\": \\\"weekly\\\",\\r\\n        \\\"title\\\": \\\"Weekly\\\"\\r\\n      },\\r\\n      \\\"uiTemplateName\\\": \\\"fields-weekly_Template\\\",\\r\\n      \\\"showRepeatUntilDate\\\": false,\\r\\n      \\\"showRepeatUntilCount\\\": false,\\r\\n      \\\"repeatUntilType\\\": \\\"forever\\\",\\r\\n      \\\"repeatForever\\\": 1,\\r\\n      \\\"weeksInterval\\\": \\\"1\\\",\\r\\n      \\\"daysOfWeek\\\": \\\"Thu\\\"\\r\\n    }\\r\\n  ]\\r\\n}\",\"recurrenceRules\":\"{\\r\\n  \\\"rules\\\": [\\r\\n    {\\r\\n      \\\"ruleType\\\": {\\r\\n        \\\"name\\\": \\\"weekly\\\",\\r\\n        \\\"title\\\": \\\"Weekly\\\"\\r\\n      },\\r\\n      \\\"uiTemplateName\\\": \\\"fields-weekly_Template\\\",\\r\\n      \\\"showRepeatUntilDate\\\": false,\\r\\n      \\\"showRepeatUntilCount\\\": false,\\r\\n      \\\"repeatUntilType\\\": \\\"forever\\\",\\r\\n      \\\"repeatForever\\\": 1,\\r\\n      \\\"weeksInterval\\\": \\\"1\\\",\\r\\n      \\\"daysOfWeek\\\": \\\"Thu\\\"\\r\\n    }\\r\\n  ]\\r\\n}\"},\"184\":\"\",\"135\":\"<p>Adults (over 18) touched by cancer are invited to attend a <strong>Welcoming Orientation<\\/strong> session to learn about our free programs and services. No registration required but childcare can only be arranged with prior notification.<\\/p>\",\"107\":\"\",\"176\":[\"219\"],\"87\":\"\",\"200\":[\"150\"]}}','2015-03-27 19:25:27','2015-03-27 19:25:27','5cc88b20-9c6d-498d-abf7-144662fa605d'),(232,148,21,4,'en_us',4,'','{\"typeId\":\"27\",\"authorId\":\"4\",\"title\":\"East Campus\",\"slug\":\"east\",\"postDate\":1425586500,\"expiryDate\":null,\"enabled\":1,\"fields\":{\"237\":\"https:\\/\\/www.flickr.com\\/photos\\/thegatheringplaceoh\\/sets\\/\",\"158\":{\"149\":{\"type\":\"siteInfo\",\"enabled\":\"1\",\"fields\":{\"siteName\":\"The Arnold & Sydell Miller Family Campus\",\"siteDescription\":\"\",\"siteStreetAddress\":\"23300 Commerce Park\",\"siteCity\":\"Beachwood\",\"siteState\":\"OH\",\"siteZip\":\"44122\"}}}}}','2015-03-31 19:17:49','2015-03-31 19:17:49','5e21e5d4-b37a-4666-a20a-c1d57da4655e'),(233,217,21,4,'en_us',4,'','{\"typeId\":\"27\",\"authorId\":\"4\",\"title\":\"Wellness Center\",\"slug\":\"wc\",\"postDate\":1427307900,\"expiryDate\":null,\"enabled\":1,\"fields\":{\"237\":\"https:\\/\\/www.flickr.com\\/photos\\/thegatheringplaceoh\\/sets\\/\",\"158\":{\"218\":{\"type\":\"siteInfo\",\"enabled\":\"1\",\"fields\":{\"siteName\":\"Richman Family Wellness Center\",\"siteDescription\":\"\",\"siteStreetAddress\":\"23295 Commerce Park\",\"siteCity\":\"Beachwood\",\"siteState\":\"OH\",\"siteZip\":\"44122\"}}}}}','2015-03-31 19:18:02','2015-03-31 19:18:02','6ae98ff4-2aca-44d8-9afb-e77147d0be9b'),(234,150,21,4,'en_us',5,'','{\"typeId\":\"27\",\"authorId\":\"4\",\"title\":\"West Campus\",\"slug\":\"west\",\"postDate\":1425586560,\"expiryDate\":null,\"enabled\":1,\"fields\":{\"237\":\"https:\\/\\/www.flickr.com\\/photos\\/thegatheringplaceoh\\/sets\\/\",\"158\":{\"151\":{\"type\":\"siteInfo\",\"enabled\":\"1\",\"fields\":{\"siteName\":\"The Gathering Place - West\",\"siteDescription\":\"\",\"siteStreetAddress\":\"800 Sharon Drive\",\"siteCity\":\"Westlake\",\"siteState\":\"OH\",\"siteZip\":\"44145\"}}}}}','2015-03-31 19:18:10','2015-03-31 19:18:10','a43e9a21-aadd-4273-9b41-5927a0080b29'),(235,87,18,4,'en_us',1,'','{\"typeId\":\"22\",\"authorId\":null,\"title\":\"Financials\",\"slug\":\"financials\",\"postDate\":1425401494,\"expiryDate\":null,\"enabled\":1,\"fields\":{\"145\":[\"228\"],\"238\":\"2013\\/2014 Annual Report\",\"135\":\"<p>Id luptatum philosophia comprehensam vim. Sale harum suavitate vim id, quo ea putent perpetua consulatu. Eius lorem abhorreant eum ad, eos nibh consectetuer ne. Ius no facilis facilisi conceptam, ut habeo dictas eam, et mollis tamquam adversarium pri.<\\/p><p>Corpora qualisque at per. Eu populo delenit veritus vis, ei reque lobortis sententiae eos. Te diam conceptam sit, esse percipitur omittantur in nec, malis mollis facilisis qui ex. Cu labore mollis mea, cu his vide graece voluptatum, ea integre facilis interesset vim. In per laoreet imperdiet intellegat.<\\/p><p>Eum verterem prodesset ad, velit soleat mel cu, ex simul blandit sententiae eam. Eum te fastidii neglegentur contentiones, fabellas recteque ne mea. Possim fabulas dolores eu duo, has deseruisse adipiscing elaboraret eu. Wisi mutat civibus ex ius, cu eos inani tollit. Te iuvaret complectitur quo, duo sanctus invidunt principes eu, ad pro aeque repudiare. Eu eam solet menandri voluptatum.<\\/p>\",\"144\":\"\"}}','2015-03-31 19:42:42','2015-03-31 19:42:42','b917eb36-45a4-4faf-9e55-9aadb483aedb'),(236,148,21,4,'en_us',5,'','{\"typeId\":\"27\",\"authorId\":\"4\",\"title\":\"East Campus\",\"slug\":\"east\",\"postDate\":1425586500,\"expiryDate\":null,\"enabled\":1,\"fields\":{\"197\":\"info@touchedbycancer.org\",\"237\":\"https:\\/\\/www.flickr.com\\/photos\\/thegatheringplaceoh\\/sets\\/\",\"158\":{\"149\":{\"type\":\"siteInfo\",\"enabled\":\"1\",\"fields\":{\"siteName\":\"The Arnold & Sydell Miller Family Campus\",\"siteDescription\":\"\",\"siteStreetAddress\":\"23300 Commerce Park\",\"siteCity\":\"Beachwood\",\"siteState\":\"OH\",\"siteZip\":\"44122\"}}}}}','2015-03-31 20:35:46','2015-03-31 20:35:46','0c88b73d-9ddf-4e0a-8e83-9d0c1e39ef66'),(237,148,21,4,'en_us',6,'','{\"typeId\":\"27\",\"authorId\":\"4\",\"title\":\"East Campus\",\"slug\":\"east\",\"postDate\":1425586500,\"expiryDate\":null,\"enabled\":1,\"fields\":{\"197\":\"info@touchedbycancer.org\",\"237\":\"https:\\/\\/www.flickr.com\\/photos\\/thegatheringplaceoh\\/sets\\/\",\"158\":{\"149\":{\"type\":\"siteInfo\",\"enabled\":\"1\",\"fields\":{\"siteName\":\"The Arnold & Sydell Miller Family Campus\",\"siteDescription\":\"\",\"siteStreetAddress\":\"23300 Commerce Park\",\"siteCity\":\"Beachwood\",\"siteState\":\"OH\",\"siteZip\":\"44122\"}}}}}','2015-03-31 20:35:49','2015-03-31 20:35:49','aee20318-fac2-4c5d-b586-d9b7493e592b'),(238,217,21,4,'en_us',5,'','{\"typeId\":\"27\",\"authorId\":\"4\",\"title\":\"Wellness Center\",\"slug\":\"wc\",\"postDate\":1427307900,\"expiryDate\":null,\"enabled\":1,\"fields\":{\"197\":\"info@touchedbycancer.org\",\"237\":\"https:\\/\\/www.flickr.com\\/photos\\/thegatheringplaceoh\\/sets\\/\",\"158\":{\"218\":{\"type\":\"siteInfo\",\"enabled\":\"1\",\"fields\":{\"siteName\":\"Richman Family Wellness Center\",\"siteDescription\":\"\",\"siteStreetAddress\":\"23295 Commerce Park\",\"siteCity\":\"Beachwood\",\"siteState\":\"OH\",\"siteZip\":\"44122\"}}}}}','2015-03-31 20:36:01','2015-03-31 20:36:01','ea307bed-58a9-4533-9b4c-511891f93497'),(239,150,21,4,'en_us',6,'','{\"typeId\":\"27\",\"authorId\":\"4\",\"title\":\"West Campus\",\"slug\":\"west\",\"postDate\":1425586560,\"expiryDate\":null,\"enabled\":1,\"fields\":{\"197\":\"info@touchedbycancer.org\",\"237\":\"https:\\/\\/www.flickr.com\\/photos\\/thegatheringplaceoh\\/sets\\/\",\"158\":{\"151\":{\"type\":\"siteInfo\",\"enabled\":\"1\",\"fields\":{\"siteName\":\"The Gathering Place - West\",\"siteDescription\":\"\",\"siteStreetAddress\":\"800 Sharon Drive\",\"siteCity\":\"Westlake\",\"siteState\":\"OH\",\"siteZip\":\"44145\"}}}}}','2015-03-31 20:36:12','2015-03-31 20:36:12','1cd0eec1-bd86-443c-85c9-d1069796992e'),(242,64,12,4,'en_us',6,'','{\"typeId\":\"14\",\"authorId\":null,\"title\":\"Warehouse\",\"slug\":\"warehouse\",\"postDate\":1426002350,\"expiryDate\":null,\"enabled\":1,\"fields\":{\"197\":\"info@touchedbycancer.org\",\"232\":\"info@touchedbycancer.org\",\"230\":\"Nulla vitae elit libero, a pharetra augue. Lorem ipsum dolor sit amet, consectetur adipiscing elit. Curabitur blandit tempus porttitor. Nulla vitae elit libero, a pharetra augue. Fusce dapibus, tellus ac cursus commodo, tortor mauris condimentum nibh, ut fermentum massa justo sit amet risus. Etiam porta sem malesuada magna mollis euismod. Curabitur blandit tempus porttitor.\",\"135\":\"<p>S ed posuere consectetur est lobortis. Cras mattis consectetur purus sit amet fermentum. Donec id elit non mi porta gravida at eget metus. Praesent commodo cursus magna, Donec sed odio duivel scelerisque nisl consectetur et. Fusce dapibus, tellus ac cursus commodo, tortor mauris condimentum nibh, ut fermentum massa justo sit amet risus. <\\/p>\",\"231\":[\"169\"],\"229\":\"Cras mattis consectetur purus sit amet fermentum. Cum sociis natoque penatibus et magnis dis parturient montes, nascetur ridiculus mus. Nulla vitae elit libero, a pharetra augue. Aenean lacinia bibendum nulla sed consectetur.\"}}','2015-04-01 18:49:13','2015-04-01 18:49:13','f8ff9c91-c0d3-4517-aa08-bcc6ec49b766'),(243,193,6,4,'en_us',5,'','{\"typeId\":\"39\",\"authorId\":\"4\",\"title\":\"Warehouse Sale\",\"slug\":\"warehouse-sale\",\"postDate\":1426610520,\"expiryDate\":null,\"enabled\":1,\"fields\":{\"174\":[\"83\",\"118\",\"117\"],\"199\":\"\",\"143\":{\"startDate\":{\"date\":\"3\\/28\\/2015\",\"time\":\"9:00 AM\"},\"endDate\":{\"date\":\"3\\/28\\/2015\",\"time\":\"2:00 PM\"},\"stored_rules_json\":\"{\\r\\n  \\\"rules\\\": []\\r\\n}\",\"recurrenceRules\":\"{\\r\\n  \\\"rules\\\": []\\r\\n}\"},\"237\":\"https:\\/\\/www.flickr.com\\/photos\\/thegatheringplaceoh\\/sets\\/72157648850889574\\/\",\"221\":\"Cras mattis consectetur purus sit amet fermentum. Cum sociis natoque penatibus et magnis dis parturient montes, nascetur ridiculus mus.\"}}','2015-04-01 18:53:44','2015-04-01 18:53:44','248a6f08-4cd1-4156-9f55-311b3acf258e'),(244,194,6,4,'en_us',3,'','{\"typeId\":\"39\",\"authorId\":\"4\",\"title\":\"Warehouse Sale\",\"slug\":\"warehouse-sale-1\",\"postDate\":1426610580,\"expiryDate\":null,\"enabled\":1,\"fields\":{\"174\":[\"82\",\"83\",\"118\",\"117\"],\"199\":[\"214\"],\"143\":{\"startDate\":{\"date\":\"3\\/29\\/2015\",\"time\":\"11:00 AM\"},\"endDate\":{\"date\":\"3\\/29\\/2015\",\"time\":\"1:00 PM\"},\"stored_rules_json\":\"{\\r\\n  \\\"rules\\\": []\\r\\n}\",\"recurrenceRules\":\"{\\r\\n  \\\"rules\\\": []\\r\\n}\"},\"237\":\"https:\\/\\/www.flickr.com\\/photos\\/thegatheringplaceoh\\/sets\\/72157648850889574\\/\",\"221\":\"Cras mattis consectetur purus sit amet fermentum. Cum sociis natoque penatibus et magnis dis parturient montes, nascetur ridiculus mus.\"}}','2015-04-01 18:53:52','2015-04-01 18:53:52','d9bb5d13-db54-4785-9b34-d91462e113d5'),(245,64,12,4,'en_us',7,'','{\"typeId\":\"14\",\"authorId\":null,\"title\":\"Warehouse\",\"slug\":\"warehouse\",\"postDate\":1426002350,\"expiryDate\":null,\"enabled\":1,\"fields\":{\"197\":\"apisdorf@touchedbycancer.org\",\"232\":\"apisdorf@touchedbycancer.org\",\"230\":\"Nulla vitae elit libero, a pharetra augue. Lorem ipsum dolor sit amet, consectetur adipiscing elit. Curabitur blandit tempus porttitor. Nulla vitae elit libero, a pharetra augue. Fusce dapibus, tellus ac cursus commodo, tortor mauris condimentum nibh, ut fermentum massa justo sit amet risus. Etiam porta sem malesuada magna mollis euismod. Curabitur blandit tempus porttitor.\",\"135\":\"<p>S ed posuere consectetur est lobortis. Cras mattis consectetur purus sit amet fermentum. Donec id elit non mi porta gravida at eget metus. Praesent commodo cursus magna, Donec sed odio duivel scelerisque nisl consectetur et. Fusce dapibus, tellus ac cursus commodo, tortor mauris condimentum nibh, ut fermentum massa justo sit amet risus. <\\/p>\",\"231\":[\"169\"],\"229\":\"Cras mattis consectetur purus sit amet fermentum. Cum sociis natoque penatibus et magnis dis parturient montes, nascetur ridiculus mus. Nulla vitae elit libero, a pharetra augue. Aenean lacinia bibendum nulla sed consectetur.\"}}','2015-04-01 18:55:04','2015-04-01 18:55:04','e4306b4a-a33f-4446-8258-206e5d2cde0d'),(246,64,12,4,'en_us',8,'','{\"typeId\":\"14\",\"authorId\":null,\"title\":\"Warehouse\",\"slug\":\"warehouse\",\"postDate\":1426002350,\"expiryDate\":null,\"enabled\":1,\"fields\":{\"197\":\"apisdorf@touchedbycancer.org\",\"232\":\"apisdorf@touchedbycancer.org\",\"230\":\"We accept gently used furniture and other household items which will be sold through our warehouse at 4911 Commerce Parkway in Warrensville Heights (a quarter mile east of Richmond off of Miles Road - directions further down on this page).  To arrange for someone to come and look at items you would like to donate to our warehouse, or to be notified of future warehouse sales, please contact Cheryl Apisdorf at apisdorf@touchedbycancer.org or (216) 595-9546.  Please note that we do not accept drop off donations of furniture or household items at The Gathering Place or at our warehouse.\",\"135\":\"<p>S ed posuere consectetur est lobortis. Cras mattis consectetur purus sit amet fermentum. Donec id elit non mi porta gravida at eget metus. Praesent commodo cursus magna, Donec sed odio duivel scelerisque nisl consectetur et. Fusce dapibus, tellus ac cursus commodo, tortor mauris condimentum nibh, ut fermentum massa justo sit amet risus. <\\/p>\",\"231\":[\"169\"],\"229\":\"The Gathering Place Warehouse Home Furnishings Sale has beautiful furniture at great prices for that empty space in your home. Items include custom furniture, household goods and costume jewelry. Proceeds support the free programs and services at The Gathering Place for individuals and families touched by cancer.  Please email Cheryl Apisdorf at apisdorf@touchedbycancer.org to be added to the email list to be notified of upcoming warehouse sales.\"}}','2015-04-01 18:56:29','2015-04-01 18:56:29','1b09ce5a-c758-4540-9e11-74f76bb30c7f'),(247,193,6,4,'en_us',6,'','{\"typeId\":\"39\",\"authorId\":\"4\",\"title\":\"Warehouse Sale\",\"slug\":\"warehouse-sale\",\"postDate\":1426610520,\"expiryDate\":null,\"enabled\":1,\"fields\":{\"174\":[\"83\",\"118\",\"117\"],\"199\":\"\",\"143\":{\"startDate\":{\"date\":\"4\\/25\\/2015\",\"time\":\"9:00 AM\"},\"endDate\":{\"date\":\"4\\/25\\/2015\",\"time\":\"2:00 PM\"},\"stored_rules_json\":\"{\\r\\n  \\\"rules\\\": []\\r\\n}\",\"recurrenceRules\":\"{\\r\\n  \\\"rules\\\": []\\r\\n}\"},\"237\":\"https:\\/\\/www.flickr.com\\/photos\\/thegatheringplaceoh\\/sets\\/72157648850889574\\/\",\"221\":\"Cras mattis consectetur purus sit amet fermentum. Cum sociis natoque penatibus et magnis dis parturient montes, nascetur ridiculus mus.\"}}','2015-04-01 18:57:25','2015-04-01 18:57:25','64e47061-b2c5-4daf-9298-1f20ca343c21'),(248,70,13,4,'en_us',6,'','{\"typeId\":\"15\",\"authorId\":null,\"title\":\"More Ways to Support\",\"slug\":\"support\",\"postDate\":1426002327,\"expiryDate\":null,\"enabled\":1,\"fields\":{\"135\":\"<p>Sed posuere consectetur est lobortis. Cras mattis consectetur purus sit amet fermentum. Donec id elit non mi porta gravida at eget metus. Praesent commodo cursus magna, Donec sed odio duivel scelerisque nisl consectetur et. Fusce dapibus, tellus ac cursus commodo, tortor mauris condimentum nibh, ut fermentum massa justo sit amet risus. <\\/p>\",\"225\":{\"189\":{\"type\":\"supportOptions\",\"enabled\":\"1\",\"fields\":{\"supportBlockHeading\":\"Upcoming Events\",\"supportBlockOverview\":\"<p>Vivamus sagittis lacus vel augue laoreet rutrum faucibus dolor auctor. Nulla vitae elit libero, a pharetra augue. Nullam quis risus eget urna mollis ornare vel eu leo. Etiam porta sem malesuada magna mollis euismod. Fusce dapibus, tellus ac cursus commodo, tortor mauris condimentum nibh, ut fermentum massa justo sit amet risus. Donec ullamcorper nulla non metus auctor fringilla. <\\/p><p>Cras mattis consectetur purus sit amet fermentum. Cum sociis natoque penatibus et magnis dis parturient montes, nascetur ridiculus mus. Nulla vitae elit libero, a pharetra augue. Aenean lacinia bibendum nulla sed consectetur.<\\/p>\",\"supportBlockImages\":[\"177\",\"109\"]}},\"190\":{\"type\":\"supportOptions\",\"enabled\":\"1\",\"fields\":{\"supportBlockHeading\":\"Community Fundraisers\",\"supportBlockOverview\":\"<p>Donec id elit non mi porta gravida at eget metus. Vivamus sagittis lacus vel augue laoreet rutrum faucibus dolor auctor. Maecenas faucibus mollis interdum. Donec id elit non mi porta gravida at eget metus.<\\/p><p>Nulla vitae elit libero, a pharetra augue. Lorem ipsum dolor sit amet, consectetur adipiscing elit. Curabitur blandit tempus porttitor. Nulla vitae elit libero, a pharetra augue. Fusce dapibus, tellus ac cursus commodo, tortor mauris condimentum nibh, ut fermentum massa justo sit amet risus. Etiam porta sem malesuada magna mollis euismod. Curabitur blandit tempus porttitor. <\\/p>\",\"supportBlockImages\":[\"109\",\"134\"]}},\"191\":{\"type\":\"supportOptions\",\"enabled\":\"1\",\"fields\":{\"supportBlockHeading\":\"Tributes to Loved Ones\",\"supportBlockOverview\":\"<p>Donec id elit non mi porta gravida at eget metus. Vivamus sagittis lacus vel augue laoreet rutrum faucibus dolor auctor. Maecenas faucibus mollis interdum. Donec id elit non mi porta gravida at eget metus.<\\/p><p>Nulla vitae elit libero, a pharetra augue. Lorem ipsum dolor sit amet, consectetur adipiscing elit. Curabitur blandit tempus porttitor. Nulla vitae elit libero, a pharetra augue. Fusce dapibus, tellus ac cursus commodo, tortor mauris condimentum nibh, ut fermentum massa justo sit amet risus. Etiam porta sem malesuada magna mollis euismod. Curabitur blandit tempus porttitor. <\\/p>\",\"supportBlockImages\":[\"182\",\"169\"]}},\"192\":{\"type\":\"supportOptions\",\"enabled\":\"1\",\"fields\":{\"supportBlockHeading\":\"Other Ways to Support\",\"supportBlockOverview\":\"<p>Vivamus sagittis lacus vel augue laoreet rutrum faucibus dolor auctor. Nulla vitae elit libero, a pharetra augue. Nullam quis risus eget urna mollis ornare vel eu leo. Etiam porta sem malesuada magna mollis euismod. Fusce dapibus, tellus ac cursus commodo, tortor mauris condimentum nibh, ut fermentum massa justo sit amet risus. Donec ullamcorper nulla non metus auctor fringilla.<\\/p><p>Cras mattis consectetur purus sit amet fermentum. Cum sociis natoque penatibus et magnis dis parturient montes, nascetur ridiculus mus. Nulla vitae elit libero, a pharetra augue. Aenean lacinia bibendum nulla sed consectetur. <\\/p>\",\"supportBlockImages\":\"\"}}}}}','2015-04-02 21:43:34','2015-04-02 21:43:34','4d10662c-2400-4a76-8653-6e870eae140b'),(249,2,1,4,'en_us',12,'','{\"typeId\":\"1\",\"authorId\":null,\"title\":\"Homepage\",\"slug\":\"homepage\",\"postDate\":1425401500,\"expiryDate\":null,\"enabled\":1,\"fields\":{\"184\":[\"134\"],\"135\":\"<p>It\'s true, this site doesn\'t have a whole lot of content yet, but don\'t worry. Our web developers have just installed the CMS, and they\'re setting things up for the content editors this very moment. Soon <a href=\\\"http:\\/\\/tgp.d-i.co\\/\\\">Tgp.d-i.co<\\/a> will be an oasis of fresh perspectives, sharp analyses, and astute opinions that will keep you coming back again and again. In the meantime, check out our <a href=\\\"http:\\/\\/tgp.d-i.co\\/stories\\/sample-story-1#entry:35:url\\\">first story<\\/a>!<\\/p>\",\"87\":[\"113\"]}}','2015-04-06 15:46:22','2015-04-06 15:46:22','4ef061c0-ed6c-4819-800c-0d174c00c2db'),(250,2,1,4,'en_us',13,'','{\"typeId\":\"1\",\"authorId\":null,\"title\":\"Homepage\",\"slug\":\"homepage\",\"postDate\":1425401500,\"expiryDate\":null,\"enabled\":1,\"fields\":{\"184\":[\"134\"],\"135\":\"<p>It\'s true, this site doesn\'t have a whole lot of content yet, but don\'t worry. Our web developers have just installed the CMS, and they\'re setting things up for the content editors this very moment. Soon <a href=\\\"http:\\/\\/tgp.d-i.co\\/\\\">Tgp.d-i.co<\\/a> will be an oasis of fresh perspectives, sharp analyses, and astute opinions that will keep you coming back again and again. In the meantime, check out our <a href=\\\"http:\\/\\/tgp.d-i.co\\/stories\\/sample-story-1#entry:35:url\\\">first story<\\/a>!<\\/p>\",\"87\":[\"113\"]}}','2015-04-06 16:02:39','2015-04-06 16:02:39','e906b9c5-73b8-44ce-a7ea-dcfe05733350'),(251,2,1,4,'en_us',14,'','{\"typeId\":\"1\",\"authorId\":null,\"title\":\"Homepage\",\"slug\":\"homepage\",\"postDate\":1425401500,\"expiryDate\":null,\"enabled\":1,\"fields\":{\"239\":[\"113\"],\"184\":[\"134\"],\"135\":\"<p>It\'s true, this site doesn\'t have a whole lot of content yet, but don\'t worry. Our web developers have just installed the CMS, and they\'re setting things up for the content editors this very moment. Soon <a href=\\\"http:\\/\\/tgp.d-i.co\\/\\\">Tgp.d-i.co<\\/a> will be an oasis of fresh perspectives, sharp analyses, and astute opinions that will keep you coming back again and again. In the meantime, check out our <a href=\\\"http:\\/\\/tgp.d-i.co\\/stories\\/sample-story-1#entry:35:url\\\">first story<\\/a>!<\\/p>\",\"87\":[\"35\",\"132\"]}}','2015-04-06 19:35:27','2015-04-06 19:35:27','23d9a32a-469d-43b6-b3a1-e70fc2386bd2'),(252,113,4,4,'en_us',4,'','{\"typeId\":\"4\",\"authorId\":\"4\",\"title\":\"One Step Closer\",\"slug\":\"one-step-closer\",\"postDate\":1425052200,\"expiryDate\":null,\"enabled\":1,\"fields\":{\"174\":[\"82\"],\"177\":\"\",\"175\":[\"93\"],\"176\":[\"158\"],\"144\":[\"98\",\"100\",\"101\",\"102\"],\"87\":[\"35\"],\"67\":{\"114\":{\"type\":\"storyInfoBlock\",\"enabled\":\"1\",\"fields\":{\"storyHeaderImage\":[\"134\"],\"storySubtitle\":\"Emily Survives Cancer and Shaves for a Cure\",\"storyText\":\"<p>After trying everything to cure her cancer, Emily was given three months to live. Then something amazing happened \\u2014 her cancer went away. Read Emily\'s survival story and learn why she shaves her head to raise money for childhood cancer research. <\\/p><p>I was given three months to live. That was 17 years ago. <\\/p><p>At the age of 11, I was diagnosed with late-stage osteosarcoma of the spine and ribs. As is typical with bone cancers, I had been having pain for a couple of months. But it wasn\'t until I injured my knee rollerskating and went completely paralyzed from the waist down that doctors found a grapefruit-sized tumor that had grown into four ribs, around my spine, and into my lungs. <\\/p><p>They found it with a simple X-ray. <\\/p><p><strong>My doctors gave me slim chances of either beating cancer or of regaining my ability walk.<\\/strong> When given a choice of protocol, I decided to go with the big guns: chemotherapy, heavy radiation, a massive 24-hour surgery, and a randomized experimental therapeutic trial of a drug that was created by a veterinarian for use in animals. <\\/p><p>In surgery, doctors took out four of my ribs, half of four vertebrae, the lower lobe of my left lung, put in two sets of titanium rods, fused my entire spine, did bone grafts, and implanted radiated seeds in a gortex mesh.<\\/p><p><strong>The surgery was a success, taking only 18 hours instead of the projected 24 hours. And I came out of it without becoming paralyzed once more. Life was going well.<\\/strong> I was still reacting positively to chemotherapy and radiation, and we knew I was receiving the experimental drug and not a placebo due to my response. I was gaining strength through physical therapy and had learned to walk again with assistance of a walker and crutches.<\\/p><p>And then it came. The call. The call where you end up in a windowless room with all your doctors and nurses and social workers. <strong>It\'s bad when you relapse. It\'s worse when you relapse while still on chemo. <\\/strong>I\'ll never forget that moment \\u2014 how sad my parents were, the shock on my brother\'s face. I still had options, but now the aim was to buy time, not a cure. <\\/p><p>Once again, I had a choice: more chemo or stop all treatments? I emphatically declined further treatments. I was at peace due to my personal faith and the faith I had in my doctors. I knew we had tried everything. I would take the three months they gave me and live. I would go to the top of Pike\'s Peak, see the Grand Canyon once more, celebrate my 21st birthday, go to prom, take one final vacation to Disney World, and spend my time with family and friends, watching as many sunrises and sunsets as I could along the way. Then a miracle happened. The metastasis in my lung went away during those three months, and I became cancer free. I choose to believe that a large part of my survival is due to the experimental treatment and having a team like the one I have. <\\/p><p><strong>My miracle is the biggest reason I am such a supporter of the St. Baldrick\'s-Stand Up to Cancer Pediatric Cancer Dream Team partnership. Kids need cures for cancer that don\'t ruin their bodies.<\\/strong> <\\/p><p>This miracle is why I\'ve shaved my head three times, and why I will shave again next year: <strong>With every head shaved, and every donation made, we are one step closer to better cancer treatments and finding cures for children like me and for all our friends. <\\/strong><\\/p>\",\"additionalImages\":\"\",\"accentText\":\"\\\"I still had options, but now the aim was to buy time, not for a cure.\\\"\",\"relevantLink\":\"http:\\/\\/\"}}},\"2\":\"\"}}','2015-04-06 20:23:37','2015-04-06 20:23:37','202b6b14-2088-44f1-91a6-2937fabf7b57'),(253,2,1,4,'en_us',15,'','{\"typeId\":\"1\",\"authorId\":null,\"title\":\"Homepage\",\"slug\":\"homepage\",\"postDate\":1425401500,\"expiryDate\":null,\"enabled\":1,\"fields\":{\"239\":[\"113\"],\"184\":[\"134\"],\"135\":\"<p>It\'s true, this site doesn\'t have a whole lot of content yet, but don\'t worry. Our web developers have just installed the CMS, and they\'re setting things up for the content editors this very moment. Soon <a href=\\\"http:\\/\\/tgp.d-i.co\\/\\\">Tgp.d-i.co<\\/a> will be an oasis of fresh perspectives, sharp analyses, and astute opinions that will keep you coming back again and again. In the meantime, check out our <a href=\\\"http:\\/\\/tgp.d-i.co\\/stories\\/sample-story-1#entry:35:url\\\">first story<\\/a>!<\\/p>\",\"87\":[\"35\",\"132\"]}}','2015-04-06 20:26:15','2015-04-06 20:26:15','136c1e9c-30b5-42ab-b51e-b61d9cafded7'),(254,2,1,4,'en_us',16,'','{\"typeId\":\"1\",\"authorId\":null,\"title\":\"Homepage\",\"slug\":\"homepage\",\"postDate\":1425401500,\"expiryDate\":null,\"enabled\":1,\"fields\":{\"240\":\"Fusce dapibus, tellus ac cursus commodo, tortor mauris condimentum nibh, ut fermentum massa justo sit amet risus.\",\"239\":[\"113\"],\"184\":[\"134\"],\"135\":\"<p>\\r\\n\\tIt\'s true, this site doesn\'t have a whole lot of content yet, but don\'t worry. Our web developers have just installed the CMS, and they\'re setting things up for the content editors this very moment. Soon \\r\\n\\t<a href=\\\"http:\\/\\/tgp.d-i.co\\/\\\">Tgp.d-i.co<\\/a> will be an oasis of fresh perspectives, sharp analyses, and astute opinions that will keep you coming back again and again. In the meantime, check out our <a href=\\\"http:\\/\\/tgp.d-i.co\\/stories\\/sample-story-1#entry:35:url\\\">first story<\\/a>!\\r\\n<\\/p>\",\"87\":[\"35\",\"132\"]}}','2015-04-07 03:54:38','2015-04-07 03:54:38','820ac86b-a88d-4aad-9fc8-1995b39145ca'),(255,107,17,4,'en_us',2,'','{\"typeId\":\"19\",\"authorId\":\"4\",\"title\":\"Council Member\",\"slug\":\"council-member\",\"postDate\":1424891640,\"expiryDate\":null,\"enabled\":1,\"fields\":{\"182\":\"[workplace needed]\",\"181\":\"1\",\"180\":\"\",\"188\":\"RN\"}}','2015-04-08 15:46:37','2015-04-08 15:46:37','833bceef-b3d0-4e9d-be68-4f4f4c0b3c2a'),(256,105,17,4,'en_us',3,'','{\"typeId\":\"19\",\"authorId\":\"4\",\"title\":\"Council Member\",\"slug\":\"council-member\",\"postDate\":1424889600,\"expiryDate\":null,\"enabled\":1,\"fields\":{\"182\":\"University Hospitals\",\"181\":\"\",\"180\":\"\",\"188\":\"\"}}','2015-04-08 17:22:53','2015-04-08 17:22:53','b6ea9c0d-ad7e-4211-8a25-f2c8ab008b2c'),(257,229,17,4,'en_us',1,'','{\"typeId\":\"19\",\"authorId\":\"4\",\"title\":\"Council Member\",\"slug\":\"council-member\",\"postDate\":1428513783,\"expiryDate\":null,\"enabled\":1,\"fields\":{\"182\":\"\",\"181\":\"\",\"180\":\"\",\"188\":\"MSN\"}}','2015-04-08 17:23:03','2015-04-08 17:23:03','d50b858d-5470-43bd-acc4-dfdde734794c'),(258,230,17,4,'en_us',1,'','{\"typeId\":\"19\",\"authorId\":\"4\",\"title\":\"Council Member\",\"slug\":\"council-member\",\"postDate\":1428513793,\"expiryDate\":null,\"enabled\":1,\"fields\":{\"182\":\"\",\"181\":\"\",\"180\":\"\",\"188\":\"OCN\"}}','2015-04-08 17:23:14','2015-04-08 17:23:14','9ff82fa0-f8bf-4607-b5b3-cd47c77fd4cc'),(259,231,17,4,'en_us',1,'','{\"typeId\":\"19\",\"authorId\":\"4\",\"title\":\"Council Member\",\"slug\":\"council-member\",\"postDate\":1428513804,\"expiryDate\":null,\"enabled\":1,\"fields\":{\"182\":\"\",\"181\":\"\",\"180\":\"\",\"188\":\"MD\"}}','2015-04-08 17:23:25','2015-04-08 17:23:25','5a3634b7-4232-4206-92a1-bac44d75460a'),(260,105,17,4,'en_us',4,'','{\"typeId\":\"19\",\"authorId\":\"4\",\"title\":\"Council Member\",\"slug\":\"council-member\",\"postDate\":1424889600,\"expiryDate\":null,\"enabled\":1,\"fields\":{\"182\":\"University Hospitals\",\"180\":\"\",\"188\":\"RN, MSN\"}}','2015-04-08 19:07:50','2015-04-08 19:07:50','582a0943-21d8-462e-8fbd-5feb23bda545'),(261,231,17,4,'en_us',2,'','{\"typeId\":\"19\",\"authorId\":\"4\",\"title\":\"Laura Rocker\",\"slug\":\"council-member\",\"postDate\":1428513780,\"expiryDate\":null,\"enabled\":1,\"fields\":{\"182\":\"Akron Children\'s Hospital\",\"180\":\"Chair\",\"188\":\"MD\"}}','2015-04-08 19:08:37','2015-04-08 19:08:37','f8a6589d-36fc-41af-bdb0-e3b01abff245'),(262,106,17,4,'en_us',2,'','{\"typeId\":\"19\",\"authorId\":\"4\",\"title\":\"Rene Barrat-Gordon\",\"slug\":\"council-member\",\"postDate\":1424889600,\"expiryDate\":null,\"enabled\":1,\"fields\":{\"182\":\"Akron Children\'s Hospital\",\"180\":\"Chair\",\"188\":\"LISW\"}}','2015-04-08 19:09:02','2015-04-08 19:09:02','c1fc7886-80e8-4ac3-93b5-3b0058c663b2'),(263,106,17,4,'en_us',3,'','{\"typeId\":\"19\",\"authorId\":\"4\",\"title\":\"Rene Barrat-Gordon\",\"slug\":\"council-member\",\"postDate\":1424889600,\"expiryDate\":null,\"enabled\":1,\"fields\":{\"182\":\"Cleveland Clinic\",\"180\":\"\",\"188\":\"LISW\"}}','2015-04-08 19:09:17','2015-04-08 19:09:17','10103fdd-08ab-48aa-92ff-b6cb599cda37'),(264,105,17,4,'en_us',5,'','{\"typeId\":\"19\",\"authorId\":\"4\",\"title\":\"Stacie Beck\",\"slug\":\"council-member\",\"postDate\":1424889600,\"expiryDate\":null,\"enabled\":1,\"fields\":{\"182\":\"Crossroads Hospitals\",\"180\":\"\",\"188\":\"RN, MBA\"}}','2015-04-08 19:09:36','2015-04-08 19:09:36','45fe314c-5c07-407e-8c60-2942072e07fc'),(265,107,17,4,'en_us',3,'','{\"typeId\":\"19\",\"authorId\":\"4\",\"title\":\"Joseph P. Crowe\",\"slug\":\"council-member\",\"postDate\":1424891640,\"expiryDate\":null,\"enabled\":1,\"fields\":{\"182\":\"Cleveland Clinic\",\"180\":\"\",\"188\":\"MD\"}}','2015-04-08 19:10:06','2015-04-08 19:10:06','d529a7c7-41fa-40e9-a51f-4b9280ae069c'),(266,229,17,4,'en_us',2,'','{\"typeId\":\"19\",\"authorId\":\"4\",\"title\":\"Kim Day\",\"slug\":\"council-member\",\"postDate\":1428513780,\"expiryDate\":null,\"enabled\":1,\"fields\":{\"182\":\"University Hospitals\",\"180\":\"\",\"188\":\"MSSA, LISW\"}}','2015-04-08 19:10:52','2015-04-08 19:10:52','c750437f-3d32-47e1-aade-406c72a6cd87'),(267,230,17,4,'en_us',2,'','{\"typeId\":\"19\",\"authorId\":\"4\",\"title\":\"Wendy Miano\",\"slug\":\"council-member\",\"postDate\":1428513780,\"expiryDate\":null,\"enabled\":1,\"fields\":{\"182\":\"University Hospitals\",\"180\":\"\",\"188\":\"DNP, RN, AOCN\"}}','2015-04-08 19:11:30','2015-04-08 19:11:30','a11a0f2f-bab0-4a40-a35b-b1c97ba1398a'),(268,232,17,4,'en_us',1,'','{\"typeId\":\"19\",\"authorId\":\"4\",\"title\":\"Mary Lou Miller\",\"slug\":\"mary-lou-miller\",\"postDate\":1428520308,\"expiryDate\":null,\"enabled\":1,\"fields\":{\"182\":\"MetroHealth Medical Center\",\"180\":\"\",\"188\":\"MD\"}}','2015-04-08 19:11:49','2015-04-08 19:11:49','1a9a0334-199e-4f30-865a-11e6e5cda38b'),(269,233,17,4,'en_us',1,'','{\"typeId\":\"19\",\"authorId\":\"4\",\"title\":\"Machelle Moeller\",\"slug\":\"machelle-moeller\",\"postDate\":1428520343,\"expiryDate\":null,\"enabled\":1,\"fields\":{\"182\":\"Cleveland Clinic\",\"180\":\"\",\"188\":\"RN, MSN, CNP, OCN\"}}','2015-04-08 19:12:23','2015-04-08 19:12:23','1c8a4b35-ee67-426c-8393-353aa84d800e'),(270,234,17,4,'en_us',1,'','{\"typeId\":\"19\",\"authorId\":\"4\",\"title\":\"Belleruth Naparstek\",\"slug\":\"belleruth-naparstek\",\"postDate\":1428520362,\"expiryDate\":null,\"enabled\":1,\"fields\":{\"182\":\"Image Paths, Inc.\",\"180\":\"\",\"188\":\"LISW\"}}','2015-04-08 19:12:42','2015-04-08 19:12:42','2eb0dd55-dc5c-4b07-8dc3-fb5c953355d9'),(271,235,17,4,'en_us',1,'','{\"typeId\":\"19\",\"authorId\":\"4\",\"title\":\"Charles Nock\",\"slug\":\"charles-nock\",\"postDate\":1428520374,\"expiryDate\":null,\"enabled\":1,\"fields\":{\"182\":\"University Hospitals\",\"180\":\"\",\"188\":\"MD\"}}','2015-04-08 19:12:55','2015-04-08 19:12:55','3a1ec12f-5244-4e1b-beff-e70221b90f58'),(272,236,17,4,'en_us',1,'','{\"typeId\":\"40\",\"authorId\":\"4\",\"title\":\"CYNTHIA GREENBERG\",\"slug\":\"cynthia-greenberg\",\"postDate\":1428520434,\"expiryDate\":null,\"enabled\":1,\"fields\":{\"182\":\"Cleveland Clinic\",\"180\":\"\",\"188\":\"MD\"}}','2015-04-08 19:13:54','2015-04-08 19:13:54','284df71a-84cd-4690-9780-5760f9c91002'),(273,236,17,4,'en_us',2,'','{\"typeId\":\"40\",\"authorId\":\"4\",\"title\":\"Cynthia Greenberg\",\"slug\":\"cynthia-greenberg\",\"postDate\":1428520380,\"expiryDate\":null,\"enabled\":1,\"fields\":{\"182\":\"Cleveland Clinic\",\"180\":\"\",\"188\":\"MD\"}}','2015-04-08 19:16:08','2015-04-08 19:16:08','063a641a-e9ea-4422-9cf7-c6aee7c2fd3b'),(274,35,4,4,'en_us',20,'','{\"typeId\":\"4\",\"authorId\":\"4\",\"title\":\"Sample Story 1\",\"slug\":\"sample-story-1\",\"postDate\":1424217600,\"expiryDate\":null,\"enabled\":1,\"fields\":{\"174\":[\"82\"],\"177\":\"\",\"175\":\"\",\"176\":\"\",\"144\":\"\",\"87\":[\"38\"],\"67\":{\"36\":{\"type\":\"storyInfoBlock\",\"enabled\":\"1\",\"fields\":{\"storyHeaderImage\":[\"134\"],\"storySubtitle\":\"The Gripping Tale of How I Tested Adding a Story\",\"storyText\":\"<p>Lorem ipsum dolor sit amet, ius ex putent euripidis assentior, nec munere omnium accumsan eu, eam case aliquam nusquam ne. Eruditi corpora eu eum, ei mei malis scripserit. Porro quaestio efficiendi vis ad. Mel in audiam appellantur, ludus omittantur ut eam. No iusto consulatu mel, vel an wisi assum possim, accumsan invenire atomorum eum eu.\\r\\n<\\/p><p>\\r\\n\\tNe vidit vocibus referrentur ius, ne graeci electram vis. <em>Augue fuisset ut cum. <\\/em>Nibh meliore quo et. Ad nec sumo essent liberavisse, id eam modo scaevola. Has nostrud ullamcorper ea. Nec et purto lucilius. Ne nisl oportere eos, nec dicta phaedrum no.\\r\\n<\\/p><p>\\r\\n\\t<strong>Te duo scripta apeirian atomorum<\\/strong>, ad duo alii veniam tibique. Ne his oratio regione, ea duo ornatus sententiae repudiandae. Te vix mazim putant, reque voluptua sea ne. Graece delicata definitiones usu cu, in mei apeirian elaboraret. Alii dolores sed et, quas vocibus pri at.\\r\\n<\\/p><p><img src=\\\"\\/uploads\\/images\\/janiss.jpg#asset:109:url\\\" alt=\\\"\\\" style=\\\"float: right; margin: 0px 0px 10px 10px;\\\"><\\/p><ul>\\r\\n\\t<li>An vis dictas timeam necessitatibus, est eu choro nullam laoreet.<\\/li>\\r\\n\\t<li>Eos in elitr copiosae, tation dolores detracto id qui, eum inani denique te. <\\/li>\\r\\n\\t<li>Id per porro graecis, quo repudiare iracundia interpretaris no.<\\/li>\\r\\n\\t<li>An ridens facilisis nec, eos eu soluta persequeris repudiandae, sonet nihil doctus per cu. <\\/li>\\r\\n\\t<li>Cu eos explicari pertinacia, cum te autem saepe.<\\/li>\\r\\n<\\/ul><p>\\r\\n\\tClita omnesque per et. Pri vitae debitis voluptua et. Est nulla vidisse sanctus eu, veritus iracundia ius no. Usu posse definiebas an, quo odio rebum euismod id, eu commodo minimum partiendo cum. Mel etiam nusquam placerat id, in est modus liber vituperata. Eum postea conclusionemque at, vel iusto ludus facilisis ei.\\r\\n<\\/p><p>\\r\\n\\tQui tation nostrud an, ex pri amet pericula. Mazim postea deserunt vim ne, quo an dicant insolens deserunt. Ea ius modo natum eruditi, et est iudico suavitate suscipiantur, omnes convenire voluptatum in per. Ut nec suas diceret referrentur. Pro ex equidem propriae, ius recteque salutandi sadipscing in, id ipsum lucilius reprehendunt qui. Cu magna impedit menandri mea, has ex cetero nusquam, novum iriure legendos sea ut. Pri utamur iisque commune ut, vero hendrerit repudiandae ea per.\\r\\n<\\/p><p><img src=\\\"\\/uploads\\/images\\/lighthouse.jpg#asset:134\\\">Eu eum virtute quaeque accommodare. Ex homero nonumy nec, no idque quodsi sed, veri adhuc oblique mea no. Ullamcorper intellegebat conclusionemque in eos. Dicta dissentias ne sea. Mea primis dictas ei.\\r\\n<\\/p>\",\"additionalImages\":\"\",\"accentText\":\"I\'m testing accent text!\",\"relevantLink\":\"http:\\/\\/tgp.d-i.co\"}}},\"2\":\"\"}}','2015-04-10 23:07:57','2015-04-10 23:07:57','6fb576c6-5216-4991-91c2-05e1ca6f2aee'),(275,116,7,1,'en_us',6,'','{\"typeId\":\"8\",\"authorId\":\"4\",\"title\":\"Art Therapy\",\"slug\":\"art-therapy\",\"postDate\":1425062700,\"expiryDate\":null,\"enabled\":1,\"fields\":{\"197\":\"aspidorf@touchedbycancer.org\",\"174\":[\"82\"],\"184\":\"\",\"177\":[\"242\"],\"135\":\"<p>Pellentesque ornare sem lacinia quam venenatis vestibulum. Sed posuere consectetur est lobortis. Cras mattis consectetur purus sit amet fermentum. Donec id elit non mi porta gravida at eget metus. Praesent commodo cursus magna, vel scelerisque nisl consectetur et.<\\/p><p>Sed posuere consectetur est at lobortis. Integer posuere erat a ante venenatis dapibus posuere velit aliquet. Donec sed odio dui. Praesent commodo cursus magna, vel scelerisque nisl consectetur et. Nullam quis risus eget urna mollis ornare vel eu leo. Aenean eu leo quam. Pellentesque ornare sem lacinia quam venenatis. Donec ullamcorper nulla non metus auctor fringilla. Praesent commodo cursus magna, vel scelerisque nisl consectetur. <\\/p><p>Curabitur blandit tempus porttitor. Sed posuere consectetur est at lobortis. Donec sed odio dui. Nullam id dolor id nibh ultricies vehicula ut id elit. Nullam id dolor id nibh ultricies vehicula ut id elit. Etiam porta sem malesuada magna mollis euismod. Lorem ipsum dolor sit amet, consectetur adipiscing elit. Vestibulum id ligula porta felis euismod semper.Nulla vitae elit libero, a pharetra augue. Cum sociis natoque penatibus et magnis dis parturient montes, nascetur ridiculus mus. Vivamus sagittis lacus vel augue laoreet rutrum faucibus dolor auctor. Maecenas faucibus mollis interdum. Donec id elit non mi porta gravida at eget metus. <\\/p>\",\"175\":[\"93\",\"193\",\"156\",\"159\"],\"176\":[\"158\"],\"144\":[\"98\",\"100\",\"101\",\"102\"],\"195\":[\"110\"],\"87\":[\"38\"],\"194\":\"<p>Nulla vitae elit libero, a pharetra augue. Praesent commodo cursus magna, vel scelerisque nisl consectetur et. Morbi leo risus, porta ac consectetur ac, vestibulum at eros. Donec ullamcorper nulla non metus auctor fringilla. Vestibulum id ligula porta felis euismod semper Aenean eu leo quam. Pellentesque ornare sem lacinia quam venenatis vestibulum.<\\/p>\",\"193\":\"Paint Your Path to a New Beginning\"}}','2015-04-16 02:10:50','2015-04-16 02:10:50','043dc029-5ce8-4f4c-9593-e54e616fc04c'),(276,116,7,1,'en_us',7,'','{\"typeId\":\"8\",\"authorId\":\"4\",\"title\":\"Art Therapy\",\"slug\":\"art-therapy\",\"postDate\":1425062700,\"expiryDate\":null,\"enabled\":1,\"fields\":{\"197\":\"aspidorf@touchedbycancer.org\",\"174\":[\"82\"],\"184\":[\"242\"],\"177\":\"\",\"135\":\"<p>Pellentesque ornare sem lacinia quam venenatis vestibulum. Sed posuere consectetur est lobortis. Cras mattis consectetur purus sit amet fermentum. Donec id elit non mi porta gravida at eget metus. Praesent commodo cursus magna, vel scelerisque nisl consectetur et.<\\/p><p>Sed posuere consectetur est at lobortis. Integer posuere erat a ante venenatis dapibus posuere velit aliquet. Donec sed odio dui. Praesent commodo cursus magna, vel scelerisque nisl consectetur et. Nullam quis risus eget urna mollis ornare vel eu leo. Aenean eu leo quam. Pellentesque ornare sem lacinia quam venenatis. Donec ullamcorper nulla non metus auctor fringilla. Praesent commodo cursus magna, vel scelerisque nisl consectetur. <\\/p><p>Curabitur blandit tempus porttitor. Sed posuere consectetur est at lobortis. Donec sed odio dui. Nullam id dolor id nibh ultricies vehicula ut id elit. Nullam id dolor id nibh ultricies vehicula ut id elit. Etiam porta sem malesuada magna mollis euismod. Lorem ipsum dolor sit amet, consectetur adipiscing elit. Vestibulum id ligula porta felis euismod semper.Nulla vitae elit libero, a pharetra augue. Cum sociis natoque penatibus et magnis dis parturient montes, nascetur ridiculus mus. Vivamus sagittis lacus vel augue laoreet rutrum faucibus dolor auctor. Maecenas faucibus mollis interdum. Donec id elit non mi porta gravida at eget metus. <\\/p>\",\"175\":[\"93\",\"193\",\"156\",\"159\"],\"176\":[\"158\"],\"144\":[\"98\",\"100\",\"101\",\"102\"],\"195\":[\"110\"],\"87\":[\"38\"],\"194\":\"<p>Nulla vitae elit libero, a pharetra augue. Praesent commodo cursus magna, vel scelerisque nisl consectetur et. Morbi leo risus, porta ac consectetur ac, vestibulum at eros. Donec ullamcorper nulla non metus auctor fringilla. Vestibulum id ligula porta felis euismod semper Aenean eu leo quam. Pellentesque ornare sem lacinia quam venenatis vestibulum.<\\/p>\",\"193\":\"Paint Your Path to a New Beginning\"}}','2015-04-16 02:43:18','2015-04-16 02:43:18','aea748c5-1e89-4ac8-bdec-878c271d4776'),(277,38,4,1,'en_us',6,'','{\"typeId\":\"4\",\"authorId\":\"4\",\"title\":\"Sample Story 2\",\"slug\":\"sample-story-2\",\"postDate\":1424304000,\"expiryDate\":null,\"enabled\":1,\"fields\":{\"174\":[\"83\"],\"177\":\"\",\"175\":\"\",\"176\":\"\",\"144\":\"\",\"87\":[\"35\"],\"67\":{\"39\":{\"type\":\"storyInfoBlock\",\"enabled\":\"1\",\"fields\":{\"storyHeaderImage\":[\"134\"],\"storySubtitle\":\"Electric Boogaloo\",\"storyText\":\"<p>Lorem ipsum dolor sit amet, ius ex putent euripidis assentior, nec munere omnium accumsan eu, eam case aliquam nusquam ne. Eruditi corpora eu eum, ei mei malis scripserit. Porro quaestio efficiendi vis ad. Mel in audiam appellantur, ludus omittantur ut eam. No iusto consulatu mel, vel an wisi assum possim, accumsan invenire atomorum eum eu.<\\/p><p>Ne vidit vocibus referrentur ius, ne graeci electram vis. <em>Augue fuisset ut cum. <\\/em>Nibh meliore quo et. Ad nec sumo essent liberavisse, id eam modo scaevola. Has nostrud ullamcorper ea. Nec et purto lucilius. Ne nisl oportere eos, nec dicta phaedrum no.<\\/p><p><strong>Te duo scripta apeirian atomorum<\\/strong>, ad duo alii veniam tibique. Ne his oratio regione, ea duo ornatus sententiae repudiandae. Te vix mazim putant, reque voluptua sea ne. Graece delicata definitiones usu cu, in mei apeirian elaboraret. Alii dolores sed et, quas vocibus pri at.<\\/p><ul><li>An vis dictas timeam necessitatibus, est eu choro nullam laoreet.<\\/li><li>Eos in elitr copiosae, tation dolores detracto id qui, eum inani denique te.<\\/li><li>Id per porro graecis, quo repudiare iracundia interpretaris no.<\\/li><li>An ridens facilisis nec, eos eu soluta persequeris repudiandae, sonet nihil doctus per cu.<\\/li><li>Cu eos explicari pertinacia, cum te autem saepe.<\\/li><\\/ul><p>Clita omnesque per et. Pri vitae debitis voluptua et. Est nulla vidisse sanctus eu, veritus iracundia ius no. Usu posse definiebas an, quo odio rebum euismod id, eu commodo minimum partiendo cum. Mel etiam nusquam placerat id, in est modus liber vituperata. Eum postea conclusionemque at, vel iusto ludus facilisis ei.<\\/p><p>Qui tation nostrud an, ex pri amet pericula. Mazim postea deserunt vim ne, quo an dicant insolens deserunt. Ea ius modo natum eruditi, et est iudico suavitate suscipiantur, omnes convenire voluptatum in per. Ut nec suas diceret referrentur. Pro ex equidem propriae, ius recteque salutandi sadipscing in, id ipsum lucilius reprehendunt qui. Cu magna impedit menandri mea, has ex cetero nusquam, novum iriure legendos sea ut. Pri utamur iisque commune ut, vero hendrerit repudiandae ea per.<\\/p><p>Eu eum virtute quaeque accommodare. Ex homero nonumy nec, no idque quodsi sed, veri adhuc oblique mea no. Ullamcorper intellegebat conclusionemque in eos. Dicta dissentias ne sea. Mea primis dictas ei.<\\/p>\",\"additionalImages\":\"\",\"accentText\":\"Eu eum virtute quaeque accommodare. Ex homero nonumy nec, no idque quodsi sed, veri adhuc oblique mea no. Ullamcorper intellegebat conclusionemque in eos. Dicta dissentias ne sea. Mea primis dictas ei.\",\"relevantLink\":\"http:\\/\\/\"}}},\"2\":\"\"}}','2015-04-16 23:45:35','2015-04-16 23:45:35','4df70446-ec07-4c0c-88e5-c1f483a61db6'),(278,132,4,1,'en_us',3,'','{\"typeId\":\"4\",\"authorId\":\"4\",\"title\":\"Volunteer Story\",\"slug\":\"volunteer-story\",\"postDate\":1425504900,\"expiryDate\":null,\"enabled\":1,\"fields\":{\"174\":[\"118\"],\"177\":\"\",\"175\":[\"93\"],\"176\":[\"116\"],\"144\":[\"102\",\"103\"],\"87\":[\"38\"],\"67\":{\"133\":{\"type\":\"storyInfoBlock\",\"enabled\":\"1\",\"fields\":{\"storyHeaderImage\":[\"134\"],\"storySubtitle\":\"Story About Volunteering\",\"storyText\":\"<p>Has magna diceret ut. Ut cum menandri iracundia delicatissimi, eu sumo vitae neglegentur mel, ea mel mollis atomorum dignissim. His nominati persequeris appellantur id. Pri an causae verterem. Eius erant at pri, ea ius vero prima intellegat. Nec amet voluptaria disputando ei, te sed suas diceret, id torquatos deseruisse per.<\\/p><p>At sit amet suscipit efficiantur. Pri ut possit invenire, mel natum iriure liberavisse ad. Prima dissentiet ex duo. Doctus vituperata an vim, ad apeirian consequuntur sea. Id vix probatus dissentiet.<\\/p><p>Vis dolor habemus suavitate ea, vocibus accumsan definiebas sit in. Sonet partem aperiam nam et, at nulla nobis utinam sea. Eum ad dicam ridens, vis ut possit labores delectus, per erant regione periculis et. Pri mundi ocurreret eu, quo placerat tincidunt abhorreant an.<\\/p><p>Prompta delenit percipit sit in. Id illum percipitur pri, ex quem tacimates pri, vim ea dictas recteque. Ex mel labores legimus forensibus, graece contentiones ut sit. Ludus ignota feugait ei usu, illum saperet constituto eos ex. Est quot error mnesarchum at, et blandit expetenda abhorreant mei. Qui et justo partiendo molestiae, nostro eligendi his id.<\\/p><p>Eu vim purto rebum vitae, dictas tincidunt theophrastus ex vis, accusamus expetendis ei pro. Qui debet labores eu, sed ei commune consetetur. Mei ne mollis aperiam suavitate, pri melius latine voluptatibus ei, posse adversarium te qui. Graeci blandit est id, cum ex simul epicurei. Et assum libris patrioque his, quo diceret graecis perfecto ex.<\\/p><p>In eam fierent volutpat urbanitas. Eum dolor accusata an, at nec graeci perpetua. Rebum denique ei mea, eu duo laudem moderatius reformidans. Ius et tation perpetua, mei illum sadipscing efficiantur ea. Pro ea erat alienum volutpat, ei sed modo unum probo, vis amet lorem an. Moderatius liberavisse ex eos, ne omnesque disputationi his.<\\/p><p>Graecis iudicabit cu nam, his tibique epicuri pertinax in, eum nusquam vivendum tractatos et. Partiendo iudicabit mei no. Graeco consulatu id duo. Laudem corrumpit mel cu. No nulla debitis eos, qui labore cotidieque ex.<\\/p>\",\"additionalImages\":\"\",\"accentText\":\"In eam fierent volutpat urbanitas. Eum dolor accusata an, at nec graeci perpetua. Rebum denique ei mea, eu duo laudem moderatius reformidans. Ius et tation perpetua, mei illum sadipscing efficiantur ea. Pro ea erat alienum volutpat, ei sed modo unum probo, vis amet lorem an. \",\"relevantLink\":\"http:\\/\\/\"}}},\"2\":\"\"}}','2015-04-16 23:46:01','2015-04-16 23:46:01','33e83a70-3d09-4618-9756-d803128aa522'),(279,35,4,1,'en_us',21,'','{\"typeId\":\"4\",\"authorId\":\"4\",\"title\":\"Sample Story 1\",\"slug\":\"sample-story-1\",\"postDate\":1424217600,\"expiryDate\":null,\"enabled\":1,\"fields\":{\"174\":[\"82\"],\"177\":\"\",\"175\":\"\",\"176\":\"\",\"144\":\"\",\"87\":\"\",\"67\":{\"36\":{\"type\":\"storyInfoBlock\",\"enabled\":\"1\",\"fields\":{\"storyHeaderImage\":[\"134\"],\"storySubtitle\":\"The Gripping Tale of How I Tested Adding a Story\",\"storyText\":\"<p>Lorem ipsum dolor sit amet, ius ex putent euripidis assentior, nec munere omnium accumsan eu, eam case aliquam nusquam ne. Eruditi corpora eu eum, ei mei malis scripserit. Porro quaestio efficiendi vis ad. Mel in audiam appellantur, ludus omittantur ut eam. No iusto consulatu mel, vel an wisi assum possim, accumsan invenire atomorum eum eu.\\r\\n<\\/p><p>\\r\\n\\tNe vidit vocibus referrentur ius, ne graeci electram vis. <em>Augue fuisset ut cum. <\\/em>Nibh meliore quo et. Ad nec sumo essent liberavisse, id eam modo scaevola. Has nostrud ullamcorper ea. Nec et purto lucilius. Ne nisl oportere eos, nec dicta phaedrum no.\\r\\n<\\/p><p>\\r\\n\\t<strong>Te duo scripta apeirian atomorum<\\/strong>, ad duo alii veniam tibique. Ne his oratio regione, ea duo ornatus sententiae repudiandae. Te vix mazim putant, reque voluptua sea ne. Graece delicata definitiones usu cu, in mei apeirian elaboraret. Alii dolores sed et, quas vocibus pri at.\\r\\n<\\/p><p><img src=\\\"\\/uploads\\/images\\/janiss.jpg#asset:109:url\\\" alt=\\\"\\\" style=\\\"float: right; margin: 0px 0px 10px 10px;\\\"><\\/p><ul>\\r\\n\\t<li>An vis dictas timeam necessitatibus, est eu choro nullam laoreet.<\\/li>\\r\\n\\t<li>Eos in elitr copiosae, tation dolores detracto id qui, eum inani denique te. <\\/li>\\r\\n\\t<li>Id per porro graecis, quo repudiare iracundia interpretaris no.<\\/li>\\r\\n\\t<li>An ridens facilisis nec, eos eu soluta persequeris repudiandae, sonet nihil doctus per cu. <\\/li>\\r\\n\\t<li>Cu eos explicari pertinacia, cum te autem saepe.<\\/li>\\r\\n<\\/ul><p>\\r\\n\\tClita omnesque per et. Pri vitae debitis voluptua et. Est nulla vidisse sanctus eu, veritus iracundia ius no. Usu posse definiebas an, quo odio rebum euismod id, eu commodo minimum partiendo cum. Mel etiam nusquam placerat id, in est modus liber vituperata. Eum postea conclusionemque at, vel iusto ludus facilisis ei.\\r\\n<\\/p><p>\\r\\n\\tQui tation nostrud an, ex pri amet pericula. Mazim postea deserunt vim ne, quo an dicant insolens deserunt. Ea ius modo natum eruditi, et est iudico suavitate suscipiantur, omnes convenire voluptatum in per. Ut nec suas diceret referrentur. Pro ex equidem propriae, ius recteque salutandi sadipscing in, id ipsum lucilius reprehendunt qui. Cu magna impedit menandri mea, has ex cetero nusquam, novum iriure legendos sea ut. Pri utamur iisque commune ut, vero hendrerit repudiandae ea per.\\r\\n<\\/p><p><img src=\\\"\\/uploads\\/images\\/lighthouse.jpg#asset:134:url\\\">Eu eum virtute quaeque accommodare. Ex homero nonumy nec, no idque quodsi sed, veri adhuc oblique mea no. Ullamcorper intellegebat conclusionemque in eos. Dicta dissentias ne sea. Mea primis dictas ei.\\r\\n<\\/p>\",\"additionalImages\":\"\",\"accentText\":\"I\'m testing accent text!\",\"relevantLink\":\"http:\\/\\/tgp.d-i.co\"}}},\"2\":\"\"}}','2015-04-17 00:25:52','2015-04-17 00:25:52','7cbbeb62-fed7-421c-83f3-29f9511a1eb4'),(280,35,4,1,'en_us',22,'','{\"typeId\":\"4\",\"authorId\":\"4\",\"title\":\"Sample Story 1\",\"slug\":\"sample-story-1\",\"postDate\":1424217600,\"expiryDate\":null,\"enabled\":1,\"fields\":{\"174\":[\"82\"],\"177\":\"\",\"175\":\"\",\"176\":\"\",\"144\":\"\",\"87\":\"\",\"67\":{\"36\":{\"type\":\"storyInfoBlock\",\"enabled\":\"1\",\"fields\":{\"storyHeaderImage\":[\"134\"],\"storySubtitle\":\"The Gripping Tale of How I Tested Adding a Story\",\"storyText\":\"<p>Lorem ipsum dolor sit amet, ius ex putent euripidis assentior, nec munere omnium accumsan eu, eam case aliquam nusquam ne. Eruditi corpora eu eum, ei mei malis scripserit. Porro quaestio efficiendi vis ad. Mel in audiam appellantur, ludus omittantur ut eam. No iusto consulatu mel, vel an wisi assum possim, accumsan invenire atomorum eum eu.\\r\\n<\\/p><p>\\r\\n\\tNe vidit vocibus referrentur ius, ne graeci electram vis. <em>Augue fuisset ut cum. <\\/em>Nibh meliore quo et. Ad nec sumo essent liberavisse, id eam modo scaevola. Has nostrud ullamcorper ea. Nec et purto lucilius. Ne nisl oportere eos, nec dicta phaedrum no.\\r\\n<\\/p><p>\\r\\n\\t<strong>Te duo scripta apeirian atomorum<\\/strong>, ad duo alii veniam tibique. Ne his oratio regione, ea duo ornatus sententiae repudiandae. Te vix mazim putant, reque voluptua sea ne. Graece delicata definitiones usu cu, in mei apeirian elaboraret. Alii dolores sed et, quas vocibus pri at.\\r\\n<\\/p><p><img src=\\\"\\/uploads\\/images\\/janiss.jpg#asset:109:url\\\" alt=\\\"\\\" style=\\\"float: right; margin: 0px 0px 10px 10px;\\\"><\\/p><ul>\\r\\n\\t<li>An vis dictas timeam necessitatibus, est eu choro nullam laoreet.<\\/li>\\r\\n\\t<li>Eos in elitr copiosae, tation dolores detracto id qui, eum inani denique te. <\\/li>\\r\\n\\t<li>Id per porro graecis, quo repudiare iracundia interpretaris no.<\\/li>\\r\\n\\t<li>An ridens facilisis nec, eos eu soluta persequeris repudiandae, sonet nihil doctus per cu. <\\/li>\\r\\n\\t<li>Cu eos explicari pertinacia, cum te autem saepe.<\\/li>\\r\\n<\\/ul><p>\\r\\n\\tClita omnesque per et. Pri vitae debitis voluptua et. Est nulla vidisse sanctus eu, veritus iracundia ius no. Usu posse definiebas an, quo odio rebum euismod id, eu commodo minimum partiendo cum. Mel etiam nusquam placerat id, in est modus liber vituperata. Eum postea conclusionemque at, vel iusto ludus facilisis ei.\\r\\n<\\/p><p>\\r\\n\\tQui tation nostrud an, ex pri amet pericula. Mazim postea deserunt vim ne, quo an dicant insolens deserunt. Ea ius modo natum eruditi, et est iudico suavitate suscipiantur, omnes convenire voluptatum in per. Ut nec suas diceret referrentur. Pro ex equidem propriae, ius recteque salutandi sadipscing in, id ipsum lucilius reprehendunt qui. Cu magna impedit menandri mea, has ex cetero nusquam, novum iriure legendos sea ut. Pri utamur iisque commune ut, vero hendrerit repudiandae ea per.\\r\\n<\\/p><p><img src=\\\"\\/uploads\\/images\\/lighthouse.jpg#asset:134:url\\\">Eu eum virtute quaeque accommodare. Ex homero nonumy nec, no idque quodsi sed, veri adhuc oblique mea no. Ullamcorper intellegebat conclusionemque in eos. Dicta dissentias ne sea. Mea primis dictas ei.\\r\\n<\\/p>\",\"additionalImages\":[\"196\",\"197\"],\"accentText\":\"I\'m testing accent text!\",\"relevantLink\":\"http:\\/\\/tgp.d-i.co\"}}},\"2\":\"\"}}','2015-04-17 00:27:48','2015-04-17 00:27:48','c5468513-8198-4e55-bbed-138eec64e2a5'),(281,35,4,1,'en_us',23,'','{\"typeId\":\"4\",\"authorId\":\"4\",\"title\":\"Sample Story 1\",\"slug\":\"sample-story-1\",\"postDate\":1424217600,\"expiryDate\":null,\"enabled\":1,\"fields\":{\"174\":[\"82\"],\"177\":\"\",\"175\":\"\",\"176\":\"\",\"144\":\"\",\"87\":[\"38\",\"113\"],\"67\":{\"36\":{\"type\":\"storyInfoBlock\",\"enabled\":\"1\",\"fields\":{\"storyHeaderImage\":[\"134\"],\"storySubtitle\":\"The Gripping Tale of How I Tested Adding a Story\",\"storyText\":\"<p>Lorem ipsum dolor sit amet, ius ex putent euripidis assentior, nec munere omnium accumsan eu, eam case aliquam nusquam ne. Eruditi corpora eu eum, ei mei malis scripserit. Porro quaestio efficiendi vis ad. Mel in audiam appellantur, ludus omittantur ut eam. No iusto consulatu mel, vel an wisi assum possim, accumsan invenire atomorum eum eu.\\r\\n<\\/p><p>\\r\\n\\tNe vidit vocibus referrentur ius, ne graeci electram vis. <em>Augue fuisset ut cum. <\\/em>Nibh meliore quo et. Ad nec sumo essent liberavisse, id eam modo scaevola. Has nostrud ullamcorper ea. Nec et purto lucilius. Ne nisl oportere eos, nec dicta phaedrum no.\\r\\n<\\/p><p>\\r\\n\\t<strong>Te duo scripta apeirian atomorum<\\/strong>, ad duo alii veniam tibique. Ne his oratio regione, ea duo ornatus sententiae repudiandae. Te vix mazim putant, reque voluptua sea ne. Graece delicata definitiones usu cu, in mei apeirian elaboraret. Alii dolores sed et, quas vocibus pri at.\\r\\n<\\/p><p><img src=\\\"\\/uploads\\/images\\/janiss.jpg#asset:109:url\\\" alt=\\\"\\\" style=\\\"float: right; margin: 0px 0px 10px 10px;\\\"><\\/p><ul>\\r\\n\\t<li>An vis dictas timeam necessitatibus, est eu choro nullam laoreet.<\\/li>\\r\\n\\t<li>Eos in elitr copiosae, tation dolores detracto id qui, eum inani denique te. <\\/li>\\r\\n\\t<li>Id per porro graecis, quo repudiare iracundia interpretaris no.<\\/li>\\r\\n\\t<li>An ridens facilisis nec, eos eu soluta persequeris repudiandae, sonet nihil doctus per cu. <\\/li>\\r\\n\\t<li>Cu eos explicari pertinacia, cum te autem saepe.<\\/li>\\r\\n<\\/ul><p>\\r\\n\\tClita omnesque per et. Pri vitae debitis voluptua et. Est nulla vidisse sanctus eu, veritus iracundia ius no. Usu posse definiebas an, quo odio rebum euismod id, eu commodo minimum partiendo cum. Mel etiam nusquam placerat id, in est modus liber vituperata. Eum postea conclusionemque at, vel iusto ludus facilisis ei.\\r\\n<\\/p><p>\\r\\n\\tQui tation nostrud an, ex pri amet pericula. Mazim postea deserunt vim ne, quo an dicant insolens deserunt. Ea ius modo natum eruditi, et est iudico suavitate suscipiantur, omnes convenire voluptatum in per. Ut nec suas diceret referrentur. Pro ex equidem propriae, ius recteque salutandi sadipscing in, id ipsum lucilius reprehendunt qui. Cu magna impedit menandri mea, has ex cetero nusquam, novum iriure legendos sea ut. Pri utamur iisque commune ut, vero hendrerit repudiandae ea per.\\r\\n<\\/p><p><img src=\\\"\\/uploads\\/images\\/lighthouse.jpg#asset:134:url\\\">Eu eum virtute quaeque accommodare. Ex homero nonumy nec, no idque quodsi sed, veri adhuc oblique mea no. Ullamcorper intellegebat conclusionemque in eos. Dicta dissentias ne sea. Mea primis dictas ei.\\r\\n<\\/p>\",\"additionalImages\":\"\",\"accentText\":\"\",\"relevantLink\":\"http:\\/\\/tgp.d-i.co\"}}},\"2\":\"\"}}','2015-04-17 00:42:37','2015-04-17 00:42:37','13cba53a-00ca-47c6-a75b-367f7601fcf5'),(282,35,4,1,'en_us',24,'','{\"typeId\":\"4\",\"authorId\":\"4\",\"title\":\"Sample Story 1\",\"slug\":\"sample-story-1\",\"postDate\":1424217600,\"expiryDate\":null,\"enabled\":1,\"fields\":{\"174\":[\"82\"],\"177\":\"\",\"175\":[\"93\",\"156\",\"159\"],\"176\":[\"158\"],\"144\":[\"102\",\"103\",\"104\"],\"87\":[\"38\",\"113\"],\"67\":{\"36\":{\"type\":\"storyInfoBlock\",\"enabled\":\"1\",\"fields\":{\"storyHeaderImage\":[\"134\"],\"storySubtitle\":\"The Gripping Tale of How I Tested Adding a Story\",\"storyText\":\"<p>Lorem ipsum dolor sit amet, ius ex putent euripidis assentior, nec munere omnium accumsan eu, eam case aliquam nusquam ne. Eruditi corpora eu eum, ei mei malis scripserit. Porro quaestio efficiendi vis ad. Mel in audiam appellantur, ludus omittantur ut eam. No iusto consulatu mel, vel an wisi assum possim, accumsan invenire atomorum eum eu.\\r\\n<\\/p><p>\\r\\n\\tNe vidit vocibus referrentur ius, ne graeci electram vis. <em>Augue fuisset ut cum. <\\/em>Nibh meliore quo et. Ad nec sumo essent liberavisse, id eam modo scaevola. Has nostrud ullamcorper ea. Nec et purto lucilius. Ne nisl oportere eos, nec dicta phaedrum no.\\r\\n<\\/p><p>\\r\\n\\t<strong>Te duo scripta apeirian atomorum<\\/strong>, ad duo alii veniam tibique. Ne his oratio regione, ea duo ornatus sententiae repudiandae. Te vix mazim putant, reque voluptua sea ne. Graece delicata definitiones usu cu, in mei apeirian elaboraret. Alii dolores sed et, quas vocibus pri at.\\r\\n<\\/p><p><img src=\\\"\\/uploads\\/images\\/janiss.jpg#asset:109:url\\\" alt=\\\"\\\" style=\\\"float: right; margin: 0px 0px 10px 10px;\\\"><\\/p><ul>\\r\\n\\t<li>An vis dictas timeam necessitatibus, est eu choro nullam laoreet.<\\/li>\\r\\n\\t<li>Eos in elitr copiosae, tation dolores detracto id qui, eum inani denique te. <\\/li>\\r\\n\\t<li>Id per porro graecis, quo repudiare iracundia interpretaris no.<\\/li>\\r\\n\\t<li>An ridens facilisis nec, eos eu soluta persequeris repudiandae, sonet nihil doctus per cu. <\\/li>\\r\\n\\t<li>Cu eos explicari pertinacia, cum te autem saepe.<\\/li>\\r\\n<\\/ul><p>\\r\\n\\tClita omnesque per et. Pri vitae debitis voluptua et. Est nulla vidisse sanctus eu, veritus iracundia ius no. Usu posse definiebas an, quo odio rebum euismod id, eu commodo minimum partiendo cum. Mel etiam nusquam placerat id, in est modus liber vituperata. Eum postea conclusionemque at, vel iusto ludus facilisis ei.\\r\\n<\\/p><p>\\r\\n\\tQui tation nostrud an, ex pri amet pericula. Mazim postea deserunt vim ne, quo an dicant insolens deserunt. Ea ius modo natum eruditi, et est iudico suavitate suscipiantur, omnes convenire voluptatum in per. Ut nec suas diceret referrentur. Pro ex equidem propriae, ius recteque salutandi sadipscing in, id ipsum lucilius reprehendunt qui. Cu magna impedit menandri mea, has ex cetero nusquam, novum iriure legendos sea ut. Pri utamur iisque commune ut, vero hendrerit repudiandae ea per.\\r\\n<\\/p><p><img src=\\\"\\/uploads\\/images\\/lighthouse.jpg#asset:134:url\\\">Eu eum virtute quaeque accommodare. Ex homero nonumy nec, no idque quodsi sed, veri adhuc oblique mea no. Ullamcorper intellegebat conclusionemque in eos. Dicta dissentias ne sea. Mea primis dictas ei.\\r\\n<\\/p>\",\"additionalImages\":\"\",\"accentText\":\"\",\"relevantLink\":\"http:\\/\\/tgp.d-i.co\"}}},\"2\":\"\"}}','2015-04-17 00:44:08','2015-04-17 00:44:08','e1166f8c-30a2-427a-9890-2cfab5a7c06a'),(283,35,4,1,'en_us',25,'','{\"typeId\":\"4\",\"authorId\":\"4\",\"title\":\"Sample Story 1\",\"slug\":\"sample-story-1\",\"postDate\":1424217600,\"expiryDate\":null,\"enabled\":1,\"fields\":{\"174\":[\"82\"],\"177\":\"\",\"175\":[\"93\",\"156\",\"159\"],\"176\":[\"158\"],\"144\":[\"102\",\"103\",\"104\"],\"87\":[\"38\",\"113\"],\"67\":{\"36\":{\"type\":\"storyInfoBlock\",\"enabled\":\"1\",\"fields\":{\"storyHeaderImage\":[\"134\"],\"storySubtitle\":\"The Gripping Tale of How I Tested Adding a Story\",\"storyText\":\"<p>Lorem ipsum dolor sit amet, ius ex putent euripidis assentior, nec munere omnium accumsan eu, eam case aliquam nusquam ne. Eruditi corpora eu eum, ei mei malis scripserit. Porro quaestio efficiendi vis ad. Mel in audiam appellantur, ludus omittantur ut eam. No iusto consulatu mel, vel an wisi assum possim, accumsan invenire atomorum eum eu.\\r\\n<\\/p><p>\\r\\n\\tNe vidit vocibus referrentur ius, ne graeci electram vis. <em>Augue fuisset ut cum. <\\/em>Nibh meliore quo et. Ad nec sumo essent liberavisse, id eam modo scaevola. Has nostrud ullamcorper ea. Nec et purto lucilius. Ne nisl oportere eos, nec dicta phaedrum no.\\r\\n<\\/p><p>\\r\\n\\t<strong>Te duo scripta apeirian atomorum<\\/strong>, ad duo alii veniam tibique. Ne his oratio regione, ea duo ornatus sententiae repudiandae. Te vix mazim putant, reque voluptua sea ne. Graece delicata definitiones usu cu, in mei apeirian elaboraret. Alii dolores sed et, quas vocibus pri at.\\r\\n<\\/p><p><img src=\\\"\\/uploads\\/images\\/janiss.jpg#asset:109:url\\\" alt=\\\"\\\" style=\\\"float: right; margin: 0px 0px 10px 10px;\\\"><\\/p><ul>\\r\\n\\t<li>An vis dictas timeam necessitatibus, est eu choro nullam laoreet.<\\/li>\\r\\n\\t<li>Eos in elitr copiosae, tation dolores detracto id qui, eum inani denique te. <\\/li>\\r\\n\\t<li>Id per porro graecis, quo repudiare iracundia interpretaris no.<\\/li>\\r\\n\\t<li>An ridens facilisis nec, eos eu soluta persequeris repudiandae, sonet nihil doctus per cu. <\\/li>\\r\\n\\t<li>Cu eos explicari pertinacia, cum te autem saepe.<\\/li>\\r\\n<\\/ul><p>\\r\\n\\tClita omnesque per et. Pri vitae debitis voluptua et. Est nulla vidisse sanctus eu, veritus iracundia ius no. Usu posse definiebas an, quo odio rebum euismod id, eu commodo minimum partiendo cum. Mel etiam nusquam placerat id, in est modus liber vituperata. Eum postea conclusionemque at, vel iusto ludus facilisis ei.\\r\\n<\\/p><p>\\r\\n\\tQui tation nostrud an, ex pri amet pericula. Mazim postea deserunt vim ne, quo an dicant insolens deserunt. Ea ius modo natum eruditi, et est iudico suavitate suscipiantur, omnes convenire voluptatum in per. Ut nec suas diceret referrentur. Pro ex equidem propriae, ius recteque salutandi sadipscing in, id ipsum lucilius reprehendunt qui. Cu magna impedit menandri mea, has ex cetero nusquam, novum iriure legendos sea ut. Pri utamur iisque commune ut, vero hendrerit repudiandae ea per.\\r\\n<\\/p><p><img src=\\\"\\/uploads\\/images\\/lighthouse.jpg#asset:134:url\\\">Eu eum virtute quaeque accommodare. Ex homero nonumy nec, no idque quodsi sed, veri adhuc oblique mea no. Ullamcorper intellegebat conclusionemque in eos. Dicta dissentias ne sea. Mea primis dictas ei.\\r\\n<\\/p>\",\"additionalImages\":\"\",\"accentText\":\"\",\"relevantLink\":\"http:\\/\\/tgp.d-i.co\"}}},\"2\":\"\"}}','2015-04-17 00:57:16','2015-04-17 00:57:16','cb77fcd7-d642-464f-8ba9-bbcbe2703c7a'),(284,100,5,1,'en_us',7,'','{\"typeId\":\"35\",\"authorId\":\"4\",\"title\":\"WebMD\",\"slug\":\"sample-resource-2\",\"postDate\":1424730540,\"expiryDate\":null,\"enabled\":1,\"fields\":{\"174\":[\"82\"],\"201\":{\"173\":{\"type\":\"externalLinkDetails\",\"enabled\":\"1\",\"fields\":{\"linkName\":\"WebMD\",\"linkUrl\":\"http:\\/\\/www.webmd.com\"}}},\"221\":\"Nullam quis risus eget urna mollis ornare vel eu leo. Nullam id dolor id nibh ultricies vehicula ut id elit. Nulla vitae elit libero, a pharetra augue.\",\"222\":[\"164\"]}}','2015-04-17 00:58:39','2015-04-17 00:58:39','74b2abbf-403e-4297-a5ed-22056819154c'),(286,112,20,1,'en_us',2,'','{\"typeId\":\"26\",\"authorId\":\"4\",\"title\":\"Emily Martin\",\"slug\":\"board-of-directors\",\"postDate\":1424989020,\"expiryDate\":null,\"enabled\":1,\"fields\":{\"182\":\"EMM Consulting\",\"189\":[\"109\"],\"180\":\"Chair\",\"188\":\"\"}}','2015-04-19 03:21:28','2015-04-19 03:21:28','45c13f9f-4a09-4f8a-a594-4be332fe220b'),(287,244,20,1,'en_us',1,'','{\"typeId\":\"26\",\"authorId\":\"1\",\"title\":\"Bob Nicolay\",\"slug\":\"bob-nicolay\",\"postDate\":1429413717,\"expiryDate\":null,\"enabled\":1,\"fields\":{\"182\":\"\",\"189\":[\"196\"],\"180\":\"\",\"188\":\"\"}}','2015-04-19 03:21:58','2015-04-19 03:21:58','867d46ad-7d4b-40d4-8093-0605ed1a02c6'),(288,245,20,1,'en_us',1,'','{\"typeId\":\"26\",\"authorId\":\"1\",\"title\":\"David Ostro\",\"slug\":\"david-ostro\",\"postDate\":1429413890,\"expiryDate\":null,\"enabled\":1,\"fields\":{\"182\":\"\",\"189\":[\"109\"],\"180\":\"\",\"188\":\"\"}}','2015-04-19 03:24:50','2015-04-19 03:24:50','6d349d16-f153-4b46-b974-6c7e68a6c3aa'),(289,246,20,1,'en_us',1,'','{\"typeId\":\"26\",\"authorId\":\"1\",\"title\":\"Kristen Tull\",\"slug\":\"kristen-tull\",\"postDate\":1429413913,\"expiryDate\":null,\"enabled\":1,\"fields\":{\"182\":\"\",\"189\":[\"198\"],\"180\":\"\",\"188\":\"\"}}','2015-04-19 03:25:13','2015-04-19 03:25:13','a091a0ea-632b-43a6-ab41-fa6ae3aec0c6'),(290,247,20,1,'en_us',1,'','{\"typeId\":\"26\",\"authorId\":\"1\",\"title\":\"Rita Andolson\",\"slug\":\"rita-andolson\",\"postDate\":1429413974,\"expiryDate\":null,\"enabled\":1,\"fields\":{\"182\":\"\",\"189\":[\"195\"],\"180\":\"\",\"188\":\"\"}}','2015-04-19 03:26:14','2015-04-19 03:26:14','1a1506ff-788a-4b65-8e99-f4e2195e91df'),(291,244,20,1,'en_us',2,'','{\"typeId\":\"26\",\"authorId\":\"1\",\"title\":\"Bob Nicolay\",\"slug\":\"bob-nicolay\",\"postDate\":1429413660,\"expiryDate\":null,\"enabled\":1,\"fields\":{\"182\":\"\",\"189\":[\"196\"],\"180\":\"Member\",\"188\":\"\"}}','2015-04-19 03:40:37','2015-04-19 03:40:37','c267186c-1937-4da7-b636-bbd08d480c21'),(292,201,15,4,'en_us',2,'','{\"typeId\":\"17\",\"authorId\":\"4\",\"title\":\"Susan Marinac\",\"slug\":\"susan-marinac\",\"postDate\":1426701060,\"expiryDate\":null,\"enabled\":1,\"fields\":{\"191\":\"Maecenas faucib nullam quis risus eget urna mollis ornare vel eu leo. Nullam id dolor id nibh ultricies vehicula ut id elit. Nulla vitae elit libero, a pharetra augue. Cum sociis natoque penatibus et magnis dis parturient montes, nascetur ridiculus mus. \",\"190\":\"Maecenas faucib nullam quis risus eget urna mollis ornare vel eu leo. Nullam id dolor id nibh ultricies vehicula ut id elit. Nulla vitae elit libero, a pharetra augue. Cum sociis natoque penatibus et magnis dis parturient montes, nascetur ridiculus mus. Sed posuere consectetur est at lobortis. Vivamus sagittis lacus vel augue laoreet rutrum faucibus dolor auctor\",\"192\":\"marinac@touchedbycancer.org\",\"189\":[\"197\"],\"180\":\"\",\"188\":\"LISW-S, MT-BC\"}}','2015-04-19 18:17:31','2015-04-19 18:17:31','e03efcd0-4676-479a-a330-e31b36b1480e'),(293,202,15,4,'en_us',2,'','{\"typeId\":\"17\",\"authorId\":\"4\",\"title\":\"Mary Fisher Bornstein\",\"slug\":\"mary-fisher-bornstein\",\"postDate\":1426701120,\"expiryDate\":null,\"enabled\":1,\"fields\":{\"191\":\"Maecenas faucib nullam quis risus eget urna mollis ornare vel eu leo. Nullam id dolor id nibh ultricies vehicula ut id elit. Nulla vitae elit libero, a pharetra augue.ed posuere consectetur est at lobortis.\",\"190\":\"Maecenas faucib nullam quis risus eget urna mollis ornare vel eu leo. Nullam id dolor id nibh ultricies vehicula ut id elit. Nulla vitae elit libero, a pharetra augue. Cum sociis natoque penatibus et magnis dis parturient montes, nascetur ridiculus mus. Sed posuere consectetur est at lobortis. Vivamus sagittis lacus vel augue laoreet rutrum faucibus dolor auctor\",\"192\":\"bornstein@touchedbycancer.org\",\"189\":[\"198\"],\"180\":\"Staff Member\",\"188\":\"LISW-S\"}}','2015-04-19 18:18:18','2015-04-19 18:18:18','d0dcacf0-a8cb-4dee-aa7c-73cce8f7755c'),(294,248,7,4,'en_us',1,'','{\"typeId\":\"8\",\"authorId\":\"4\",\"title\":\"Grief Support Group\",\"slug\":\"grief-support-group\",\"postDate\":1429467522,\"expiryDate\":null,\"enabled\":1,\"fields\":{\"197\":\"\",\"174\":[\"83\"],\"184\":[\"134\"],\"177\":\"\",\"135\":\"<p>Twice-monthly group for those who have lost an adult loved one to cancer. <strong>Advance registration required with Susan Marinac LISW-S, MT-BC (West) or Mary Fisher Bornstein, LISW-S (East)<\\/strong><strong><\\/strong><\\/p>\",\"175\":\"\",\"176\":\"\",\"144\":\"\",\"195\":[\"201\",\"202\"],\"87\":\"\",\"194\":\"\",\"193\":\"\"}}','2015-04-19 18:18:42','2015-04-19 18:18:42','7dea4adb-5b8f-4070-8eb3-30bce28eecb9'),(295,249,6,4,'en_us',1,'','{\"typeId\":\"7\",\"authorId\":\"4\",\"title\":\"Grief Support Group - West\",\"slug\":\"grief-support-group-west\",\"postDate\":1429467783,\"expiryDate\":null,\"enabled\":1,\"fields\":{\"174\":[\"83\"],\"199\":[\"135\",\"144\"],\"143\":{\"startDate\":{\"date\":\"5\\/6\\/2015\",\"time\":\"2:00 PM\"},\"endDate\":{\"date\":\"5\\/6\\/2015\",\"time\":\"3:30 PM\"},\"stored_rules_json\":\"\",\"recurrenceRules\":\"{\\r\\n  \\\"rules\\\": [\\r\\n    {\\r\\n      \\\"ruleType\\\": {\\r\\n        \\\"name\\\": \\\"monthlyByDayOfWeek\\\",\\r\\n        \\\"title\\\": \\\"Monthly, by Day of Week\\\"\\r\\n      },\\r\\n      \\\"uiTemplateName\\\": \\\"fields-monthlyByDayOfWeek_Template\\\",\\r\\n      \\\"showRepeatUntilDate\\\": false,\\r\\n      \\\"showRepeatUntilCount\\\": false,\\r\\n      \\\"repeatUntilType\\\": \\\"forever\\\",\\r\\n      \\\"repeatForever\\\": 1,\\r\\n      \\\"daysOfWeek\\\": \\\"Wed\\\",\\r\\n      \\\"monthsInterval\\\": \\\"1\\\",\\r\\n      \\\"dayOfWeekOrdinal\\\": \\\"1\\\"\\r\\n    },\\r\\n    {\\r\\n      \\\"ruleType\\\": {\\r\\n        \\\"name\\\": \\\"monthlyByDayOfWeek\\\",\\r\\n        \\\"title\\\": \\\"Monthly, by Day of Week\\\"\\r\\n      },\\r\\n      \\\"uiTemplateName\\\": \\\"fields-monthlyByDayOfWeek_Template\\\",\\r\\n      \\\"showRepeatUntilDate\\\": false,\\r\\n      \\\"showRepeatUntilCount\\\": false,\\r\\n      \\\"repeatUntilType\\\": \\\"forever\\\",\\r\\n      \\\"repeatForever\\\": 1,\\r\\n      \\\"daysOfWeek\\\": \\\"Wed\\\",\\r\\n      \\\"monthsInterval\\\": \\\"1\\\",\\r\\n      \\\"dayOfWeekOrdinal\\\": \\\"3\\\"\\r\\n    }\\r\\n  ]\\r\\n}\"},\"184\":\"\",\"135\":\"<p>Twice-monthly group for those who have lost an adult loved one to cancer. <strong>Advance registration required with Susan Marinac LISW-S, MT-BC.<\\/strong><span><\\/span><\\/p>\",\"107\":\"\",\"176\":[\"248\"],\"87\":[\"35\",\"38\"],\"200\":[\"150\"]}}','2015-04-19 18:23:03','2015-04-19 18:23:03','e39a9cea-3b40-4676-b069-0174f2ceaabc'),(296,250,6,4,'en_us',1,'','{\"typeId\":\"7\",\"authorId\":\"4\",\"title\":\"Grief Support Group - East\",\"slug\":\"grief-support-group-east\",\"postDate\":1429467993,\"expiryDate\":null,\"enabled\":1,\"fields\":{\"174\":[\"83\"],\"199\":[\"135\",\"144\"],\"143\":{\"startDate\":{\"date\":\"5\\/12\\/2015\",\"time\":\"6:30 PM\"},\"endDate\":{\"date\":\"5\\/12\\/2015\",\"time\":\"8:00 PM\"},\"stored_rules_json\":\"\",\"recurrenceRules\":\"{\\r\\n  \\\"rules\\\": [\\r\\n    {\\r\\n      \\\"ruleType\\\": {\\r\\n        \\\"name\\\": \\\"monthlyByDayOfWeek\\\",\\r\\n        \\\"title\\\": \\\"Monthly, by Day of Week\\\"\\r\\n      },\\r\\n      \\\"uiTemplateName\\\": \\\"fields-monthlyByDayOfWeek_Template\\\",\\r\\n      \\\"showRepeatUntilDate\\\": false,\\r\\n      \\\"showRepeatUntilCount\\\": false,\\r\\n      \\\"repeatUntilType\\\": \\\"forever\\\",\\r\\n      \\\"repeatForever\\\": 1,\\r\\n      \\\"daysOfWeek\\\": \\\"Tue\\\",\\r\\n      \\\"monthsInterval\\\": \\\"1\\\",\\r\\n      \\\"dayOfWeekOrdinal\\\": \\\"2\\\"\\r\\n    },\\r\\n    {\\r\\n      \\\"ruleType\\\": {\\r\\n        \\\"name\\\": \\\"monthlyByDayOfWeek\\\",\\r\\n        \\\"title\\\": \\\"Monthly, by Day of Week\\\"\\r\\n      },\\r\\n      \\\"uiTemplateName\\\": \\\"fields-monthlyByDayOfWeek_Template\\\",\\r\\n      \\\"showRepeatUntilDate\\\": false,\\r\\n      \\\"showRepeatUntilCount\\\": false,\\r\\n      \\\"repeatUntilType\\\": \\\"forever\\\",\\r\\n      \\\"repeatForever\\\": 1,\\r\\n      \\\"daysOfWeek\\\": \\\"Tue\\\",\\r\\n      \\\"monthsInterval\\\": \\\"1\\\",\\r\\n      \\\"dayOfWeekOrdinal\\\": \\\"4\\\"\\r\\n    }\\r\\n  ]\\r\\n}\"},\"184\":[\"134\"],\"135\":\"<p>Twice-monthly group for those who have lost an adult loved one to cancer. <strong>Advance registration required with <\\/strong><strong>Mary Fisher Bornstein, LISW-S (East)<\\/strong><span><\\/span><\\/p>\",\"107\":\"\",\"176\":[\"248\"],\"87\":\"\",\"200\":[\"150\"]}}','2015-04-19 18:26:33','2015-04-19 18:26:33','f4d557d3-3660-4488-9fc8-f8d63e865d2e'),(297,251,6,4,'en_us',1,'','{\"typeId\":\"7\",\"authorId\":\"4\",\"title\":\"KidShop\\/TeenShop - West\",\"slug\":\"kidshop-teenshop-west\",\"postDate\":1429468560,\"expiryDate\":null,\"enabled\":1,\"fields\":{\"174\":[\"83\"],\"199\":[\"212\",\"207\"],\"143\":{\"startDate\":{\"date\":\"5\\/6\\/2015\",\"time\":\"6:30 PM\"},\"endDate\":{\"date\":\"5\\/6\\/2015\",\"time\":\"8:00 PM\"},\"stored_rules_json\":\"{\\r\\n  \\\"rules\\\": [\\r\\n    {\\r\\n      \\\"ruleType\\\": {\\r\\n        \\\"name\\\": \\\"monthlyByDayOfWeek\\\",\\r\\n        \\\"title\\\": \\\"Monthly, by Day of Week\\\"\\r\\n      },\\r\\n      \\\"uiTemplateName\\\": \\\"fields-monthlyByDayOfWeek_Template\\\",\\r\\n      \\\"showRepeatUntilDate\\\": false,\\r\\n      \\\"showRepeatUntilCount\\\": false,\\r\\n      \\\"repeatUntilType\\\": \\\"forever\\\",\\r\\n      \\\"repeatForever\\\": 1,\\r\\n      \\\"daysOfWeek\\\": \\\"Wed\\\",\\r\\n      \\\"monthsInterval\\\": \\\"1\\\",\\r\\n      \\\"dayOfWeekOrdinal\\\": \\\"1\\\"\\r\\n    },\\r\\n    {\\r\\n      \\\"ruleType\\\": {\\r\\n        \\\"name\\\": \\\"monthlyByDayOfWeek\\\",\\r\\n        \\\"title\\\": \\\"Monthly, by Day of Week\\\"\\r\\n      },\\r\\n      \\\"uiTemplateName\\\": \\\"fields-monthlyByDayOfWeek_Template\\\",\\r\\n      \\\"showRepeatUntilDate\\\": false,\\r\\n      \\\"showRepeatUntilCount\\\": false,\\r\\n      \\\"repeatUntilType\\\": \\\"forever\\\",\\r\\n      \\\"repeatForever\\\": 1,\\r\\n      \\\"daysOfWeek\\\": \\\"Wed\\\",\\r\\n      \\\"monthsInterval\\\": \\\"1\\\",\\r\\n      \\\"dayOfWeekOrdinal\\\": \\\"3\\\"\\r\\n    }\\r\\n  ]\\r\\n}\",\"recurrenceRules\":\"{\\r\\n  \\\"rules\\\": [\\r\\n    {\\r\\n      \\\"ruleType\\\": {\\r\\n        \\\"name\\\": \\\"monthlyByDayOfWeek\\\",\\r\\n        \\\"title\\\": \\\"Monthly, by Day of Week\\\"\\r\\n      },\\r\\n      \\\"uiTemplateName\\\": \\\"fields-monthlyByDayOfWeek_Template\\\",\\r\\n      \\\"showRepeatUntilDate\\\": false,\\r\\n      \\\"showRepeatUntilCount\\\": false,\\r\\n      \\\"repeatUntilType\\\": \\\"forever\\\",\\r\\n      \\\"repeatForever\\\": 1,\\r\\n      \\\"daysOfWeek\\\": \\\"Wed\\\",\\r\\n      \\\"monthsInterval\\\": \\\"1\\\",\\r\\n      \\\"dayOfWeekOrdinal\\\": \\\"1\\\"\\r\\n    },\\r\\n    {\\r\\n      \\\"ruleType\\\": {\\r\\n        \\\"name\\\": \\\"monthlyByDayOfWeek\\\",\\r\\n        \\\"title\\\": \\\"Monthly, by Day of Week\\\"\\r\\n      },\\r\\n      \\\"uiTemplateName\\\": \\\"fields-monthlyByDayOfWeek_Template\\\",\\r\\n      \\\"showRepeatUntilDate\\\": false,\\r\\n      \\\"showRepeatUntilCount\\\": false,\\r\\n      \\\"repeatUntilType\\\": \\\"forever\\\",\\r\\n      \\\"repeatForever\\\": 1,\\r\\n      \\\"daysOfWeek\\\": \\\"Wed\\\",\\r\\n      \\\"monthsInterval\\\": \\\"1\\\",\\r\\n      \\\"dayOfWeekOrdinal\\\": \\\"3\\\"\\r\\n    }\\r\\n  ]\\r\\n}\"},\"184\":\"\",\"135\":\"<p>Workshop for children and teens who have an adult family member with cancer. Utilizing art, play, and discussion, children and their parents interact with families in similar situations.<\\/p><p>KidShop\\/TeenShop Theme for April:<br>April Showers: Washing away those Winter Doldrums<\\/p>\",\"107\":\"\",\"176\":[\"116\"],\"87\":\"\",\"200\":[\"150\"]}}','2015-04-19 18:37:08','2015-04-19 18:37:08','eb7921e4-98c4-4f94-984a-9f6caa94ee90'),(298,252,6,4,'en_us',1,'','{\"typeId\":\"7\",\"authorId\":\"4\",\"title\":\"KidShop\\/TeenShop - East\",\"slug\":\"kidshop-teenshop-east\",\"postDate\":1429468775,\"expiryDate\":null,\"enabled\":1,\"fields\":{\"174\":[\"83\"],\"199\":[\"212\",\"207\"],\"143\":{\"startDate\":{\"date\":\"4\\/27\\/2015\",\"time\":\"6:00 PM\"},\"endDate\":{\"date\":\"4\\/27\\/2015\",\"time\":\"8:00 PM\"},\"stored_rules_json\":\"\",\"recurrenceRules\":\"{\\r\\n  \\\"rules\\\": [\\r\\n    {\\r\\n      \\\"ruleType\\\": {\\r\\n        \\\"name\\\": \\\"monthlyByDayOfWeek\\\",\\r\\n        \\\"title\\\": \\\"Monthly, by Day of Week\\\"\\r\\n      },\\r\\n      \\\"uiTemplateName\\\": \\\"fields-monthlyByDayOfWeek_Template\\\",\\r\\n      \\\"showRepeatUntilDate\\\": true,\\r\\n      \\\"showRepeatUntilCount\\\": false,\\r\\n      \\\"repeatUntilType\\\": \\\"date\\\",\\r\\n      \\\"repeatUntilDate\\\": \\\"5\\/11\\/2015\\\",\\r\\n      \\\"repeatForever\\\": 0,\\r\\n      \\\"daysOfWeek\\\": \\\"Mon\\\",\\r\\n      \\\"monthsInterval\\\": \\\"1\\\",\\r\\n      \\\"dayOfWeekOrdinal\\\": \\\"2\\\"\\r\\n    },\\r\\n    {\\r\\n      \\\"ruleType\\\": {\\r\\n        \\\"name\\\": \\\"monthlyByDayOfWeek\\\",\\r\\n        \\\"title\\\": \\\"Monthly, by Day of Week\\\"\\r\\n      },\\r\\n      \\\"uiTemplateName\\\": \\\"fields-monthlyByDayOfWeek_Template\\\",\\r\\n      \\\"showRepeatUntilDate\\\": true,\\r\\n      \\\"showRepeatUntilCount\\\": false,\\r\\n      \\\"repeatUntilType\\\": \\\"date\\\",\\r\\n      \\\"repeatUntilDate\\\": \\\"5\\/11\\/2015\\\",\\r\\n      \\\"repeatForever\\\": 0,\\r\\n      \\\"daysOfWeek\\\": \\\"Mon\\\",\\r\\n      \\\"monthsInterval\\\": \\\"1\\\",\\r\\n      \\\"dayOfWeekOrdinal\\\": \\\"3\\\"\\r\\n    }\\r\\n  ]\\r\\n}\"},\"184\":\"\",\"135\":\"<p>Workshop for children and teens who have an adult family member with cancer. Utilizing art, play, and discussion, children and their parents interact with families in similar situations.<\\/p><p>KidShop\\/TeenShop Theme for April:<br>April Showers: Washing away those Winter Doldrums<\\/p>\",\"107\":\"\",\"176\":[\"116\"],\"87\":\"\",\"200\":[\"148\"]}}','2015-04-19 18:39:35','2015-04-19 18:39:35','3a522d25-360d-4c94-9805-0fd5234951b7'),(299,252,6,4,'en_us',2,'','{\"typeId\":\"7\",\"authorId\":\"4\",\"title\":\"KidShop\\/TeenShop - East\",\"slug\":\"kidshop-teenshop-east\",\"postDate\":1429468740,\"expiryDate\":null,\"enabled\":1,\"fields\":{\"174\":[\"83\"],\"199\":[\"212\",\"207\"],\"143\":{\"startDate\":{\"date\":\"4\\/27\\/2015\",\"time\":\"6:00 PM\"},\"endDate\":{\"date\":\"4\\/27\\/2015\",\"time\":\"8:00 PM\"},\"stored_rules_json\":\"{\\r\\n  \\\"rules\\\": [\\r\\n    {\\r\\n      \\\"ruleType\\\": {\\r\\n        \\\"name\\\": \\\"monthlyByDayOfWeek\\\",\\r\\n        \\\"title\\\": \\\"Monthly, by Day of Week\\\"\\r\\n      },\\r\\n      \\\"uiTemplateName\\\": \\\"fields-monthlyByDayOfWeek_Template\\\",\\r\\n      \\\"showRepeatUntilDate\\\": true,\\r\\n      \\\"showRepeatUntilCount\\\": false,\\r\\n      \\\"repeatUntilType\\\": \\\"date\\\",\\r\\n      \\\"repeatUntilDate\\\": \\\"5\\/11\\/2015\\\",\\r\\n      \\\"repeatForever\\\": 0,\\r\\n      \\\"daysOfWeek\\\": \\\"Mon\\\",\\r\\n      \\\"monthsInterval\\\": \\\"1\\\",\\r\\n      \\\"dayOfWeekOrdinal\\\": \\\"2\\\"\\r\\n    },\\r\\n    {\\r\\n      \\\"ruleType\\\": {\\r\\n        \\\"name\\\": \\\"monthlyByDayOfWeek\\\",\\r\\n        \\\"title\\\": \\\"Monthly, by Day of Week\\\"\\r\\n      },\\r\\n      \\\"uiTemplateName\\\": \\\"fields-monthlyByDayOfWeek_Template\\\",\\r\\n      \\\"showRepeatUntilDate\\\": true,\\r\\n      \\\"showRepeatUntilCount\\\": false,\\r\\n      \\\"repeatUntilType\\\": \\\"date\\\",\\r\\n      \\\"repeatUntilDate\\\": \\\"5\\/11\\/2015\\\",\\r\\n      \\\"repeatForever\\\": 0,\\r\\n      \\\"daysOfWeek\\\": \\\"Mon\\\",\\r\\n      \\\"monthsInterval\\\": \\\"1\\\",\\r\\n      \\\"dayOfWeekOrdinal\\\": \\\"3\\\"\\r\\n    }\\r\\n  ]\\r\\n}\",\"recurrenceRules\":\"{\\r\\n  \\\"rules\\\": [\\r\\n    {\\r\\n      \\\"ruleType\\\": {\\r\\n        \\\"name\\\": \\\"monthlyByDayOfWeek\\\",\\r\\n        \\\"title\\\": \\\"Monthly, by Day of Week\\\"\\r\\n      },\\r\\n      \\\"uiTemplateName\\\": \\\"fields-monthlyByDayOfWeek_Template\\\",\\r\\n      \\\"showRepeatUntilDate\\\": true,\\r\\n      \\\"showRepeatUntilCount\\\": false,\\r\\n      \\\"repeatUntilType\\\": \\\"date\\\",\\r\\n      \\\"repeatUntilDate\\\": \\\"5\\/11\\/2015\\\",\\r\\n      \\\"repeatForever\\\": 0,\\r\\n      \\\"daysOfWeek\\\": \\\"Mon\\\",\\r\\n      \\\"monthsInterval\\\": \\\"1\\\",\\r\\n      \\\"dayOfWeekOrdinal\\\": \\\"2\\\"\\r\\n    },\\r\\n    {\\r\\n      \\\"ruleType\\\": {\\r\\n        \\\"name\\\": \\\"monthlyByDayOfWeek\\\",\\r\\n        \\\"title\\\": \\\"Monthly, by Day of Week\\\"\\r\\n      },\\r\\n      \\\"uiTemplateName\\\": \\\"fields-monthlyByDayOfWeek_Template\\\",\\r\\n      \\\"showRepeatUntilDate\\\": true,\\r\\n      \\\"showRepeatUntilCount\\\": false,\\r\\n      \\\"repeatUntilType\\\": \\\"date\\\",\\r\\n      \\\"repeatUntilDate\\\": \\\"5\\/11\\/2015\\\",\\r\\n      \\\"repeatForever\\\": 0,\\r\\n      \\\"daysOfWeek\\\": \\\"Mon\\\",\\r\\n      \\\"monthsInterval\\\": \\\"1\\\",\\r\\n      \\\"dayOfWeekOrdinal\\\": \\\"4\\\"\\r\\n    }\\r\\n  ]\\r\\n}\"},\"184\":\"\",\"135\":\"<p>Workshop for children and teens who have an adult family member with cancer. Utilizing art, play, and discussion, children and their parents interact with families in similar situations.<\\/p><p>KidShop\\/TeenShop Theme for April:<br>April Showers: Washing away those Winter Doldrums<\\/p>\",\"107\":\"\",\"176\":[\"116\"],\"87\":\"\",\"200\":[\"148\"]}}','2015-04-19 18:40:06','2015-04-19 18:40:06','63ae8c4d-e590-4af7-872a-c9a11f723b96'),(300,253,6,4,'en_us',1,'','{\"typeId\":\"7\",\"authorId\":\"4\",\"title\":\"KidShop\\/TeenShop - East\",\"slug\":\"kidshop-teenshop-east-1\",\"postDate\":1429468910,\"expiryDate\":null,\"enabled\":1,\"fields\":{\"174\":[\"83\"],\"199\":[\"212\",\"207\"],\"143\":{\"startDate\":{\"date\":\"6\\/8\\/2015\",\"time\":\"6:30 PM\"},\"endDate\":{\"date\":\"6\\/8\\/2015\",\"time\":\"8:00 PM\"},\"stored_rules_json\":\"\",\"recurrenceRules\":\"{\\r\\n  \\\"rules\\\": [\\r\\n    {\\r\\n      \\\"ruleType\\\": {\\r\\n        \\\"name\\\": \\\"monthlyByDayOfWeek\\\",\\r\\n        \\\"title\\\": \\\"Monthly, by Day of Week\\\"\\r\\n      },\\r\\n      \\\"uiTemplateName\\\": \\\"fields-monthlyByDayOfWeek_Template\\\",\\r\\n      \\\"showRepeatUntilDate\\\": false,\\r\\n      \\\"showRepeatUntilCount\\\": false,\\r\\n      \\\"repeatUntilType\\\": \\\"forever\\\",\\r\\n      \\\"repeatForever\\\": 1,\\r\\n      \\\"daysOfWeek\\\": \\\"Mon\\\",\\r\\n      \\\"monthsInterval\\\": \\\"1\\\",\\r\\n      \\\"dayOfWeekOrdinal\\\": \\\"2\\\"\\r\\n    },\\r\\n    {\\r\\n      \\\"ruleType\\\": {\\r\\n        \\\"name\\\": \\\"monthlyByDayOfWeek\\\",\\r\\n        \\\"title\\\": \\\"Monthly, by Day of Week\\\"\\r\\n      },\\r\\n      \\\"uiTemplateName\\\": \\\"fields-monthlyByDayOfWeek_Template\\\",\\r\\n      \\\"showRepeatUntilDate\\\": false,\\r\\n      \\\"showRepeatUntilCount\\\": false,\\r\\n      \\\"repeatUntilType\\\": \\\"forever\\\",\\r\\n      \\\"repeatForever\\\": 1,\\r\\n      \\\"daysOfWeek\\\": \\\"Mon\\\",\\r\\n      \\\"monthsInterval\\\": \\\"1\\\",\\r\\n      \\\"dayOfWeekOrdinal\\\": \\\"4\\\"\\r\\n    }\\r\\n  ]\\r\\n}\"},\"184\":[\"242\"],\"135\":\"<p>Workshop for children and teens who have an adult family member with cancer. Utilizing art, play, and discussion, children and their parents interact with families in similar situations.<\\/p><p>KidShop\\/TeenShop Theme for April:<br>April Showers: Washing away those Winter Doldrums<\\/p>\",\"107\":\"\",\"176\":[\"116\"],\"87\":\"\",\"200\":[\"148\"]}}','2015-04-19 18:41:50','2015-04-19 18:41:50','f2c138a7-fbd2-4af4-a8a9-35982697c2f4'),(301,252,6,4,'en_us',3,'','{\"typeId\":\"7\",\"authorId\":\"4\",\"title\":\"KidShop\\/TeenShop - East\",\"slug\":\"kidshop-teenshop-east\",\"postDate\":1429468740,\"expiryDate\":null,\"enabled\":1,\"fields\":{\"174\":[\"83\"],\"199\":[\"212\",\"207\"],\"143\":{\"startDate\":{\"date\":\"4\\/27\\/2015\",\"time\":\"6:00 PM\"},\"endDate\":{\"date\":\"4\\/27\\/2015\",\"time\":\"8:00 PM\"},\"stored_rules_json\":\"{\\r\\n  \\\"rules\\\": [\\r\\n    {\\r\\n      \\\"ruleType\\\": {\\r\\n        \\\"name\\\": \\\"monthlyByDayOfWeek\\\",\\r\\n        \\\"title\\\": \\\"Monthly, by Day of Week\\\"\\r\\n      },\\r\\n      \\\"uiTemplateName\\\": \\\"fields-monthlyByDayOfWeek_Template\\\",\\r\\n      \\\"showRepeatUntilDate\\\": true,\\r\\n      \\\"showRepeatUntilCount\\\": false,\\r\\n      \\\"repeatUntilType\\\": \\\"date\\\",\\r\\n      \\\"repeatUntilDate\\\": \\\"5\\/11\\/2015\\\",\\r\\n      \\\"repeatForever\\\": 0,\\r\\n      \\\"daysOfWeek\\\": \\\"Mon\\\",\\r\\n      \\\"monthsInterval\\\": \\\"1\\\",\\r\\n      \\\"dayOfWeekOrdinal\\\": \\\"2\\\"\\r\\n    },\\r\\n    {\\r\\n      \\\"ruleType\\\": {\\r\\n        \\\"name\\\": \\\"monthlyByDayOfWeek\\\",\\r\\n        \\\"title\\\": \\\"Monthly, by Day of Week\\\"\\r\\n      },\\r\\n      \\\"uiTemplateName\\\": \\\"fields-monthlyByDayOfWeek_Template\\\",\\r\\n      \\\"showRepeatUntilDate\\\": true,\\r\\n      \\\"showRepeatUntilCount\\\": false,\\r\\n      \\\"repeatUntilType\\\": \\\"date\\\",\\r\\n      \\\"repeatUntilDate\\\": \\\"5\\/11\\/2015\\\",\\r\\n      \\\"repeatForever\\\": 0,\\r\\n      \\\"daysOfWeek\\\": \\\"Mon\\\",\\r\\n      \\\"monthsInterval\\\": \\\"1\\\",\\r\\n      \\\"dayOfWeekOrdinal\\\": \\\"4\\\"\\r\\n    }\\r\\n  ]\\r\\n}\",\"recurrenceRules\":\"{\\r\\n  \\\"rules\\\": [\\r\\n    {\\r\\n      \\\"ruleType\\\": {\\r\\n        \\\"name\\\": \\\"monthlyByDayOfWeek\\\",\\r\\n        \\\"title\\\": \\\"Monthly, by Day of Week\\\"\\r\\n      },\\r\\n      \\\"uiTemplateName\\\": \\\"fields-monthlyByDayOfWeek_Template\\\",\\r\\n      \\\"showRepeatUntilDate\\\": true,\\r\\n      \\\"showRepeatUntilCount\\\": false,\\r\\n      \\\"repeatUntilType\\\": \\\"date\\\",\\r\\n      \\\"repeatUntilDate\\\": \\\"5\\/11\\/2015\\\",\\r\\n      \\\"repeatForever\\\": 0,\\r\\n      \\\"daysOfWeek\\\": \\\"Mon\\\",\\r\\n      \\\"monthsInterval\\\": \\\"1\\\",\\r\\n      \\\"dayOfWeekOrdinal\\\": \\\"2\\\"\\r\\n    },\\r\\n    {\\r\\n      \\\"ruleType\\\": {\\r\\n        \\\"name\\\": \\\"monthlyByDayOfWeek\\\",\\r\\n        \\\"title\\\": \\\"Monthly, by Day of Week\\\"\\r\\n      },\\r\\n      \\\"uiTemplateName\\\": \\\"fields-monthlyByDayOfWeek_Template\\\",\\r\\n      \\\"showRepeatUntilDate\\\": true,\\r\\n      \\\"showRepeatUntilCount\\\": false,\\r\\n      \\\"repeatUntilType\\\": \\\"date\\\",\\r\\n      \\\"repeatUntilDate\\\": \\\"5\\/11\\/2015\\\",\\r\\n      \\\"repeatForever\\\": 0,\\r\\n      \\\"daysOfWeek\\\": \\\"Mon\\\",\\r\\n      \\\"monthsInterval\\\": \\\"1\\\",\\r\\n      \\\"dayOfWeekOrdinal\\\": \\\"4\\\"\\r\\n    }\\r\\n  ]\\r\\n}\"},\"184\":[\"242\"],\"135\":\"<p>Workshop for children and teens who have an adult family member with cancer. Utilizing art, play, and discussion, children and their parents interact with families in similar situations.<\\/p><p>KidShop\\/TeenShop Theme for April:<br>April Showers: Washing away those Winter Doldrums<\\/p>\",\"107\":\"\",\"176\":[\"116\"],\"87\":\"\",\"200\":[\"148\"]}}','2015-04-19 18:42:06','2015-04-19 18:42:06','2224e7f3-10b9-4eb4-a5c5-28e67f2b457b'),(302,251,6,4,'en_us',2,'','{\"typeId\":\"7\",\"authorId\":\"4\",\"title\":\"KidShop\\/TeenShop - West\",\"slug\":\"kidshop-teenshop-west\",\"postDate\":1429468560,\"expiryDate\":null,\"enabled\":1,\"fields\":{\"174\":[\"83\"],\"199\":[\"212\",\"207\"],\"143\":{\"startDate\":{\"date\":\"5\\/6\\/2015\",\"time\":\"6:30 PM\"},\"endDate\":{\"date\":\"5\\/6\\/2015\",\"time\":\"8:00 PM\"},\"stored_rules_json\":\"{\\r\\n  \\\"rules\\\": [\\r\\n    {\\r\\n      \\\"ruleType\\\": {\\r\\n        \\\"name\\\": \\\"monthlyByDayOfWeek\\\",\\r\\n        \\\"title\\\": \\\"Monthly, by Day of Week\\\"\\r\\n      },\\r\\n      \\\"uiTemplateName\\\": \\\"fields-monthlyByDayOfWeek_Template\\\",\\r\\n      \\\"showRepeatUntilDate\\\": false,\\r\\n      \\\"showRepeatUntilCount\\\": false,\\r\\n      \\\"repeatUntilType\\\": \\\"forever\\\",\\r\\n      \\\"repeatForever\\\": 1,\\r\\n      \\\"daysOfWeek\\\": \\\"Wed\\\",\\r\\n      \\\"monthsInterval\\\": \\\"1\\\",\\r\\n      \\\"dayOfWeekOrdinal\\\": \\\"1\\\"\\r\\n    },\\r\\n    {\\r\\n      \\\"ruleType\\\": {\\r\\n        \\\"name\\\": \\\"monthlyByDayOfWeek\\\",\\r\\n        \\\"title\\\": \\\"Monthly, by Day of Week\\\"\\r\\n      },\\r\\n      \\\"uiTemplateName\\\": \\\"fields-monthlyByDayOfWeek_Template\\\",\\r\\n      \\\"showRepeatUntilDate\\\": false,\\r\\n      \\\"showRepeatUntilCount\\\": false,\\r\\n      \\\"repeatUntilType\\\": \\\"forever\\\",\\r\\n      \\\"repeatForever\\\": 1,\\r\\n      \\\"daysOfWeek\\\": \\\"Wed\\\",\\r\\n      \\\"monthsInterval\\\": \\\"1\\\",\\r\\n      \\\"dayOfWeekOrdinal\\\": \\\"3\\\"\\r\\n    }\\r\\n  ]\\r\\n}\",\"recurrenceRules\":\"{\\r\\n  \\\"rules\\\": [\\r\\n    {\\r\\n      \\\"ruleType\\\": {\\r\\n        \\\"name\\\": \\\"monthlyByDayOfWeek\\\",\\r\\n        \\\"title\\\": \\\"Monthly, by Day of Week\\\"\\r\\n      },\\r\\n      \\\"uiTemplateName\\\": \\\"fields-monthlyByDayOfWeek_Template\\\",\\r\\n      \\\"showRepeatUntilDate\\\": false,\\r\\n      \\\"showRepeatUntilCount\\\": false,\\r\\n      \\\"repeatUntilType\\\": \\\"forever\\\",\\r\\n      \\\"repeatForever\\\": 1,\\r\\n      \\\"daysOfWeek\\\": \\\"Wed\\\",\\r\\n      \\\"monthsInterval\\\": \\\"1\\\",\\r\\n      \\\"dayOfWeekOrdinal\\\": \\\"1\\\"\\r\\n    },\\r\\n    {\\r\\n      \\\"ruleType\\\": {\\r\\n        \\\"name\\\": \\\"monthlyByDayOfWeek\\\",\\r\\n        \\\"title\\\": \\\"Monthly, by Day of Week\\\"\\r\\n      },\\r\\n      \\\"uiTemplateName\\\": \\\"fields-monthlyByDayOfWeek_Template\\\",\\r\\n      \\\"showRepeatUntilDate\\\": false,\\r\\n      \\\"showRepeatUntilCount\\\": false,\\r\\n      \\\"repeatUntilType\\\": \\\"forever\\\",\\r\\n      \\\"repeatForever\\\": 1,\\r\\n      \\\"daysOfWeek\\\": \\\"Wed\\\",\\r\\n      \\\"monthsInterval\\\": \\\"1\\\",\\r\\n      \\\"dayOfWeekOrdinal\\\": \\\"3\\\"\\r\\n    }\\r\\n  ]\\r\\n}\"},\"184\":[\"242\"],\"135\":\"<p>Workshop for children and teens who have an adult family member with cancer. Utilizing art, play, and discussion, children and their parents interact with families in similar situations.<\\/p><p>KidShop\\/TeenShop Theme for April:<br>April Showers: Washing away those Winter Doldrums<\\/p>\",\"107\":\"\",\"176\":[\"116\"],\"87\":\"\",\"200\":[\"150\"]}}','2015-04-19 18:42:19','2015-04-19 18:42:19','a3142167-b6fa-43a9-98f2-b244a68785e0'),(303,254,7,4,'en_us',1,'','{\"typeId\":\"8\",\"authorId\":\"4\",\"title\":\"KidShop\\/TeenShop\",\"slug\":\"kidshop-teenshop\",\"postDate\":1429468994,\"expiryDate\":null,\"enabled\":1,\"fields\":{\"197\":\"\",\"174\":\"\",\"184\":[\"242\"],\"177\":\"\",\"135\":\"<p>Workshop for children and teens who have an adult family member with cancer. Utilizing art, play, and discussion, children and their parents interact with families in similar situations.<\\/p><p>KidShop\\/TeenShop Theme for April:<br>April Showers: Washing away those Winter Doldrums<\\/p>\",\"175\":\"\",\"176\":\"\",\"144\":\"\",\"195\":\"\",\"87\":\"\",\"194\":\"\",\"193\":\"\"}}','2015-04-19 18:43:14','2015-04-19 18:43:14','0d96c89f-5779-4ab1-8041-2fa94f8c6efb'),(304,252,6,4,'en_us',4,'','{\"typeId\":\"7\",\"authorId\":\"4\",\"title\":\"KidShop\\/TeenShop - East\",\"slug\":\"kidshop-teenshop-east\",\"postDate\":1429468740,\"expiryDate\":null,\"enabled\":1,\"fields\":{\"174\":[\"83\"],\"199\":[\"212\",\"207\"],\"143\":{\"startDate\":{\"date\":\"4\\/27\\/2015\",\"time\":\"6:00 PM\"},\"endDate\":{\"date\":\"4\\/27\\/2015\",\"time\":\"8:00 PM\"},\"stored_rules_json\":\"{\\r\\n  \\\"rules\\\": [\\r\\n    {\\r\\n      \\\"ruleType\\\": {\\r\\n        \\\"name\\\": \\\"monthlyByDayOfWeek\\\",\\r\\n        \\\"title\\\": \\\"Monthly, by Day of Week\\\"\\r\\n      },\\r\\n      \\\"uiTemplateName\\\": \\\"fields-monthlyByDayOfWeek_Template\\\",\\r\\n      \\\"showRepeatUntilDate\\\": true,\\r\\n      \\\"showRepeatUntilCount\\\": false,\\r\\n      \\\"repeatUntilType\\\": \\\"date\\\",\\r\\n      \\\"repeatUntilDate\\\": \\\"5\\/11\\/2015\\\",\\r\\n      \\\"repeatForever\\\": 0,\\r\\n      \\\"daysOfWeek\\\": \\\"Mon\\\",\\r\\n      \\\"monthsInterval\\\": \\\"1\\\",\\r\\n      \\\"dayOfWeekOrdinal\\\": \\\"2\\\"\\r\\n    },\\r\\n    {\\r\\n      \\\"ruleType\\\": {\\r\\n        \\\"name\\\": \\\"monthlyByDayOfWeek\\\",\\r\\n        \\\"title\\\": \\\"Monthly, by Day of Week\\\"\\r\\n      },\\r\\n      \\\"uiTemplateName\\\": \\\"fields-monthlyByDayOfWeek_Template\\\",\\r\\n      \\\"showRepeatUntilDate\\\": true,\\r\\n      \\\"showRepeatUntilCount\\\": false,\\r\\n      \\\"repeatUntilType\\\": \\\"date\\\",\\r\\n      \\\"repeatUntilDate\\\": \\\"5\\/11\\/2015\\\",\\r\\n      \\\"repeatForever\\\": 0,\\r\\n      \\\"daysOfWeek\\\": \\\"Mon\\\",\\r\\n      \\\"monthsInterval\\\": \\\"1\\\",\\r\\n      \\\"dayOfWeekOrdinal\\\": \\\"4\\\"\\r\\n    }\\r\\n  ]\\r\\n}\",\"recurrenceRules\":\"{\\r\\n  \\\"rules\\\": [\\r\\n    {\\r\\n      \\\"ruleType\\\": {\\r\\n        \\\"name\\\": \\\"monthlyByDayOfWeek\\\",\\r\\n        \\\"title\\\": \\\"Monthly, by Day of Week\\\"\\r\\n      },\\r\\n      \\\"uiTemplateName\\\": \\\"fields-monthlyByDayOfWeek_Template\\\",\\r\\n      \\\"showRepeatUntilDate\\\": true,\\r\\n      \\\"showRepeatUntilCount\\\": false,\\r\\n      \\\"repeatUntilType\\\": \\\"date\\\",\\r\\n      \\\"repeatUntilDate\\\": \\\"5\\/11\\/2015\\\",\\r\\n      \\\"repeatForever\\\": 0,\\r\\n      \\\"daysOfWeek\\\": \\\"Mon\\\",\\r\\n      \\\"monthsInterval\\\": \\\"1\\\",\\r\\n      \\\"dayOfWeekOrdinal\\\": \\\"2\\\"\\r\\n    },\\r\\n    {\\r\\n      \\\"ruleType\\\": {\\r\\n        \\\"name\\\": \\\"monthlyByDayOfWeek\\\",\\r\\n        \\\"title\\\": \\\"Monthly, by Day of Week\\\"\\r\\n      },\\r\\n      \\\"uiTemplateName\\\": \\\"fields-monthlyByDayOfWeek_Template\\\",\\r\\n      \\\"showRepeatUntilDate\\\": true,\\r\\n      \\\"showRepeatUntilCount\\\": false,\\r\\n      \\\"repeatUntilType\\\": \\\"date\\\",\\r\\n      \\\"repeatUntilDate\\\": \\\"5\\/11\\/2015\\\",\\r\\n      \\\"repeatForever\\\": 0,\\r\\n      \\\"daysOfWeek\\\": \\\"Mon\\\",\\r\\n      \\\"monthsInterval\\\": \\\"1\\\",\\r\\n      \\\"dayOfWeekOrdinal\\\": \\\"4\\\"\\r\\n    }\\r\\n  ]\\r\\n}\"},\"184\":[\"242\"],\"135\":\"<p>Workshop for children and teens who have an adult family member with cancer. Utilizing art, play, and discussion, children and their parents interact with families in similar situations.<\\/p><p>KidShop\\/TeenShop Theme for April:<br>April Showers: Washing away those Winter Doldrums<\\/p>\",\"107\":\"\",\"176\":[\"254\"],\"87\":\"\",\"200\":[\"148\"]}}','2015-04-19 18:43:29','2015-04-19 18:43:29','bcef1408-f923-409c-b955-2180161afe37'),(305,253,6,4,'en_us',2,'','{\"typeId\":\"7\",\"authorId\":\"4\",\"title\":\"KidShop\\/TeenShop - East\",\"slug\":\"kidshop-teenshop-east-1\",\"postDate\":1429468860,\"expiryDate\":null,\"enabled\":1,\"fields\":{\"174\":[\"83\"],\"199\":[\"212\",\"207\"],\"143\":{\"startDate\":{\"date\":\"6\\/8\\/2015\",\"time\":\"6:30 PM\"},\"endDate\":{\"date\":\"6\\/8\\/2015\",\"time\":\"8:00 PM\"},\"stored_rules_json\":\"{\\r\\n  \\\"rules\\\": [\\r\\n    {\\r\\n      \\\"ruleType\\\": {\\r\\n        \\\"name\\\": \\\"monthlyByDayOfWeek\\\",\\r\\n        \\\"title\\\": \\\"Monthly, by Day of Week\\\"\\r\\n      },\\r\\n      \\\"uiTemplateName\\\": \\\"fields-monthlyByDayOfWeek_Template\\\",\\r\\n      \\\"showRepeatUntilDate\\\": false,\\r\\n      \\\"showRepeatUntilCount\\\": false,\\r\\n      \\\"repeatUntilType\\\": \\\"forever\\\",\\r\\n      \\\"repeatForever\\\": 1,\\r\\n      \\\"daysOfWeek\\\": \\\"Mon\\\",\\r\\n      \\\"monthsInterval\\\": \\\"1\\\",\\r\\n      \\\"dayOfWeekOrdinal\\\": \\\"2\\\"\\r\\n    },\\r\\n    {\\r\\n      \\\"ruleType\\\": {\\r\\n        \\\"name\\\": \\\"monthlyByDayOfWeek\\\",\\r\\n        \\\"title\\\": \\\"Monthly, by Day of Week\\\"\\r\\n      },\\r\\n      \\\"uiTemplateName\\\": \\\"fields-monthlyByDayOfWeek_Template\\\",\\r\\n      \\\"showRepeatUntilDate\\\": false,\\r\\n      \\\"showRepeatUntilCount\\\": false,\\r\\n      \\\"repeatUntilType\\\": \\\"forever\\\",\\r\\n      \\\"repeatForever\\\": 1,\\r\\n      \\\"daysOfWeek\\\": \\\"Mon\\\",\\r\\n      \\\"monthsInterval\\\": \\\"1\\\",\\r\\n      \\\"dayOfWeekOrdinal\\\": \\\"4\\\"\\r\\n    }\\r\\n  ]\\r\\n}\",\"recurrenceRules\":\"{\\r\\n  \\\"rules\\\": [\\r\\n    {\\r\\n      \\\"ruleType\\\": {\\r\\n        \\\"name\\\": \\\"monthlyByDayOfWeek\\\",\\r\\n        \\\"title\\\": \\\"Monthly, by Day of Week\\\"\\r\\n      },\\r\\n      \\\"uiTemplateName\\\": \\\"fields-monthlyByDayOfWeek_Template\\\",\\r\\n      \\\"showRepeatUntilDate\\\": false,\\r\\n      \\\"showRepeatUntilCount\\\": false,\\r\\n      \\\"repeatUntilType\\\": \\\"forever\\\",\\r\\n      \\\"repeatForever\\\": 1,\\r\\n      \\\"daysOfWeek\\\": \\\"Mon\\\",\\r\\n      \\\"monthsInterval\\\": \\\"1\\\",\\r\\n      \\\"dayOfWeekOrdinal\\\": \\\"2\\\"\\r\\n    },\\r\\n    {\\r\\n      \\\"ruleType\\\": {\\r\\n        \\\"name\\\": \\\"monthlyByDayOfWeek\\\",\\r\\n        \\\"title\\\": \\\"Monthly, by Day of Week\\\"\\r\\n      },\\r\\n      \\\"uiTemplateName\\\": \\\"fields-monthlyByDayOfWeek_Template\\\",\\r\\n      \\\"showRepeatUntilDate\\\": false,\\r\\n      \\\"showRepeatUntilCount\\\": false,\\r\\n      \\\"repeatUntilType\\\": \\\"forever\\\",\\r\\n      \\\"repeatForever\\\": 1,\\r\\n      \\\"daysOfWeek\\\": \\\"Mon\\\",\\r\\n      \\\"monthsInterval\\\": \\\"1\\\",\\r\\n      \\\"dayOfWeekOrdinal\\\": \\\"4\\\"\\r\\n    }\\r\\n  ]\\r\\n}\"},\"184\":[\"242\"],\"135\":\"<p>Workshop for children and teens who have an adult family member with cancer. Utilizing art, play, and discussion, children and their parents interact with families in similar situations.<\\/p><p>KidShop\\/TeenShop Theme for April:<br>April Showers: Washing away those Winter Doldrums<\\/p>\",\"107\":\"\",\"176\":[\"254\"],\"87\":\"\",\"200\":[\"148\"]}}','2015-04-19 18:43:47','2015-04-19 18:43:47','f31e3684-0818-46e7-9b77-ad5697817c8b'),(306,251,6,4,'en_us',3,'','{\"typeId\":\"7\",\"authorId\":\"4\",\"title\":\"KidShop\\/TeenShop - West\",\"slug\":\"kidshop-teenshop-west\",\"postDate\":1429468560,\"expiryDate\":null,\"enabled\":1,\"fields\":{\"174\":[\"83\"],\"199\":[\"212\",\"207\"],\"143\":{\"startDate\":{\"date\":\"5\\/6\\/2015\",\"time\":\"6:30 PM\"},\"endDate\":{\"date\":\"5\\/6\\/2015\",\"time\":\"8:00 PM\"},\"stored_rules_json\":\"{\\r\\n  \\\"rules\\\": [\\r\\n    {\\r\\n      \\\"ruleType\\\": {\\r\\n        \\\"name\\\": \\\"monthlyByDayOfWeek\\\",\\r\\n        \\\"title\\\": \\\"Monthly, by Day of Week\\\"\\r\\n      },\\r\\n      \\\"uiTemplateName\\\": \\\"fields-monthlyByDayOfWeek_Template\\\",\\r\\n      \\\"showRepeatUntilDate\\\": false,\\r\\n      \\\"showRepeatUntilCount\\\": false,\\r\\n      \\\"repeatUntilType\\\": \\\"forever\\\",\\r\\n      \\\"repeatForever\\\": 1,\\r\\n      \\\"daysOfWeek\\\": \\\"Wed\\\",\\r\\n      \\\"monthsInterval\\\": \\\"1\\\",\\r\\n      \\\"dayOfWeekOrdinal\\\": \\\"1\\\"\\r\\n    },\\r\\n    {\\r\\n      \\\"ruleType\\\": {\\r\\n        \\\"name\\\": \\\"monthlyByDayOfWeek\\\",\\r\\n        \\\"title\\\": \\\"Monthly, by Day of Week\\\"\\r\\n      },\\r\\n      \\\"uiTemplateName\\\": \\\"fields-monthlyByDayOfWeek_Template\\\",\\r\\n      \\\"showRepeatUntilDate\\\": false,\\r\\n      \\\"showRepeatUntilCount\\\": false,\\r\\n      \\\"repeatUntilType\\\": \\\"forever\\\",\\r\\n      \\\"repeatForever\\\": 1,\\r\\n      \\\"daysOfWeek\\\": \\\"Wed\\\",\\r\\n      \\\"monthsInterval\\\": \\\"1\\\",\\r\\n      \\\"dayOfWeekOrdinal\\\": \\\"3\\\"\\r\\n    }\\r\\n  ]\\r\\n}\",\"recurrenceRules\":\"{\\r\\n  \\\"rules\\\": [\\r\\n    {\\r\\n      \\\"ruleType\\\": {\\r\\n        \\\"name\\\": \\\"monthlyByDayOfWeek\\\",\\r\\n        \\\"title\\\": \\\"Monthly, by Day of Week\\\"\\r\\n      },\\r\\n      \\\"uiTemplateName\\\": \\\"fields-monthlyByDayOfWeek_Template\\\",\\r\\n      \\\"showRepeatUntilDate\\\": false,\\r\\n      \\\"showRepeatUntilCount\\\": false,\\r\\n      \\\"repeatUntilType\\\": \\\"forever\\\",\\r\\n      \\\"repeatForever\\\": 1,\\r\\n      \\\"daysOfWeek\\\": \\\"Wed\\\",\\r\\n      \\\"monthsInterval\\\": \\\"1\\\",\\r\\n      \\\"dayOfWeekOrdinal\\\": \\\"1\\\"\\r\\n    },\\r\\n    {\\r\\n      \\\"ruleType\\\": {\\r\\n        \\\"name\\\": \\\"monthlyByDayOfWeek\\\",\\r\\n        \\\"title\\\": \\\"Monthly, by Day of Week\\\"\\r\\n      },\\r\\n      \\\"uiTemplateName\\\": \\\"fields-monthlyByDayOfWeek_Template\\\",\\r\\n      \\\"showRepeatUntilDate\\\": false,\\r\\n      \\\"showRepeatUntilCount\\\": false,\\r\\n      \\\"repeatUntilType\\\": \\\"forever\\\",\\r\\n      \\\"repeatForever\\\": 1,\\r\\n      \\\"daysOfWeek\\\": \\\"Wed\\\",\\r\\n      \\\"monthsInterval\\\": \\\"1\\\",\\r\\n      \\\"dayOfWeekOrdinal\\\": \\\"3\\\"\\r\\n    }\\r\\n  ]\\r\\n}\"},\"184\":[\"242\"],\"135\":\"<p>Workshop for children and teens who have an adult family member with cancer. Utilizing art, play, and discussion, children and their parents interact with families in similar situations.<\\/p><p>KidShop\\/TeenShop Theme for April:<br>April Showers: Washing away those Winter Doldrums<\\/p>\",\"107\":\"\",\"176\":[\"254\"],\"87\":\"\",\"200\":[\"150\"]}}','2015-04-19 18:44:00','2015-04-19 18:44:00','c7bf6bfe-a6f1-4c48-9f98-5a40dc7d88a0'),(307,248,7,4,'en_us',2,'','{\"typeId\":\"8\",\"authorId\":\"4\",\"title\":\"Grief Support Group\",\"slug\":\"grief-support-group\",\"postDate\":1429467480,\"expiryDate\":null,\"enabled\":1,\"fields\":{\"197\":\"julie@d-i.co\",\"258\":\"julie@d-i.co\",\"259\":\"{title}\",\"174\":[\"83\"],\"184\":[\"134\"],\"177\":\"\",\"135\":\"<p>Twice-monthly group for those who have lost an adult loved one to cancer. <strong>Advance registration required with Susan Marinac LISW-S, MT-BC (West) or Mary Fisher Bornstein, LISW-S (East)<\\/strong><\\/p>\",\"257\":\"Julie\",\"175\":\"\",\"176\":\"\",\"144\":\"\",\"195\":[\"201\",\"202\"],\"87\":\"\",\"194\":\"\",\"193\":\"\"}}','2015-04-19 22:58:06','2015-04-19 22:58:06','70f34210-6f0a-4721-abeb-8005da891ae2'),(308,248,7,4,'en_us',3,'','{\"typeId\":\"8\",\"authorId\":\"4\",\"title\":\"Grief Support Group\",\"slug\":\"grief-support-group\",\"postDate\":1429467480,\"expiryDate\":null,\"enabled\":1,\"fields\":{\"197\":\"julie@d-i.co\",\"258\":\"julie@d-i.co\",\"259\":\"{title}\",\"174\":[\"83\"],\"184\":[\"134\"],\"177\":\"\",\"135\":\"<p>Twice-monthly group for those who have lost an adult loved one to cancer. <strong>Advance registration required with Susan Marinac LISW-S, MT-BC (West) or Mary Fisher Bornstein, LISW-S (East)<\\/strong><\\/p>\",\"257\":\"Julie\",\"175\":\"\",\"176\":\"\",\"144\":\"\",\"195\":[\"201\",\"202\"],\"87\":\"\",\"260\":\"testEntryForm\",\"261\":\"2\",\"194\":\"\",\"193\":\"\"}}','2015-04-19 23:12:16','2015-04-19 23:12:16','26b77624-a000-4cd2-9286-9dd05d7d6fcf'),(309,76,14,4,'en_us',10,'','{\"typeId\":\"16\",\"authorId\":null,\"title\":\"Volunteer\",\"slug\":\"volunteer\",\"postDate\":1425505707,\"expiryDate\":null,\"enabled\":1,\"fields\":{\"202\":{\"161\":{\"type\":\"formInfo\",\"enabled\":\"1\",\"fields\":{\"formHeader\":\"Become a Volunteer\",\"formOverview\":\"Lorem ipsum dolor sit amet, dicant sanctus ut quo, sententiae interesset duo an. Virtute nostrud persequeris no has, at mei choro appellantur reprehendunt. Omnes adolescens reprehendunt eu vel. Per tollit dictas civibus ut.\"}}},\"174\":[\"118\"],\"135\":\"<p>Overview of volunteering opportunities at The Gathering Place.<\\/p>\",\"270\":\"volunteerForm\",\"87\":[\"132\"]}}','2015-04-19 23:50:21','2015-04-19 23:50:21','02b1d031-89c0-418a-bc90-99a1d6217aa1'),(310,76,14,4,'en_us',11,'','{\"typeId\":\"16\",\"authorId\":null,\"title\":\"Volunteer\",\"slug\":\"volunteer\",\"postDate\":1425505707,\"expiryDate\":null,\"enabled\":1,\"fields\":{\"202\":{\"161\":{\"type\":\"formInfo\",\"enabled\":\"1\",\"fields\":{\"formHeader\":\"Become a Volunteer\",\"formOverview\":\"Lorem ipsum dolor sit amet, dicant sanctus ut quo, sententiae interesset duo an. Virtute nostrud persequeris no has, at mei choro appellantur reprehendunt. Omnes adolescens reprehendunt eu vel. Per tollit dictas civibus ut.\"}}},\"174\":[\"118\"],\"135\":\"<p>Overview of volunteering opportunities at The Gathering Place.<\\/p>\",\"270\":\"volunteerForm\",\"87\":[\"132\"]}}','2015-04-20 15:02:54','2015-04-20 15:02:54','12d46ca8-dcd7-4b31-b067-c9356ab53d1d'),(311,158,7,4,'en_us',3,'','{\"typeId\":\"8\",\"authorId\":\"4\",\"title\":\"Tai Chi\",\"slug\":\"tai-chi\",\"postDate\":1425587940,\"expiryDate\":null,\"enabled\":1,\"fields\":{\"174\":[\"82\"],\"184\":[\"134\"],\"177\":\"\",\"135\":\"<p>Focus on wellness and what you can do to boost your energy, open up and release tension. Movements are done in a standing and seated position and you may sit at anytime. Tai chi increases leg strength, balance and flexibility. <strong>Advance registration by calling 216.595.9546 or by email (see below).<\\/strong><\\/p><p><strong>TGP East: <\\/strong><br>Wednesdays, 2:00-3:15 pm, Susan Cady<br>Thursdays, 11:00 am-12:15 pm, Charlene Nevans<\\/p><p><strong><a href=\\\"mailto:kohn@touchedbycancer.org\\\" target=\\\"_blank\\\">Click here<\\/a> to email Betsy Kohn, MA, PC, and let her know you are interested in Tai Chi. She will contact you to complete registration. Please include your name and phone number in the email.<\\/strong><\\/p><p><strong>TGP West:<br><\\/strong>Thursdays, 6:30-7:45 pm, Michael Stadul<\\/p><p><strong><a href=\\\"mailto:marinac@touchedbycancer.org\\\" target=\\\"_blank\\\">Click here<\\/a><\\/strong><strong> <\\/strong><strong>to email Susan Marinac, LISW-S, MT-BC, and let her know you are interested in Tai Chi. She will contact you to complete registration. Please include your name and phone number in the email.<\\/strong><\\/p>\",\"175\":[\"93\",\"156\"],\"270\":\"taiChiForm\",\"176\":[\"116\"],\"144\":[\"98\",\"100\"],\"195\":\"\",\"87\":[\"35\"],\"194\":\"\",\"193\":\"\"}}','2015-04-20 16:36:27','2015-04-20 16:36:27','a7d6678b-a143-4370-b208-fdfa9e986683'),(312,158,7,4,'en_us',4,'','{\"typeId\":\"8\",\"authorId\":\"4\",\"title\":\"Tai Chi\",\"slug\":\"tai-chi\",\"postDate\":1425587940,\"expiryDate\":null,\"enabled\":1,\"fields\":{\"174\":[\"82\"],\"184\":[\"134\"],\"177\":\"\",\"135\":\"<p>Focus on wellness and what you can do to boost your energy, open up and release tension. Movements are done in a standing and seated position and you may sit at anytime. Tai chi increases leg strength, balance and flexibility. <strong>Advance registration by calling 216.595.9546 or by email (see below).<\\/strong><\\/p><p><strong>TGP East: <\\/strong><br>Wednesdays, 2:00-3:15 pm, Susan Cady<br>Thursdays, 11:00 am-12:15 pm, Charlene Nevans<\\/p><p><strong><a href=\\\"mailto:kohn@touchedbycancer.org\\\" target=\\\"_blank\\\">Click here<\\/a> to email Betsy Kohn, MA, PC, and let her know you are interested in Tai Chi. She will contact you to complete registration. Please include your name and phone number in the email.<\\/strong><\\/p><p><strong>TGP West:<br><\\/strong>Thursdays, 6:30-7:45 pm, Michael Stadul<\\/p><p><strong><a href=\\\"mailto:marinac@touchedbycancer.org\\\" target=\\\"_blank\\\">Click here<\\/a><\\/strong><strong> <\\/strong><strong>to email Susan Marinac, LISW-S, MT-BC, and <\\/strong><\\/p>\",\"175\":[\"93\",\"156\"],\"270\":\"taiChiForm\",\"176\":[\"116\"],\"144\":[\"98\",\"100\"],\"195\":\"\",\"87\":[\"35\"],\"194\":\"<p>Please get in touch with the instructor to let her<strong> <\\/strong>know you are interested in Tai Chi. She will contact you to complete registration. Please include your name and phone number in the email.<span><\\/span><\\/p>\",\"193\":\"\"}}','2015-04-20 17:14:00','2015-04-20 17:14:00','44079efa-c643-4709-b348-38af90767768'),(313,158,7,4,'en_us',5,'','{\"typeId\":\"8\",\"authorId\":\"4\",\"title\":\"Tai Chi\",\"slug\":\"tai-chi\",\"postDate\":1425587940,\"expiryDate\":null,\"enabled\":1,\"fields\":{\"174\":[\"82\"],\"184\":[\"134\"],\"177\":\"\",\"135\":\"<p>Focus on wellness and what you can do to boost your energy, open up and release tension. Movements are done in a standing and seated position and you may sit at anytime. Tai chi increases leg strength, balance and flexibility. <strong>Advance registration by calling 216.595.9546 or by email (see below).<\\/strong><\\/p><p><strong>TGP East: <\\/strong><br>Wednesdays, 2:00-3:15 pm, Susan Cady<br>Thursdays, 11:00 am-12:15 pm, Charlene Nevans<\\/p><p><strong><a href=\\\"mailto:kohn@touchedbycancer.org\\\" target=\\\"_blank\\\">Click here<\\/a> to email Betsy Kohn, MA, PC, and let her know you are interested in Tai Chi. She will contact you to complete registration. Please include your name and phone number in the email.<\\/strong><\\/p><p><strong>TGP West:<br><\\/strong>Thursdays, 6:30-7:45 pm, Michael Stadul<\\/p><p><strong><a href=\\\"mailto:marinac@touchedbycancer.org\\\" target=\\\"_blank\\\">Click here<\\/a><\\/strong><strong> <\\/strong><strong>to email Susan Marinac, LISW-S, MT-BC, and <\\/strong><\\/p>\",\"175\":[\"93\",\"156\"],\"270\":\"taiChiForm\",\"176\":[\"116\"],\"144\":[\"98\",\"100\"],\"195\":\"\",\"87\":[\"35\"],\"194\":\"<p>Please get in touch with the instructor to let her<strong> <\\/strong>know you are interested in Tai Chi. She will contact you to complete registration. Please include your name and phone number in the email.<\\/p>\",\"193\":\"\"}}','2015-04-20 17:32:03','2015-04-20 17:32:03','05f17eb3-0b26-4879-8e01-23cb4f7cfa3a'),(314,158,7,4,'en_us',6,'','{\"typeId\":\"8\",\"authorId\":\"4\",\"title\":\"Tai Chi\",\"slug\":\"tai-chi\",\"postDate\":1425587940,\"expiryDate\":null,\"enabled\":1,\"fields\":{\"174\":[\"82\"],\"184\":[\"134\"],\"177\":\"\",\"135\":\"<p>Focus on wellness and what you can do to boost your energy, open up and release tension. Movements are done in a standing and seated position and you may sit at anytime. Tai chi increases leg strength, balance and flexibility. <strong>Advance registration by calling 216.595.9546 or by email (see below).<\\/strong><\\/p><p><strong>TGP East: <\\/strong><br>Wednesdays, 2:00-3:15 pm, Susan Cady<br>Thursdays, 11:00 am-12:15 pm, Charlene Nevans<\\/p><p><strong>Contact: Betsy Kohn, MA, PC<\\/strong><\\/p><p><strong>TGP West:<br><\\/strong>Thursdays, 6:30-7:45 pm, Michael Stadul<\\/p><p><strong>Contact: Susan Marinac, LISW-S, MT-BC<\\/strong><\\/p>\",\"276\":{\"new1\":{\"type\":\"contactButton\",\"enabled\":\"1\",\"fields\":{\"contactName\":\"Betsy Kohn - East\",\"contactEmailAddress\":\"kohn@touchedbycancer.org\"}}},\"275\":\"<p>Please get in touch with the instructor to let her<strong> <\\/strong>know you are interested in Tai Chi. She will contact you to complete registration. Please include your name and phone number in the email.<\\/p>\",\"175\":[\"93\",\"156\"],\"176\":[\"116\"],\"144\":[\"98\",\"100\"],\"195\":[\"200\",\"201\"],\"87\":[\"35\"],\"194\":\"<p>Please get in touch with the instructor to let her<strong> <\\/strong>know you are interested in Tai Chi. She will contact you to complete registration. Please include your name and phone number in the email.<\\/p>\",\"193\":\"\"}}','2015-04-20 17:41:02','2015-04-20 17:41:02','6d4e4a6d-6053-4247-8eef-1f238b3fddfa'),(315,158,7,4,'en_us',7,'','{\"typeId\":\"8\",\"authorId\":\"4\",\"title\":\"Tai Chi\",\"slug\":\"tai-chi\",\"postDate\":1425587940,\"expiryDate\":null,\"enabled\":1,\"fields\":{\"174\":[\"82\"],\"184\":[\"134\"],\"177\":\"\",\"135\":\"<p>Focus on wellness and what you can do to boost your energy, open up and release tension. Movements are done in a standing and seated position and you may sit at anytime. Tai chi increases leg strength, balance and flexibility. <strong>Advance registration by calling 216.595.9546 or by email (see below).<\\/strong><\\/p><p><strong>TGP East: <\\/strong><br>Wednesdays, 2:00-3:15 pm, Susan Cady<br>Thursdays, 11:00 am-12:15 pm, Charlene Nevans<\\/p><p><strong>Contact: Betsy Kohn, MA, PC<\\/strong><\\/p><p><strong>TGP West:<br><\\/strong>Thursdays, 6:30-7:45 pm, Michael Stadul<\\/p><p><strong>Contact: Susan Marinac, LISW-S, MT-BC<\\/strong><\\/p>\",\"276\":{\"256\":{\"type\":\"contactButton\",\"enabled\":\"1\",\"fields\":{\"contactName\":\"Betsy Kohn - East\",\"contactEmailAddress\":\"kohn@touchedbycancer.org\"}},\"new1\":{\"type\":\"contactButton\",\"enabled\":\"1\",\"fields\":{\"contactName\":\"Susan Marinac - West\",\"contactEmailAddress\":\"marinac@touchecbycancer.org\"}}},\"275\":\"<p>Please get in touch with the instructor to let her<strong> <\\/strong>know you are interested in Tai Chi. She will contact you to complete registration. Please include your name and phone number in the email.<\\/p>\",\"175\":[\"93\",\"156\"],\"176\":[\"116\"],\"144\":[\"98\",\"100\"],\"195\":[\"200\",\"201\"],\"87\":[\"35\"],\"194\":\"<p>Please get in touch with the instructor to let her<strong> <\\/strong>know you are interested in Tai Chi. She will contact you to complete registration. Please include your name and phone number in the email.<\\/p>\",\"193\":\"\"}}','2015-04-20 17:41:28','2015-04-20 17:41:28','6b272dd5-03f3-4537-908b-198164d5ffc2'),(316,248,7,4,'en_us',4,'','{\"typeId\":\"8\",\"authorId\":\"4\",\"title\":\"Grief Support Group\",\"slug\":\"grief-support-group\",\"postDate\":1429467480,\"expiryDate\":null,\"enabled\":1,\"fields\":{\"174\":[\"83\"],\"184\":[\"134\"],\"177\":\"\",\"135\":\"<p>Twice-monthly group for those who have lost an adult loved one to cancer. <strong>Advance registration required with Susan Marinac LISW-S, MT-BC (West) or Mary Fisher Bornstein, LISW-S (East)<\\/strong><\\/p>\",\"276\":{\"new1\":{\"type\":\"contactButton\",\"enabled\":\"1\",\"fields\":{\"contactName\":\"Susan Marinac - West\",\"contactEmailAddress\":\"marinact@touchedbycancer.org\"}},\"new2\":{\"type\":\"contactButton\",\"enabled\":\"1\",\"fields\":{\"contactName\":\"Mary Fisher Bornstein - East\",\"contactEmailAddress\":\"bornstein@touchedbycancer.org\"}}},\"275\":\"\",\"175\":\"\",\"176\":\"\",\"144\":\"\",\"195\":[\"201\",\"202\"],\"87\":\"\",\"194\":\"\",\"193\":\"\"}}','2015-04-20 17:42:38','2015-04-20 17:42:38','ba90afc0-b86e-4df0-9df7-d3715da46d9e'),(317,260,15,1,'en_us',1,'','{\"typeId\":\"17\",\"authorId\":\"1\",\"title\":\"Kris Austin\",\"slug\":\"kris-austin\",\"postDate\":1429553584,\"expiryDate\":null,\"enabled\":1,\"fields\":{\"191\":\"I\'m Kris, and I\'m awesome.\",\"190\":\"I\'m Kris, and I\'m awesome.\",\"192\":\"kris@test.com\",\"189\":[\"196\"],\"180\":\"Marketing Director\",\"188\":\"MSED\"}}','2015-04-20 18:13:04','2015-04-20 18:13:04','d2c0ce50-1b41-444d-bab2-9b17ce66d899'),(318,260,15,1,'en_us',2,'','{\"typeId\":\"17\",\"authorId\":\"1\",\"title\":\"Kris Austin\",\"slug\":\"kris-austin\",\"postDate\":1429553580,\"expiryDate\":null,\"enabled\":1,\"fields\":{\"191\":\"I\'m Kris, and I\'m awesome.\",\"190\":\"I\'m Kris, and I\'m awesome.\",\"192\":\"kris@test.com\",\"189\":[\"261\"],\"180\":\"Marketing Director\",\"188\":\"MSED\"}}','2015-04-20 18:16:17','2015-04-20 18:16:17','fe7748e9-8121-4138-833e-367efdf2c15b'),(319,35,4,1,'en_us',26,'','{\"typeId\":\"4\",\"authorId\":\"4\",\"title\":\"Sample Story 1\",\"slug\":\"sample-story-1\",\"postDate\":1424217600,\"expiryDate\":null,\"enabled\":1,\"fields\":{\"174\":[\"82\"],\"177\":\"\",\"175\":[\"93\",\"156\",\"159\"],\"176\":[\"158\"],\"144\":[\"102\",\"103\",\"104\"],\"87\":[\"38\",\"113\"],\"67\":{\"36\":{\"type\":\"storyInfoBlock\",\"enabled\":\"1\",\"fields\":{\"storyHeaderImage\":[\"242\"],\"storySubtitle\":\"The Gripping Tale of How I Tested Adding a Story\",\"storyText\":\"<p>Lorem ipsum dolor sit amet, ius ex putent euripidis assentior, nec munere omnium accumsan eu, eam case aliquam nusquam ne. Eruditi corpora eu eum, ei mei malis scripserit. Porro quaestio efficiendi vis ad. Mel in audiam appellantur, ludus omittantur ut eam. No iusto consulatu mel, vel an wisi assum possim, accumsan invenire atomorum eum eu.\\r\\n<\\/p><p>\\r\\n\\tNe vidit vocibus referrentur ius, ne graeci electram vis. <em>Augue fuisset ut cum. <\\/em>Nibh meliore quo et. Ad nec sumo essent liberavisse, id eam modo scaevola. Has nostrud ullamcorper ea. Nec et purto lucilius. Ne nisl oportere eos, nec dicta phaedrum no.\\r\\n<\\/p><p>\\r\\n\\t<strong>Te duo scripta apeirian atomorum<\\/strong>, ad duo alii veniam tibique. Ne his oratio regione, ea duo ornatus sententiae repudiandae. Te vix mazim putant, reque voluptua sea ne. Graece delicata definitiones usu cu, in mei apeirian elaboraret. Alii dolores sed et, quas vocibus pri at.\\r\\n<\\/p><p><img src=\\\"\\/uploads\\/images\\/janiss.jpg#asset:109:url\\\" alt=\\\"\\\" style=\\\"float: right; margin: 0px 0px 10px 10px;\\\"><\\/p><ul>\\r\\n\\t<li>An vis dictas timeam necessitatibus, est eu choro nullam laoreet.<\\/li>\\r\\n\\t<li>Eos in elitr copiosae, tation dolores detracto id qui, eum inani denique te. <\\/li>\\r\\n\\t<li>Id per porro graecis, quo repudiare iracundia interpretaris no.<\\/li>\\r\\n\\t<li>An ridens facilisis nec, eos eu soluta persequeris repudiandae, sonet nihil doctus per cu. <\\/li>\\r\\n\\t<li>Cu eos explicari pertinacia, cum te autem saepe.<\\/li>\\r\\n<\\/ul><p>\\r\\n\\tClita omnesque per et. Pri vitae debitis voluptua et. Est nulla vidisse sanctus eu, veritus iracundia ius no. Usu posse definiebas an, quo odio rebum euismod id, eu commodo minimum partiendo cum. Mel etiam nusquam placerat id, in est modus liber vituperata. Eum postea conclusionemque at, vel iusto ludus facilisis ei.\\r\\n<\\/p><p>\\r\\n\\tQui tation nostrud an, ex pri amet pericula. Mazim postea deserunt vim ne, quo an dicant insolens deserunt. Ea ius modo natum eruditi, et est iudico suavitate suscipiantur, omnes convenire voluptatum in per. Ut nec suas diceret referrentur. Pro ex equidem propriae, ius recteque salutandi sadipscing in, id ipsum lucilius reprehendunt qui. Cu magna impedit menandri mea, has ex cetero nusquam, novum iriure legendos sea ut. Pri utamur iisque commune ut, vero hendrerit repudiandae ea per.\\r\\n<\\/p><p><img src=\\\"\\/uploads\\/images\\/lighthouse.jpg#asset:134:url\\\">Eu eum virtute quaeque accommodare. Ex homero nonumy nec, no idque quodsi sed, veri adhuc oblique mea no. Ullamcorper intellegebat conclusionemque in eos. Dicta dissentias ne sea. Mea primis dictas ei.\\r\\n<\\/p>\",\"additionalImages\":\"\",\"relevantLink\":\"http:\\/\\/tgp.d-i.co\"}}},\"2\":\"\"}}','2015-04-20 18:26:26','2015-04-20 18:26:26','297beb2d-01fd-4481-b4d9-4ea467cd1dba'),(320,35,4,1,'en_us',27,'','{\"typeId\":\"4\",\"authorId\":\"4\",\"title\":\"Sample Story 1\",\"slug\":\"sample-story-1\",\"postDate\":1424217600,\"expiryDate\":null,\"enabled\":1,\"fields\":{\"174\":[\"82\"],\"177\":\"\",\"175\":[\"93\",\"156\",\"159\"],\"176\":[\"158\"],\"144\":[\"102\",\"103\",\"104\"],\"87\":[\"38\",\"113\"],\"67\":{\"36\":{\"type\":\"storyInfoBlock\",\"enabled\":\"1\",\"fields\":{\"storyHeaderImage\":[\"262\"],\"storySubtitle\":\"The Gripping Tale of How I Tested Adding a Story\",\"storyText\":\"<p>Lorem ipsum dolor sit amet, ius ex putent euripidis assentior, nec munere omnium accumsan eu, eam case aliquam nusquam ne. Eruditi corpora eu eum, ei mei malis scripserit. Porro quaestio efficiendi vis ad. Mel in audiam appellantur, ludus omittantur ut eam. No iusto consulatu mel, vel an wisi assum possim, accumsan invenire atomorum eum eu.\\r\\n<\\/p><p>\\r\\n\\tNe vidit vocibus referrentur ius, ne graeci electram vis. <em>Augue fuisset ut cum. <\\/em>Nibh meliore quo et. Ad nec sumo essent liberavisse, id eam modo scaevola. Has nostrud ullamcorper ea. Nec et purto lucilius. Ne nisl oportere eos, nec dicta phaedrum no.\\r\\n<\\/p><p>\\r\\n\\t<strong>Te duo scripta apeirian atomorum<\\/strong>, ad duo alii veniam tibique. Ne his oratio regione, ea duo ornatus sententiae repudiandae. Te vix mazim putant, reque voluptua sea ne. Graece delicata definitiones usu cu, in mei apeirian elaboraret. Alii dolores sed et, quas vocibus pri at.\\r\\n<\\/p><p><img src=\\\"\\/uploads\\/images\\/janiss.jpg#asset:109:url\\\" alt=\\\"\\\" style=\\\"float: right; margin: 0px 0px 10px 10px;\\\"><\\/p><ul>\\r\\n\\t<li>An vis dictas timeam necessitatibus, est eu choro nullam laoreet.<\\/li>\\r\\n\\t<li>Eos in elitr copiosae, tation dolores detracto id qui, eum inani denique te. <\\/li>\\r\\n\\t<li>Id per porro graecis, quo repudiare iracundia interpretaris no.<\\/li>\\r\\n\\t<li>An ridens facilisis nec, eos eu soluta persequeris repudiandae, sonet nihil doctus per cu. <\\/li>\\r\\n\\t<li>Cu eos explicari pertinacia, cum te autem saepe.<\\/li>\\r\\n<\\/ul><p>\\r\\n\\tClita omnesque per et. Pri vitae debitis voluptua et. Est nulla vidisse sanctus eu, veritus iracundia ius no. Usu posse definiebas an, quo odio rebum euismod id, eu commodo minimum partiendo cum. Mel etiam nusquam placerat id, in est modus liber vituperata. Eum postea conclusionemque at, vel iusto ludus facilisis ei.\\r\\n<\\/p><p>\\r\\n\\tQui tation nostrud an, ex pri amet pericula. Mazim postea deserunt vim ne, quo an dicant insolens deserunt. Ea ius modo natum eruditi, et est iudico suavitate suscipiantur, omnes convenire voluptatum in per. Ut nec suas diceret referrentur. Pro ex equidem propriae, ius recteque salutandi sadipscing in, id ipsum lucilius reprehendunt qui. Cu magna impedit menandri mea, has ex cetero nusquam, novum iriure legendos sea ut. Pri utamur iisque commune ut, vero hendrerit repudiandae ea per.\\r\\n<\\/p><p><img src=\\\"\\/uploads\\/images\\/lighthouse.jpg#asset:134:url\\\">Eu eum virtute quaeque accommodare. Ex homero nonumy nec, no idque quodsi sed, veri adhuc oblique mea no. Ullamcorper intellegebat conclusionemque in eos. Dicta dissentias ne sea. Mea primis dictas ei.\\r\\n<\\/p>\",\"additionalImages\":\"\",\"relevantLink\":\"http:\\/\\/tgp.d-i.co\"}}},\"2\":\"\"}}','2015-04-20 18:28:01','2015-04-20 18:28:01','d3b2a459-1ef3-4997-8690-6fc005cd6202'),(321,35,4,1,'en_us',28,'','{\"typeId\":\"4\",\"authorId\":\"4\",\"title\":\"Sample Story 1\",\"slug\":\"sample-story-1\",\"postDate\":1424217600,\"expiryDate\":null,\"enabled\":1,\"fields\":{\"174\":[\"82\"],\"177\":\"\",\"175\":[\"93\",\"156\",\"159\"],\"176\":[\"158\"],\"144\":[\"102\",\"103\",\"104\"],\"87\":[\"38\",\"113\"],\"67\":{\"36\":{\"type\":\"storyInfoBlock\",\"enabled\":\"1\",\"fields\":{\"storyHeaderImage\":[\"262\"],\"storySubtitle\":\"The Gripping Tale of How I Tested Adding a Story\",\"storyText\":\"<p>\\r\\n\\tLorem ipsum dolor sit amet, ius ex putent euripidis assentior, nec munere omnium accumsan eu, eam case aliquam nusquam ne. Eruditi corpora eu eum, ei mei malis scripserit. Porro quaestio efficiendi vis ad. Mel in audiam appellantur, ludus omittantur ut eam. No iusto consulatu mel, vel an wisi assum possim, accumsan invenire atomorum eum eu.\\r\\n<\\/p>\\r\\n<p>\\r\\n\\tNe vidit vocibus referrentur ius, ne graeci electram vis. \\r\\n\\t<em>Augue fuisset ut cum. <\\/em>Nibh meliore quo et. Ad nec sumo essent liberavisse, id eam modo scaevola. Has nostrud ullamcorper ea. Nec et purto lucilius. Ne nisl oportere eos, nec dicta phaedrum no.\\r\\n<\\/p>\\r\\n<p>\\r\\n\\t<strong>Te duo scripta apeirian atomorum<\\/strong>, ad duo alii veniam tibique. Ne his oratio regione, ea duo ornatus sententiae repudiandae. Te vix mazim putant, reque voluptua sea ne. Graece delicata definitiones usu cu, in mei apeirian elaboraret. Alii dolores sed et, quas vocibus pri at.\\r\\n<\\/p>\\r\\n<p>\\r\\n\\t<img src=\\\"\\/uploads\\/images\\/janiss.jpg#asset:109:url\\\" alt=\\\"\\\" style=\\\"float: right; margin: 0px 0px 10px 10px;\\\">\\r\\n<\\/p>\\r\\n<ul>\\r\\n\\t<li>An vis dictas timeam necessitatibus, est eu choro nullam laoreet.<\\/li>\\r\\n\\t<li>Eos in elitr copiosae, tation dolores detracto id qui, eum inani denique te. <\\/li>\\r\\n\\t<li>Id per porro graecis, quo repudiare iracundia interpretaris no.<\\/li>\\r\\n\\t<li>An ridens facilisis nec, eos eu soluta persequeris repudiandae, sonet nihil doctus per cu. <\\/li>\\r\\n\\t<li>Cu eos explicari pertinacia, cum te autem saepe.<\\/li>\\r\\n<\\/ul>\\r\\n<p>\\r\\n\\tClita omnesque per et. Pri vitae debitis voluptua et. Est nulla vidisse sanctus eu, veritus iracundia ius no. Usu posse definiebas an, quo odio rebum euismod id, eu commodo minimum partiendo cum. Mel etiam nusquam placerat id, in est modus liber vituperata. Eum postea conclusionemque at, vel iusto ludus facilisis ei.\\r\\n<\\/p>\\r\\n<p>\\r\\n\\tQui tation nostrud an, ex pri amet pericula. Mazim postea deserunt vim ne, quo an dicant insolens deserunt. Ea ius modo natum eruditi, et est iudico suavitate suscipiantur, omnes convenire voluptatum in per. Ut nec suas diceret referrentur. Pro ex equidem propriae, ius recteque salutandi sadipscing in, id ipsum lucilius reprehendunt qui. Cu magna impedit menandri mea, has ex cetero nusquam, novum iriure legendos sea ut. Pri utamur iisque commune ut, vero hendrerit repudiandaeea per.\\r\\n<\\/p>\\r\\n\\r\\n<iframe width=\\\"100%\\\" src=\\\"https:\\/\\/www.youtube.com\\/embed\\/zlhrkN4rkx8\\\" frameborder=\\\"0\\\" allowfullscreen=\\\"\\\">\\r\\n<\\/iframe>\\r\\n<p>\\r\\n\\tEu eum virtute quaeque accommodare. Ex homero nonumy nec, no idque quodsi sed, veri adhuc oblique mea no. Ullamcorper intellegebat conclusionemque in eos. Dicta dissentias ne sea. Mea primis dictas ei.\\r\\n<\\/p>\",\"additionalImages\":\"\",\"relevantLink\":\"http:\\/\\/tgp.d-i.co\"}}},\"2\":\"\"}}','2015-04-20 18:29:59','2015-04-20 18:29:59','b5c57ef2-55b9-4719-b230-62759e9c92bf'),(322,35,4,1,'en_us',29,'','{\"typeId\":\"4\",\"authorId\":\"4\",\"title\":\"Sample Story 1\",\"slug\":\"sample-story-1\",\"postDate\":1424217600,\"expiryDate\":null,\"enabled\":1,\"fields\":{\"174\":[\"82\"],\"177\":\"\",\"175\":[\"93\",\"156\",\"159\"],\"176\":[\"158\"],\"144\":[\"102\",\"103\",\"104\"],\"87\":[\"38\",\"113\"],\"67\":{\"36\":{\"type\":\"storyInfoBlock\",\"enabled\":\"1\",\"fields\":{\"storyHeaderImage\":[\"262\"],\"storySubtitle\":\"The Gripping Tale of How I Tested Adding a Story\",\"storyText\":\"<p>\\r\\n\\tLorem ipsum dolor sit amet, ius ex putent euripidis assentior, nec munere omnium accumsan eu, eam case aliquam nusquam ne. Eruditi corpora eu eum, ei mei malis scripserit. Porro quaestio efficiendi vis ad. Mel in audiam appellantur, ludus omittantur ut eam. No iusto consulatu mel, vel an wisi assum possim, accumsan invenire atomorum eum eu.\\r\\n<\\/p>\\r\\n<p>\\r\\n\\tNe vidit vocibus referrentur ius, ne graeci electram vis. \\r\\n\\t<em>Augue fuisset ut cum. <\\/em>Nibh meliore quo et. Ad nec sumo essent liberavisse, id eam modo scaevola. Has nostrud ullamcorper ea. Nec et purto lucilius. Ne nisl oportere eos, nec dicta phaedrum no.\\r\\n<\\/p>\\r\\n<p>\\r\\n\\t<strong>Te duo scripta apeirian atomorum<\\/strong>, ad duo alii veniam tibique. Ne his oratio regione, ea duo ornatus sententiae repudiandae. Te vix mazim putant, reque voluptua sea ne. Graece delicata definitiones usu cu, in mei apeirian elaboraret. Alii dolores sed et, quas vocibus pri at.\\r\\n<\\/p>\\r\\n<p>\\r\\n\\t<img src=\\\"\\/uploads\\/images\\/janiss.jpg#asset:109:url\\\" alt=\\\"\\\" style=\\\"float: right; margin: 0px 0px 10px 10px;\\\">\\r\\n<\\/p>\\r\\n<ul>\\r\\n\\t<li>An vis dictas timeam necessitatibus, est eu choro nullam laoreet.<\\/li>\\r\\n\\t<li>Eos in elitr copiosae, tation dolores detracto id qui, eum inani denique te. <\\/li>\\r\\n\\t<li>Id per porro graecis, quo repudiare iracundia interpretaris no.<\\/li>\\r\\n\\t<li>An ridens facilisis nec, eos eu soluta persequeris repudiandae, sonet nihil doctus per cu. <\\/li>\\r\\n\\t<li>Cu eos explicari pertinacia, cum te autem saepe.<\\/li>\\r\\n<\\/ul>\\r\\n<p>\\r\\n\\tClita omnesque per et. Pri vitae debitis voluptua et. Est nulla vidisse sanctus eu, veritus iracundia ius no. Usu posse definiebas an, quo odio rebum euismod id, eu commodo minimum partiendo cum. Mel etiam nusquam placerat id, in est modus liber vituperata. Eum postea conclusionemque at, vel iusto ludus facilisis ei.\\r\\n<\\/p>\\r\\n<p>\\r\\n\\tQui tation nostrud an, ex pri amet pericula. Mazim postea deserunt vim ne, quo an dicant insolens deserunt. Ea ius modo natum eruditi, et est iudico suavitate suscipiantur, omnes convenire voluptatum in per. Ut nec suas diceret referrentur. Pro ex equidem propriae, ius recteque salutandi sadipscing in, id ipsum lucilius reprehendunt qui. Cu magna impedit menandri mea, has ex cetero nusquam, novum iriure legendos sea ut. Pri utamur iisque commune ut, vero hendrerit repudiandaeea per.\\r\\n<\\/p>\\r\\n<iframe width=\\\"560\\\" height=\\\"315\\\" src=\\\"https:\\/\\/www.youtube.com\\/embed\\/zlhrkN4rkx8\\\" frameborder=\\\"0\\\" allowfullscreen><\\/iframe>\\r\\n<p>\\r\\n\\tEu eum virtute quaeque accommodare. Ex homero nonumy nec, no idque quodsi sed, veri adhuc oblique mea no. Ullamcorper intellegebat conclusionemque in eos. Dicta dissentias ne sea. Mea primis dictas ei.\\r\\n<\\/p>\",\"additionalImages\":\"\",\"relevantLink\":\"http:\\/\\/tgp.d-i.co\"}}},\"2\":\"\"}}','2015-04-20 18:30:41','2015-04-20 18:30:41','47c46a2e-f9b8-4394-b180-fe624ec2e615'),(323,35,4,1,'en_us',30,'','{\"typeId\":\"4\",\"authorId\":\"4\",\"title\":\"Sample Story 1\",\"slug\":\"sample-story-1\",\"postDate\":1424217600,\"expiryDate\":null,\"enabled\":1,\"fields\":{\"174\":[\"82\"],\"177\":\"\",\"175\":[\"93\",\"156\",\"159\"],\"176\":[\"158\"],\"144\":[\"102\",\"103\",\"104\"],\"87\":[\"38\",\"113\"],\"67\":{\"36\":{\"type\":\"storyInfoBlock\",\"enabled\":\"1\",\"fields\":{\"storyHeaderImage\":[\"262\"],\"storySubtitle\":\"The Gripping Tale of How I Tested Adding a Story\",\"storyText\":\"<p>\\r\\n\\tLorem ipsum dolor sit amet, ius ex putent euripidis assentior, nec munere omnium accumsan eu, eam case aliquam nusquam ne. Eruditi corpora eu eum, ei mei malis scripserit. Porro quaestio efficiendi vis ad. Mel in audiam appellantur, ludus omittantur ut eam. No iusto consulatu mel, vel an wisi assum possim, accumsan invenire atomorum eum eu.\\r\\n<\\/p><p>\\r\\n\\tNe vidit vocibus referrentur ius, ne graeci electram vis. \\r\\n\\t<em>Augue fuisset ut cum. <\\/em>Nibh meliore quo et. Ad nec sumo essent liberavisse, id eam modo scaevola. Has nostrud ullamcorper ea. Nec et purto lucilius. Ne nisl oportere eos, nec dicta phaedrum no.\\r\\n<\\/p><p>\\r\\n\\t<strong>Te duo scripta apeirian atomorum<\\/strong>, ad duo alii veniam tibique. Ne his oratio regione, ea duo ornatus sententiae repudiandae. Te vix mazim putant, reque voluptua sea ne. Graece delicata definitiones usu cu, in mei apeirian elaboraret. Alii dolores sed et, quas vocibus pri at.\\r\\n<\\/p><p>\\r\\n\\t<img src=\\\"\\/uploads\\/images\\/janiss.jpg#asset:109:url\\\" alt=\\\"\\\" style=\\\"float: right; margin: 0px 0px 10px 10px;\\\">\\r\\n<\\/p><ul>\\r\\n\\t<li>An vis dictas timeam necessitatibus, est eu choro nullam laoreet.<\\/li>\\r\\n\\t<li>Eos in elitr copiosae, tation dolores detracto id qui, eum inani denique te. <\\/li>\\r\\n\\t<li>Id per porro graecis, quo repudiare iracundia interpretaris no.<\\/li>\\r\\n\\t<li>An ridens facilisis nec, eos eu soluta persequeris repudiandae, sonet nihil doctus per cu. <\\/li>\\r\\n\\t<li>Cu eos explicari pertinacia, cum te autem saepe.<\\/li>\\r\\n<\\/ul><p>\\r\\n\\tClita omnesque per et. Pri vitae debitis voluptua et. Est nulla vidisse sanctus eu, veritus iracundia ius no. Usu posse definiebas an, quo odio rebum euismod id, eu commodo minimum partiendo cum. Mel etiam nusquam placerat id, in est modus liber vituperata. Eum postea conclusionemque at, vel iusto ludus facilisis ei.\\r\\n<\\/p><p>\\r\\n\\tQui tation nostrud an, ex pri amet pericula. Mazim postea deserunt vim ne, quo an dicant insolens deserunt. Ea ius modo natum eruditi, et est iudico suavitate suscipiantur, omnes convenire voluptatum in per. Ut nec suas diceret referrentur. Pro ex equidem propriae, ius recteque salutandi sadipscing in, id ipsum lucilius reprehendunt qui. Cu magna impedit menandri mea, has ex cetero nusquam, novum iriure legendos sea ut. Pri utamur iisque commune ut, vero hendrerit repudiandaeea per.\\r\\n<\\/p><iframe width=\\\"560\\\" height=\\\"315\\\" src=\\\"https:\\/\\/www.youtube.com\\/embed\\/zlhrkN4rkx8\\\" frameborder=\\\"0\\\" allowfullscreen=\\\"\\\"><\\/iframe><p>\\r\\n\\tEu eum virtute quaeque accommodare. Ex homero nonumy nec, no idque quodsi sed, veri adhuc oblique mea no. Ullamcorper intellegebat conclusionemque in eos. Dicta dissentias ne sea. Mea primis dictas ei.\\r\\n<\\/p>\",\"additionalImages\":\"\",\"relevantLink\":\"http:\\/\\/tgp.d-i.co\"}}},\"2\":\"\"}}','2015-04-20 18:31:49','2015-04-20 18:31:49','15994db2-2376-4440-9405-3f049495276b'),(324,35,4,1,'en_us',31,'','{\"typeId\":\"4\",\"authorId\":\"4\",\"title\":\"Sample Story 1\",\"slug\":\"sample-story-1\",\"postDate\":1424217600,\"expiryDate\":null,\"enabled\":1,\"fields\":{\"174\":[\"82\"],\"177\":\"\",\"175\":[\"93\",\"156\",\"159\"],\"176\":[\"158\"],\"144\":[\"102\",\"103\",\"104\"],\"87\":[\"38\",\"113\"],\"67\":{\"36\":{\"type\":\"storyInfoBlock\",\"enabled\":\"1\",\"fields\":{\"storyHeaderImage\":[\"262\"],\"storySubtitle\":\"The Gripping Tale of How I Tested Adding a Story\",\"storyText\":\"<p>\\r\\n\\tLorem ipsum dolor sit amet, ius ex putent euripidis assentior, nec munere omnium accumsan eu, eam case aliquam nusquam ne. Eruditi corpora eu eum, ei mei malis scripserit. Porro quaestio efficiendi vis ad. Mel in audiam appellantur, ludus omittantur ut eam. No iusto consulatu mel, vel an wisi assum possim, accumsan invenire atomorum eum eu.\\r\\n<\\/p>\\r\\n<p>\\r\\n\\tNe vidit vocibus referrentur ius, ne graeci electram vis. \\r\\n\\t<em>Augue fuisset ut cum. <\\/em>Nibh meliore quo et. Ad nec sumo essent liberavisse, id eam modo scaevola. Has nostrud ullamcorper ea. Nec et purto lucilius. Ne nisl oportere eos, nec dicta phaedrum no.\\r\\n<\\/p>\\r\\n<p>\\r\\n\\t<strong>Te duo scripta apeirian atomorum<\\/strong>, ad duo alii veniam tibique. Ne his oratio regione, ea duo ornatus sententiae repudiandae. Te vix mazim putant, reque voluptua sea ne. Graece delicata definitiones usu cu, in mei apeirian elaboraret. Alii dolores sed et, quas vocibus pri at.\\r\\n<\\/p>\\r\\n<p>\\r\\n\\t<img src=\\\"\\/uploads\\/images\\/janiss.jpg#asset:109:url\\\" alt=\\\"\\\" style=\\\"float: right; margin: 0px 0px 10px 10px;\\\">\\r\\n<\\/p>\\r\\n<ul>\\r\\n\\t<li>An vis dictas timeam necessitatibus, est eu choro nullam laoreet.<\\/li>\\r\\n\\t<li>Eos in elitr copiosae, tation dolores detracto id qui, eum inani denique te. <\\/li>\\r\\n\\t<li>Id per porro graecis, quo repudiare iracundia interpretaris no.<\\/li>\\r\\n\\t<li>An ridens facilisis nec, eos eu soluta persequeris repudiandae, sonet nihil doctus per cu. <\\/li>\\r\\n\\t<li>Cu eos explicari pertinacia, cum te autem saepe.<\\/li>\\r\\n<\\/ul>\\r\\n<p>\\r\\n\\tClita omnesque per et. Pri vitae debitis voluptua et. Est nulla vidisse sanctus eu, veritus iracundia ius no. Usu posse definiebas an, quo odio rebum euismod id, eu commodo minimum partiendo cum. Mel etiam nusquam placerat id, in est modus liber vituperata. Eum postea conclusionemque at, vel iusto ludus facilisis ei.\\r\\n<\\/p>\\r\\n<p>\\r\\n\\tQui tation nostrud an, ex pri amet pericula. Mazim postea deserunt vim ne, quo an dicant insolens deserunt. Ea ius modo natum eruditi, et est iudico suavitate suscipiantur, omnes convenire voluptatum in per. Ut nec suas diceret referrentur. Pro ex equidem propriae, ius recteque salutandi sadipscing in, id ipsum lucilius reprehendunt qui. Cu magna impedit menandri mea, has ex cetero nusquam, novum iriure legendos sea ut. Pri utamur iisque commune ut, vero hendrerit repudiandaeea per.\\r\\n<\\/p>\\r\\n<p>\\r\\n\\tEu eum virtute quaeque accommodare. Ex homero nonumy nec, no idque quodsi sed, veri adhuc oblique mea no. Ullamcorper intellegebat conclusionemque in eos. Dicta dissentias ne sea. Mea primis dictas ei.\\r\\n<\\/p>\",\"additionalImages\":\"\",\"relevantLink\":\"http:\\/\\/tgp.d-i.co\"}}},\"2\":\"\"}}','2015-04-20 18:32:12','2015-04-20 18:32:12','4b9485e2-ad1d-440e-bca1-ac058cba3cd7'),(325,35,4,1,'en_us',32,'','{\"typeId\":\"4\",\"authorId\":\"4\",\"title\":\"Sample Story 1\",\"slug\":\"sample-story-1\",\"postDate\":1424217600,\"expiryDate\":null,\"enabled\":1,\"fields\":{\"174\":[\"82\"],\"177\":\"\",\"175\":[\"93\",\"156\",\"159\"],\"176\":[\"158\"],\"144\":[\"102\",\"103\",\"104\"],\"87\":[\"38\",\"113\"],\"67\":{\"36\":{\"type\":\"storyInfoBlock\",\"enabled\":\"1\",\"fields\":{\"storyHeaderImage\":[\"262\"],\"storySubtitle\":\"The Gripping Tale of How I Tested Adding a Story\",\"storyText\":\"<p>\\r\\n\\tLorem ipsum dolor sit amet, ius ex putent euripidis assentior, nec munere omnium accumsan eu, eam case aliquam nusquam ne. Eruditi corpora eu eum, ei mei malis scripserit. Porro quaestio efficiendi vis ad. Mel in audiam appellantur, ludus omittantur ut eam. No iusto consulatu mel, vel an wisi assum possim, accumsan invenire atomorum eum eu.\\r\\n<\\/p><p>\\r\\n\\tNe vidit vocibus referrentur ius, ne graeci electram vis. \\r\\n\\t<em>Augue fuisset ut cum. <\\/em>Nibh meliore quo et. Ad nec sumo essent liberavisse, id eam modo scaevola. Has nostrud ullamcorper ea. Nec et purto lucilius. Ne nisl oportere eos, nec dicta phaedrum no.<\\/p><p>\\r\\n\\t<strong>Te duo scripta apeirian atomorum<\\/strong>, ad duo alii veniam tibique. Ne his oratio regione, ea duo ornatus sententiae repudiandae. Te vix mazim putant, reque voluptua sea ne. Graece delicata definitiones usu cu, in mei apeirian elaboraret. Alii dolores sed et, quas vocibus pri at.\\r\\n<\\/p><p>\\r\\n\\t<img src=\\\"\\/uploads\\/images\\/janiss.jpg#asset:109:url\\\" alt=\\\"\\\" style=\\\"float: right; margin: 0px 0px 10px 10px;\\\">\\r\\n<\\/p><ul>\\r\\n\\t<li>An vis dictas timeam necessitatibus, est eu choro nullam laoreet.<\\/li>\\r\\n\\t<li>Eos in elitr copiosae, tation dolores detracto id qui, eum inani denique te. <\\/li>\\r\\n\\t<li>Id per porro graecis, quo repudiare iracundia interpretaris no.<\\/li>\\r\\n\\t<li>An ridens facilisis nec, eos eu soluta persequeris repudiandae, sonet nihil doctus per cu. <\\/li>\\r\\n\\t<li>Cu eos explicari pertinacia, cum te autem saepe.<\\/li>\\r\\n<\\/ul><p>\\r\\n\\tClita omnesque per et. Pri vitae debitis voluptua et. Est nulla vidisse sanctus eu, veritus iracundia ius no. Usu posse definiebas an, quo odio rebum euismod id, eu commodo minimum partiendo cum. Mel etiam nusquam placerat id, in est modus liber vituperata. Eum postea conclusionemque at, vel iusto ludus facilisis ei.\\r\\n<\\/p><p>\\r\\n\\tQui tation nostrud an, ex pri amet pericula. Mazim postea deserunt vim ne, quo an dicant insolens deserunt. Ea ius modo natum eruditi, et est iudico suavitate suscipiantur, omnes convenire voluptatum in per. Ut nec suas diceret referrentur. Pro ex equidem propriae, ius recteque salutandi sadipscing in, id ipsum lucilius reprehendunt qui. Cu magna impedit menandri mea, has ex cetero nusquam, novum iriure legendos sea ut. Pri utamur iisque commune ut, vero hendrerit repudiandaeea per.\\r\\n<\\/p><p>\\r\\n\\tEu eum virtute quaeque accommodare. Ex homero nonumy nec, no idque quodsi sed, veri adhuc oblique mea no. Ullamcorper intellegebat conclusionemque in eos. Dicta dissentias ne sea. Mea primis dictas ei.\\r\\n<\\/p>\",\"additionalImages\":[\"195\",\"196\",\"197\",\"198\",\"196\",\"197\",\"198\"],\"relevantLink\":\"http:\\/\\/tgp.d-i.co\"}}},\"2\":\"\"}}','2015-04-20 18:34:22','2015-04-20 18:34:22','8fbb6dec-fd1b-4156-a19d-3058f4bc7b2e'),(326,35,4,1,'en_us',33,'','{\"typeId\":\"4\",\"authorId\":\"4\",\"title\":\"Sample Story 1\",\"slug\":\"sample-story-1\",\"postDate\":1424217600,\"expiryDate\":null,\"enabled\":1,\"fields\":{\"174\":[\"82\"],\"177\":\"\",\"175\":[\"93\",\"156\",\"159\"],\"176\":[\"158\"],\"144\":[\"102\",\"103\",\"104\"],\"87\":[\"38\",\"113\"],\"67\":{\"36\":{\"type\":\"storyInfoBlock\",\"enabled\":\"1\",\"fields\":{\"storyHeaderImage\":[\"262\"],\"storySubtitle\":\"The Gripping Tale of How I Tested Adding a Story\",\"storyText\":\"<p>\\r\\n\\tLorem ipsum dolor sit amet, ius ex putent euripidis assentior, nec munere omnium accumsan eu, eam case aliquam nusquam ne. Eruditi corpora eu eum, ei mei malis scripserit. Porro quaestio efficiendi vis ad. Mel in audiam appellantur, ludus omittantur ut eam. No iusto consulatu mel, vel an wisi assum possim, accumsan invenire atomorum eum eu.\\r\\n<\\/p><p>\\r\\n\\tNe vidit vocibus referrentur ius, ne graeci electram vis. \\r\\n\\t<em>Augue fuisset ut cum. <\\/em>Nibh meliore quo et. Ad nec sumo essent liberavisse, id eam modo scaevola. Has nostrud ullamcorper ea. Nec et purto lucilius. Ne nisl oportere eos, nec dicta phaedrum no.<\\/p><p>\\r\\n\\t<strong>Te duo scripta apeirian atomorum<\\/strong>, ad duo alii veniam tibique. Ne his oratio regione, ea duo ornatus sententiae repudiandae. Te vix mazim putant, reque voluptua sea ne. Graece delicata definitiones usu cu, in mei apeirian elaboraret. Alii dolores sed et, quas vocibus pri at.\\r\\n<\\/p><p>\\r\\n\\t<img src=\\\"\\/uploads\\/images\\/janiss.jpg#asset:109:url\\\" alt=\\\"\\\" style=\\\"float: right; margin: 0px 0px 10px 10px;\\\">\\r\\n<\\/p><ul>\\r\\n\\t<li>An vis dictas timeam necessitatibus, est eu choro nullam laoreet.<\\/li>\\r\\n\\t<li>Eos in elitr copiosae, tation dolores detracto id qui, eum inani denique te. <\\/li>\\r\\n\\t<li>Id per porro graecis, quo repudiare iracundia interpretaris no.<\\/li>\\r\\n\\t<li>An ridens facilisis nec, eos eu soluta persequeris repudiandae, sonet nihil doctus per cu. <\\/li>\\r\\n\\t<li>Cu eos explicari pertinacia, cum te autem saepe.<\\/li>\\r\\n<\\/ul><p>\\r\\n\\tClita omnesque per et. Pri vitae debitis voluptua et. Est nulla vidisse sanctus eu, veritus iracundia ius no. Usu posse definiebas an, quo odio rebum euismod id, eu commodo minimum partiendo cum. Mel etiam nusquam placerat id, in est modus liber vituperata. Eum postea conclusionemque at, vel iusto ludus facilisis ei.\\r\\n<\\/p><p>\\r\\n\\tQui tation nostrud an, ex pri amet pericula. Mazim postea deserunt vim ne, quo an dicant insolens deserunt. Ea ius modo natum eruditi, et est iudico suavitate suscipiantur, omnes convenire voluptatum in per. Ut nec suas diceret referrentur. Pro ex equidem propriae, ius recteque salutandi sadipscing in, id ipsum lucilius reprehendunt qui. Cu magna impedit menandri mea, has ex cetero nusquam, novum iriure legendos sea ut. Pri utamur iisque commune ut, vero hendrerit repudiandaeea per.\\r\\n<\\/p><p>\\r\\n\\tEu eum virtute quaeque accommodare. Ex homero nonumy nec, no idque quodsi sed, veri adhuc oblique mea no. Ullamcorper intellegebat conclusionemque in eos. Dicta dissentias ne sea. Mea primis dictas ei.\\r\\n<\\/p>\",\"additionalImages\":\"\",\"relevantLink\":\"http:\\/\\/tgp.d-i.co\"}}},\"2\":\"\"}}','2015-04-20 18:34:55','2015-04-20 18:34:55','8a586c3c-e68d-43c2-b44c-8438ca0c24f4'),(327,35,4,1,'en_us',34,'','{\"typeId\":\"4\",\"authorId\":\"4\",\"title\":\"Sample Story 1\",\"slug\":\"sample-story-1\",\"postDate\":1424217600,\"expiryDate\":null,\"enabled\":1,\"fields\":{\"174\":[\"82\"],\"177\":\"\",\"175\":[\"93\",\"250\"],\"176\":[\"158\"],\"144\":[\"102\",\"103\"],\"87\":[\"38\",\"113\"],\"67\":{\"36\":{\"type\":\"storyInfoBlock\",\"enabled\":\"1\",\"fields\":{\"storyHeaderImage\":[\"262\"],\"storySubtitle\":\"The Gripping Tale of How I Tested Adding a Story\",\"storyText\":\"<p>\\r\\n\\tLorem ipsum dolor sit amet, ius ex putent euripidis assentior, nec munere omnium accumsan eu, eam case aliquam nusquam ne. Eruditi corpora eu eum, ei mei malis scripserit. Porro quaestio efficiendi vis ad. Mel in audiam appellantur, ludus omittantur ut eam. No iusto consulatu mel, vel an wisi assum possim, accumsan invenire atomorum eum eu.\\r\\n<\\/p><p>\\r\\n\\tNe vidit vocibus referrentur ius, ne graeci electram vis. \\r\\n\\t<em>Augue fuisset ut cum. <\\/em>Nibh meliore quo et. Ad nec sumo essent liberavisse, id eam modo scaevola. Has nostrud ullamcorper ea. Nec et purto lucilius. Ne nisl oportere eos, nec dicta phaedrum no.<\\/p><p>\\r\\n\\t<strong>Te duo scripta apeirian atomorum<\\/strong>, ad duo alii veniam tibique. Ne his oratio regione, ea duo ornatus sententiae repudiandae. Te vix mazim putant, reque voluptua sea ne. Graece delicata definitiones usu cu, in mei apeirian elaboraret. Alii dolores sed et, quas vocibus pri at.\\r\\n<\\/p><p>\\r\\n\\t<img src=\\\"\\/uploads\\/images\\/janiss.jpg#asset:109:url\\\" alt=\\\"\\\" style=\\\"float: right; margin: 0px 0px 10px 10px;\\\">\\r\\n<\\/p><ul>\\r\\n\\t<li>An vis dictas timeam necessitatibus, est eu choro nullam laoreet.<\\/li>\\r\\n\\t<li>Eos in elitr copiosae, tation dolores detracto id qui, eum inani denique te. <\\/li>\\r\\n\\t<li>Id per porro graecis, quo repudiare iracundia interpretaris no.<\\/li>\\r\\n\\t<li>An ridens facilisis nec, eos eu soluta persequeris repudiandae, sonet nihil doctus per cu. <\\/li>\\r\\n\\t<li>Cu eos explicari pertinacia, cum te autem saepe.<\\/li>\\r\\n<\\/ul><p>\\r\\n\\tClita omnesque per et. Pri vitae debitis voluptua et. Est nulla vidisse sanctus eu, veritus iracundia ius no. Usu posse definiebas an, quo odio rebum euismod id, eu commodo minimum partiendo cum. Mel etiam nusquam placerat id, in est modus liber vituperata. Eum postea conclusionemque at, vel iusto ludus facilisis ei.\\r\\n<\\/p><p>\\r\\n\\tQui tation nostrud an, ex pri amet pericula. Mazim postea deserunt vim ne, quo an dicant insolens deserunt. Ea ius modo natum eruditi, et est iudico suavitate suscipiantur, omnes convenire voluptatum in per. Ut nec suas diceret referrentur. Pro ex equidem propriae, ius recteque salutandi sadipscing in, id ipsum lucilius reprehendunt qui. Cu magna impedit menandri mea, has ex cetero nusquam, novum iriure legendos sea ut. Pri utamur iisque commune ut, vero hendrerit repudiandaeea per.\\r\\n<\\/p><p>\\r\\n\\tEu eum virtute quaeque accommodare. Ex homero nonumy nec, no idque quodsi sed, veri adhuc oblique mea no. Ullamcorper intellegebat conclusionemque in eos. Dicta dissentias ne sea. Mea primis dictas ei.\\r\\n<\\/p>\",\"additionalImages\":\"\",\"relevantLink\":\"http:\\/\\/tgp.d-i.co\"}}},\"2\":\"\"}}','2015-04-20 18:37:40','2015-04-20 18:37:40','d64bd3c5-85c1-495d-a7eb-8e48100525f7'),(328,263,5,1,'en_us',1,'','{\"typeId\":\"35\",\"authorId\":\"1\",\"title\":\"Cleveland Clinic Oncology\",\"slug\":\"cleveland-clinic-oncology\",\"postDate\":1429555172,\"expiryDate\":null,\"enabled\":1,\"fields\":{\"174\":[\"83\",\"117\"],\"201\":{\"new1\":{\"type\":\"externalLinkDetails\",\"enabled\":\"1\",\"fields\":{\"linkName\":\"Cleveland Clinic\",\"linkUrl\":\"http:\\/\\/my.clevelandclinic.org\\/\"}}},\"221\":\"Lorem ipsum dolor sit amet, consectetur adipiscing elit.\",\"222\":[\"164\"]}}','2015-04-20 18:39:32','2015-04-20 18:39:32','d5f07c60-4b7f-4c6c-90fd-c7679f07a411'),(329,35,4,1,'en_us',35,'','{\"typeId\":\"4\",\"authorId\":\"4\",\"title\":\"Sample Story 1\",\"slug\":\"sample-story-1\",\"postDate\":1424217600,\"expiryDate\":null,\"enabled\":1,\"fields\":{\"174\":[\"82\"],\"177\":\"\",\"175\":[\"93\",\"250\"],\"176\":[\"158\"],\"144\":[\"102\",\"103\",\"263\"],\"87\":[\"38\",\"113\"],\"67\":{\"36\":{\"type\":\"storyInfoBlock\",\"enabled\":\"1\",\"fields\":{\"storyHeaderImage\":[\"262\"],\"storySubtitle\":\"The Gripping Tale of How I Tested Adding a Story\",\"storyText\":\"<p>\\r\\n\\tLorem ipsum dolor sit amet, ius ex putent euripidis assentior, nec munere omnium accumsan eu, eam case aliquam nusquam ne. Eruditi corpora eu eum, ei mei malis scripserit. Porro quaestio efficiendi vis ad. Mel in audiam appellantur, ludus omittantur ut eam. No iusto consulatu mel, vel an wisi assum possim, accumsan invenire atomorum eum eu.\\r\\n<\\/p><p>\\r\\n\\tNe vidit vocibus referrentur ius, ne graeci electram vis. \\r\\n\\t<em>Augue fuisset ut cum. <\\/em>Nibh meliore quo et. Ad nec sumo essent liberavisse, id eam modo scaevola. Has nostrud ullamcorper ea. Nec et purto lucilius. Ne nisl oportere eos, nec dicta phaedrum no.<\\/p><p>\\r\\n\\t<strong>Te duo scripta apeirian atomorum<\\/strong>, ad duo alii veniam tibique. Ne his oratio regione, ea duo ornatus sententiae repudiandae. Te vix mazim putant, reque voluptua sea ne. Graece delicata definitiones usu cu, in mei apeirian elaboraret. Alii dolores sed et, quas vocibus pri at.\\r\\n<\\/p><p>\\r\\n\\t<img src=\\\"\\/uploads\\/images\\/janiss.jpg#asset:109:url\\\" alt=\\\"\\\" style=\\\"float: right; margin: 0px 0px 10px 10px;\\\">\\r\\n<\\/p><ul>\\r\\n\\t<li>An vis dictas timeam necessitatibus, est eu choro nullam laoreet.<\\/li>\\r\\n\\t<li>Eos in elitr copiosae, tation dolores detracto id qui, eum inani denique te. <\\/li>\\r\\n\\t<li>Id per porro graecis, quo repudiare iracundia interpretaris no.<\\/li>\\r\\n\\t<li>An ridens facilisis nec, eos eu soluta persequeris repudiandae, sonet nihil doctus per cu. <\\/li>\\r\\n\\t<li>Cu eos explicari pertinacia, cum te autem saepe.<\\/li>\\r\\n<\\/ul><p>\\r\\n\\tClita omnesque per et. Pri vitae debitis voluptua et. Est nulla vidisse sanctus eu, veritus iracundia ius no. Usu posse definiebas an, quo odio rebum euismod id, eu commodo minimum partiendo cum. Mel etiam nusquam placerat id, in est modus liber vituperata. Eum postea conclusionemque at, vel iusto ludus facilisis ei.\\r\\n<\\/p><p>\\r\\n\\tQui tation nostrud an, ex pri amet pericula. Mazim postea deserunt vim ne, quo an dicant insolens deserunt. Ea ius modo natum eruditi, et est iudico suavitate suscipiantur, omnes convenire voluptatum in per. Ut nec suas diceret referrentur. Pro ex equidem propriae, ius recteque salutandi sadipscing in, id ipsum lucilius reprehendunt qui. Cu magna impedit menandri mea, has ex cetero nusquam, novum iriure legendos sea ut. Pri utamur iisque commune ut, vero hendrerit repudiandaeea per.\\r\\n<\\/p><p>\\r\\n\\tEu eum virtute quaeque accommodare. Ex homero nonumy nec, no idque quodsi sed, veri adhuc oblique mea no. Ullamcorper intellegebat conclusionemque in eos. Dicta dissentias ne sea. Mea primis dictas ei.\\r\\n<\\/p>\",\"additionalImages\":\"\",\"relevantLink\":\"http:\\/\\/tgp.d-i.co\"}}},\"2\":\"\"}}','2015-04-20 18:40:03','2015-04-20 18:40:03','d5e32c31-bdd3-4fdb-8a1d-7d68e2f7baa6'),(330,35,4,1,'en_us',36,'','{\"typeId\":\"4\",\"authorId\":\"4\",\"title\":\"Sample Story 1\",\"slug\":\"sample-story-1\",\"postDate\":1424217600,\"expiryDate\":null,\"enabled\":1,\"fields\":{\"174\":[\"82\"],\"177\":\"\",\"175\":[\"93\",\"250\"],\"176\":[\"158\"],\"144\":[\"263\"],\"87\":[\"38\",\"113\"],\"67\":{\"36\":{\"type\":\"storyInfoBlock\",\"enabled\":\"1\",\"fields\":{\"storyHeaderImage\":[\"262\"],\"storySubtitle\":\"The Gripping Tale of How I Tested Adding a Story\",\"storyText\":\"<p>\\r\\n\\tLorem ipsum dolor sit amet, ius ex putent euripidis assentior, nec munere omnium accumsan eu, eam case aliquam nusquam ne. Eruditi corpora eu eum, ei mei malis scripserit. Porro quaestio efficiendi vis ad. Mel in audiam appellantur, ludus omittantur ut eam. No iusto consulatu mel, vel an wisi assum possim, accumsan invenire atomorum eum eu.\\r\\n<\\/p><p>\\r\\n\\tNe vidit vocibus referrentur ius, ne graeci electram vis. \\r\\n\\t<em>Augue fuisset ut cum. <\\/em>Nibh meliore quo et. Ad nec sumo essent liberavisse, id eam modo scaevola. Has nostrud ullamcorper ea. Nec et purto lucilius. Ne nisl oportere eos, nec dicta phaedrum no.<\\/p><p>\\r\\n\\t<strong>Te duo scripta apeirian atomorum<\\/strong>, ad duo alii veniam tibique. Ne his oratio regione, ea duo ornatus sententiae repudiandae. Te vix mazim putant, reque voluptua sea ne. Graece delicata definitiones usu cu, in mei apeirian elaboraret. Alii dolores sed et, quas vocibus pri at.\\r\\n<\\/p><p>\\r\\n\\t<img src=\\\"\\/uploads\\/images\\/janiss.jpg#asset:109:url\\\" alt=\\\"\\\" style=\\\"float: right; margin: 0px 0px 10px 10px;\\\">\\r\\n<\\/p><ul>\\r\\n\\t<li>An vis dictas timeam necessitatibus, est eu choro nullam laoreet.<\\/li>\\r\\n\\t<li>Eos in elitr copiosae, tation dolores detracto id qui, eum inani denique te. <\\/li>\\r\\n\\t<li>Id per porro graecis, quo repudiare iracundia interpretaris no.<\\/li>\\r\\n\\t<li>An ridens facilisis nec, eos eu soluta persequeris repudiandae, sonet nihil doctus per cu. <\\/li>\\r\\n\\t<li>Cu eos explicari pertinacia, cum te autem saepe.<\\/li>\\r\\n<\\/ul><p>\\r\\n\\tClita omnesque per et. Pri vitae debitis voluptua et. Est nulla vidisse sanctus eu, veritus iracundia ius no. Usu posse definiebas an, quo odio rebum euismod id, eu commodo minimum partiendo cum. Mel etiam nusquam placerat id, in est modus liber vituperata. Eum postea conclusionemque at, vel iusto ludus facilisis ei.\\r\\n<\\/p><p>\\r\\n\\tQui tation nostrud an, ex pri amet pericula. Mazim postea deserunt vim ne, quo an dicant insolens deserunt. Ea ius modo natum eruditi, et est iudico suavitate suscipiantur, omnes convenire voluptatum in per. Ut nec suas diceret referrentur. Pro ex equidem propriae, ius recteque salutandi sadipscing in, id ipsum lucilius reprehendunt qui. Cu magna impedit menandri mea, has ex cetero nusquam, novum iriure legendos sea ut. Pri utamur iisque commune ut, vero hendrerit repudiandaeea per.\\r\\n<\\/p><p>\\r\\n\\tEu eum virtute quaeque accommodare. Ex homero nonumy nec, no idque quodsi sed, veri adhuc oblique mea no. Ullamcorper intellegebat conclusionemque in eos. Dicta dissentias ne sea. Mea primis dictas ei.\\r\\n<\\/p>\",\"additionalImages\":\"\",\"relevantLink\":\"http:\\/\\/tgp.d-i.co\"}}},\"2\":\"\"}}','2015-04-20 18:41:27','2015-04-20 18:41:27','1314e724-b9f3-4326-8036-2158123dc401'),(331,265,6,1,'en_us',1,'','{\"typeId\":\"7\",\"authorId\":\"1\",\"title\":\"Art Therapy\",\"slug\":\"art-therapy\",\"postDate\":1429556006,\"expiryDate\":null,\"enabled\":1,\"fields\":{\"174\":[\"82\",\"83\"],\"199\":[\"207\"],\"143\":{\"startDate\":{\"date\":\"4\\/20\\/2015\",\"time\":\"2:00 PM\"},\"endDate\":{\"date\":\"4\\/20\\/2015\",\"time\":\"4:00 PM\"},\"stored_rules_json\":\"\",\"recurrenceRules\":\"{\\r\\n  \\\"rules\\\": [\\r\\n    {\\r\\n      \\\"ruleType\\\": {\\r\\n        \\\"name\\\": \\\"weekly\\\",\\r\\n        \\\"title\\\": \\\"Weekly\\\"\\r\\n      },\\r\\n      \\\"uiTemplateName\\\": \\\"fields-weekly_Template\\\",\\r\\n      \\\"showRepeatUntilDate\\\": true,\\r\\n      \\\"showRepeatUntilCount\\\": false,\\r\\n      \\\"repeatUntilType\\\": \\\"date\\\",\\r\\n      \\\"repeatUntilDate\\\": \\\"5\\/22\\/2015\\\",\\r\\n      \\\"repeatForever\\\": 0,\\r\\n      \\\"weeksInterval\\\": \\\"1\\\",\\r\\n      \\\"daysOfWeek\\\": \\\"Mon\\\"\\r\\n    }\\r\\n  ]\\r\\n}\"},\"184\":[\"242\"],\"135\":\"<p>Art in the Garden information goes here...<\\/p>\",\"107\":\"\",\"176\":[\"116\"],\"87\":[\"38\"],\"200\":[\"148\"]}}','2015-04-20 18:53:26','2015-04-20 18:53:26','4390cce8-7135-4d42-8f76-ff6fcb086a57'),(332,266,6,1,'en_us',1,'','{\"typeId\":\"28\",\"authorId\":\"1\",\"title\":\"Art in the Garden\",\"slug\":\"art-in-the-garden\",\"postDate\":1429556700,\"expiryDate\":null,\"enabled\":1,\"fields\":{\"174\":[\"82\"],\"199\":[\"207\"],\"143\":{\"startDate\":{\"date\":\"4\\/20\\/2015\",\"time\":\"1:00 AM\"},\"endDate\":{\"date\":\"4\\/20\\/2015\",\"time\":\"3:30 AM\"},\"stored_rules_json\":\"{\\r\\n  \\\"rules\\\": [\\r\\n    {\\r\\n      \\\"ruleType\\\": {\\r\\n        \\\"name\\\": \\\"daily\\\",\\r\\n        \\\"title\\\": \\\"Daily\\\"\\r\\n      },\\r\\n      \\\"uiTemplateName\\\": \\\"fields-daily_Template\\\",\\r\\n      \\\"showRepeatUntilDate\\\": true,\\r\\n      \\\"showRepeatUntilCount\\\": false,\\r\\n      \\\"repeatUntilType\\\": \\\"date\\\",\\r\\n      \\\"repeatUntilDate\\\": \\\"4\\/23\\/2015\\\",\\r\\n      \\\"repeatForever\\\": 0,\\r\\n      \\\"daysInterval\\\": \\\"1\\\"\\r\\n    }\\r\\n  ]\\r\\n}\",\"recurrenceRules\":\"{\\r\\n  \\\"rules\\\": [\\r\\n    {\\r\\n      \\\"ruleType\\\": {\\r\\n        \\\"name\\\": \\\"daily\\\",\\r\\n        \\\"title\\\": \\\"Daily\\\"\\r\\n      },\\r\\n      \\\"uiTemplateName\\\": \\\"fields-daily_Template\\\",\\r\\n      \\\"showRepeatUntilDate\\\": true,\\r\\n      \\\"showRepeatUntilCount\\\": false,\\r\\n      \\\"repeatUntilType\\\": \\\"date\\\",\\r\\n      \\\"repeatUntilDate\\\": \\\"4\\/23\\/2015\\\",\\r\\n      \\\"repeatForever\\\": 0,\\r\\n      \\\"daysInterval\\\": \\\"1\\\"\\r\\n    }\\r\\n  ]\\r\\n}\"},\"184\":[\"134\"],\"135\":\"<p>This is specific information about the art in the garden.<\\/p>\",\"107\":\"\",\"176\":\"\",\"87\":\"\",\"200\":\"\"}}','2015-04-20 19:05:18','2015-04-20 19:05:18','d953bb1e-837f-4de6-8b73-e1647174ee8a'),(333,266,6,1,'en_us',2,'','{\"typeId\":\"28\",\"authorId\":\"1\",\"title\":\"Art in the Garden\",\"slug\":\"art-in-the-garden\",\"postDate\":1429556700,\"expiryDate\":null,\"enabled\":1,\"fields\":{\"174\":[\"82\"],\"199\":[\"207\"],\"143\":{\"startDate\":{\"date\":\"4\\/20\\/2015\",\"time\":\"1:00 AM\"},\"endDate\":{\"date\":\"4\\/20\\/2015\",\"time\":\"3:30 AM\"},\"stored_rules_json\":\"{\\r\\n  \\\"rules\\\": [\\r\\n    {\\r\\n      \\\"ruleType\\\": {\\r\\n        \\\"name\\\": \\\"daily\\\",\\r\\n        \\\"title\\\": \\\"Daily\\\"\\r\\n      },\\r\\n      \\\"uiTemplateName\\\": \\\"fields-daily_Template\\\",\\r\\n      \\\"showRepeatUntilDate\\\": true,\\r\\n      \\\"showRepeatUntilCount\\\": false,\\r\\n      \\\"repeatUntilType\\\": \\\"date\\\",\\r\\n      \\\"repeatUntilDate\\\": \\\"4\\/23\\/2015\\\",\\r\\n      \\\"repeatForever\\\": 0,\\r\\n      \\\"daysInterval\\\": \\\"1\\\"\\r\\n    }\\r\\n  ]\\r\\n}\",\"recurrenceRules\":\"{\\r\\n  \\\"rules\\\": [\\r\\n    {\\r\\n      \\\"ruleType\\\": {\\r\\n        \\\"name\\\": \\\"daily\\\",\\r\\n        \\\"title\\\": \\\"Daily\\\"\\r\\n      },\\r\\n      \\\"uiTemplateName\\\": \\\"fields-daily_Template\\\",\\r\\n      \\\"showRepeatUntilDate\\\": true,\\r\\n      \\\"showRepeatUntilCount\\\": false,\\r\\n      \\\"repeatUntilType\\\": \\\"date\\\",\\r\\n      \\\"repeatUntilDate\\\": \\\"4\\/23\\/2015\\\",\\r\\n      \\\"repeatForever\\\": 0,\\r\\n      \\\"daysInterval\\\": \\\"1\\\"\\r\\n    }\\r\\n  ]\\r\\n}\"},\"184\":[\"134\"],\"135\":\"<p>This is specific information about the art in the garden.<\\/p>\",\"107\":\"\",\"176\":[\"116\"],\"87\":\"\",\"200\":\"\"}}','2015-04-20 19:06:11','2015-04-20 19:06:11','1df82928-7e80-432c-9fa9-670366f2cc2f'),(334,148,21,1,'en_us',7,'','{\"typeId\":\"27\",\"authorId\":\"4\",\"title\":\"TGP East\",\"slug\":\"east\",\"postDate\":1425586500,\"expiryDate\":null,\"enabled\":1,\"fields\":{\"197\":\"info@touchedbycancer.org\",\"237\":\"https:\\/\\/www.flickr.com\\/photos\\/thegatheringplaceoh\\/sets\\/\",\"158\":{\"149\":{\"type\":\"siteInfo\",\"enabled\":\"1\",\"fields\":{\"siteName\":\"The Arnold & Sydell Miller Family Campus\",\"siteDescription\":\"\",\"siteStreetAddress\":\"23300 Commerce Park\",\"siteCity\":\"Beachwood\",\"siteState\":\"OH\",\"siteZip\":\"44122\"}}}}}','2015-04-20 19:11:23','2015-04-20 19:11:23','4f22735f-4dd0-4dbc-ba1f-10ab22ee4a88'),(335,150,21,1,'en_us',7,'','{\"typeId\":\"27\",\"authorId\":\"4\",\"title\":\"TGP West\",\"slug\":\"west\",\"postDate\":1425586560,\"expiryDate\":null,\"enabled\":1,\"fields\":{\"197\":\"info@touchedbycancer.org\",\"237\":\"https:\\/\\/www.flickr.com\\/photos\\/thegatheringplaceoh\\/sets\\/\",\"158\":{\"151\":{\"type\":\"siteInfo\",\"enabled\":\"1\",\"fields\":{\"siteName\":\"The Gathering Place - West\",\"siteDescription\":\"\",\"siteStreetAddress\":\"800 Sharon Drive\",\"siteCity\":\"Westlake\",\"siteState\":\"OH\",\"siteZip\":\"44145\"}}}}}','2015-04-20 19:11:32','2015-04-20 19:11:32','de1c3603-8f6c-47e2-a3e0-90c1f42ad2d6'),(336,254,7,1,'en_us',2,'','{\"typeId\":\"8\",\"authorId\":\"4\",\"title\":\"Children, Teens and Family\",\"slug\":\"kidshop-teenshop\",\"postDate\":1429468980,\"expiryDate\":null,\"enabled\":1,\"fields\":{\"174\":\"\",\"184\":[\"242\"],\"177\":\"\",\"135\":\"<p>Workshop for children and teens who have an adult family member with cancer. Utilizing art, play, and discussion, children and their parents interact with families in similar situations.<\\/p><p>KidShop\\/TeenShop Theme for April:<br>April Showers: Washing away those Winter Doldrums<\\/p>\",\"276\":\"\",\"275\":\"\",\"175\":\"\",\"176\":\"\",\"144\":\"\",\"195\":\"\",\"87\":\"\",\"194\":\"\",\"193\":\"\"}}','2015-04-20 19:28:07','2015-04-20 19:28:07','15c3ffb1-a02d-4245-8d5b-d4ee1b65b935'),(337,35,4,4,'en_us',37,'','{\"typeId\":\"4\",\"authorId\":\"4\",\"title\":\"Sample Story 1\",\"slug\":\"sample-story-1\",\"postDate\":1424217600,\"expiryDate\":null,\"enabled\":1,\"fields\":{\"174\":[\"82\"],\"177\":\"\",\"175\":[\"93\",\"250\"],\"176\":[\"158\"],\"144\":[\"263\"],\"87\":[\"38\",\"113\"],\"67\":{\"36\":{\"type\":\"storyInfoBlock\",\"enabled\":\"1\",\"fields\":{\"storyHeaderImage\":[\"262\"],\"storySubtitle\":\"The Gripping Tale of How I Tested Adding a Story\",\"storyText\":\"<p>\\r\\n\\tLorem ipsum dolor sit amet, ius ex putent euripidis assentior, nec munere omnium accumsan eu, eam case aliquam nusquam ne. Eruditi corpora eu eum, ei mei malis scripserit. Porro quaestio efficiendi vis ad. Mel in audiam appellantur, ludus omittantur ut eam. No iusto consulatu mel, vel an wisi assum possim, accumsan invenire atomorum eum eu.\\r\\n<\\/p><p>\\r\\n\\tNe vidit vocibus referrentur ius, ne graeci electram vis. \\r\\n\\t<em>Augue fuisset ut cum. <\\/em>Nibh meliore quo et. Ad nec sumo essent liberavisse, id eam modo scaevola. Has nostrud ullamcorper ea. Nec et purto lucilius. Ne nisl oportere eos, nec dicta phaedrum no.<\\/p><p>\\r\\n\\t<strong>Te duo scripta apeirian atomorum<\\/strong>, ad duo alii veniam tibique. Ne his oratio regione, ea duo ornatus sententiae repudiandae. Te vix mazim putant, reque voluptua sea ne. Graece delicata definitiones usu cu, in mei apeirian elaboraret. Alii dolores sed et, quas vocibus pri at.\\r\\n<\\/p><p>\\r\\n\\t<img src=\\\"\\/uploads\\/images\\/janiss.jpg#asset:109:url\\\" alt=\\\"\\\" style=\\\"float: right; margin: 0px 0px 10px 10px;\\\">\\r\\n<\\/p><ul>\\r\\n\\t<li>An vis dictas timeam necessitatibus, est eu choro nullam laoreet.<\\/li>\\r\\n\\t<li>Eos in elitr copiosae, tation dolores detracto id qui, eum inani denique te. <\\/li>\\r\\n\\t<li>Id per porro graecis, quo repudiare iracundia interpretaris no.<\\/li>\\r\\n\\t<li>An ridens facilisis nec, eos eu soluta persequeris repudiandae, sonet nihil doctus per cu. <\\/li>\\r\\n\\t<li>Cu eos explicari pertinacia, cum te autem saepe.<\\/li>\\r\\n<\\/ul><p>\\r\\n\\tClita omnesque per et. Pri vitae debitis voluptua et. Est nulla vidisse sanctus eu, veritus iracundia ius no. Usu posse definiebas an, quo odio rebum euismod id, eu commodo minimum partiendo cum. Mel etiam nusquam placerat id, in est modus liber vituperata. Eum postea conclusionemque at, vel iusto ludus facilisis ei.\\r\\n<\\/p><p>\\r\\n\\tQui tation nostrud an, ex pri amet pericula. Mazim postea deserunt vim ne, quo an dicant insolens deserunt. Ea ius modo natum eruditi, et est iudico suavitate suscipiantur, omnes convenire voluptatum in per. Ut nec suas diceret referrentur. Pro ex equidem propriae, ius recteque salutandi sadipscing in, id ipsum lucilius reprehendunt qui. Cu magna impedit menandri mea, has ex cetero nusquam, novum iriure legendos sea ut. Pri utamur iisque commune ut, vero hendrerit repudiandaeea per.\\r\\n<\\/p><p>\\r\\n\\tEu eum virtute quaeque accommodare. Ex homero nonumy nec, no idque quodsi sed, veri adhuc oblique mea no. Ullamcorper intellegebat conclusionemque in eos. Dicta dissentias ne sea. Mea primis dictas ei.\\r\\n<\\/p>\",\"additionalImages\":\"\"}}},\"279\":\"https:\\/\\/www.youtube.com\\/watch?v=zlhrkN4rkx8\"}}','2015-04-20 19:57:45','2015-04-20 19:57:45','fe1a94af-2e4f-4383-bce3-521c49d6cea0'),(338,35,4,4,'en_us',38,'','{\"typeId\":\"4\",\"authorId\":\"4\",\"title\":\"Sample Story 1\",\"slug\":\"sample-story-1\",\"postDate\":1424217600,\"expiryDate\":null,\"enabled\":1,\"fields\":{\"174\":[\"82\"],\"177\":\"\",\"175\":[\"93\",\"250\"],\"176\":[\"158\"],\"144\":[\"263\"],\"87\":[\"38\",\"113\"],\"67\":{\"36\":{\"type\":\"storyInfoBlock\",\"enabled\":\"1\",\"fields\":{\"storyHeaderImage\":[\"262\"],\"storySubtitle\":\"The Gripping Tale of How I Tested Adding a Story\",\"storyText\":\"<p>\\r\\n\\tLorem ipsum dolor sit amet, ius ex putent euripidis assentior, nec munere omnium accumsan eu, eam case aliquam nusquam ne. Eruditi corpora eu eum, ei mei malis scripserit. Porro quaestio efficiendi vis ad. Mel in audiam appellantur, ludus omittantur ut eam. No iusto consulatu mel, vel an wisi assum possim, accumsan invenire atomorum eum eu.\\r\\n<\\/p><p>\\r\\n\\tNe vidit vocibus referrentur ius, ne graeci electram vis. \\r\\n\\t<em>Augue fuisset ut cum. <\\/em>Nibh meliore quo et. Ad nec sumo essent liberavisse, id eam modo scaevola. Has nostrud ullamcorper ea. Nec et purto lucilius. Ne nisl oportere eos, nec dicta phaedrum no.\\r\\n<\\/p><p>\\r\\n\\t<strong>Te duo scripta apeirian atomorum<\\/strong>, ad duo alii veniam tibique. Ne his oratio regione, ea duo ornatus sententiae repudiandae. Te vix mazim putant, reque voluptua sea ne. Graece delicata definitiones usu cu, in mei apeirian elaboraret. Alii dolores sed et, quas vocibus pri at.\\r\\n<\\/p><p>\\r\\n\\t<img src=\\\"\\/uploads\\/images\\/janiss.jpg#asset:109:url\\\" alt=\\\"\\\" style=\\\"float: right; margin: 0px 0px 10px 10px;\\\">\\r\\n<\\/p><ul>\\r\\n\\t<li>An vis dictas timeam necessitatibus, est eu choro nullam laoreet.<\\/li>\\r\\n\\t<li>Eos in elitr copiosae, tation dolores detracto id qui, eum inani denique te. <\\/li>\\r\\n\\t<li>Id per porro graecis, quo repudiare iracundia interpretaris no.<\\/li>\\r\\n\\t<li>An ridens facilisis nec, eos eu soluta persequeris repudiandae, sonet nihil doctus per cu. <\\/li>\\r\\n\\t<li>Cu eos explicari pertinacia, cum te autem saepe.<\\/li>\\r\\n<\\/ul><p>\\r\\n\\tClita omnesque per et. Pri vitae debitis voluptua et. Est nulla vidisse sanctus eu, veritus iracundia ius no. Usu posse definiebas an, quo odio rebum euismod id, eu commodo minimum partiendo cum. Mel etiam nusquam placerat id, in est modus liber vituperata. Eum postea conclusionemque at, vel iusto ludus facilisis ei.\\r\\n<\\/p><p>\\r\\n\\tQui tation nostrud an, ex pri amet pericula. Mazim postea deserunt vim ne, quo an dicant insolens deserunt. Ea ius modo natum eruditi, et est iudico suavitate suscipiantur, omnes convenire voluptatum in per. Ut nec suas diceret referrentur. Pro ex equidem propriae, ius recteque salutandi sadipscing in, id ipsum lucilius reprehendunt qui. Cu magna impedit menandri mea, has ex cetero nusquam, novum iriure legendos sea ut. Pri utamur iisque commune ut, vero hendrerit repudiandaeea per.\\r\\n<\\/p><p>\\r\\n\\tEu eum virtute quaeque accommodare. Ex homero nonumy nec, no idque quodsi sed, veri adhuc oblique mea no. Ullamcorper intellegebat conclusionemque in eos. Dicta dissentias ne sea. Mea primis dictas ei.\\r\\n<\\/p>\",\"additionalImages\":\"\"}}},\"279\":{\"new1\":{\"type\":\"youtubeVideo\",\"enabled\":\"1\",\"fields\":{\"videoUrl\":\"https:\\/\\/www.youtube.com\\/watch?v=zlhrkN4rkx8\",\"videoPosition\":\"right\"}}}}}','2015-04-20 20:07:21','2015-04-20 20:07:21','859c32c7-6c8c-4bb5-a52c-e69277234aad'),(339,248,7,1,'en_us',5,'','{\"typeId\":\"8\",\"authorId\":\"4\",\"title\":\"Grief Support Group\",\"slug\":\"grief-support-group\",\"postDate\":1429467480,\"expiryDate\":null,\"enabled\":1,\"fields\":{\"174\":[\"83\"],\"184\":[\"134\"],\"177\":\"\",\"135\":\"<p>Twice-monthly group for those who have lost an adult loved one to cancer. <strong>Advance registration required with Susan Marinac LISW-S, MT-BC (West) or Mary Fisher Bornstein, LISW-S (East)<\\/strong><\\/p>\",\"276\":{\"258\":{\"type\":\"contactButton\",\"enabled\":\"1\",\"fields\":{\"contactName\":\"Susan Marinac - West\",\"contactEmailAddress\":\"marinact@touchedbycancer.org\"}},\"259\":{\"type\":\"contactButton\",\"enabled\":\"1\",\"fields\":{\"contactName\":\"Mary Fisher Bornstein - East\",\"contactEmailAddress\":\"bornstein@touchedbycancer.org\"}}},\"275\":\"\",\"175\":\"\",\"176\":\"\",\"144\":\"\",\"195\":[\"201\",\"202\"],\"87\":\"\",\"194\":\"\",\"193\":\"Subtitle for grief group\"}}','2015-04-23 01:42:55','2015-04-23 01:42:55','5dbb316a-29d0-4b79-8ae7-f34b5c57aef9'),(340,248,7,1,'en_us',6,'','{\"typeId\":\"8\",\"authorId\":\"4\",\"title\":\"Grief Support Group\",\"slug\":\"grief-support-group\",\"postDate\":1429467480,\"expiryDate\":null,\"enabled\":1,\"fields\":{\"174\":[\"83\"],\"184\":[\"134\"],\"177\":\"\",\"135\":\"<p>Twice-monthly group for those who have lost an adult loved one to cancer. Advance registration required with Susan Marinac LISW-S, MT-BC (West) or Mary Fisher Bornstein, LISW-S (East)<\\/p>\",\"276\":{\"258\":{\"type\":\"contactButton\",\"enabled\":\"1\",\"fields\":{\"contactName\":\"Susan Marinac - West\",\"contactEmailAddress\":\"marinact@touchedbycancer.org\"}},\"259\":{\"type\":\"contactButton\",\"enabled\":\"1\",\"fields\":{\"contactName\":\"Mary Fisher Bornstein - East\",\"contactEmailAddress\":\"bornstein@touchedbycancer.org\"}}},\"275\":\"\",\"175\":\"\",\"176\":\"\",\"144\":\"\",\"195\":[\"201\",\"202\"],\"87\":\"\",\"194\":\"\",\"193\":\"Subtitle for grief group\"}}','2015-04-23 01:43:46','2015-04-23 01:43:46','8a5306e3-02c4-4e8b-800e-d7699bc30d2f'),(341,248,7,1,'en_us',7,'','{\"typeId\":\"8\",\"authorId\":\"4\",\"title\":\"Grief Support Group\",\"slug\":\"grief-support-group\",\"postDate\":1429467480,\"expiryDate\":null,\"enabled\":1,\"fields\":{\"174\":[\"83\"],\"184\":[\"134\"],\"177\":\"\",\"135\":\"<p>Twice-monthly group for those who have lost an adult loved one to cancer. Advance registration required with Susan Marinac LISW-S, MT-BC (West) or Mary Fisher Bornstein, LISW-S (East)<\\/p><p>Lorem ipsum dolor sit amet, consectetur adipiscing elit. Sed nec sem in lacus mattis adipiscing eget ut lorem. Proin eu quam nulla, id porta erat. Cras nec neque non nisl lobortis adipiscing eget at enim. Nulla sed fermentum elit. Nunc id magna purus. Phasellus at ligula risus. Donec egestas enim vel orci convallis euismod. Fusce velit lorem, tincidunt id viverra id, fringilla at erat. <\\/p><p>Fusce venenatis dignissim turpis, pharetra convallis arcu placerat sed. Ut at orci metus. Quisque sollicitudin gravida pharetra. Curabitur porta faucibus leo, vitae pharetra turpis interdum in. Duis ut urna odio, ac gravida leo. Nullam sodales risus sed ligula porttitor tempus eu at lectus.<span><\\/span><br><\\/p>\",\"276\":{\"258\":{\"type\":\"contactButton\",\"enabled\":\"1\",\"fields\":{\"contactName\":\"Susan Marinac - West\",\"contactEmailAddress\":\"marinact@touchedbycancer.org\"}},\"259\":{\"type\":\"contactButton\",\"enabled\":\"1\",\"fields\":{\"contactName\":\"Mary Fisher Bornstein - East\",\"contactEmailAddress\":\"bornstein@touchedbycancer.org\"}}},\"275\":\"\",\"175\":\"\",\"176\":\"\",\"144\":\"\",\"195\":[\"201\",\"202\"],\"87\":\"\",\"194\":\"\",\"193\":\"Subtitle for grief group\"}}','2015-04-23 01:44:30','2015-04-23 01:44:30','48eed0cb-8464-4c26-89e6-b9e70814dbdc'),(342,248,7,1,'en_us',8,'','{\"typeId\":\"8\",\"authorId\":\"4\",\"title\":\"Grief Support Group\",\"slug\":\"grief-support-group\",\"postDate\":1429467480,\"expiryDate\":null,\"enabled\":1,\"fields\":{\"174\":[\"83\"],\"184\":[\"134\"],\"177\":\"\",\"135\":\"<p>Twice-monthly group for those who have lost an adult loved one to cancer. Advance registration required with Susan Marinac LISW-S, MT-BC (West) or Mary Fisher Bornstein, LISW-S (East)<\\/p><p>Lorem ipsum dolor sit amet, consectetur adipiscing elit. Sed nec sem in lacus mattis adipiscing eget ut lorem. Proin eu quam nulla, id porta erat. Cras nec neque non nisl lobortis adipiscing eget at enim. Nulla sed fermentum elit. Nunc id magna purus. Phasellus at ligula risus. Donec egestas enim vel orci convallis euismod. Fusce velit lorem, tincidunt id viverra id, fringilla at erat. <\\/p><p>Fusce venenatis dignissim turpis, pharetra convallis arcu placerat sed. Ut at orci metus. Quisque sollicitudin gravida pharetra. Curabitur porta faucibus leo, vitae pharetra turpis interdum in. Duis ut urna odio, ac gravida leo. Nullam sodales risus sed ligula porttitor tempus eu at lectus.<br><\\/p>\",\"276\":{\"258\":{\"type\":\"contactButton\",\"enabled\":\"1\",\"fields\":{\"contactName\":\"Susan Marinac - West\",\"contactEmailAddress\":\"marinact@touchedbycancer.org\"}},\"259\":{\"type\":\"contactButton\",\"enabled\":\"1\",\"fields\":{\"contactName\":\"Mary Fisher Bornstein - East\",\"contactEmailAddress\":\"bornstein@touchedbycancer.org\"}}},\"275\":\"\",\"175\":\"\",\"176\":\"\",\"144\":\"\",\"195\":[\"201\",\"202\"],\"87\":\"\",\"194\":\"<p>Lorem ipsum dolor sit amet, consectetur adipiscing elit. Sed nec sem in lacus mattis adipiscing eget ut lorem. Proin eu quam nulla, id porta erat. Cras nec neque non nisl lobortis adipiscing eget at enim. Nulla sed fermentum elit. Nunc id magna purus. <br><\\/p>\",\"193\":\"Subtitle for grief group\"}}','2015-04-23 01:45:29','2015-04-23 01:45:29','c35cc060-4ad5-4c67-a888-13b34037e487'),(343,248,7,1,'en_us',9,'','{\"typeId\":\"8\",\"authorId\":\"4\",\"title\":\"Grief Support Group\",\"slug\":\"grief-support-group\",\"postDate\":1429467480,\"expiryDate\":null,\"enabled\":1,\"fields\":{\"174\":[\"83\"],\"184\":[\"134\"],\"177\":\"\",\"135\":\"<p>Twice-monthly group for those who have lost an adult loved one to cancer. Advance registration required with Susan Marinac LISW-S, MT-BC (West) or Mary Fisher Bornstein, LISW-S (East)<\\/p><p>Lorem ipsum dolor sit amet, consectetur adipiscing elit. Sed nec sem in lacus mattis adipiscing eget ut lorem. Proin eu quam nulla, id porta erat. Cras nec neque non nisl lobortis adipiscing eget at enim. Nulla sed fermentum elit. Nunc id magna purus. Phasellus at ligula risus. Donec egestas enim vel orci convallis euismod. Fusce velit lorem, tincidunt id viverra id, fringilla at erat. <\\/p><p>Fusce venenatis dignissim turpis, pharetra convallis arcu placerat sed. Ut at orci metus. Quisque sollicitudin gravida pharetra. Curabitur porta faucibus leo, vitae pharetra turpis interdum in. Duis ut urna odio, ac gravida leo. Nullam sodales risus sed ligula porttitor tempus eu at lectus.<br><\\/p>\",\"276\":{\"258\":{\"type\":\"contactButton\",\"enabled\":\"1\",\"fields\":{\"contactName\":\"Susan Marinac - West\",\"contactEmailAddress\":\"marinact@touchedbycancer.org\"}},\"259\":{\"type\":\"contactButton\",\"enabled\":\"1\",\"fields\":{\"contactName\":\"Mary Fisher Bornstein - East\",\"contactEmailAddress\":\"bornstein@touchedbycancer.org\"}}},\"275\":\"\",\"175\":\"\",\"176\":\"\",\"144\":\"\",\"195\":[\"201\",\"202\"],\"87\":[\"35\",\"38\",\"113\"],\"194\":\"<p>Lorem ipsum dolor sit amet, consectetur adipiscing elit. Sed nec sem in lacus mattis adipiscing eget ut lorem. Proin eu quam nulla, id porta erat. Cras nec neque non nisl lobortis adipiscing eget at enim. Nulla sed fermentum elit. Nunc id magna purus. <br><\\/p>\",\"193\":\"Subtitle for grief group\"}}','2015-04-23 02:14:39','2015-04-23 02:14:39','08577f09-3b8e-4812-8c7b-fc01e0ff5494'),(344,268,6,4,'en_us',1,'','{\"typeId\":\"28\",\"authorId\":\"4\",\"title\":\"Moving Forward\",\"slug\":\"moving-forward\",\"postDate\":1430084640,\"expiryDate\":null,\"enabled\":1,\"fields\":{\"174\":[\"82\"],\"199\":[\"135\"],\"143\":{\"startDate\":{\"date\":\"4\\/6\\/2015\",\"time\":\"6:00 PM\"},\"endDate\":{\"date\":\"4\\/6\\/2015\",\"time\":\"8:15 PM\"},\"stored_rules_json\":\"\",\"recurrenceRules\":\"{\\r\\n  \\\"rules\\\": [\\r\\n    {\\r\\n      \\\"ruleType\\\": {\\r\\n        \\\"name\\\": \\\"weekly\\\",\\r\\n        \\\"title\\\": \\\"Weekly\\\"\\r\\n      },\\r\\n      \\\"uiTemplateName\\\": \\\"fields-weekly_Template\\\",\\r\\n      \\\"showRepeatUntilDate\\\": true,\\r\\n      \\\"showRepeatUntilCount\\\": false,\\r\\n      \\\"repeatUntilType\\\": \\\"date\\\",\\r\\n      \\\"repeatUntilDate\\\": \\\"5\\/27\\/2015\\\",\\r\\n      \\\"repeatForever\\\": 0,\\r\\n      \\\"weeksInterval\\\": \\\"1\\\",\\r\\n      \\\"daysOfWeek\\\": \\\"Wed\\\"\\r\\n    },\\r\\n    {\\r\\n      \\\"ruleType\\\": {\\r\\n        \\\"name\\\": \\\"weekly\\\",\\r\\n        \\\"title\\\": \\\"Weekly\\\"\\r\\n      },\\r\\n      \\\"uiTemplateName\\\": \\\"fields-weekly_Template\\\",\\r\\n      \\\"showRepeatUntilDate\\\": true,\\r\\n      \\\"showRepeatUntilCount\\\": false,\\r\\n      \\\"repeatUntilType\\\": \\\"date\\\",\\r\\n      \\\"repeatUntilDate\\\": \\\"5\\/27\\/2015\\\",\\r\\n      \\\"repeatForever\\\": 0,\\r\\n      \\\"weeksInterval\\\": \\\"1\\\",\\r\\n      \\\"daysOfWeek\\\": \\\"Mon\\\"\\r\\n    }\\r\\n  ]\\r\\n}\"},\"184\":[\"262\"],\"177\":\"\",\"135\":\"<p>An 8-week program for men and women who are currently in treatment or have finished treatment within the last year. The program includes twice weekly fitness training, healthy cooking classes and a weekly support group. Join us for an orientation followed by the 8-week series. <strong>Advance registration with Mary Fisher Bornstein required by calling 216-595-9546 or <a href=\\\"mailto:bornstein@touchedbycancer.org\\\" target=\\\"_blank\\\">click here<\\/a> to send Mary an email.<\\/strong><\\/p><p>Staff: Beth Bennett, PT, MA, MS, RD\\/LD, Mary Fisher Bornstein, LISW-S &amp; Carl Harmon, BS\\/BA, MBA, NSCA-CPT<\\/p><p>TGP East: Monday, March 30th Orientation, 6:00-7:00pm, program begins April 6th-May 27th, Mondays 6:00-8:15 pm and Wednesdays, 7:15-8:15pm<\\/p>\",\"107\":\"\",\"276\":{\"new1\":{\"type\":\"contactButton\",\"enabled\":\"1\",\"fields\":{\"contactName\":\"Mary Fisher Bornstein\",\"contactEmailAddress\":\"bornstein@touchedbycancer.org\"}}},\"275\":\"<p>Donec ullamcorper nulla non metus auctor fringilla. Vestibulum id ligula porta felis euismod semper Aenean eu leo quam. Pellentesque ornare sem lacinia quam venenatis vestibulum.<\\/p>\",\"176\":\"\",\"144\":\"\",\"195\":[\"200\",\"202\"],\"87\":\"\",\"200\":[\"148\"],\"194\":\"<p>Nulla vitae elit libero, a pharetra augue. Praesent commodo cursus magna, vel scelerisque nisl consectetur et. Morbi leo risus, porta ac consectetur ac, vestibulum at eros. Donec ullamcorper nulla non metus auctor fringilla. Vestibulum id ligula porta felis euismod semper Aenean eu leo quam. Pellentesque ornare sem lacinia quam venenatis vestibulum.<\\/p>\",\"193\":\"Emotional & Physical Recovery\"}}','2015-04-26 21:59:56','2015-04-26 21:59:56','427c62ae-8110-46e3-b21d-4e93956caa55'),(345,268,6,4,'en_us',2,'','{\"typeId\":\"28\",\"authorId\":\"4\",\"title\":\"Moving Forward\",\"slug\":\"moving-forward\",\"postDate\":1430084640,\"expiryDate\":null,\"enabled\":1,\"fields\":{\"174\":[\"82\"],\"199\":[\"135\"],\"143\":{\"startDate\":{\"date\":\"4\\/6\\/2015\",\"time\":\"6:00 PM\"},\"endDate\":{\"date\":\"4\\/6\\/2015\",\"time\":\"8:15 PM\"},\"stored_rules_json\":\"{\\r\\n  \\\"rules\\\": [\\r\\n    {\\r\\n      \\\"ruleType\\\": {\\r\\n        \\\"name\\\": \\\"weekly\\\",\\r\\n        \\\"title\\\": \\\"Weekly\\\"\\r\\n      },\\r\\n      \\\"uiTemplateName\\\": \\\"fields-weekly_Template\\\",\\r\\n      \\\"showRepeatUntilDate\\\": true,\\r\\n      \\\"showRepeatUntilCount\\\": false,\\r\\n      \\\"repeatUntilType\\\": \\\"date\\\",\\r\\n      \\\"repeatUntilDate\\\": \\\"5\\/27\\/2015\\\",\\r\\n      \\\"repeatForever\\\": 0,\\r\\n      \\\"weeksInterval\\\": \\\"1\\\",\\r\\n      \\\"daysOfWeek\\\": \\\"Wed\\\"\\r\\n    },\\r\\n    {\\r\\n      \\\"ruleType\\\": {\\r\\n        \\\"name\\\": \\\"weekly\\\",\\r\\n        \\\"title\\\": \\\"Weekly\\\"\\r\\n      },\\r\\n      \\\"uiTemplateName\\\": \\\"fields-weekly_Template\\\",\\r\\n      \\\"showRepeatUntilDate\\\": true,\\r\\n      \\\"showRepeatUntilCount\\\": false,\\r\\n      \\\"repeatUntilType\\\": \\\"date\\\",\\r\\n      \\\"repeatUntilDate\\\": \\\"5\\/27\\/2015\\\",\\r\\n      \\\"repeatForever\\\": 0,\\r\\n      \\\"weeksInterval\\\": \\\"1\\\",\\r\\n      \\\"daysOfWeek\\\": \\\"Mon\\\"\\r\\n    }\\r\\n  ]\\r\\n}\",\"recurrenceRules\":\"{\\r\\n  \\\"rules\\\": [\\r\\n    {\\r\\n      \\\"ruleType\\\": {\\r\\n        \\\"name\\\": \\\"weekly\\\",\\r\\n        \\\"title\\\": \\\"Weekly\\\"\\r\\n      },\\r\\n      \\\"uiTemplateName\\\": \\\"fields-weekly_Template\\\",\\r\\n      \\\"showRepeatUntilDate\\\": true,\\r\\n      \\\"showRepeatUntilCount\\\": false,\\r\\n      \\\"repeatUntilType\\\": \\\"date\\\",\\r\\n      \\\"repeatUntilDate\\\": \\\"5\\/27\\/2015\\\",\\r\\n      \\\"repeatForever\\\": 0,\\r\\n      \\\"weeksInterval\\\": \\\"1\\\",\\r\\n      \\\"daysOfWeek\\\": \\\"Wed\\\"\\r\\n    },\\r\\n    {\\r\\n      \\\"ruleType\\\": {\\r\\n        \\\"name\\\": \\\"weekly\\\",\\r\\n        \\\"title\\\": \\\"Weekly\\\"\\r\\n      },\\r\\n      \\\"uiTemplateName\\\": \\\"fields-weekly_Template\\\",\\r\\n      \\\"showRepeatUntilDate\\\": true,\\r\\n      \\\"showRepeatUntilCount\\\": false,\\r\\n      \\\"repeatUntilType\\\": \\\"date\\\",\\r\\n      \\\"repeatUntilDate\\\": \\\"5\\/27\\/2015\\\",\\r\\n      \\\"repeatForever\\\": 0,\\r\\n      \\\"weeksInterval\\\": \\\"1\\\",\\r\\n      \\\"daysOfWeek\\\": \\\"Mon\\\"\\r\\n    }\\r\\n  ]\\r\\n}\"},\"184\":[\"262\"],\"177\":\"\",\"135\":\"<p>An 8-week program for men and women who are currently in treatment or have finished treatment within the last year. The program includes twice weekly fitness training, healthy cooking classes and a weekly support group. Join us for an orientation followed by the 8-week series. <strong>Advance registration with Mary Fisher Bornstein required by calling 216-595-9546 or <a href=\\\"mailto:bornstein@touchedbycancer.org\\\" target=\\\"_blank\\\">click here<\\/a> to send Mary an email.<\\/strong><\\/p><p>Staff: Beth Bennett, PT, MA, MS, RD\\/LD, Mary Fisher Bornstein, LISW-S &amp; Carl Harmon, BS\\/BA, MBA, NSCA-CPT<\\/p><p>TGP East: Monday, March 30th Orientation, 6:00-7:00pm, program begins April 6th-May 27th, Mondays 6:00-8:15 pm and Wednesdays, 7:15-8:15pm<\\/p>\",\"107\":\"\",\"276\":{\"269\":{\"type\":\"contactButton\",\"enabled\":\"1\",\"fields\":{\"contactName\":\"Mary Fisher Bornstein\",\"contactEmailAddress\":\"bornstein@touchedbycancer.org\"}}},\"275\":\"<p>Donec ullamcorper nulla non metus auctor fringilla. Vestibulum id ligula porta felis euismod semper Aenean eu leo quam. Pellentesque ornare sem lacinia quam venenatis vestibulum.<\\/p>\",\"176\":[\"254\",\"248\"],\"144\":[\"263\",\"98\",\"102\",\"100\"],\"195\":[\"200\",\"202\"],\"87\":[\"113\"],\"200\":[\"148\"],\"194\":\"<p>Nulla vitae elit libero, a pharetra augue. Praesent commodo cursus magna, vel scelerisque nisl consectetur et. Morbi leo risus, porta ac consectetur ac, vestibulum at eros. Donec ullamcorper nulla non metus auctor fringilla. Vestibulum id ligula porta felis euismod semper Aenean eu leo quam. Pellentesque ornare sem lacinia quam venenatis vestibulum.<\\/p>\",\"193\":\"Emotional & Physical Recovery\"}}','2015-04-26 22:04:05','2015-04-26 22:04:05','200ed4cb-2a81-4332-9272-d0f849d0fea0'),(346,110,15,270,'en_us',3,'','{\"typeId\":\"17\",\"authorId\":\"4\",\"title\":\"Cheryl Aspidorf\",\"slug\":\"staff\",\"postDate\":1424986980,\"expiryDate\":null,\"enabled\":1,\"fields\":{\"191\":\" Maecenas faucibus mollis interdum. Maecenas sed diam eget risus varius blandit sit amet non magna. Nullam quis risus eget urna mollis ornare vel eu leo. Nullam id dolor id nibh ultricies vehicula ut id elit.\",\"190\":\"Maecenas faucib nullam quis risus eget urna mollis ornare vel eu leo. Nullam id dolor id nibh ultricies vehicula ut id elit. Nulla vitae elit libero, a pharetra augue. Cum sociis natoque penatibus et magnis dis parturient montes, nascetur ridiculus mus. Sed posuere consectetur est at lobortis. Vivamus sagittis lacus vel augue laoreet rutrum faucibus dolor auctor.\",\"192\":\"aspidorf@touchedbycancer.org\",\"189\":[\"271\"],\"180\":\"Outreach Coordinator\",\"188\":\"MBA\"}}','2015-05-01 20:58:11','2015-05-01 20:58:11','4dc7be68-500d-4c13-bdd6-ea0a2e07215d'),(347,199,15,270,'en_us',2,'','{\"typeId\":\"17\",\"authorId\":\"4\",\"title\":\"Erin Rafter\",\"slug\":\"erin-rafter\",\"postDate\":1426700940,\"expiryDate\":null,\"enabled\":1,\"fields\":{\"191\":\" Maecenas faucibus mollis interdum. Maecenas sed diam eget risus varius blandit sit amet non magna. Nullam quis risus eget urna mollis ornare vel eu leo. Nullam id dolor id nibh ultricies vehicula ut id elit.\",\"190\":\"Maecenas faucib nullam quis risus eget urna mollis ornare vel eu leo. Nullam id dolor id nibh ultricies vehicula ut id elit. Nulla vitae elit libero, a pharetra augue. Cum sociis natoque penatibus et magnis dis parturient montes, nascetur ridiculus mus. Sed posuere consectetur est at lobortis. Vivamus sagittis lacus vel augue laoreet rutrum faucibus dolor auctor.\",\"192\":\"rafter@touchedbycancer.org\",\"189\":[\"272\"],\"180\":\"Program Staff\",\"188\":\"PhD, CCLS\"}}','2015-05-01 20:59:05','2015-05-01 20:59:05','80f72e3f-386b-49cb-9b1d-183cb8c34e71'),(348,200,15,270,'en_us',3,'','{\"typeId\":\"17\",\"authorId\":\"4\",\"title\":\"Erin Rafter\",\"slug\":\"cheryl-aspidorf\",\"postDate\":1426701000,\"expiryDate\":null,\"enabled\":1,\"fields\":{\"191\":\"Maecenas faucib nullam quis risus eget urna mollis ornare vel eu leo. Nullam id dolor id nibh ultricies vehicula ut id elit. Nulla vitae elit libero, a pharetra augue. Cum sociis natoque penatibus et magnis dis parturient montes, nascetur ridiculus mus. Sed posuere consectetur est at lobortis. \",\"190\":\"Maecenas faucib nullam quis risus eget urna mollis ornare vel eu leo. Nullam id dolor id nibh ultricies vehicula ut id elit. Nulla vitae elit libero, a pharetra augue. Cum sociis natoque penatibus et magnis dis parturient montes, nascetur ridiculus mus. Sed posuere consectetur est at lobortis. Vivamus sagittis lacus vel augue laoreet rutrum faucibus dolor auctor\",\"192\":\"rafter@touchedbycancer.org\",\"189\":[\"273\"],\"180\":\"Program Staff\",\"188\":\"HPD, CCLS\"}}','2015-05-01 20:59:47','2015-05-01 20:59:47','a8ded730-eb51-47e4-b2f7-305397b389e6'),(349,260,15,270,'en_us',3,'','{\"typeId\":\"17\",\"authorId\":\"1\",\"title\":\"Kris Austin\",\"slug\":\"kris-austin\",\"postDate\":1429553580,\"expiryDate\":null,\"enabled\":1,\"fields\":{\"191\":\"I\'m Kris, and I\'m awesome.\",\"190\":\"I\'m Kris, and I\'m awesome.\",\"192\":\"kris@test.com\",\"189\":[\"274\"],\"180\":\"Marketing Director\",\"188\":\"MSED\"}}','2015-05-01 21:00:03','2015-05-01 21:00:03','025d5097-281e-4892-a98c-52542060d20e'),(350,202,15,270,'en_us',3,'','{\"typeId\":\"17\",\"authorId\":\"4\",\"title\":\"Mary Fisher Bornstein\",\"slug\":\"mary-fisher-bornstein\",\"postDate\":1426701120,\"expiryDate\":null,\"enabled\":1,\"fields\":{\"191\":\"Maecenas faucib nullam quis risus eget urna mollis ornare vel eu leo. Nullam id dolor id nibh ultricies vehicula ut id elit. Nulla vitae elit libero, a pharetra augue.ed posuere consectetur est at lobortis.\",\"190\":\"Maecenas faucib nullam quis risus eget urna mollis ornare vel eu leo. Nullam id dolor id nibh ultricies vehicula ut id elit. Nulla vitae elit libero, a pharetra augue. Cum sociis natoque penatibus et magnis dis parturient montes, nascetur ridiculus mus. Sed posuere consectetur est at lobortis. Vivamus sagittis lacus vel augue laoreet rutrum faucibus dolor auctor\",\"192\":\"bornstein@touchedbycancer.org\",\"189\":[\"275\"],\"180\":\"Staff Member\",\"188\":\"LISW-S\"}}','2015-05-01 21:00:16','2015-05-01 21:00:16','d290975a-dbc5-4b44-bf2e-b938db79b5ac'),(351,201,15,270,'en_us',3,'','{\"typeId\":\"17\",\"authorId\":\"4\",\"title\":\"Susan Marinac\",\"slug\":\"susan-marinac\",\"postDate\":1426701060,\"expiryDate\":null,\"enabled\":1,\"fields\":{\"191\":\"Maecenas faucib nullam quis risus eget urna mollis ornare vel eu leo. Nullam id dolor id nibh ultricies vehicula ut id elit. Nulla vitae elit libero, a pharetra augue. Cum sociis natoque penatibus et magnis dis parturient montes, nascetur ridiculus mus. \",\"190\":\"Maecenas faucib nullam quis risus eget urna mollis ornare vel eu leo. Nullam id dolor id nibh ultricies vehicula ut id elit. Nulla vitae elit libero, a pharetra augue. Cum sociis natoque penatibus et magnis dis parturient montes, nascetur ridiculus mus. Sed posuere consectetur est at lobortis. Vivamus sagittis lacus vel augue laoreet rutrum faucibus dolor auctor\",\"192\":\"marinac@touchedbycancer.org\",\"189\":[\"276\"],\"180\":\"\",\"188\":\"LISW-S, MT-BC\"}}','2015-05-01 21:00:34','2015-05-01 21:00:34','af23599c-2a44-437d-8b4a-1d6a3049716a'),(352,227,6,1,'en_us',2,'','{\"typeId\":\"7\",\"authorId\":\"4\",\"title\":\"Welcome Orientation\",\"slug\":\"welcome-orientation-thur-west\",\"postDate\":1427484300,\"expiryDate\":null,\"enabled\":1,\"fields\":{\"174\":[\"82\",\"83\"],\"199\":[\"214\",\"142\"],\"143\":{\"startDate\":{\"date\":\"5\\/2\\/2015\",\"time\":\"6:30 PM\"},\"endDate\":{\"date\":\"5\\/2\\/2015\",\"time\":\"7:00 PM\"},\"stored_rules_json\":\"{\\r\\n  \\\"rules\\\": [\\r\\n    {\\r\\n      \\\"ruleType\\\": {\\r\\n        \\\"name\\\": \\\"weekly\\\",\\r\\n        \\\"title\\\": \\\"Weekly\\\"\\r\\n      },\\r\\n      \\\"uiTemplateName\\\": \\\"fields-weekly_Template\\\",\\r\\n      \\\"showRepeatUntilDate\\\": false,\\r\\n      \\\"showRepeatUntilCount\\\": false,\\r\\n      \\\"repeatUntilType\\\": \\\"forever\\\",\\r\\n      \\\"repeatForever\\\": 1,\\r\\n      \\\"weeksInterval\\\": \\\"1\\\",\\r\\n      \\\"daysOfWeek\\\": \\\"Thu\\\"\\r\\n    }\\r\\n  ]\\r\\n}\",\"recurrenceRules\":\"{\\r\\n  \\\"rules\\\": [\\r\\n    {\\r\\n      \\\"ruleType\\\": {\\r\\n        \\\"name\\\": \\\"weekly\\\",\\r\\n        \\\"title\\\": \\\"Weekly\\\"\\r\\n      },\\r\\n      \\\"uiTemplateName\\\": \\\"fields-weekly_Template\\\",\\r\\n      \\\"showRepeatUntilDate\\\": false,\\r\\n      \\\"showRepeatUntilCount\\\": false,\\r\\n      \\\"repeatUntilType\\\": \\\"forever\\\",\\r\\n      \\\"repeatForever\\\": 1,\\r\\n      \\\"weeksInterval\\\": \\\"1\\\",\\r\\n      \\\"daysOfWeek\\\": \\\"Thu\\\"\\r\\n    }\\r\\n  ]\\r\\n}\"},\"184\":\"\",\"135\":\"<p>Adults (over 18) touched by cancer are invited to attend a <strong>Welcoming Orientation<\\/strong> session to learn about our free programs and services. No registration required but childcare can only be arranged with prior notification.<\\/p>\",\"107\":\"\",\"176\":[\"219\"],\"87\":\"\",\"200\":[\"150\"]}}','2015-05-03 02:06:25','2015-05-03 02:06:25','335829a3-6c3e-4358-a27e-e907f0a5f925'),(353,220,6,1,'en_us',3,'','{\"typeId\":\"7\",\"authorId\":\"4\",\"title\":\"Welcome Orientation\",\"slug\":\"welcome-orientation-mon-east\",\"postDate\":1427483160,\"expiryDate\":null,\"enabled\":1,\"fields\":{\"174\":[\"82\",\"83\"],\"199\":[\"214\",\"142\"],\"143\":{\"startDate\":{\"date\":\"3\\/30\\/2015\",\"time\":\"11:00 PM\"},\"endDate\":{\"date\":\"3\\/30\\/2015\",\"time\":\"11:30 PM\"},\"stored_rules_json\":\"{\\r\\n  \\\"rules\\\": [\\r\\n    {\\r\\n      \\\"ruleType\\\": {\\r\\n        \\\"name\\\": \\\"weekly\\\",\\r\\n        \\\"title\\\": \\\"Weekly\\\"\\r\\n      },\\r\\n      \\\"uiTemplateName\\\": \\\"fields-weekly_Template\\\",\\r\\n      \\\"showRepeatUntilDate\\\": false,\\r\\n      \\\"showRepeatUntilCount\\\": false,\\r\\n      \\\"repeatUntilType\\\": \\\"forever\\\",\\r\\n      \\\"repeatForever\\\": 1,\\r\\n      \\\"weeksInterval\\\": \\\"1\\\",\\r\\n      \\\"daysOfWeek\\\": \\\"Mon\\\"\\r\\n    }\\r\\n  ]\\r\\n}\",\"recurrenceRules\":\"{\\r\\n  \\\"rules\\\": [\\r\\n    {\\r\\n      \\\"ruleType\\\": {\\r\\n        \\\"name\\\": \\\"weekly\\\",\\r\\n        \\\"title\\\": \\\"Weekly\\\"\\r\\n      },\\r\\n      \\\"uiTemplateName\\\": \\\"fields-weekly_Template\\\",\\r\\n      \\\"showRepeatUntilDate\\\": false,\\r\\n      \\\"showRepeatUntilCount\\\": false,\\r\\n      \\\"repeatUntilType\\\": \\\"forever\\\",\\r\\n      \\\"repeatForever\\\": 1,\\r\\n      \\\"weeksInterval\\\": \\\"1\\\",\\r\\n      \\\"daysOfWeek\\\": \\\"Mon\\\"\\r\\n    }\\r\\n  ]\\r\\n}\"},\"184\":\"\",\"135\":\"<p>Adults (over 18) touched by cancer are invited to attend a <strong>Welcoming Orientation<\\/strong> session to learn about our free programs and services. No registration required but childcare can only be arranged with prior notification.<\\/p>\",\"107\":\"\",\"176\":[\"219\"],\"87\":\"\",\"200\":[\"148\"]}}','2015-05-03 02:07:09','2015-05-03 02:07:09','31d7db09-9a38-4013-bb4d-0c43da04bbe9'),(354,277,20,1,'en_us',1,'','{\"typeId\":\"30\",\"authorId\":\"1\",\"title\":\"Our Board of Directors\",\"slug\":\"our-board-of-directors\",\"postDate\":1430624697,\"expiryDate\":null,\"enabled\":1,\"fields\":{\"135\":\"<p>Lorem ipsum dolor sit amet, consectetur adipiscing elit. Sed nec sem in lacus mattis adipiscing eget ut lorem. Proin eu quam nulla, id porta erat. Cras nec neque non nisl lobortis adipiscing eget at enim. Nulla sed fermentum elit. <br><\\/p>\"}}','2015-05-03 03:44:57','2015-05-03 03:44:57','7ab9438b-312f-4c8c-9392-814407dd7285'),(355,278,4,1,'en_us',1,'','{\"typeId\":\"41\",\"authorId\":\"1\",\"title\":\"Stories\",\"slug\":\"stories\",\"postDate\":1430684090,\"expiryDate\":null,\"enabled\":1,\"fields\":{\"135\":\"<p>Lorem ipsum dolor sit amet, consectetur adipiscing elit. Sed nec sem in lacus mattis adipiscing eget ut lorem. Proin eu quam nulla, id porta erat. Cras nec neque non nisl lobortis adipiscing eget at enim. Nulla sed fermentum elit. Nunc id magna purus. Phasellus at ligula risus. <br><\\/p>\"}}','2015-05-03 20:14:50','2015-05-03 20:14:50','632e55b1-df73-47f2-9593-6b59778059b3'),(356,70,13,1,'en_us',7,'','{\"typeId\":\"15\",\"authorId\":null,\"title\":\"More Ways to Support\",\"slug\":\"support\",\"postDate\":1426002327,\"expiryDate\":null,\"enabled\":1,\"fields\":{\"135\":\"<p>Sed posuere consectetur est lobortis. Cras mattis consectetur purus sit amet fermentum. Donec id elit non mi porta gravida at eget metus. Praesent commodo cursus magna, Donec sed odio duivel scelerisque nisl consectetur et. Fusce dapibus, tellus ac cursus commodo, tortor mauris condimentum nibh, ut fermentum massa justo sit amet risus. <\\/p>\",\"225\":{\"189\":{\"type\":\"supportOptions\",\"enabled\":\"1\",\"fields\":{\"supportBlockHeading\":\"Upcoming Events\",\"supportBlockOverview\":\"<p>Vivamus sagittis lacus vel augue laoreet rutrum faucibus dolor auctor. Nulla vitae elit libero, a pharetra augue. Nullam quis risus eget urna mollis ornare vel eu leo. Etiam porta sem malesuada magna mollis euismod. Fusce dapibus, tellus ac cursus commodo, tortor mauris condimentum nibh, ut fermentum massa justo sit amet risus. Donec ullamcorper nulla non metus auctor fringilla. <\\/p><p>Cras mattis consectetur purus sit amet fermentum. Cum sociis natoque penatibus et magnis dis parturient montes, nascetur ridiculus mus. Nulla vitae elit libero, a pharetra augue. Aenean lacinia bibendum nulla sed consectetur.<\\/p>\",\"supportBlockImages\":[\"177\",\"109\"],\"supportBlockMoreLink\":\"http:\\/\\/www.flickr.com\\/photos\\/thegatheringplaceoh\\/sets\\/72157638738695283\\/\",\"supportBlockMoreLinkText\":\"See Images\"}},\"190\":{\"type\":\"supportOptions\",\"enabled\":\"1\",\"fields\":{\"supportBlockHeading\":\"Community Fundraisers\",\"supportBlockOverview\":\"<p>Donec id elit non mi porta gravida at eget metus. Vivamus sagittis lacus vel augue laoreet rutrum faucibus dolor auctor. Maecenas faucibus mollis interdum. Donec id elit non mi porta gravida at eget metus.<\\/p><p>Nulla vitae elit libero, a pharetra augue. Lorem ipsum dolor sit amet, consectetur adipiscing elit. Curabitur blandit tempus porttitor. Nulla vitae elit libero, a pharetra augue. Fusce dapibus, tellus ac cursus commodo, tortor mauris condimentum nibh, ut fermentum massa justo sit amet risus. Etiam porta sem malesuada magna mollis euismod. Curabitur blandit tempus porttitor. <\\/p>\",\"supportBlockImages\":[\"109\",\"134\"],\"supportBlockMoreLink\":\"http:\\/\\/www.flickr.com\\/photos\\/thegatheringplaceoh\\/sets\\/72157638738695283\\/\",\"supportBlockMoreLinkText\":\"See Images\"}},\"191\":{\"type\":\"supportOptions\",\"enabled\":\"1\",\"fields\":{\"supportBlockHeading\":\"Tributes to Loved Ones\",\"supportBlockOverview\":\"<p>Donec id elit non mi porta gravida at eget metus. Vivamus sagittis lacus vel augue laoreet rutrum faucibus dolor auctor. Maecenas faucibus mollis interdum. Donec id elit non mi porta gravida at eget metus.<\\/p><p>Nulla vitae elit libero, a pharetra augue. Lorem ipsum dolor sit amet, consectetur adipiscing elit. Curabitur blandit tempus porttitor. Nulla vitae elit libero, a pharetra augue. Fusce dapibus, tellus ac cursus commodo, tortor mauris condimentum nibh, ut fermentum massa justo sit amet risus. Etiam porta sem malesuada magna mollis euismod. Curabitur blandit tempus porttitor. <\\/p>\",\"supportBlockImages\":[\"182\",\"169\"],\"supportBlockMoreLink\":\"http:\\/\\/www.flickr.com\\/photos\\/thegatheringplaceoh\\/sets\\/72157638738695283\\/\",\"supportBlockMoreLinkText\":\"See Images\"}},\"192\":{\"type\":\"supportOptions\",\"enabled\":\"1\",\"fields\":{\"supportBlockHeading\":\"Other Ways to Support\",\"supportBlockOverview\":\"<p>Vivamus sagittis lacus vel augue laoreet rutrum faucibus dolor auctor. Nulla vitae elit libero, a pharetra augue. Nullam quis risus eget urna mollis ornare vel eu leo. Etiam porta sem malesuada magna mollis euismod. Fusce dapibus, tellus ac cursus commodo, tortor mauris condimentum nibh, ut fermentum massa justo sit amet risus. Donec ullamcorper nulla non metus auctor fringilla.<\\/p><p>Cras mattis consectetur purus sit amet fermentum. Cum sociis natoque penatibus et magnis dis parturient montes, nascetur ridiculus mus. Nulla vitae elit libero, a pharetra augue. Aenean lacinia bibendum nulla sed consectetur. <\\/p>\",\"supportBlockImages\":\"\",\"supportBlockMoreLink\":\"http:\\/\\/www.flickr.com\\/photos\\/thegatheringplaceoh\\/sets\\/72157638738695283\\/\",\"supportBlockMoreLinkText\":\"See Images\"}}}}}','2015-05-03 21:06:41','2015-05-03 21:06:41','3a2db521-18e1-47a0-b819-047739d25412'),(357,184,22,1,'en_us',4,'','{\"typeId\":\"34\",\"authorId\":null,\"title\":\"Repeating Elements\",\"slug\":\"repeatingelements\",\"postDate\":1426858919,\"expiryDate\":null,\"enabled\":1,\"fields\":{\"216\":{\"203\":{\"type\":\"additionalLinks\",\"enabled\":\"1\",\"fields\":{\"linkName\":\"\",\"linkURL\":\"\"}},\"204\":{\"type\":\"additionalLinks\",\"enabled\":\"1\",\"fields\":{\"linkName\":\"\",\"linkURL\":\"\"}}},\"215\":\"The resources and information given by our staff is NOT an endorsement of those individuals or practices. Staff members do not provide medical advice or assistance. We make every attempt to stock current, legitimate health-related materials. Opinions offered in writing or in lectures do not necessarily reflect the opinions of The Gathering Place staff or Board of Trustees. We receive no fee for maintaining lists of resources and information. It is the responsibility of anyone utilizing this information to fully research the resources provided.\",\"211\":\"Maecenas faucibus mollis interdum. Maecenas sed diam eget risus varius blandit sit amet non magna. Nullam quis risus eget urna mollis ornare vel eu leo.\"}}','2015-05-03 21:29:01','2015-05-03 21:29:01','6c2b51d8-4bd5-4494-be7a-1705b31f3b2a'),(358,2,1,1,'en_us',17,'','{\"typeId\":\"1\",\"authorId\":null,\"title\":\"Homepage\",\"slug\":\"homepage\",\"postDate\":1425401500,\"expiryDate\":null,\"enabled\":1,\"fields\":{\"240\":\"Fusce dapibus, tellus ac cursus commodo, tortor mauris condimentum nibh, ut fermentum massa justo sit amet risus.\",\"239\":[\"113\"],\"184\":[\"279\"],\"135\":\"<p>\\r\\n\\tIt\'s true, this site doesn\'t have a whole lot of content yet, but don\'t worry. Our web developers have just installed the CMS, and they\'re setting things up for the content editors this very moment. Soon \\r\\n\\t<a href=\\\"http:\\/\\/tgp.d-i.co\\/\\\">Tgp.d-i.co<\\/a> will be an oasis of fresh perspectives, sharp analyses, and astute opinions that will keep you coming back again and again. In the meantime, check out our <a href=\\\"http:\\/\\/tgp.d-i.co\\/stories\\/sample-story-1#entry:35:url\\\">first story<\\/a>!\\r\\n<\\/p>\",\"206\":\"<p>Lorem ipsum dolor sit amet, consectetur adipiscing elit. Sed nec sem in lacus mattis adipiscing eget ut lorem. Proin eu quam nulla, id porta erat. Cras nec neque non nisl lobortis adipiscing eget at enim. Nulla sed fermentum elit. Nunc id magna purus.<br><\\/p>\",\"87\":[\"35\",\"132\"]}}','2015-05-07 02:36:49','2015-05-07 02:36:49','9cb0d4a0-411a-4b75-9d0d-51001b0c5ac5'),(359,280,6,4,'en_us',1,'','{\"typeId\":\"42\",\"authorId\":\"4\",\"title\":\"Our Calendar of Events\",\"slug\":\"our-calendar-of-events\",\"postDate\":1431121241,\"expiryDate\":null,\"enabled\":1,\"fields\":{\"135\":\"\"}}','2015-05-08 21:40:41','2015-05-08 21:40:41','c6f7036e-b66c-4e35-82dd-41b2ec753c17'),(360,88,19,281,'en_us',8,'','{\"typeId\":\"23\",\"authorId\":null,\"title\":\"About The Gathering Place\",\"slug\":\"aboutus\",\"postDate\":1425505690,\"expiryDate\":null,\"enabled\":1,\"fields\":{\"205\":\"<p>When you walk through the doors of The Gathering Place you will see art throughout our space. Art that has been donated to us by individuals and families. You will also see art created by our participants in our art therapy programs. Art is an opportunity to explore the feelings that come with a cancer journey and express them using the creativity that is within each of us.<\\/p>\",\"207\":\"<p>The Gathering Place East was opened in Beachwood in January 2000 to meet the needs of individuals and families touched by cancer. The facility in Beachwood includes Norma\'s Garden, a beautiful, healing space that includes paths for walking and spaces to sit and meditate. In 2011, The Richman Family Wellness Center was opened to address the side effects from cancer treatment like fatigue and to help build strength and stamina. The Gathering Place East is located at 23300 Commerce Park. The Gathering Place Richman Family Wellness Center is located at 23295 Commerce Park. Regardless of which facility you go to access the programs and services offered by The Gathering Place you will find a caring and supportive staff and the same types of programs to help you and your family cope with a cancer diagnosis.<span><\\/span> <\\/p>\",\"135\":\"<p>In 1998, Eileen Saffran told the community a story. This story was about a space where people on a cancer journey could seek support. A space where people felt safe, connected with others, and found peace during a time of chaos. A space where the entire family was supported, the services were free, and the largest barrier to entry was admitting you needed help. The story resonated with people in the community and as it unfolded, more people listened.<\\/p><p>A grass roots effort began in a small conference room and ended in an auditorium. Listening turned into action. Those who heard the story became donors, volunteers, staff members and ambassadors. The story came to life and The Gathering Place was created.<\\/p><p>The Gathering Place opened its doors in Beachwood in 2000. In 2008 a location was opened in Westlake and in 2011 The Gathering Place Richman Family Wellness Center opened in Beachwood to provide exercise programs for individuals in treatment and those that had completed treatment. Since opening its doors 15 years ago, The Gathering Place has served over 35,000 individuals who have made more than 271,000 visits.<br><\\/p><p><br><\\/p>\",\"203\":\"The mission of The Gathering Place is to support, educate and empower individuals and families touched by cancer through programs and services provided free of charge.\",\"204\":\"<p>The programs at The Gathering Place heal the body, the mind and the spirit.  We recognize that everyone has different needs while on the cancer journey and we provide programs and services to meet people where they are on the journey. Whether you are the person with cancer or their loved one, cancer impacts how you see the world. Our job at The Gathering Place is to help you see things differently; to help you see life moving forward, during and after cancer. Seeing things differently could mean accepting a diagnosis, finding forgiveness, or releasing anger. <\\/p><p>People often describe feeling a sense of peace when they walk through our doors. This comes from being a part of a community. This comes from feeling safe and connected.   This comes from knowing you are not alone on your journey.<\\/p>\",\"206\":\"<ul><li>Short term one-to-one counseling and support groups help participants find ways to cope with the emotional impact of a cancer diagnosis<\\/li><li>There are weekly groups for those diagnosed with cancer and one for \\r\\nfamily and friends, as well as monthly or quarterly drop-in groups for specific cancers \\r\\nsuch as breast, prostate, blood cancers and oral, head and neck cancers.<\\/li><li>Two education centers that include lending libraries with over 2,500 books, cds and dvds provide information and opportunities to learn more about coping and provide practical information<\\/li><li> The medical librarian will help you research any questions you may have on cancer and its treatment, whether you are newly diagnosed, a long-term survivor or a family member seeking information<\\/li><li>Lectures and workshops by local experts offer the latest information on cancer treatments and complementary medicine<\\/li><li>Reiki, massage and reflexology can help reduce stress and manage pain<\\/li><li>Gentle movement classes such as tai chi, yoga and qigong help to rebuild strength and balance and reduce stress<\\/li><li>Exercise classes led by certified fitness trainers help to address the physical side effects of cancer treatment and help to build strength and increase stamina<\\/li><li>One-to-one consultations with a licensed dietitian as well as hands-on cooking classes help to enhance or create a more healthy life style<\\/li><li>Comprehensive individual and group programs that meet the needs of children and teens coping with an adult family members cancer <\\/li><li>Art and music programs help individuals tap into their creativity to explore and express the emotions that come up during the cancer journey<\\/li><li>Regina Brett Wig Salons provide a free wig to women with cancer-related hair loss<\\/li><\\/ul>\",\"176\":[\"116\"],\"87\":[\"35\",\"113\"],\"167\":{\"185\":{\"type\":\"siteImage\",\"enabled\":\"1\",\"fields\":{\"siteImageFile\":\"\",\"siteImageCaption\":\"Football Cat\",\"imageSite\":[\"119\"]}},\"186\":{\"type\":\"siteImage\",\"enabled\":\"1\",\"fields\":{\"siteImageFile\":[\"134\"],\"siteImageCaption\":\"Lighthouse\",\"imageSite\":[\"120\"]}},\"187\":{\"type\":\"siteImage\",\"enabled\":\"1\",\"fields\":{\"siteImageFile\":[\"109\"],\"siteImageCaption\":\"Janis\",\"imageSite\":[\"119\"]}},\"188\":{\"type\":\"siteImage\",\"enabled\":\"1\",\"fields\":{\"siteImageFile\":\"\",\"siteImageCaption\":\"Walrus\",\"imageSite\":[\"120\"]}}},\"208\":\"<p>The Gathering Place West is located in Westlake and opened in October of 2008. This facility provides those living west of the Cuyahoga an opportunity to utilize our programs and services a little closer to home. The Gathering Place is located at 800 Sharon Drive.  Regardless of which facility  you go to access the programs and services offered by The Gathering Place you will find a caring and supportive staff and the same types of programs to help you and your family cope with a cancer diagnosis.<\\/p>\"}}','2015-05-26 13:23:27','2015-05-26 13:23:27','b317a3ce-ec06-43d6-b4cd-1fa7829ca462'),(361,88,19,281,'en_us',9,'','{\"typeId\":\"23\",\"authorId\":null,\"title\":\"About The Gathering Place\",\"slug\":\"aboutus\",\"postDate\":1425505690,\"expiryDate\":null,\"enabled\":1,\"fields\":{\"205\":\"<p>\\r\\n\\tWhen you walk through the doors of The Gathering Place you will see art throughout our space. Art that has been donated to us by individuals and families. You will also see art created by our participants in our art therapy programs. Art is an opportunity to explore the feelings that come with a cancer journey and express them using the creativity that is within each of us.\\r\\n<\\/p>\",\"207\":\"<p>\\r\\n\\tThe Gathering Place East was opened in Beachwood in January 2000 to meet the needs of individuals and families touched by cancer. The facility in Beachwood includes Norma\'s Garden, a beautiful, healing space that includes paths for walking and spaces to sit and meditate. In 2011, The Richman Family Wellness Center was opened to address the side effects from cancer treatment like fatigue and to help build strength and stamina. The Gathering Place East is located at 23300 Commerce Park. The Gathering Place Richman Family Wellness Center is located at 23295 Commerce Park. Regardless of which facility you go to access the programs and services offered by The Gathering Place you will find a caring and supportive staff and the same types of programs to help you and your family cope with a cancer diagnosis.\\r\\n<\\/p>\",\"135\":\"<p>\\r\\n\\tIn 1998, Eileen Saffran told the community a story. This story was about a space where people on a cancer journey could seek support. A space where people felt safe, connected with others, and found peace during a time of chaos. A space where the entire family was supported, the services were free, and the largest barrier to entry was admitting you needed help. The story resonated with people in the community and as it unfolded, more people listened.\\r\\n<\\/p><p>\\r\\n\\tA grass roots effort began in a small conference room and ended in an auditorium. Listening turned into action. Those who heard the story became donors, volunteers, staff members and ambassadors. The story came to life and The Gathering Place was created.\\r\\n<\\/p><p>\\r\\n\\tThe Gathering Place opened its doors in Beachwood in 2000. In 2008 a location was opened in Westlake and in 2011 The Gathering Place Richman Family Wellness Center opened in Beachwood to provide exercise programs for individuals in treatment and those that had completed treatment. Since opening its doors 15 years ago, The Gathering Place has served over 35,000 individuals who have made more than 271,000 visits.\\r\\n\\t<br>\\r\\n<\\/p><p>\\r\\n\\t<br>\\r\\n<\\/p>\",\"203\":\"The mission of The Gathering Place is to support, educate and empower individuals and families touched by cancer through programs and services provided free of charge.\",\"204\":\"<p>\\r\\n\\tThe programs at The Gathering Place heal the body, the mind and the spirit.  We recognize that everyone has different needs while on the cancer journey and we provide programs and services to meet people where they are on the journey. Whether you are the person with cancer or their loved one, cancer impacts how you see the world. Our job at The Gathering Place is to help you see things differently; to help you see life moving forward, during and after cancer. Seeing things differently could mean accepting a diagnosis, finding forgiveness, or releasing anger.\\r\\n<\\/p><p>\\r\\n\\tPeople often describe feeling a sense of peace when they walk through our doors. This comes from being a part of a community. This comes from feeling safe and connected.   This comes from knowing you are not alone on your journey.\\r\\n<\\/p>\",\"206\":\"<ul>\\r\\n\\t<li>Short term one-to-one counseling and support groups help participants find ways to cope with the emotional impact of a cancer diagnosis<\\/li>\\r\\n\\t<li>There are weekly groups for those diagnosed with cancer and one for \\r\\nfamily and friends, as well as monthly or quarterly drop-in groups for specific cancers \\r\\nsuch as breast, prostate, blood cancers and oral, head and neck cancers.\\r\\n\\t<\\/li>\\r\\n\\t<li>Two education centers that include lending libraries with over 2,500 books, cds and dvds provide information and opportunities to learn more about coping and provide practical information<\\/li>\\r\\n\\t<li> The medical librarian will help you research any questions you may have on cancer and its treatment, whether you are newly diagnosed, a long-term survivor or a family member seeking information<\\/li>\\r\\n\\t<li>Lectures and workshops by local experts offer the latest information on cancer treatments and complementary medicine<\\/li>\\r\\n\\t<li>Reiki, massage and reflexology can help reduce stress and manage pain<\\/li>\\r\\n\\t<li>Gentle movement classes such as tai chi, yoga and qigong help to rebuild strength and balance and reduce stress<\\/li>\\r\\n\\t<li>Exercise classes led by certified fitness trainers help to address the physical side effects of cancer treatment and help to build strength and increase stamina<\\/li>\\r\\n\\t<li>One-to-one consultations with a licensed dietitian as well as hands-on cooking classes help to enhance or create a more healthy life style<\\/li>\\r\\n\\t<li>Comprehensive individual and group programs that meet the needs of children and teens coping with an adult family members cancer <\\/li>\\r\\n\\t<li>Art and music programs help individuals tap into their creativity to explore and express the emotions that come up during the cancer journey<\\/li>\\r\\n\\t<li>Regina Brett Wig Salons provide a free wig to women with cancer-related hair loss<\\/li>\\r\\n<\\/ul>\",\"176\":[\"116\"],\"87\":[\"35\",\"113\"],\"167\":{\"185\":{\"type\":\"siteImage\",\"enabled\":\"1\",\"fields\":{\"siteImageFile\":\"\",\"siteImageCaption\":\"Football Cat\",\"imageSite\":[\"119\"]}},\"186\":{\"type\":\"siteImage\",\"enabled\":\"1\",\"fields\":{\"siteImageFile\":[\"134\"],\"siteImageCaption\":\"Lighthouse\",\"imageSite\":[\"120\"]}},\"187\":{\"type\":\"siteImage\",\"enabled\":\"1\",\"fields\":{\"siteImageFile\":[\"109\"],\"siteImageCaption\":\"Janis\",\"imageSite\":[\"119\"]}},\"188\":{\"type\":\"siteImage\",\"enabled\":\"1\",\"fields\":{\"siteImageFile\":\"\",\"siteImageCaption\":\"Walrus\",\"imageSite\":[\"120\"]}}},\"208\":\"<p>\\r\\n\\tThe Gathering Place West is located in Westlake and opened in October of 2008. This facility provides those living west of the Cuyahoga an opportunity to utilize our programs and services a little closer to home. The Gathering Place is located at 800 Sharon Drive.  Regardless of which facility  you go to access the programs and services offered by The Gathering Place you will find a caring and supportive staff and the same types of programs to help you and your family cope with a cancer diagnosis.\\r\\n<\\/p>\"}}','2015-05-26 13:54:17','2015-05-26 13:54:17','c9b513d6-07a8-499b-a7cb-aa003128628b'),(362,285,4,281,'en_us',1,'','{\"typeId\":\"4\",\"authorId\":\"281\",\"title\":\"Creating Art to Make A Difference\",\"slug\":\"creating-art-to-make-a-difference\",\"postDate\":1432598400,\"expiryDate\":null,\"enabled\":1,\"fields\":{\"174\":[\"118\"],\"177\":\"\",\"175\":\"\",\"176\":\"\",\"144\":\"\",\"87\":\"\",\"67\":{\"new1\":{\"type\":\"storyInfoBlock\",\"enabled\":\"1\",\"fields\":{\"storyHeaderImage\":[\"282\"],\"storySubtitle\":\"\",\"storyText\":\"<p>For the last 10 years Kathy Johnson has held a fund-raiser at her shop Hudson Fine Art &amp; Framing through the month of October called \\\"In The Pink\\\". She invites local artists as well as participants from The Gathering Place and her staff to decorate and donate a small canvas. Her talented posse uses every conceivable medium to create a fantastical array of styles and images. Whether it is oil paint, watercolor, acrylic, collage, fiber or photography, the square canvasses run the gamut of realistic to abstract, whimsical to words.The seasoned professionals and enthusiastic contingent from The Gathering Place whip up amazing and imaginative creations. <\\/p><p>Kathy says that with each subsequent year, the number of canvases submitted exceeds her expectations, so that the hardest thing for her is hanging them in straight rows for display! Each October, there is an evening reception at the beginning of the month, with wine poured by her husband\\/sommelier and delicious snacks. Party-goers that night get the first glimpse of the 50 to 75 works that they can bid on, but the display stays up for the entire month for everyone to get a chance to vote for their favorite. Conducted in the manner of a \'Chinese Auction\', anyone can buy raffle tickets and specify which piece they hope to win, depending on what strikes their fancy. <\\/p><p>In 2014, there was a tie for the \\\"People\'s Choice \\\" award, with half of the votes going to five year old Robert McIsacc who painted a pastoral scene of a barn. While it may have been his loving family and friends who stuffed the ballot box, his winning was especially touching because he lost his mother to cancer soon after the show opened. Hudson is a small town where you never know whose life you will touch; Kathy\'s husband had coached Robert\'s sisters in softball. Kathy knows that pain of loss. Her friend Joy Wilson and five other friends all had breast cancer before they were 40. She wanted to find a way to give back and help others, and she is glad to have made The Gathering Place connection. Her event raises over $1,000 each year to support the free programs and services provided at The Gathering Place. <\\/p>\",\"additionalImages\":[\"283\",\"284\"]}}},\"279\":\"\"}}','2015-05-26 14:37:34','2015-05-26 14:37:34','7f11a0a9-9f7e-4a75-b2a8-60e1ba72ad7d'),(363,285,4,281,'en_us',2,'','{\"typeId\":\"4\",\"authorId\":\"281\",\"title\":\"Creating Art to Make A Difference\",\"slug\":\"creating-art-to-make-a-difference\",\"postDate\":1432598400,\"expiryDate\":null,\"enabled\":1,\"fields\":{\"174\":[\"118\"],\"177\":\"\",\"175\":\"\",\"176\":\"\",\"144\":\"\",\"87\":\"\",\"67\":{\"286\":{\"type\":\"storyInfoBlock\",\"enabled\":\"1\",\"fields\":{\"storyHeaderImage\":[\"242\"],\"storySubtitle\":\"\",\"storyText\":\"<p>For the last 10 years Kathy Johnson has held a fund-raiser at her shop Hudson Fine Art &amp; Framing through the month of October called \\\"In The Pink\\\". She invites local artists as well as participants from The Gathering Place and her staff to decorate and donate a small canvas. Her talented posse uses every conceivable medium to create a fantastical array of styles and images. Whether it is oil paint, watercolor, acrylic, collage, fiber or photography, the square canvasses run the gamut of realistic to abstract, whimsical to words.The seasoned professionals and enthusiastic contingent from The Gathering Place whip up amazing and imaginative creations. <\\/p><p>Kathy says that with each subsequent year, the number of canvases submitted exceeds her expectations, so that the hardest thing for her is hanging them in straight rows for display! Each October, there is an evening reception at the beginning of the month, with wine poured by her husband\\/sommelier and delicious snacks. Party-goers that night get the first glimpse of the 50 to 75 works that they can bid on, but the display stays up for the entire month for everyone to get a chance to vote for their favorite. Conducted in the manner of a \'Chinese Auction\', anyone can buy raffle tickets and specify which piece they hope to win, depending on what strikes their fancy. <\\/p><p>In 2014, there was a tie for the \\\"People\'s Choice \\\" award, with half of the votes going to five year old Robert McIsacc who painted a pastoral scene of a barn. While it may have been his loving family and friends who stuffed the ballot box, his winning was especially touching because he lost his mother to cancer soon after the show opened. Hudson is a small town where you never know whose life you will touch; Kathy\'s husband had coached Robert\'s sisters in softball. Kathy knows that pain of loss. Her friend Joy Wilson and five other friends all had breast cancer before they were 40. She wanted to find a way to give back and help others, and she is glad to have made The Gathering Place connection. Her event raises over $1,000 each year to support the free programs and services provided at The Gathering Place. <\\/p>\",\"additionalImages\":[\"283\",\"284\"]}}},\"279\":\"\"}}','2015-05-26 14:39:06','2015-05-26 14:39:06','ffd56f9b-e33b-4a3c-ae5f-31ee0f77dee4'),(364,116,7,281,'en_us',8,'','{\"typeId\":\"8\",\"authorId\":\"4\",\"title\":\"Art & Music\",\"slug\":\"art-music\",\"postDate\":1432665900,\"expiryDate\":null,\"enabled\":1,\"fields\":{\"174\":[\"82\",\"83\"],\"184\":[\"287\"],\"177\":\"\",\"135\":\"<p>Art and music classes provide an opportunity to tap into one\'s creativity and explore and express the emotions that come up while on the cancer journey. The programs are for those currently dealing with cancer in their daily lives<br><\\/p>\",\"276\":\"\",\"275\":\"\",\"175\":[\"93\",\"193\",\"156\",\"159\"],\"176\":[\"158\"],\"144\":[\"98\",\"100\",\"101\",\"102\"],\"195\":\"\",\"87\":[\"38\"],\"194\":\"<p>Nulla vitae elit libero, a pharetra augue. Praesent commodo cursus magna, vel scelerisque nisl consectetur et. Morbi leo risus, porta ac consectetur ac, vestibulum at eros. Donec ullamcorper nulla non metus auctor fringilla. Vestibulum id ligula porta felis euismod semper Aenean eu leo quam. Pellentesque ornare sem lacinia quam venenatis vestibulum.<\\/p>\",\"193\":\"Using Creativity to Explore & Express Your Emotions \"}}','2015-05-26 14:52:38','2015-05-26 14:52:38','935d31ed-a840-4431-9cd5-1e524e67cafa'),(365,116,7,281,'en_us',9,'','{\"typeId\":\"8\",\"authorId\":\"4\",\"title\":\"Art & Music\",\"slug\":\"art-music\",\"postDate\":1432665900,\"expiryDate\":null,\"enabled\":1,\"fields\":{\"174\":[\"82\",\"83\"],\"184\":[\"288\"],\"177\":\"\",\"135\":\"<p>Art and music classes provide an opportunity to tap into one\'s creativity and explore and express the emotions that come up while on the cancer journey. The programs are for those currently dealing with cancer in their daily lives<br><\\/p>\",\"276\":\"\",\"275\":\"\",\"175\":[\"93\",\"193\",\"156\",\"159\"],\"176\":[\"158\"],\"144\":[\"98\",\"100\",\"101\",\"102\"],\"195\":\"\",\"87\":[\"38\"],\"194\":\"<p>Nulla vitae elit libero, a pharetra augue. Praesent commodo cursus magna, vel scelerisque nisl consectetur et. Morbi leo risus, porta ac consectetur ac, vestibulum at eros. Donec ullamcorper nulla non metus auctor fringilla. Vestibulum id ligula porta felis euismod semper Aenean eu leo quam. Pellentesque ornare sem lacinia quam venenatis vestibulum.<\\/p>\",\"193\":\"Using Creativity to Explore & Express Your Emotions \"}}','2015-05-26 15:03:01','2015-05-26 15:03:01','574c2136-3f95-4b30-af5c-a24eaf837557'),(366,116,7,281,'en_us',10,'','{\"typeId\":\"8\",\"authorId\":\"4\",\"title\":\"Art & Music\",\"slug\":\"art-music\",\"postDate\":1432665900,\"expiryDate\":null,\"enabled\":1,\"fields\":{\"174\":[\"82\",\"83\"],\"184\":[\"289\"],\"177\":\"\",\"135\":\"<p>Art and music classes provide an opportunity to tap into one\'s creativity and explore and express the emotions that come up while on the cancer journey. The programs are for those currently dealing with cancer in their daily lives<br><\\/p>\",\"276\":\"\",\"275\":\"\",\"175\":[\"93\",\"193\",\"156\",\"159\"],\"176\":[\"158\"],\"144\":[\"98\",\"100\",\"101\",\"102\"],\"195\":\"\",\"87\":[\"38\"],\"194\":\"<p>Nulla vitae elit libero, a pharetra augue. Praesent commodo cursus magna, vel scelerisque nisl consectetur et. Morbi leo risus, porta ac consectetur ac, vestibulum at eros. Donec ullamcorper nulla non metus auctor fringilla. Vestibulum id ligula porta felis euismod semper Aenean eu leo quam. Pellentesque ornare sem lacinia quam venenatis vestibulum.<\\/p>\",\"193\":\"Using Creativity to Explore & Express Your Emotions \"}}','2015-05-26 15:09:36','2015-05-26 15:09:36','26dd7fee-8329-4cd5-837a-71b76de1a9c3'),(367,116,7,281,'en_us',11,'','{\"typeId\":\"8\",\"authorId\":\"4\",\"title\":\"Art & Music\",\"slug\":\"art-music\",\"postDate\":1432665900,\"expiryDate\":null,\"enabled\":1,\"fields\":{\"174\":[\"82\",\"83\"],\"184\":[\"289\"],\"177\":\"\",\"135\":\"<p>\\r\\n\\tArt and music classes provide an opportunity to tap into one\'s creativity to explore and express the emotions that come up while on the cancer journey. The programs are for those currently dealing with cancer in their daily lives. This includes those in treatment, those who are coping with the physical and\\/or emotional side effects of treatment, those who are actively supporting someone with  cancer or someone who is grieving the recent loss of a loved one from cancer.<br>\\r\\n<\\/p>\",\"276\":\"\",\"275\":\"\",\"175\":[\"93\",\"193\",\"156\",\"159\"],\"176\":[\"158\"],\"144\":[\"98\",\"100\",\"101\",\"102\"],\"195\":\"\",\"87\":[\"38\"],\"194\":\"<p><br><\\/p>\",\"193\":\"Using Creativity to Explore & Express Your Emotions \"}}','2015-05-26 15:20:35','2015-05-26 15:20:35','f5b3500b-b72d-4f45-8133-af5a41aeb762'),(368,290,6,281,'en_us',1,'','{\"typeId\":\"28\",\"authorId\":\"281\",\"title\":\"Art & Drumming\",\"slug\":\"art-drumming\",\"postDate\":1432656664,\"expiryDate\":null,\"enabled\":1,\"fields\":{\"174\":[\"82\",\"83\"],\"199\":[\"207\"],\"143\":{\"startDate\":{\"date\":\"8\\/4\\/2015\",\"time\":\"4:30 PM\"},\"endDate\":{\"date\":\"8\\/4\\/2015\",\"time\":\"6:00 PM\"},\"stored_rules_json\":\"\",\"recurrenceRules\":\"{\\r\\n  \\\"rules\\\": [\\r\\n    {\\r\\n      \\\"ruleType\\\": {\\r\\n        \\\"name\\\": \\\"selectedDate\\\",\\r\\n        \\\"title\\\": \\\"On a Selected Date\\\"\\r\\n      },\\r\\n      \\\"uiTemplateName\\\": \\\"fields-selectedDate_Template\\\",\\r\\n      \\\"showRepeatUntilDate\\\": false,\\r\\n      \\\"showRepeatUntilCount\\\": false,\\r\\n      \\\"startDate\\\": \\\"8\\/11\\/2015\\\",\\r\\n      \\\"endDate\\\": \\\"8\\/11\\/2015\\\",\\r\\n      \\\"startTime\\\": \\\"4:30 PM\\\",\\r\\n      \\\"endTime\\\": \\\"6:00 PM\\\"\\r\\n    },\\r\\n    {\\r\\n      \\\"ruleType\\\": {\\r\\n        \\\"name\\\": \\\"selectedDate\\\",\\r\\n        \\\"title\\\": \\\"On a Selected Date\\\"\\r\\n      },\\r\\n      \\\"uiTemplateName\\\": \\\"fields-selectedDate_Template\\\",\\r\\n      \\\"showRepeatUntilDate\\\": false,\\r\\n      \\\"showRepeatUntilCount\\\": false,\\r\\n      \\\"startDate\\\": \\\"8\\/18\\/2015\\\",\\r\\n      \\\"endDate\\\": \\\"8\\/18\\/2015\\\",\\r\\n      \\\"startTime\\\": \\\"4:30 PM\\\"\\r\\n    },\\r\\n    {\\r\\n      \\\"ruleType\\\": {\\r\\n        \\\"name\\\": \\\"selectedDate\\\",\\r\\n        \\\"title\\\": \\\"On a Selected Date\\\"\\r\\n      },\\r\\n      \\\"uiTemplateName\\\": \\\"fields-selectedDate_Template\\\",\\r\\n      \\\"showRepeatUntilDate\\\": false,\\r\\n      \\\"showRepeatUntilCount\\\": false,\\r\\n      \\\"startDate\\\": \\\"8\\/25\\/2015\\\",\\r\\n      \\\"endDate\\\": \\\"8\\/25\\/2015\\\",\\r\\n      \\\"startTime\\\": \\\"4:30 PM\\\",\\r\\n      \\\"endTime\\\": \\\"6:00 PM\\\"\\r\\n    }\\r\\n  ]\\r\\n}\"},\"184\":\"\",\"177\":\"\",\"135\":\"<p>Experience the combination of two great methods of releasing stress and emotions. No art or drumming experience necessary. Drums will be provided.<\\/p><p>Advance registration required.<\\/p><p>Facilitator: Laurie Linden, LISW, ATR-BC<\\/p><p>Tuesdays, August 4th, 11th, 18th &amp; 25th, 4:30-6:00pm<br><\\/p>\",\"107\":\"\",\"276\":{\"new1\":{\"type\":\"contactButton\",\"enabled\":\"1\",\"fields\":{\"contactName\":\"Betsy Kohn\",\"contactEmailAddress\":\"kohn@touchedbycancer.org\"}}},\"275\":\"<p>Advance registration with Betsy Kohn required<\\/p>\",\"176\":\"\",\"144\":\"\",\"195\":\"\",\"87\":\"\",\"200\":[\"148\"],\"194\":\"\",\"193\":\"\"}}','2015-05-26 16:11:04','2015-05-26 16:11:04','b1c57d61-51ff-4a4c-a746-7522f21693d2'),(369,290,6,281,'en_us',2,'','{\"typeId\":\"28\",\"authorId\":\"281\",\"title\":\"Art & Drumming\",\"slug\":\"art-drumming\",\"postDate\":1432656660,\"expiryDate\":null,\"enabled\":1,\"fields\":{\"174\":[\"82\",\"83\"],\"199\":[\"207\"],\"143\":{\"startDate\":{\"date\":\"8\\/4\\/2015\",\"time\":\"4:30 PM\"},\"endDate\":{\"date\":\"8\\/4\\/2015\",\"time\":\"6:00 PM\"},\"stored_rules_json\":\"{\\r\\n  \\\"rules\\\": [\\r\\n    {\\r\\n      \\\"ruleType\\\": {\\r\\n        \\\"name\\\": \\\"selectedDate\\\",\\r\\n        \\\"title\\\": \\\"On a Selected Date\\\"\\r\\n      },\\r\\n      \\\"uiTemplateName\\\": \\\"fields-selectedDate_Template\\\",\\r\\n      \\\"showRepeatUntilDate\\\": false,\\r\\n      \\\"showRepeatUntilCount\\\": false,\\r\\n      \\\"startDate\\\": \\\"8\\/11\\/2015\\\",\\r\\n      \\\"endDate\\\": \\\"8\\/11\\/2015\\\",\\r\\n      \\\"startTime\\\": \\\"4:30 PM\\\",\\r\\n      \\\"endTime\\\": \\\"6:00 PM\\\"\\r\\n    },\\r\\n    {\\r\\n      \\\"ruleType\\\": {\\r\\n        \\\"name\\\": \\\"selectedDate\\\",\\r\\n        \\\"title\\\": \\\"On a Selected Date\\\"\\r\\n      },\\r\\n      \\\"uiTemplateName\\\": \\\"fields-selectedDate_Template\\\",\\r\\n      \\\"showRepeatUntilDate\\\": false,\\r\\n      \\\"showRepeatUntilCount\\\": false,\\r\\n      \\\"startDate\\\": \\\"8\\/18\\/2015\\\",\\r\\n      \\\"endDate\\\": \\\"8\\/18\\/2015\\\",\\r\\n      \\\"startTime\\\": \\\"4:30 PM\\\"\\r\\n    },\\r\\n    {\\r\\n      \\\"ruleType\\\": {\\r\\n        \\\"name\\\": \\\"selectedDate\\\",\\r\\n        \\\"title\\\": \\\"On a Selected Date\\\"\\r\\n      },\\r\\n      \\\"uiTemplateName\\\": \\\"fields-selectedDate_Template\\\",\\r\\n      \\\"showRepeatUntilDate\\\": false,\\r\\n      \\\"showRepeatUntilCount\\\": false,\\r\\n      \\\"startDate\\\": \\\"8\\/25\\/2015\\\",\\r\\n      \\\"endDate\\\": \\\"8\\/25\\/2015\\\",\\r\\n      \\\"startTime\\\": \\\"4:30 PM\\\",\\r\\n      \\\"endTime\\\": \\\"6:00 PM\\\"\\r\\n    }\\r\\n  ]\\r\\n}\",\"recurrenceRules\":\"{\\r\\n  \\\"rules\\\": [\\r\\n    {\\r\\n      \\\"ruleType\\\": {\\r\\n        \\\"name\\\": \\\"selectedDate\\\",\\r\\n        \\\"title\\\": \\\"On a Selected Date\\\"\\r\\n      },\\r\\n      \\\"uiTemplateName\\\": \\\"fields-selectedDate_Template\\\",\\r\\n      \\\"showRepeatUntilDate\\\": false,\\r\\n      \\\"showRepeatUntilCount\\\": false,\\r\\n      \\\"startDate\\\": \\\"8\\/11\\/2015\\\",\\r\\n      \\\"endDate\\\": \\\"8\\/11\\/2015\\\",\\r\\n      \\\"startTime\\\": \\\"4:30 PM\\\",\\r\\n      \\\"endTime\\\": \\\"6:00 PM\\\"\\r\\n    },\\r\\n    {\\r\\n      \\\"ruleType\\\": {\\r\\n        \\\"name\\\": \\\"selectedDate\\\",\\r\\n        \\\"title\\\": \\\"On a Selected Date\\\"\\r\\n      },\\r\\n      \\\"uiTemplateName\\\": \\\"fields-selectedDate_Template\\\",\\r\\n      \\\"showRepeatUntilDate\\\": false,\\r\\n      \\\"showRepeatUntilCount\\\": false,\\r\\n      \\\"startDate\\\": \\\"8\\/18\\/2015\\\",\\r\\n      \\\"endDate\\\": \\\"8\\/18\\/2015\\\",\\r\\n      \\\"startTime\\\": \\\"4:30 PM\\\"\\r\\n    },\\r\\n    {\\r\\n      \\\"ruleType\\\": {\\r\\n        \\\"name\\\": \\\"selectedDate\\\",\\r\\n        \\\"title\\\": \\\"On a Selected Date\\\"\\r\\n      },\\r\\n      \\\"uiTemplateName\\\": \\\"fields-selectedDate_Template\\\",\\r\\n      \\\"showRepeatUntilDate\\\": false,\\r\\n      \\\"showRepeatUntilCount\\\": false,\\r\\n      \\\"startDate\\\": \\\"8\\/25\\/2015\\\",\\r\\n      \\\"endDate\\\": \\\"8\\/25\\/2015\\\",\\r\\n      \\\"startTime\\\": \\\"4:30 PM\\\",\\r\\n      \\\"endTime\\\": \\\"6:00 PM\\\"\\r\\n    }\\r\\n  ]\\r\\n}\"},\"184\":\"\",\"177\":\"\",\"135\":\"<p>\\r\\n\\tExperience the combination of two great methods of releasing stress and emotions. No art or drumming experience necessary. Drums will be provided.\\r\\n<\\/p><p>\\r\\n\\tAdvance registration required.\\r\\n<\\/p><p>\\r\\n\\tFacilitator: Laurie Linden, LISW, ATR-BC\\r\\n<\\/p><p>\\r\\n\\tTuesdays, August 4th, 11th, 18th &amp; 25th, 4:30-6:00pm\\r\\n\\t<br>\\r\\n<\\/p>\",\"107\":\"\",\"276\":{\"291\":{\"type\":\"contactButton\",\"enabled\":\"1\",\"fields\":{\"contactName\":\"Betsy Kohn\",\"contactEmailAddress\":\"kohn@touchedbycancer.org\"}}},\"275\":\"<p>\\r\\n\\tAdvance registration with Betsy Kohn required\\r\\n<\\/p>\",\"176\":\"\",\"144\":\"\",\"195\":\"\",\"87\":\"\",\"200\":[\"148\"],\"194\":\"\",\"193\":\"\"}}','2015-05-26 21:27:28','2015-05-26 21:27:28','8faf74da-5990-4a0b-a3a9-6062da0b1bcf'),(370,285,4,281,'en_us',3,'','{\"typeId\":\"4\",\"authorId\":\"281\",\"title\":\"Creating Art to Make A Difference\",\"slug\":\"creating-art-to-make-a-difference\",\"postDate\":1432598400,\"expiryDate\":null,\"enabled\":1,\"fields\":{\"174\":[\"118\"],\"177\":\"\",\"175\":\"\",\"176\":\"\",\"144\":\"\",\"87\":\"\",\"67\":{\"286\":{\"type\":\"storyInfoBlock\",\"enabled\":\"1\",\"fields\":{\"storyHeaderImage\":[\"242\"],\"storySubtitle\":\"\",\"storyText\":\"<p>For the last 10 years Kathy Johnson has held a fund-raiser at her shop Hudson Fine Art &amp; Framing through the month of October called \\\"In The Pink\\\". She invites local artists as well as participants from The Gathering Place and her staff to decorate and donate a small canvas. Her talented posse uses every conceivable medium to create a fantastical array of styles and images. Whether it is oil paint, watercolor, acrylic, collage, fiber or photography, the square canvasses run the gamut of realistic to abstract, whimsical to words.The seasoned professionals and enthusiastic contingent from The Gathering Place whip up amazing and imaginative creations. <img src=\\\"\\/uploads\\/images\\/daisyhomepage.png#asset:279\\\"><\\/p><p>Kathy says that with each subsequent year, the number of canvases submitted exceeds her expectations, so that the hardest thing for her is hanging them in straight rows for display! Each October, there is an evening reception at the beginning of the month, with wine poured by her husband\\/sommelier and delicious snacks. Party-goers that night get the first glimpse of the 50 to 75 works that they can bid on, but the display stays up for the entire month for everyone to get a chance to vote for their favorite. Conducted in the manner of a \'Chinese Auction\', anyone can buy raffle tickets and specify which piece they hope to win, depending on what strikes their fancy. <\\/p><p>In 2014, there was a tie for the \\\"People\'s Choice \\\" award, with half of the votes going to five year old Robert McIsacc who painted a pastoral scene of a barn. While it may have been his loving family and friends who stuffed the ballot box, his winning was especially touching because he lost his mother to cancer soon after the show opened. Hudson is a small town where you never know whose life you will touch; Kathy\'s husband had coached Robert\'s sisters in softball. Kathy knows that pain of loss. Her friend Joy Wilson and five other friends all had breast cancer before they were 40. She wanted to find a way to give back and help others, and she is glad to have made The Gathering Place connection. Her event raises over $1,000 each year to support the free programs and services provided at The Gathering Place. <\\/p>\",\"additionalImages\":[\"283\",\"284\"]}}},\"279\":\"\"}}','2015-05-29 21:10:37','2015-05-29 21:10:37','2242a331-07b8-405e-95f1-e5bff157afcd'),(372,293,23,1,'en_us',1,'','{\"typeId\":\"43\",\"authorId\":null,\"title\":\"Press Room\",\"slug\":\"pressroom\",\"postDate\":1433031585,\"expiryDate\":null,\"enabled\":1,\"fields\":{\"135\":\"<p>Lorem ipsum dolor sit amet, consectetur adipiscing elit. Sed nec sem in lacus mattis adipiscing eget ut lorem. Proin eu quam nulla, id porta erat. Cras nec neque non nisl lobortis adipiscing eget at enim. Nulla sed fermentum elit. Nunc id magna purus. Phasellus at ligula risus. Donec egestas enim vel orci convallis euismod. Fusce velit lorem, tincidunt id viverra id, fringilla at erat. Fusce venenatis dignissim turpis, pharetra convallis arcu placerat sed. Ut at orci metus. Quisque sollicitudin gravida pharetra. Curabitur porta faucibus leo, vitae pharetra turpis interdum in. Duis ut urna odio, ac gravida leo. Nullam sodales risus sed ligula porttitor tempus eu at lectus.<span><\\/span><br><\\/p>\",\"285\":\"<p>Fusce velit lorem, tincidunt id viverra id, fringilla at erat. Fusce venenatis dignissim turpis, pharetra convallis arcu placerat sed. Ut at orci metus. Quisque sollicitudin gravida pharetra. Curabitur porta faucibus leo, vitae pharetra turpis interdum in. Duis ut urna odio, ac gravida leo. Nullam sodales risus sed ligula porttitor tempus eu at lectus.<span><\\/span><\\/p><ul><li><a href=\\\"http:\\/\\/google.com\\\">Sample Coverage<\\/a><\\/li><li><a href=\\\"http:\\/\\/google.com\\/\\\">Sample Coverage<\\/a><\\/li><li><a href=\\\"http:\\/\\/google.com\\/\\\">Sample Coverage<\\/a><\\/li><\\/ul>\",\"284\":\"<p>Fusce velit lorem, tincidunt id viverra id, fringilla at erat. Fusce venenatis dignissim turpis, pharetra convallis arcu placerat sed. Ut at orci metus. Quisque sollicitudin gravida pharetra. Curabitur porta faucibus leo, vitae pharetra turpis interdum in. Duis ut urna odio, ac gravida leo. Nullam sodales risus sed ligula porttitor tempus eu at lectus.<span><\\/span><br><\\/p><ul><li><a href=\\\"http:\\/\\/google.com\\\">Sample Press Release<\\/a><a href=\\\"http:\\/\\/google.com\\/\\\"><\\/a><\\/li><li><a href=\\\"http:\\/\\/google.com\\/\\\">Sample Press Release<\\/a><\\/li><li><a href=\\\"http:\\/\\/google.com\\/\\\"><\\/a><a href=\\\"http:\\/\\/google.com\\/\\\">Sample Press Release<\\/a><\\/li><\\/ul>\",\"87\":\"\"}}','2015-05-31 00:28:20','2015-05-31 00:28:20','dae5f6b8-a929-4170-8856-f9948c6cbdd7'),(373,293,23,1,'en_us',2,'','{\"typeId\":\"43\",\"authorId\":null,\"title\":\"Press Room\",\"slug\":\"pressroom\",\"postDate\":1433031585,\"expiryDate\":null,\"enabled\":1,\"fields\":{\"135\":\"<p>Lorem ipsum dolor sit amet, consectetur adipiscing elit. Sed nec sem in lacus mattis adipiscing eget ut lorem. Proin eu quam nulla, id porta erat. Cras nec neque non nisl lobortis adipiscing eget at enim. Nulla sed fermentum elit. Nunc id magna purus. Phasellus at ligula risus. Donec egestas enim vel orci convallis euismod. Fusce velit lorem, tincidunt id viverra id, fringilla at erat. Fusce venenatis dignissim turpis, pharetra convallis arcu placerat sed. Ut at orci metus. Quisque sollicitudin gravida pharetra. Curabitur porta faucibus leo, vitae pharetra turpis interdum in. Duis ut urna odio, ac gravida leo. Nullam sodales risus sed ligula porttitor tempus eu at lectus.<br><\\/p>\",\"285\":\"<p>Fusce velit lorem, tincidunt id viverra id, fringilla at erat. Fusce venenatis dignissim turpis, pharetra convallis arcu placerat sed. Ut at orci metus. Quisque sollicitudin gravida pharetra. Curabitur porta faucibus leo, vitae pharetra turpis interdum in. Duis ut urna odio, ac gravida leo. Nullam sodales risus sed ligula porttitor tempus eu at lectus.<\\/p><ul><li><a href=\\\"http:\\/\\/google.com\\\">Sample Coverage<\\/a><\\/li><li><a href=\\\"http:\\/\\/google.com\\/\\\">Sample Coverage<\\/a><\\/li><li><a href=\\\"http:\\/\\/google.com\\/\\\">Sample Coverage<\\/a><\\/li><\\/ul>\",\"284\":\"<p>Fusce velit lorem, tincidunt id viverra id, fringilla at erat. Fusce venenatis dignissim turpis, pharetra convallis arcu placerat sed. Ut at orci metus. Quisque sollicitudin gravida pharetra. Curabitur porta faucibus leo, vitae pharetra turpis interdum in. Duis ut urna odio, ac gravida leo. Nullam sodales risus sed ligula porttitor tempus eu at lectus.<br><\\/p><ul><li><a href=\\\"http:\\/\\/google.com\\\">Sample Press Release<\\/a><a href=\\\"http:\\/\\/google.com\\/\\\"><\\/a><\\/li><li><a href=\\\"http:\\/\\/google.com\\/\\\">Sample Press Release<\\/a><\\/li><li><a href=\\\"http:\\/\\/google.com\\/\\\"><\\/a><a href=\\\"http:\\/\\/google.com\\/\\\">Sample Press Release<\\/a><\\/li><\\/ul>\",\"87\":[\"35\",\"38\"]}}','2015-05-31 00:45:47','2015-05-31 00:45:47','93c9aee7-c84e-439c-affc-f37fb4a18b27'),(374,110,15,281,'en_us',4,'','{\"typeId\":\"17\",\"authorId\":\"4\",\"title\":\"Cheryl Apisdorf\",\"slug\":\"staff\",\"postDate\":1424986980,\"expiryDate\":null,\"enabled\":1,\"fields\":{\"191\":\" Maecenas faucibus mollis interdum. Maecenas sed diam eget risus varius blandit sit amet non magna. Nullam quis risus eg\",\"190\":\"Maecenas faucib nullam quis risus eget urna mollis ornare vel eu leo. Nullam id dolor id nibh ultricies vehicula ut id elit. Nulla vitae elit libero, a pharetra augue. Cum sociis natoque penatibus et magnis dis parturient montes, nascetur ridiculus mus. Sed posuere consectetur est at lobortis. Vivamus sagittis lacus vel augue laoreet rutrum faucibus dolor auctor.\",\"192\":\"aspidorf@touchedbycancer.org\",\"189\":[\"271\"],\"180\":\"Outreach Coordinator\",\"188\":\"MBA\"}}','2015-06-02 17:12:06','2015-06-02 17:12:06','08f63388-de41-4a08-92e0-2b86881d4d1c'),(375,2,1,1,'en_us',18,'','{\"typeId\":\"1\",\"authorId\":null,\"title\":\"Homepage\",\"slug\":\"homepage\",\"postDate\":1425401500,\"expiryDate\":null,\"enabled\":1,\"fields\":{\"240\":\"Fusce dapibus, tellus ac cursus commodo, tortor mauris condimentum nibh, ut fermentum massa justo sit amet risus.\",\"239\":[\"113\"],\"184\":[\"279\"],\"135\":\"<p>\\r\\n\\tIt\'s true, this site doesn\'t have a whole lot of content yet, but don\'t worry. Our web developers have just installed the CMS, and they\'re setting things up for the content editors this very moment. Soon \\r\\n\\t<a href=\\\"http:\\/\\/tgp.d-i.co\\/\\\">Tgp.d-i.co<\\/a> will be an oasis of fresh perspectives, sharp analyses, and astute opinions that will keep you coming back again and again. In the meantime, check out our <a href=\\\"http:\\/\\/tgp.d-i.co\\/stories\\/sample-story-1#entry:35:url\\\">first story<\\/a>!\\r\\n<\\/p>\",\"206\":\"<p>Lorem ipsum dolor sit amet, consectetur adipiscing elit. Sed nec sem in lacus mattis adipiscing eget ut lorem. Proin eu quam nulla, id porta erat. Cras nec neque non nisl lobortis adipiscing eget at enim. Nulla sed fermentum elit. Nunc id magna purus.<br><\\/p>\",\"87\":[\"35\",\"132\"],\"279\":{\"new1\":{\"type\":\"youtubeVideo\",\"enabled\":\"1\",\"fields\":{\"videoUrl\":\"https:\\/\\/www.youtube.com\\/embed\\/V-mC8nKToVE\",\"videoPosition\":\"left\"}}}}}','2015-06-08 16:05:52','2015-06-08 16:05:52','683e55fd-3563-425f-a431-cb3127619b7c'),(376,2,1,1,'en_us',19,'','{\"typeId\":\"1\",\"authorId\":null,\"title\":\"Homepage\",\"slug\":\"homepage\",\"postDate\":1425401500,\"expiryDate\":null,\"enabled\":1,\"fields\":{\"287\":\"<iframe width=\\\"420\\\" height=\\\"315\\\" src=\\\"https:\\/\\/www.youtube.com\\/embed\\/V-mC8nKToVE\\\" frameborder=\\\"0\\\" allowfullscreen><\\/iframe>\",\"240\":\"Fusce dapibus, tellus ac cursus commodo, tortor mauris condimentum nibh, ut fermentum massa justo sit amet risus.\",\"239\":[\"113\"],\"184\":[\"279\"],\"135\":\"<p>\\r\\n\\tIt\'s true, this site doesn\'t have a whole lot of content yet, but don\'t worry. Our web developers have just installed the CMS, and they\'re setting things up for the content editors this very moment. Soon \\r\\n\\t<a href=\\\"http:\\/\\/tgp.d-i.co\\/\\\">Tgp.d-i.co<\\/a> will be an oasis of fresh perspectives, sharp analyses, and astute opinions that will keep you coming back again and again. In the meantime, check out our <a href=\\\"http:\\/\\/tgp.d-i.co\\/stories\\/sample-story-1#entry:35:url\\\">first story<\\/a>!\\r\\n<\\/p>\",\"206\":\"<p>Lorem ipsum dolor sit amet, consectetur adipiscing elit. Sed nec sem in lacus mattis adipiscing eget ut lorem. Proin eu quam nulla, id porta erat. Cras nec neque non nisl lobortis adipiscing eget at enim. Nulla sed fermentum elit. Nunc id magna purus.<br><\\/p>\",\"87\":[\"35\",\"132\"]}}','2015-06-08 16:14:53','2015-06-08 16:14:53','f308aa48-6d26-405f-9689-3eaeec00284f');
/*!40000 ALTER TABLE `craft_entryversions` ENABLE KEYS */;
UNLOCK TABLES;

--
-- Table structure for table `craft_fieldgroups`
--

DROP TABLE IF EXISTS `craft_fieldgroups`;
/*!40101 SET @saved_cs_client     = @@character_set_client */;
/*!40101 SET character_set_client = utf8 */;
CREATE TABLE `craft_fieldgroups` (
  `id` int(11) NOT NULL AUTO_INCREMENT,
  `name` varchar(255) COLLATE utf8_unicode_ci NOT NULL,
  `dateCreated` datetime NOT NULL,
  `dateUpdated` datetime NOT NULL,
  `uid` char(36) COLLATE utf8_unicode_ci NOT NULL DEFAULT '0',
  PRIMARY KEY (`id`),
  UNIQUE KEY `craft_fieldgroups_name_unq_idx` (`name`)
) ENGINE=InnoDB AUTO_INCREMENT=15 DEFAULT CHARSET=utf8 COLLATE=utf8_unicode_ci;
/*!40101 SET character_set_client = @saved_cs_client */;

--
-- Dumping data for table `craft_fieldgroups`
--

LOCK TABLES `craft_fieldgroups` WRITE;
/*!40000 ALTER TABLE `craft_fieldgroups` DISABLE KEYS */;
INSERT INTO `craft_fieldgroups` VALUES (1,'Default','2015-01-25 16:17:44','2015-01-25 16:17:44','c6c908d5-ef19-499b-a679-642de3e7660e'),(2,'Assets','2015-01-26 21:46:53','2015-03-10 16:56:27','c416d27e-ffbd-422f-aa43-51272ef731c1'),(3,'nav','2015-01-27 20:34:02','2015-01-27 20:34:02','889da114-b3d0-4abf-928a-0b194b1f24ac'),(4,'People','2015-02-25 17:49:32','2015-02-25 20:45:57','548be176-b9f7-435d-9eb8-083eec9883ca'),(6,'Programs','2015-02-27 18:19:04','2015-02-27 18:19:04','a5c58ef4-c36b-4c28-8ce7-4d6fbcd20ee3'),(9,'About','2015-03-10 16:19:32','2015-03-10 16:19:32','3a7e423d-8679-45f2-8887-9f5eed54b2da'),(10,'Repeating Elements','2015-03-10 17:04:32','2015-03-10 17:07:34','2fc8a91a-5d90-4c88-ad13-1ddc05285de0'),(11,'Related Entries','2015-03-16 19:58:29','2015-03-16 19:58:29','605b4bf5-0bf0-40af-9349-1f9b38f3514e'),(12,'Contact','2015-03-16 20:55:24','2015-03-16 20:55:24','28fe4549-88c0-4e72-a9d1-5ed199217951'),(13,'Support','2015-03-16 20:56:37','2015-03-16 20:56:37','f3762448-7295-499d-921c-e550e8b099a8'),(14,'Press','2015-05-31 00:21:21','2015-05-31 00:21:21','2ad3acdd-1087-4a3e-9a4c-87814ba0e4ff');
/*!40000 ALTER TABLE `craft_fieldgroups` ENABLE KEYS */;
UNLOCK TABLES;

--
-- Table structure for table `craft_fieldlayoutfields`
--

DROP TABLE IF EXISTS `craft_fieldlayoutfields`;
/*!40101 SET @saved_cs_client     = @@character_set_client */;
/*!40101 SET character_set_client = utf8 */;
CREATE TABLE `craft_fieldlayoutfields` (
  `id` int(11) NOT NULL AUTO_INCREMENT,
  `layoutId` int(11) NOT NULL,
  `tabId` int(11) NOT NULL,
  `fieldId` int(11) NOT NULL,
  `required` tinyint(1) unsigned NOT NULL DEFAULT '0',
  `sortOrder` tinyint(4) DEFAULT NULL,
  `dateCreated` datetime NOT NULL,
  `dateUpdated` datetime NOT NULL,
  `uid` char(36) COLLATE utf8_unicode_ci NOT NULL DEFAULT '0',
  PRIMARY KEY (`id`),
  UNIQUE KEY `craft_fieldlayoutfields_layoutId_fieldId_unq_idx` (`layoutId`,`fieldId`),
  KEY `craft_fieldlayoutfields_sortOrder_idx` (`sortOrder`),
  KEY `craft_fieldlayoutfields_tabId_fk` (`tabId`),
  KEY `craft_fieldlayoutfields_fieldId_fk` (`fieldId`),
  CONSTRAINT `craft_fieldlayoutfields_fieldId_fk` FOREIGN KEY (`fieldId`) REFERENCES `craft_fields` (`id`) ON DELETE CASCADE,
  CONSTRAINT `craft_fieldlayoutfields_layoutId_fk` FOREIGN KEY (`layoutId`) REFERENCES `craft_fieldlayouts` (`id`) ON DELETE CASCADE,
  CONSTRAINT `craft_fieldlayoutfields_tabId_fk` FOREIGN KEY (`tabId`) REFERENCES `craft_fieldlayouttabs` (`id`) ON DELETE CASCADE
) ENGINE=InnoDB AUTO_INCREMENT=1628 DEFAULT CHARSET=utf8 COLLATE=utf8_unicode_ci;
/*!40101 SET character_set_client = @saved_cs_client */;

--
-- Dumping data for table `craft_fieldlayoutfields`
--

LOCK TABLES `craft_fieldlayoutfields` WRITE;
/*!40000 ALTER TABLE `craft_fieldlayoutfields` DISABLE KEYS */;
INSERT INTO `craft_fieldlayoutfields` VALUES (2,5,2,1,1,1,'2015-01-25 16:17:44','2015-01-25 16:17:44','6bb3d614-cc51-4bd5-8252-4344b240ff3b'),(3,5,2,2,0,2,'2015-01-25 16:17:44','2015-01-25 16:17:44','7026006e-f553-442a-b808-f84c7a9dcef9'),(467,268,223,1,0,1,'2015-02-19 22:30:11','2015-02-19 22:30:11','701738b7-3be2-4b10-b33d-b740be9a159b'),(775,371,312,189,1,1,'2015-02-27 18:48:28','2015-02-27 18:48:28','368cd2ec-8e0d-4aec-a77d-e629b4666ae9'),(776,371,312,188,0,2,'2015-02-27 18:48:28','2015-02-27 18:48:28','626a9186-309c-4095-b7df-ac6a9234faa3'),(777,371,312,180,0,3,'2015-02-27 18:48:28','2015-02-27 18:48:28','ea05ec92-3559-4873-bf92-a46d4bca9f4f'),(778,371,312,182,0,4,'2015-02-27 18:48:28','2015-02-27 18:48:28','6a3cc5a6-77e9-4c20-b9ff-728b2ad7f8a9'),(973,421,351,135,0,1,'2015-03-10 15:38:10','2015-03-10 15:38:10','ca28ed61-eab1-49c9-8203-a360ae333b88'),(974,422,352,135,0,1,'2015-03-10 15:38:50','2015-03-10 15:38:50','f5aaf66e-6c5e-48b0-9d74-9e2b490b5e27'),(976,424,354,201,0,1,'2015-03-10 15:43:07','2015-03-10 15:43:07','7d01c6cc-75db-4318-9720-27a317aa678d'),(983,429,359,135,0,1,'2015-03-10 15:48:38','2015-03-10 15:48:38','74c37581-0eb1-41bc-97a6-489b4e21f0ce'),(990,433,363,135,0,1,'2015-03-10 16:25:29','2015-03-10 16:25:29','9e998904-de08-4e1d-966d-c35307820a9d'),(991,433,363,203,0,2,'2015-03-10 16:25:29','2015-03-10 16:25:29','39322ed5-8906-46ca-9569-6569f8da9aef'),(992,433,363,204,0,3,'2015-03-10 16:25:29','2015-03-10 16:25:29','64d6fc38-afb8-46e4-8237-3fcdd4f44606'),(993,433,363,87,0,4,'2015-03-10 16:25:29','2015-03-10 16:25:29','11ef7dda-f999-438e-ae8f-73b4c40c5667'),(994,433,363,205,0,5,'2015-03-10 16:25:29','2015-03-10 16:25:29','f8019913-b000-4c29-acaf-550bb1b839fc'),(995,433,363,176,0,6,'2015-03-10 16:25:29','2015-03-10 16:25:29','2b6187ba-2762-434a-b24b-7c5a577a2bde'),(996,433,363,206,0,7,'2015-03-10 16:25:29','2015-03-10 16:25:29','b6b12d42-25ee-4d61-98ea-f699b24ea06b'),(997,433,363,207,0,8,'2015-03-10 16:25:29','2015-03-10 16:25:29','ac0e692e-df94-431c-9085-d749ed6e5d64'),(998,433,363,208,0,9,'2015-03-10 16:25:29','2015-03-10 16:25:29','51ccd734-c8ec-4d08-8654-ca99f828dbb2'),(999,433,363,167,0,10,'2015-03-10 16:25:29','2015-03-10 16:25:29','1037f2b0-d9a4-4c3b-b93d-d134a476ec3a'),(1002,435,365,118,1,1,'2015-03-10 16:53:21','2015-03-10 16:53:21','20ec53ae-4e81-4c81-9e10-9a4abc0c3951'),(1003,435,365,119,1,2,'2015-03-10 16:53:21','2015-03-10 16:53:21','e6ddced7-8c48-4667-896a-79dd0ac13060'),(1004,435,365,120,0,3,'2015-03-10 16:53:21','2015-03-10 16:53:21','0fcf2917-fdbd-472f-b202-f13761a9e3f5'),(1005,435,365,121,0,4,'2015-03-10 16:53:21','2015-03-10 16:53:21','fa6fa561-5501-4ad0-a890-381573c65e84'),(1006,436,366,122,1,1,'2015-03-10 16:53:21','2015-03-10 16:53:21','d215dd21-7463-4eec-b9d3-f263355deee6'),(1007,437,367,137,1,1,'2015-03-10 16:53:55','2015-03-10 16:53:55','56cab2cd-217d-411a-8feb-583014e9c3ba'),(1008,437,367,138,0,2,'2015-03-10 16:53:55','2015-03-10 16:53:55','a88ef8fb-b49c-49b3-9b8c-d242bf659a16'),(1009,437,367,139,0,3,'2015-03-10 16:53:55','2015-03-10 16:53:55','ec3acd30-46d6-4f80-b371-f1f1b1efc0b5'),(1010,438,368,168,0,1,'2015-03-10 16:54:42','2015-03-10 16:54:42','02d6249e-019a-444c-938a-bc6d5a8d0fd2'),(1011,438,368,169,0,2,'2015-03-10 16:54:42','2015-03-10 16:54:42','1dfcf69a-0ba2-4e99-9594-608e6cc5eb3c'),(1012,438,368,170,0,3,'2015-03-10 16:54:42','2015-03-10 16:54:42','bd70d21e-2134-4ea3-89b1-606a3cf60676'),(1025,440,371,213,0,1,'2015-03-10 17:07:15','2015-03-10 17:07:15','c290e060-97cc-4145-8ec4-ee522adc384a'),(1026,440,371,214,0,2,'2015-03-10 17:07:15','2015-03-10 17:07:15','72e3d445-e21c-4ee0-9724-7e17d9ee8ff8'),(1032,443,374,217,0,1,'2015-03-10 17:12:06','2015-03-10 17:12:06','fb7fda16-e8cd-4154-953e-2933e505b609'),(1033,443,374,218,0,2,'2015-03-10 17:12:06','2015-03-10 17:12:06','3d6fd06a-10e2-4e92-ad85-faa6ee2d327d'),(1052,448,380,135,0,1,'2015-03-10 17:20:08','2015-03-10 17:20:08','0c7cf7b5-a573-44e6-b0d8-23e898598b32'),(1053,449,381,219,0,1,'2015-03-10 17:23:43','2015-03-10 17:23:43','beb695c0-21dc-46f5-9609-dfca7607acbc'),(1054,449,381,220,1,2,'2015-03-10 17:23:43','2015-03-10 17:23:43','f550d31f-6c8d-421e-96e8-edbeb4899954'),(1059,453,384,221,1,1,'2015-03-10 17:30:48','2015-03-10 17:30:48','4e8a1391-98e5-4cac-9244-35d25afee37f'),(1060,453,384,201,1,2,'2015-03-10 17:30:48','2015-03-10 17:30:48','cbf6e262-a484-460d-bc60-8bc0de5dbb34'),(1061,453,384,174,1,3,'2015-03-10 17:30:48','2015-03-10 17:30:48','29863c69-b13d-4ae6-9c38-2ef94aeb7bc4'),(1062,453,384,222,0,4,'2015-03-10 17:30:48','2015-03-10 17:30:48','341d1259-edbb-416e-8ab1-8f87cfb7e133'),(1084,457,390,223,0,1,'2015-03-10 17:43:02','2015-03-10 17:43:02','35f05ecb-758e-4325-a06b-519dcd276764'),(1096,463,395,135,0,1,'2015-03-16 20:23:44','2015-03-16 20:23:44','70e86802-d5cf-482b-83bc-7e3227f2c609'),(1097,463,395,225,0,2,'2015-03-16 20:23:44','2015-03-16 20:23:44','92a83ce6-1df5-44b4-8270-53dd325b6a89'),(1101,465,397,209,0,1,'2015-03-16 20:55:49','2015-03-16 20:55:49','caebe743-495d-40cb-8d9f-7a82f129a037'),(1102,465,397,210,0,2,'2015-03-16 20:55:49','2015-03-16 20:55:49','bd31f502-eed1-4153-a95e-3019631120de'),(1103,466,398,108,1,1,'2015-03-16 20:56:07','2015-03-16 20:56:07','b75f6bd8-7476-4d6e-8e90-d646c791ffc6'),(1104,466,398,109,0,2,'2015-03-16 20:56:07','2015-03-16 20:56:07','8774ac0a-1ce6-4012-8c6b-dee1374a939c'),(1105,466,398,110,0,3,'2015-03-16 20:56:07','2015-03-16 20:56:07','4246bb30-5876-41df-a745-87d79687c5c4'),(1106,466,398,111,0,4,'2015-03-16 20:56:07','2015-03-16 20:56:07','7ddc1313-4f18-4ac1-8133-245326be713a'),(1107,466,398,112,0,5,'2015-03-16 20:56:07','2015-03-16 20:56:07','d9661d5d-0edf-4848-8eb8-64516f115bc7'),(1108,467,399,159,0,1,'2015-03-16 20:56:21','2015-03-16 20:56:21','691bdcda-1eaa-416c-9510-48aedfa0528e'),(1109,467,399,160,0,2,'2015-03-16 20:56:21','2015-03-16 20:56:21','2257ba49-713a-4c8e-a54c-0b2e0a303d9b'),(1110,467,399,161,0,3,'2015-03-16 20:56:21','2015-03-16 20:56:21','c8e9a1e2-7bfe-41bd-a5fc-49acfa496f57'),(1111,467,399,162,0,4,'2015-03-16 20:56:21','2015-03-16 20:56:21','ff1230e4-6f34-4ddb-a061-792bf5ba5bd0'),(1112,467,399,163,0,5,'2015-03-16 20:56:21','2015-03-16 20:56:21','ee18e793-e443-4bbc-a39a-14d90e596470'),(1113,467,399,164,0,6,'2015-03-16 20:56:21','2015-03-16 20:56:21','52cb4b3e-1d1e-4be7-82d2-83676730a131'),(1114,468,400,171,0,1,'2015-03-16 20:56:21','2015-03-16 20:56:21','d499dece-18d1-49f1-87b7-d8a9108fe91a'),(1125,472,404,221,1,1,'2015-03-17 14:28:16','2015-03-17 14:28:16','3fd73d12-a8bf-4d78-8dcc-70b8863a41c8'),(1126,472,404,145,1,2,'2015-03-17 14:28:16','2015-03-17 14:28:16','744c3f70-3243-420e-bd20-8d40c5c8016a'),(1127,472,404,174,0,3,'2015-03-17 14:28:16','2015-03-17 14:28:16','15ac0238-12c7-408a-859e-f6e6aefc6c11'),(1128,472,404,222,0,4,'2015-03-17 14:28:16','2015-03-17 14:28:16','6e2757d0-771c-4583-b291-708e1011074e'),(1164,481,413,233,0,1,'2015-03-18 17:04:29','2015-03-18 17:04:29','619dd2f5-5101-4e52-940b-df0ab52dcdb1'),(1165,481,413,235,0,2,'2015-03-18 17:04:29','2015-03-18 17:04:29','80e24f2a-643b-4d92-a59c-cfba0aabba5f'),(1166,481,413,207,0,3,'2015-03-18 17:04:29','2015-03-18 17:04:29','d0d7baf1-04cf-4d64-b9d2-51babb04db0c'),(1167,481,413,208,0,4,'2015-03-18 17:04:29','2015-03-18 17:04:29','3e3b0b56-faad-48f1-99e0-cabecaa5194d'),(1168,481,413,234,0,5,'2015-03-18 17:04:29','2015-03-18 17:04:29','01165dfb-b312-4090-b5bd-890c1986cead'),(1169,481,413,195,0,6,'2015-03-18 17:04:29','2015-03-18 17:04:29','500247e9-7228-482e-9966-817467da855b'),(1173,483,415,135,0,1,'2015-03-20 21:18:03','2015-03-20 21:18:03','88552e36-c99c-4e36-b37b-c7c4109eebee'),(1174,483,415,236,0,2,'2015-03-20 21:18:03','2015-03-20 21:18:03','f75634f8-53e3-422e-b1c5-97a390afc017'),(1194,487,419,135,0,1,'2015-03-31 19:28:13','2015-03-31 19:28:13','0b3aa039-75ab-4e8c-80ae-8d3ea330191d'),(1195,487,419,238,0,2,'2015-03-31 19:28:13','2015-03-31 19:28:13','a320cbfb-d3cc-40e1-a2a9-9c258be579ac'),(1196,487,419,145,0,3,'2015-03-31 19:28:13','2015-03-31 19:28:13','29bd0d2e-3600-4844-aa65-bb3f8042f287'),(1197,487,419,144,0,4,'2015-03-31 19:28:13','2015-03-31 19:28:13','60cccaea-07b1-4421-9ae5-0c8d51c89115'),(1198,488,420,158,0,1,'2015-03-31 20:35:22','2015-03-31 20:35:22','b5a9bea9-a61e-4708-a40a-bf986a7a4382'),(1199,488,420,197,0,2,'2015-03-31 20:35:22','2015-03-31 20:35:22','c2c4186f-9f60-4a51-a588-ba9a9ca5711d'),(1200,488,420,237,0,3,'2015-03-31 20:35:22','2015-03-31 20:35:22','0451e84c-2050-49ab-827c-7c9b07041ca8'),(1207,490,422,189,0,1,'2015-03-31 21:10:39','2015-03-31 21:10:39','5df977a3-5c3d-4520-afca-8e15afe5acad'),(1208,490,422,188,0,2,'2015-03-31 21:10:39','2015-03-31 21:10:39','5d0996e4-ab3e-487e-943a-79693e2573a1'),(1209,490,422,180,0,3,'2015-03-31 21:10:39','2015-03-31 21:10:39','1a264e5e-bc1c-4724-b970-91024730423d'),(1210,490,422,191,0,4,'2015-03-31 21:10:39','2015-03-31 21:10:39','06a1f3ca-856b-406f-b98b-69ec16ef659e'),(1211,490,422,190,0,5,'2015-03-31 21:10:39','2015-03-31 21:10:39','2c6720af-2713-435f-ad4b-16d5c4f7d43a'),(1212,490,422,192,0,6,'2015-03-31 21:10:39','2015-03-31 21:10:39','985d2c7e-db66-41ae-8925-353c7132b8f3'),(1213,491,423,233,0,1,'2015-04-01 17:57:11','2015-04-01 17:57:11','448a7081-ff5b-4648-8b47-329f48e0d52e'),(1214,491,423,197,0,2,'2015-04-01 17:57:11','2015-04-01 17:57:11','b2b9ee03-c659-4324-9eb9-c7732b6d2e0c'),(1215,491,423,135,0,3,'2015-04-01 17:57:11','2015-04-01 17:57:11','05dd5565-4221-447b-a24f-a049cb6e5084'),(1216,491,423,176,0,4,'2015-04-01 17:57:11','2015-04-01 17:57:11','af70a3e3-5b1e-46ca-ad21-32efeda67890'),(1217,492,424,135,0,1,'2015-04-01 18:42:07','2015-04-01 18:42:07','4232d099-a5d0-4d71-bbda-2e342c825044'),(1218,492,424,229,0,2,'2015-04-01 18:42:07','2015-04-01 18:42:07','e06c2c2e-a181-40df-8112-1e1f55713b7a'),(1219,492,424,231,0,3,'2015-04-01 18:42:07','2015-04-01 18:42:07','4a42c689-b2f4-452c-b7da-08f167c8a60c'),(1220,492,424,230,0,4,'2015-04-01 18:42:07','2015-04-01 18:42:07','3b8df24e-0e72-46d9-8563-d4d86b76fe75'),(1221,492,424,232,0,5,'2015-04-01 18:42:07','2015-04-01 18:42:07','b9ab7896-2ad5-4cfe-afb7-7151abe73103'),(1222,492,424,197,0,6,'2015-04-01 18:42:07','2015-04-01 18:42:07','2376497e-dbb4-48e6-8b64-3a14aa9fa6ab'),(1223,493,425,221,0,1,'2015-04-01 18:43:14','2015-04-01 18:43:14','6ad6610f-7c3d-4859-bc1b-db427765d7bd'),(1224,493,425,143,1,2,'2015-04-01 18:43:14','2015-04-01 18:43:14','f03534a6-adce-4d49-8ce5-687588caf686'),(1225,493,425,174,1,3,'2015-04-01 18:43:14','2015-04-01 18:43:14','e81c9c5e-d49b-4d92-9f7c-e87087b51d7d'),(1226,493,425,199,0,4,'2015-04-01 18:43:14','2015-04-01 18:43:14','aa260853-7ad3-46b7-ae91-6dca2154636c'),(1227,493,425,237,0,5,'2015-04-01 18:43:14','2015-04-01 18:43:14','6e3d6f1f-02d9-4f92-975c-503c35a824ed'),(1243,498,430,215,0,1,'2015-04-08 15:46:47','2015-04-08 15:46:47','3667bb5c-0058-493c-a6ca-d1940b83ea31'),(1244,498,430,211,0,2,'2015-04-08 15:46:47','2015-04-08 15:46:47','bbcb590c-ff01-4d70-bada-418b917ab24f'),(1245,498,430,216,0,3,'2015-04-08 15:46:47','2015-04-08 15:46:47','b6f3b73f-ae1d-4a9b-b033-335f7f17233e'),(1252,501,433,180,0,1,'2015-04-08 19:14:04','2015-04-08 19:14:04','ad27362d-bc4e-44d7-871b-d0859f2ff3c6'),(1253,501,433,188,0,2,'2015-04-08 19:14:04','2015-04-08 19:14:04','493ac4e6-1619-433e-9f72-3547756dc899'),(1254,501,433,182,0,3,'2015-04-08 19:14:04','2015-04-08 19:14:04','1fb9edcb-4407-4062-901d-c7086e18242d'),(1255,502,434,180,0,1,'2015-04-08 19:16:51','2015-04-08 19:16:51','b7e27db0-50ea-4d3a-8c6a-46e28b0e371d'),(1256,502,434,188,0,2,'2015-04-08 19:16:51','2015-04-08 19:16:51','463c2641-f69e-4005-98e8-3a0e18b8fdcc'),(1257,502,434,182,0,3,'2015-04-08 19:16:51','2015-04-08 19:16:51','27263c31-f661-4aff-8160-cea2971b52a4'),(1258,503,435,135,0,1,'2015-04-10 21:12:41','2015-04-10 21:12:41','1361f987-764a-49f2-b8a9-cb18b61cbcf6'),(1356,521,455,135,0,1,'2015-04-19 23:49:56','2015-04-19 23:49:56','e349da3f-7e0b-4870-91f6-dce9ab1e9244'),(1357,521,455,202,0,2,'2015-04-19 23:49:56','2015-04-19 23:49:56','7d6c9ba8-a1ec-4af4-82cb-a5b727d1b90f'),(1359,521,455,87,0,4,'2015-04-19 23:49:56','2015-04-19 23:49:56','77087826-796c-46b5-8d1b-8abacffb1bae'),(1360,521,455,174,0,5,'2015-04-19 23:49:56','2015-04-19 23:49:56','0ac1c46f-f324-4173-90bb-857ce2a5e441'),(1373,523,458,277,1,1,'2015-04-20 17:34:37','2015-04-20 17:34:37','d1b76d20-1240-4381-83b5-d844467e390f'),(1374,523,458,278,1,2,'2015-04-20 17:34:37','2015-04-20 17:34:37','62c2de0a-c258-47cb-813c-a58d4e2ea086'),(1388,525,461,184,0,1,'2015-04-20 18:46:52','2015-04-20 18:46:52','d0fbe19e-a674-4b70-8a43-37aa795340bd'),(1389,525,461,135,0,2,'2015-04-20 18:46:52','2015-04-20 18:46:52','ab7a57a1-5266-43d7-b68b-36dc68913c4e'),(1390,525,461,143,1,3,'2015-04-20 18:46:52','2015-04-20 18:46:52','3e3d7f63-3424-4bac-beea-0eba50b3c0fe'),(1391,525,461,176,1,4,'2015-04-20 18:46:52','2015-04-20 18:46:52','46889f34-be0f-4b51-a20d-026c4be35a4e'),(1392,525,461,199,1,5,'2015-04-20 18:46:52','2015-04-20 18:46:52','9db67efc-b31b-40ca-b8a6-8f6bf79c34a2'),(1393,525,461,200,0,6,'2015-04-20 18:46:52','2015-04-20 18:46:52','ea5cb429-b01a-4750-83f0-66d2d09c478e'),(1394,525,461,174,0,7,'2015-04-20 18:46:52','2015-04-20 18:46:52','5a91ff8f-aa81-43be-a45d-54c453d31356'),(1395,525,461,107,0,8,'2015-04-20 18:46:52','2015-04-20 18:46:52','04b6501b-1395-46ab-92f5-cea7cf315651'),(1396,525,461,87,0,9,'2015-04-20 18:46:52','2015-04-20 18:46:52','f2915e66-b60a-48bf-a85d-dada2a1033a1'),(1415,528,464,68,0,1,'2015-04-20 19:55:31','2015-04-20 19:55:31','d5cc2d18-8950-44ac-a5b9-1d8576d7b434'),(1416,528,464,70,0,2,'2015-04-20 19:55:31','2015-04-20 19:55:31','22f026d5-a380-4fa6-ba95-1f010ce0ed07'),(1417,528,464,71,1,3,'2015-04-20 19:55:31','2015-04-20 19:55:31','760ee2a9-22e1-48ba-9c04-dd33d09919c2'),(1418,528,464,72,0,4,'2015-04-20 19:55:31','2015-04-20 19:55:31','2d61b052-9b02-4f59-93cc-3409c9be5ef6'),(1517,539,480,226,1,1,'2015-05-03 20:31:25','2015-05-03 20:31:25','e100fa68-3ab1-47a5-bde5-5e926e2876dc'),(1518,539,480,227,1,2,'2015-05-03 20:31:25','2015-05-03 20:31:25','d1012861-b946-4ad9-b742-0d47b9dafd0c'),(1519,539,480,228,0,3,'2015-05-03 20:31:25','2015-05-03 20:31:25','fbe6a638-beef-41a4-a81e-7bfbde8dc04b'),(1520,539,480,282,1,4,'2015-05-03 20:31:25','2015-05-03 20:31:25','38fcc6df-854c-4820-a992-25df2e88fae9'),(1521,539,480,283,1,5,'2015-05-03 20:31:26','2015-05-03 20:31:26','18a1bcde-e3dd-4b68-af3f-730b615d3811'),(1528,541,482,135,0,1,'2015-05-08 21:40:06','2015-05-08 21:40:06','77a56348-21fd-4d4e-ab21-937699c14c56'),(1529,545,483,135,0,1,'2015-05-31 00:24:41','2015-05-31 00:24:41','7ec92e13-5e1a-47ed-a650-9d5241d1685c'),(1530,545,483,284,0,2,'2015-05-31 00:24:41','2015-05-31 00:24:41','9e359cf3-4336-4cc0-a45b-6b365bff9661'),(1531,545,483,285,0,3,'2015-05-31 00:24:41','2015-05-31 00:24:41','2da349e6-24cc-4778-8566-b2658859f125'),(1532,545,483,87,0,4,'2015-05-31 00:24:41','2015-05-31 00:24:41','9f1bb7b6-0d8f-4d6c-b0bc-9d3986ea7aff'),(1533,546,484,193,0,1,'2015-06-05 21:59:40','2015-06-05 21:59:40','4291b617-4c21-4019-87cf-702d87a85615'),(1534,546,484,184,0,2,'2015-06-05 21:59:40','2015-06-05 21:59:40','a6efb1a9-6fac-45d8-aca2-783b771479fa'),(1535,546,484,174,0,3,'2015-06-05 21:59:40','2015-06-05 21:59:40','fb05629d-04e0-499a-9d72-36e83850a233'),(1536,546,484,135,0,4,'2015-06-05 21:59:40','2015-06-05 21:59:40','ac2aacb0-881b-44ed-a04b-0478a2f9b24f'),(1537,546,484,177,0,5,'2015-06-05 21:59:40','2015-06-05 21:59:40','9d0a4789-742f-44b5-8c25-25944fd6d466'),(1538,546,484,143,1,6,'2015-06-05 21:59:40','2015-06-05 21:59:40','7bd09791-9914-4cb4-bcdc-70b18a3576b9'),(1539,546,484,194,0,7,'2015-06-05 21:59:40','2015-06-05 21:59:40','86f02932-565f-437d-bd99-934e9a274d95'),(1540,546,484,199,1,8,'2015-06-05 21:59:40','2015-06-05 21:59:40','494db824-b476-4f9c-9a4b-523f7cd2cd1e'),(1541,546,484,195,0,9,'2015-06-05 21:59:40','2015-06-05 21:59:40','d9307a10-c296-4adf-a7de-c0fe535f9a4b'),(1542,546,484,200,0,10,'2015-06-05 21:59:40','2015-06-05 21:59:40','f1164fc3-bd94-4610-8ef3-068ac549bfb3'),(1543,546,484,107,0,11,'2015-06-05 21:59:40','2015-06-05 21:59:40','9908345b-fdf3-4188-96d9-228abd076a79'),(1544,546,484,275,0,12,'2015-06-05 21:59:40','2015-06-05 21:59:40','3aa9c38a-6b9f-48f9-8c87-96cc21bea6cb'),(1545,546,484,276,0,13,'2015-06-05 21:59:40','2015-06-05 21:59:40','be37fcbf-8fa9-4f93-97e7-35a2c2de1573'),(1546,546,485,144,0,1,'2015-06-05 21:59:40','2015-06-05 21:59:40','446d2d9b-ab1d-45f1-9177-900e5d4c588d'),(1547,546,485,176,0,2,'2015-06-05 21:59:40','2015-06-05 21:59:40','ab01faed-450c-451c-bc79-1c6a4dc1e8d9'),(1548,546,485,87,0,3,'2015-06-05 21:59:40','2015-06-05 21:59:40','a64d66e0-0a20-4712-a561-de7e6b35a84e'),(1549,546,485,286,0,4,'2015-06-05 21:59:40','2015-06-05 21:59:40','7f8b6cd1-cece-4fcd-b9fa-26942503d7c3'),(1550,547,486,193,0,1,'2015-06-05 22:01:11','2015-06-05 22:01:11','bf7d9b55-5cfc-4ed5-871d-5f607fe0adca'),(1551,547,486,174,0,2,'2015-06-05 22:01:11','2015-06-05 22:01:11','d88f6327-cf82-4b7a-9e57-cf68878e982a'),(1552,547,486,184,0,3,'2015-06-05 22:01:11','2015-06-05 22:01:11','d4a8fc72-c48d-4c7b-9ecb-8d2dbee735ed'),(1553,547,486,135,0,4,'2015-06-05 22:01:11','2015-06-05 22:01:11','ae0fe9e0-a889-4336-bd63-6eee6c69ae4d'),(1554,547,486,177,0,5,'2015-06-05 22:01:11','2015-06-05 22:01:11','2058a32e-7c84-4306-9cc3-9097f4d28091'),(1555,547,486,194,0,6,'2015-06-05 22:01:11','2015-06-05 22:01:11','c91d7b4b-a4c6-4d06-a886-431d593e260f'),(1556,547,486,195,0,7,'2015-06-05 22:01:11','2015-06-05 22:01:11','62a47f70-60c1-44b0-8b23-da3f20567832'),(1557,547,486,275,0,8,'2015-06-05 22:01:11','2015-06-05 22:01:11','79f33a64-311a-4f41-b4fe-59d2e9916147'),(1558,547,486,276,0,9,'2015-06-05 22:01:11','2015-06-05 22:01:11','f24c9ca6-757c-4879-9854-7d4e36e3f3a6'),(1559,547,487,144,0,1,'2015-06-05 22:01:11','2015-06-05 22:01:11','dafe34c4-21e4-41ac-95f9-4f7dd20103b7'),(1560,547,487,175,0,2,'2015-06-05 22:01:11','2015-06-05 22:01:11','f5cf7355-4798-4f0e-944b-e1a2ea4eb344'),(1561,547,487,176,0,3,'2015-06-05 22:01:11','2015-06-05 22:01:11','2e08e6d1-b89c-4aa3-8f06-8caeb1767b98'),(1562,547,487,87,0,4,'2015-06-05 22:01:11','2015-06-05 22:01:11','1a736178-1777-45bb-939c-754bb9300dde'),(1563,547,487,286,0,5,'2015-06-05 22:01:11','2015-06-05 22:01:11','6599c086-9c60-4de3-9791-dc66d137d935'),(1564,548,488,135,1,1,'2015-06-05 22:01:48','2015-06-05 22:01:48','6a22ecc3-6940-4696-9f8b-93d7201931f4'),(1565,548,488,221,1,2,'2015-06-05 22:01:48','2015-06-05 22:01:48','29709a82-636b-4a40-b4b6-e4f8cdde11e5'),(1566,548,488,212,0,3,'2015-06-05 22:01:48','2015-06-05 22:01:48','162dc4f2-de79-4590-97a9-d35fbbf9e6d5'),(1567,548,488,174,1,4,'2015-06-05 22:01:48','2015-06-05 22:01:48','15fc3667-7a5f-4115-b9da-b50e9236a490'),(1568,548,488,222,0,5,'2015-06-05 22:01:48','2015-06-05 22:01:48','66d5901b-ca3d-4eee-b29e-8f0cf48d9675'),(1569,548,489,144,0,1,'2015-06-05 22:01:48','2015-06-05 22:01:48','ba51bbc5-4614-4c47-97df-cc208cd73658'),(1570,548,489,175,0,2,'2015-06-05 22:01:48','2015-06-05 22:01:48','cb60529b-19b9-4d6b-ba0d-5a0766844b1f'),(1571,548,489,176,0,3,'2015-06-05 22:01:48','2015-06-05 22:01:48','7f78dc98-1430-4181-8088-738274894766'),(1572,548,489,87,0,4,'2015-06-05 22:01:48','2015-06-05 22:01:48','f6393149-91f2-4a52-8302-d6d78eeb4aaf'),(1573,548,489,286,0,5,'2015-06-05 22:01:48','2015-06-05 22:01:48','1bb0af49-963c-45c6-9556-3c02c06e419b'),(1574,549,490,221,1,1,'2015-06-05 22:02:09','2015-06-05 22:02:09','1b8919f4-593e-41e7-9c27-fd624b42dc6f'),(1575,549,490,145,1,2,'2015-06-05 22:02:09','2015-06-05 22:02:09','27880e13-a5ac-4230-869e-41e4e19da19a'),(1576,549,490,174,1,3,'2015-06-05 22:02:09','2015-06-05 22:02:09','6d627001-8c8f-4f75-a0e8-09845e95ed72'),(1577,549,490,222,0,4,'2015-06-05 22:02:09','2015-06-05 22:02:09','87b351e2-994c-4b0a-916f-0efbb843d80e'),(1613,556,497,67,1,1,'2015-06-08 16:08:52','2015-06-08 16:08:52','11ba6d07-a83f-4116-9619-7f20aba4f032'),(1614,556,497,177,0,2,'2015-06-08 16:08:52','2015-06-08 16:08:52','6e80d78b-f8a9-4c08-99d2-f048d9bb8c25'),(1615,556,497,174,1,3,'2015-06-08 16:08:52','2015-06-08 16:08:52','e958c243-8fdb-4ee3-a17f-823c285e574c'),(1616,556,497,144,0,4,'2015-06-08 16:08:52','2015-06-08 16:08:52','1f880198-5024-4727-86ec-0183b8b8d3b0'),(1617,556,497,175,0,5,'2015-06-08 16:08:52','2015-06-08 16:08:52','5e8f6319-6bf3-4383-a3d0-dab82e529252'),(1618,556,497,176,0,6,'2015-06-08 16:08:52','2015-06-08 16:08:52','4af16b19-c864-49a2-99a4-f23e18fba568'),(1619,556,497,87,0,7,'2015-06-08 16:08:52','2015-06-08 16:08:52','ab1e0ec2-ff31-4342-9dbe-fb36285aba84'),(1620,556,497,286,0,8,'2015-06-08 16:08:52','2015-06-08 16:08:52','fbcbb7d9-30c5-4fe7-9d38-83d5a15f5597'),(1621,557,498,184,0,1,'2015-06-08 16:10:33','2015-06-08 16:10:33','c2cad808-fbe4-47b8-85f3-09d8dfdf0abe'),(1622,557,498,287,0,2,'2015-06-08 16:10:33','2015-06-08 16:10:33','6237c218-17ff-4451-a294-f5c6b75c4c51'),(1623,557,498,206,0,3,'2015-06-08 16:10:33','2015-06-08 16:10:33','79a96286-1fff-4330-86f2-3edf5a4b4ce0'),(1624,557,498,135,0,4,'2015-06-08 16:10:33','2015-06-08 16:10:33','24bc2f6e-e34f-4f5e-9993-01cf3590e7cc'),(1625,557,498,239,0,5,'2015-06-08 16:10:33','2015-06-08 16:10:33','2ed3eb38-f228-46a3-868d-72c535feb241'),(1626,557,498,240,0,6,'2015-06-08 16:10:33','2015-06-08 16:10:33','3bda2c8c-0f2d-46c9-abee-d0e9cb1b12fe'),(1627,557,498,87,0,7,'2015-06-08 16:10:33','2015-06-08 16:10:33','ca6e2e18-3b4f-4541-bb02-5b3800582a4a');
/*!40000 ALTER TABLE `craft_fieldlayoutfields` ENABLE KEYS */;
UNLOCK TABLES;

--
-- Table structure for table `craft_fieldlayouts`
--

DROP TABLE IF EXISTS `craft_fieldlayouts`;
/*!40101 SET @saved_cs_client     = @@character_set_client */;
/*!40101 SET character_set_client = utf8 */;
CREATE TABLE `craft_fieldlayouts` (
  `id` int(11) NOT NULL AUTO_INCREMENT,
  `type` varchar(150) COLLATE utf8_unicode_ci NOT NULL,
  `dateCreated` datetime NOT NULL,
  `dateUpdated` datetime NOT NULL,
  `uid` char(36) COLLATE utf8_unicode_ci NOT NULL DEFAULT '0',
  PRIMARY KEY (`id`),
  KEY `craft_fieldlayouts_type_idx` (`type`)
) ENGINE=InnoDB AUTO_INCREMENT=558 DEFAULT CHARSET=utf8 COLLATE=utf8_unicode_ci;
/*!40101 SET character_set_client = @saved_cs_client */;

--
-- Dumping data for table `craft_fieldlayouts`
--

LOCK TABLES `craft_fieldlayouts` WRITE;
/*!40000 ALTER TABLE `craft_fieldlayouts` DISABLE KEYS */;
INSERT INTO `craft_fieldlayouts` VALUES (1,'Tag','2015-01-25 16:17:44','2015-01-25 16:17:44','0ff5712f-5691-40c6-8874-9e1fa8ef23d5'),(5,'Entry','2015-01-25 16:17:44','2015-01-25 16:17:44','bd18b98b-5e8f-4a1c-9f47-483383fe544a'),(7,'Entry','2015-01-26 20:30:42','2015-01-26 20:30:42','161e8b20-d7ce-47e0-847c-089997c81301'),(12,'Asset','2015-01-26 22:25:56','2015-01-26 22:25:56','c0bbecd8-7608-4f87-ac52-ae1c5d55a267'),(96,'Asset','2015-01-27 22:25:12','2015-01-27 22:25:12','4c436349-34d2-4e70-8642-e52039722543'),(128,'Category','2015-02-18 22:23:11','2015-02-18 22:23:11','63519ecc-cd4b-430e-a61d-600b723ac7ef'),(131,'Category','2015-02-18 22:28:09','2015-02-18 22:28:09','ddd7cf98-c132-4e9e-be66-b86895f03940'),(133,'Category','2015-02-18 22:28:54','2015-02-18 22:28:54','b9601c18-7a75-453c-815d-b073e9956a04'),(242,'Entry','2015-02-19 17:43:05','2015-02-19 17:43:05','948a5b4a-63ff-4b68-81ea-47b4cc6dcf01'),(268,'Entry','2015-02-19 22:30:11','2015-02-19 22:30:11','74159de0-754b-430f-b31a-5c9395bf06ce'),(345,'Category','2015-02-24 21:01:40','2015-02-24 21:01:40','90172bb2-a516-4abb-bc82-49df256a6601'),(371,'Entry','2015-02-27 18:48:28','2015-02-27 18:48:28','0cd4604c-3239-4ac9-92e4-2885fed9ffdc'),(378,'Category','2015-03-03 16:54:24','2015-03-03 16:54:24','67a7cddb-d29a-48a7-96e9-2a2e3df12c7a'),(399,'Category','2015-03-05 15:02:12','2015-03-05 15:02:12','e35c2db9-656d-4214-b27f-f928dc2ff591'),(421,'Entry','2015-03-10 15:38:10','2015-03-10 15:38:10','e31fc614-592d-4d20-9067-8c5619dd6618'),(422,'Entry','2015-03-10 15:38:50','2015-03-10 15:38:50','66f1a958-4ef4-45bd-97db-592b0ac855c2'),(424,'Entry','2015-03-10 15:43:07','2015-03-10 15:43:07','61f5ea3e-a958-4609-90ae-ddc259938388'),(429,'Entry','2015-03-10 15:48:38','2015-03-10 15:48:38','58b8b0eb-84a6-4f47-b019-b688158455af'),(433,'Entry','2015-03-10 16:25:29','2015-03-10 16:25:29','f58fb9aa-e6c4-4847-b03b-762028ff5895'),(435,'MatrixBlock','2015-03-10 16:53:21','2015-03-10 16:53:21','373b730b-a1a1-4e0a-bdd3-49c7bda4a8dc'),(436,'MatrixBlock','2015-03-10 16:53:21','2015-03-10 16:53:21','fdb94f21-8052-411c-8f27-f5fd326f0fe3'),(437,'MatrixBlock','2015-03-10 16:53:55','2015-03-10 16:53:55','75e9f31f-e97d-4f38-9be4-b16437f7aef4'),(438,'MatrixBlock','2015-03-10 16:54:42','2015-03-10 16:54:42','06601a06-a0ec-4cbe-b382-3cb4c046404a'),(440,'MatrixBlock','2015-03-10 17:07:15','2015-03-10 17:07:15','74730fa6-7e9c-4a78-a188-11c1379df00f'),(443,'MatrixBlock','2015-03-10 17:12:06','2015-03-10 17:12:06','6bb402e6-2c79-4957-bd3a-6b560ccd213a'),(448,'Entry','2015-03-10 17:20:08','2015-03-10 17:20:08','048c4c6e-39f3-4612-a815-90e95101b986'),(449,'MatrixBlock','2015-03-10 17:23:43','2015-03-10 17:23:43','5995f86d-9845-495d-bf7c-2f6f3f6c3d67'),(453,'Entry','2015-03-10 17:30:48','2015-03-10 17:30:48','e59660a3-01bb-4d22-8e56-a93dd4c57c01'),(457,'Asset','2015-03-10 17:43:02','2015-03-10 17:43:02','c0ba7ef6-f833-4bdd-859c-082cebcd22fd'),(463,'Entry','2015-03-16 20:23:44','2015-03-16 20:23:44','1bf08279-b19c-4aaf-aac9-f7450b3315ac'),(465,'MatrixBlock','2015-03-16 20:55:49','2015-03-16 20:55:49','22392cf5-e9f0-489b-8fce-352ac9a7447e'),(466,'MatrixBlock','2015-03-16 20:56:07','2015-03-16 20:56:07','7704f3a0-2398-4125-878f-91879ee809ec'),(467,'MatrixBlock','2015-03-16 20:56:21','2015-03-16 20:56:21','cfa8d678-ffe6-4533-88c5-8c3f69ab9584'),(468,'MatrixBlock','2015-03-16 20:56:21','2015-03-16 20:56:21','5da9d947-9b25-4c85-9a2a-dbaa7abb5a8f'),(472,'Entry','2015-03-17 14:28:16','2015-03-17 14:28:16','778603b0-93b5-4eae-ab85-194b550309a8'),(477,'Asset','2015-03-17 21:07:37','2015-03-17 21:07:37','bf81cbc1-1322-4194-8f3f-df4c8e1c1793'),(481,'Entry','2015-03-18 17:04:29','2015-03-18 17:04:29','91ac5389-1d58-46bd-a264-12cabeb5e7da'),(483,'Entry','2015-03-20 21:18:03','2015-03-20 21:18:03','6adb0481-0232-4701-9193-949073ff0d54'),(487,'Entry','2015-03-31 19:28:13','2015-03-31 19:28:13','836bf5b4-a6d9-41d6-9971-a6621674f123'),(488,'Entry','2015-03-31 20:35:22','2015-03-31 20:35:22','8b74c077-94c8-4760-b523-7e3c0c0bc231'),(490,'Entry','2015-03-31 21:10:39','2015-03-31 21:10:39','33764945-8192-4a4f-9813-c2d2c13e5457'),(491,'Entry','2015-04-01 17:57:11','2015-04-01 17:57:11','20f33ee9-cd0c-43be-9ee8-3806a82d6c1a'),(492,'Entry','2015-04-01 18:42:07','2015-04-01 18:42:07','2e1fa8fb-1a03-4e8c-9b9f-ac4ea85ea738'),(493,'Entry','2015-04-01 18:43:14','2015-04-01 18:43:14','c079379c-f5a8-438d-b967-4015552c34f5'),(498,'Entry','2015-04-08 15:46:47','2015-04-08 15:46:47','a89d116e-3052-4e9b-a16d-ac969c8861be'),(501,'Entry','2015-04-08 19:14:04','2015-04-08 19:14:04','bad48528-2541-46f6-9112-c5974557d48f'),(502,'Entry','2015-04-08 19:16:51','2015-04-08 19:16:51','0fbf1144-5f32-4553-afc4-f61034c758cc'),(503,'Entry','2015-04-10 21:12:41','2015-04-10 21:12:41','8cb3832f-323b-423b-b7a1-0b4b18683cef'),(507,'Asset','2015-04-17 16:29:27','2015-04-17 16:29:27','7de7e2bc-cef1-47d3-9dce-9d3bb096bee9'),(520,'Asset','2015-04-19 23:36:59','2015-04-19 23:36:59','29bd94c1-dfef-4c1a-aa8b-c1320399d1bd'),(521,'Entry','2015-04-19 23:49:56','2015-04-19 23:49:56','4430ad69-1707-4658-8b6c-90a9b7908034'),(523,'MatrixBlock','2015-04-20 17:34:37','2015-04-20 17:34:37','7dc0669e-73bb-4bdf-9ffe-e57874b652bd'),(525,'Entry','2015-04-20 18:46:52','2015-04-20 18:46:52','bb065432-c692-4bec-b6ac-cb360ddf6d2b'),(528,'MatrixBlock','2015-04-20 19:55:31','2015-04-20 19:55:31','bcf940bc-59fa-4b0e-bd41-1090c5ee4800'),(539,'MatrixBlock','2015-05-03 20:31:25','2015-05-03 20:31:25','a78881b9-076c-439b-a247-836c888d67a8'),(541,'Entry','2015-05-08 21:40:06','2015-05-08 21:40:06','78f6273b-360c-46fc-a1df-f8bcc5ebb65f'),(543,'Asset','2015-05-26 15:32:10','2015-05-26 15:32:10','9b5eb323-0173-456a-8ff7-ea8b9b53294d'),(545,'Entry','2015-05-31 00:24:41','2015-05-31 00:24:41','d2953d2a-e4fc-4c99-bda9-9572b437dcf7'),(546,'Entry','2015-06-05 21:59:40','2015-06-05 21:59:40','197dbdca-16a6-480a-a334-44a6843bb82f'),(547,'Entry','2015-06-05 22:01:11','2015-06-05 22:01:11','cf65536f-bac2-4243-8afa-2af0d04238ec'),(548,'Entry','2015-06-05 22:01:48','2015-06-05 22:01:48','d5637ad3-e795-452c-8b17-ddf456a57291'),(549,'Entry','2015-06-05 22:02:09','2015-06-05 22:02:09','6d6fff87-99a1-4af2-856b-402669edce95'),(556,'Entry','2015-06-08 16:08:52','2015-06-08 16:08:52','fbee409f-6fee-4c61-9e80-58ffca6c76fe'),(557,'Entry','2015-06-08 16:10:33','2015-06-08 16:10:33','b1a35ebe-cdb2-4aa2-9d68-cbf6df4e5b83');
/*!40000 ALTER TABLE `craft_fieldlayouts` ENABLE KEYS */;
UNLOCK TABLES;

--
-- Table structure for table `craft_fieldlayouttabs`
--

DROP TABLE IF EXISTS `craft_fieldlayouttabs`;
/*!40101 SET @saved_cs_client     = @@character_set_client */;
/*!40101 SET character_set_client = utf8 */;
CREATE TABLE `craft_fieldlayouttabs` (
  `id` int(11) NOT NULL AUTO_INCREMENT,
  `layoutId` int(11) NOT NULL,
  `name` varchar(255) COLLATE utf8_unicode_ci NOT NULL,
  `sortOrder` tinyint(4) DEFAULT NULL,
  `dateCreated` datetime NOT NULL,
  `dateUpdated` datetime NOT NULL,
  `uid` char(36) COLLATE utf8_unicode_ci NOT NULL DEFAULT '0',
  PRIMARY KEY (`id`),
  KEY `craft_fieldlayouttabs_sortOrder_idx` (`sortOrder`),
  KEY `craft_fieldlayouttabs_layoutId_fk` (`layoutId`),
  CONSTRAINT `craft_fieldlayouttabs_layoutId_fk` FOREIGN KEY (`layoutId`) REFERENCES `craft_fieldlayouts` (`id`) ON DELETE CASCADE
) ENGINE=InnoDB AUTO_INCREMENT=499 DEFAULT CHARSET=utf8 COLLATE=utf8_unicode_ci;
/*!40101 SET character_set_client = @saved_cs_client */;

--
-- Dumping data for table `craft_fieldlayouttabs`
--

LOCK TABLES `craft_fieldlayouttabs` WRITE;
/*!40000 ALTER TABLE `craft_fieldlayouttabs` DISABLE KEYS */;
INSERT INTO `craft_fieldlayouttabs` VALUES (2,5,'Content',1,'2015-01-25 16:17:44','2015-01-25 16:17:44','d3fbe061-02aa-43a0-8e5c-3c1c591a54ae'),(204,242,'referral',1,'2015-02-19 17:43:05','2015-02-19 17:43:05','93f8aa74-510a-4643-aa5b-0e18c0d34a5f'),(223,268,'Tab 1',1,'2015-02-19 22:30:11','2015-02-19 22:30:11','e5ea1676-1122-4776-b0f8-dcc3aa085f36'),(312,371,'Tab 1',1,'2015-02-27 18:48:28','2015-02-27 18:48:28','b73964f0-8722-4b33-8a24-5fcf178d4efc'),(351,421,'Tab 1',1,'2015-03-10 15:38:10','2015-03-10 15:38:10','d7e8def0-7886-4417-ad31-fa90ce2b46a8'),(352,422,'Tab 1',1,'2015-03-10 15:38:50','2015-03-10 15:38:50','afbe4780-c8f7-4b24-9857-4194320fe3fb'),(354,424,'donate',1,'2015-03-10 15:43:07','2015-03-10 15:43:07','556e64aa-7f2d-462d-9238-1a7748b5ed54'),(359,429,'Tab 1',1,'2015-03-10 15:48:38','2015-03-10 15:48:38','3307974f-90ca-4ecd-9795-99e2186e4697'),(363,433,'Tab 1',1,'2015-03-10 16:25:29','2015-03-10 16:25:29','22b902a6-33ca-4a57-827e-0a8787f12acc'),(365,435,'Content',1,'2015-03-10 16:53:21','2015-03-10 16:53:21','38f30806-d95e-47dd-93a0-3abda942c498'),(366,436,'Content',1,'2015-03-10 16:53:21','2015-03-10 16:53:21','cd210cbe-3979-45c3-aeab-ca7408d78027'),(367,437,'Content',1,'2015-03-10 16:53:55','2015-03-10 16:53:55','ecd49dcf-ba94-4308-ad2d-584664f793c6'),(368,438,'Content',1,'2015-03-10 16:54:42','2015-03-10 16:54:42','05888f7f-3809-4216-a4cf-4005b8e5d2b2'),(371,440,'Content',1,'2015-03-10 17:07:15','2015-03-10 17:07:15','f4987386-ab89-44ea-9af5-8e85a77751e4'),(374,443,'Content',1,'2015-03-10 17:12:06','2015-03-10 17:12:06','b90e707f-d9cb-495c-ad18-a37ffc6466f5'),(380,448,'resource',1,'2015-03-10 17:20:08','2015-03-10 17:20:08','a00bbb7a-9911-44b8-b7dc-d1fa0f6980ca'),(381,449,'Content',1,'2015-03-10 17:23:43','2015-03-10 17:23:43','76e5da96-531d-4888-9e9f-90e4f87f0bfa'),(384,453,'Tab 1',1,'2015-03-10 17:30:48','2015-03-10 17:30:48','d037f512-608b-4a2a-8634-0a7132b621ed'),(390,457,'Content',1,'2015-03-10 17:43:02','2015-03-10 17:43:02','005b98f3-fd08-4c36-951a-d8d5d5208bf3'),(395,463,'give',1,'2015-03-16 20:23:44','2015-03-16 20:23:44','9ce80feb-19af-4f7a-87b9-9920ec39e12e'),(397,465,'Content',1,'2015-03-16 20:55:49','2015-03-16 20:55:49','650ce176-09c3-42bf-b6ee-68ef45930bae'),(398,466,'Content',1,'2015-03-16 20:56:07','2015-03-16 20:56:07','c5633535-aa92-4af6-b9c6-981c706705ed'),(399,467,'Content',1,'2015-03-16 20:56:21','2015-03-16 20:56:21','e873c3d8-8102-4368-8353-c855785884cc'),(400,468,'Content',1,'2015-03-16 20:56:21','2015-03-16 20:56:21','c5521854-ecbe-42ff-b3f1-fca70abb980f'),(404,472,'Tab 1',1,'2015-03-17 14:28:16','2015-03-17 14:28:16','e432dd72-f6a2-4652-aee5-ad5cb266917f'),(413,481,'contact us',1,'2015-03-18 17:04:29','2015-03-18 17:04:29','d64fe772-35eb-432a-aa64-e2194b854b5a'),(415,483,'Tab 1',1,'2015-03-20 21:18:03','2015-03-20 21:18:03','7d2f6201-d8af-4483-ab04-73a724ead7ac'),(419,487,'Tab 1',1,'2015-03-31 19:28:13','2015-03-31 19:28:13','a4138cef-e379-409a-a3d7-e7adea7eaaa0'),(420,488,'Tab 1',1,'2015-03-31 20:35:22','2015-03-31 20:35:22','f4da8b67-5028-49c1-ba9a-0b8f022a8921'),(422,490,'Tab 1',1,'2015-03-31 21:10:39','2015-03-31 21:10:39','e191e9e9-9f8b-4f3e-b0f9-1cad6e9c8cb7'),(423,491,'speaker',1,'2015-04-01 17:57:11','2015-04-01 17:57:11','071a1eb8-102e-4d95-85ee-760f8361410e'),(424,492,'warehouse',1,'2015-04-01 18:42:07','2015-04-01 18:42:07','fec5d052-f43e-42ed-9060-6f2a00ef2b42'),(425,493,'Tab 1',1,'2015-04-01 18:43:14','2015-04-01 18:43:14','2a645c32-4dc1-4ca6-9770-73fa19cbdb3a'),(430,498,'Tab 1',1,'2015-04-08 15:46:47','2015-04-08 15:46:47','951f1ba1-c174-40df-9c8a-c27c36ff5349'),(433,501,'Tab 1',1,'2015-04-08 19:14:04','2015-04-08 19:14:04','824b6d1b-4743-4986-b7aa-318f8136fe40'),(434,502,'Tab 1',1,'2015-04-08 19:16:51','2015-04-08 19:16:51','5157d2a9-477d-4a2f-8740-0f3783ef39ae'),(435,503,'Tab 1',1,'2015-04-10 21:12:41','2015-04-10 21:12:41','1a6199d0-aaf9-43a6-8c7a-59e481423a7d'),(438,507,'Tab 1',1,'2015-04-17 16:29:27','2015-04-17 16:29:27','7939e003-3447-42e0-b76f-f627b7043b84'),(455,521,'volunteer',1,'2015-04-19 23:49:56','2015-04-19 23:49:56','8799e1a4-fe45-4030-9ca1-56d45ae08535'),(458,523,'Content',1,'2015-04-20 17:34:37','2015-04-20 17:34:37','fdb26597-d48a-4b8e-80cb-6d5d25c0605a'),(461,525,'calendars',1,'2015-04-20 18:46:52','2015-04-20 18:46:52','f8b3ceea-4f7d-4c28-89a7-75e518f8fafd'),(464,528,'Content',1,'2015-04-20 19:55:31','2015-04-20 19:55:31','7ae657cd-9a0d-458f-a8e6-cfbc47302217'),(480,539,'Content',1,'2015-05-03 20:31:25','2015-05-03 20:31:25','14d6c6d1-43c0-47dc-b876-578534d58b38'),(482,541,'Tab 1',1,'2015-05-08 21:40:06','2015-05-08 21:40:06','80885b08-8bf1-4a7d-9019-a40f03fe0bdb'),(483,545,'Press',1,'2015-05-31 00:24:41','2015-05-31 00:24:41','06b7ecb7-83f6-4de7-a09a-31ecbb3acd16'),(484,546,'Tab 1',1,'2015-06-05 21:59:40','2015-06-05 21:59:40','b9666086-4c2c-4aa7-8677-6c48c5eb34cd'),(485,546,'Sidebar',2,'2015-06-05 21:59:40','2015-06-05 21:59:40','dbf5f0cb-d24f-4ba1-86e9-f4f9e379aa1a'),(486,547,'Program Details',1,'2015-06-05 22:01:11','2015-06-05 22:01:11','329bb025-6ac0-48af-9cbb-07c6677c6d6f'),(487,547,'Sidebar',2,'2015-06-05 22:01:11','2015-06-05 22:01:11','3d499056-5304-4014-8886-0f476bfea805'),(488,548,'Resource Details',1,'2015-06-05 22:01:48','2015-06-05 22:01:48','ec952eaa-d911-4225-85d2-edcf562eb878'),(489,548,'Sidebar',2,'2015-06-05 22:01:48','2015-06-05 22:01:48','0eb88c36-4f5c-408d-8227-453bf29e6746'),(490,549,'Tab 1',1,'2015-06-05 22:02:09','2015-06-05 22:02:09','de973f7a-dd12-4a05-a3af-9784806bc6c6'),(497,556,'Tab 1',1,'2015-06-08 16:08:52','2015-06-08 16:08:52','72d54be6-df98-466f-a42b-b93775912b22'),(498,557,'Home',1,'2015-06-08 16:10:33','2015-06-08 16:10:33','f05916e6-e9c8-4839-8e16-f1d1a480d3cb');
/*!40000 ALTER TABLE `craft_fieldlayouttabs` ENABLE KEYS */;
UNLOCK TABLES;

--
-- Table structure for table `craft_fields`
--

DROP TABLE IF EXISTS `craft_fields`;
/*!40101 SET @saved_cs_client     = @@character_set_client */;
/*!40101 SET character_set_client = utf8 */;
CREATE TABLE `craft_fields` (
  `id` int(11) NOT NULL AUTO_INCREMENT,
  `groupId` int(11) DEFAULT NULL,
  `name` varchar(255) COLLATE utf8_unicode_ci NOT NULL,
  `handle` varchar(58) COLLATE utf8_unicode_ci NOT NULL,
  `context` varchar(255) COLLATE utf8_unicode_ci NOT NULL DEFAULT 'global',
  `instructions` text COLLATE utf8_unicode_ci,
  `translatable` tinyint(1) unsigned NOT NULL DEFAULT '0',
  `type` varchar(150) COLLATE utf8_unicode_ci NOT NULL,
  `settings` text COLLATE utf8_unicode_ci,
  `dateCreated` datetime NOT NULL,
  `dateUpdated` datetime NOT NULL,
  `uid` char(36) COLLATE utf8_unicode_ci NOT NULL DEFAULT '0',
  PRIMARY KEY (`id`),
  UNIQUE KEY `craft_fields_handle_context_unq_idx` (`handle`,`context`),
  KEY `craft_fields_context_idx` (`context`),
  KEY `craft_fields_groupId_fk` (`groupId`),
  CONSTRAINT `craft_fields_groupId_fk` FOREIGN KEY (`groupId`) REFERENCES `craft_fieldgroups` (`id`) ON DELETE CASCADE
) ENGINE=InnoDB AUTO_INCREMENT=288 DEFAULT CHARSET=utf8 COLLATE=utf8_unicode_ci;
/*!40101 SET character_set_client = @saved_cs_client */;

--
-- Dumping data for table `craft_fields`
--

LOCK TABLES `craft_fields` WRITE;
/*!40000 ALTER TABLE `craft_fields` DISABLE KEYS */;
INSERT INTO `craft_fields` VALUES (1,1,'Body','body','global','',0,'RichText','{\"configFile\":\"Standard.json\",\"cleanupHtml\":\"1\",\"purifyHtml\":\"\",\"columnType\":\"text\"}','2015-01-25 16:17:44','2015-02-19 15:22:18','3e60a341-571b-4f7a-be1a-da12d58d7c66'),(2,1,'Tags','tags','global',NULL,0,'Tags','{\"source\":\"taggroup:1\"}','2015-01-25 16:17:44','2015-01-25 16:17:44','d3d135ab-238d-46b4-ab16-e2ce4d1bd879'),(67,1,'Story','story','global','Enter all information relevant to a story. This will be used to fill in that story\'s full page as well as to automatically generate a preview box that for the home page and the bottom of other related pages.',0,'Matrix','{\"maxBlocks\":\"1\"}','2015-02-18 22:24:38','2015-04-20 19:55:31','a3e595a0-2fa1-4dc2-a06f-4f6b171cdc35'),(68,NULL,'Story Header Image','storyHeaderImage','matrixBlockType:28','Upload a file you would like to use as the large banner image at the top of this story\'s page.',0,'Assets','{\"useSingleFolder\":\"\",\"sources\":\"*\",\"defaultUploadLocationSource\":\"2\",\"defaultUploadLocationSubpath\":\"\",\"singleUploadLocationSource\":\"2\",\"singleUploadLocationSubpath\":\"\",\"restrictFiles\":\"\",\"limit\":\"1\"}','2015-02-18 22:24:38','2015-04-20 19:55:31','da37c4a0-b942-4c37-ab82-28c9790efb76'),(70,NULL,'Story Subtitle','storySubtitle','matrixBlockType:28','If there is a subtitle you would like to include, enter it here.',0,'PlainText','{\"placeholder\":\"\",\"maxLength\":\"50\",\"multiline\":\"\",\"initialRows\":\"4\"}','2015-02-18 22:24:38','2015-04-20 19:55:31','c34054bd-7a50-4945-945c-a9c241ff1c00'),(71,NULL,'Story Text','storyText','matrixBlockType:28','',0,'RichText','{\"configFile\":\"\",\"cleanupHtml\":\"1\",\"purifyHtml\":\"\",\"columnType\":\"text\"}','2015-02-18 22:24:38','2015-04-20 19:55:31','7d40b031-97bf-4f26-8da1-fa8fe42434e1'),(72,NULL,'Additional Images','additionalImages','matrixBlockType:28','Additional mages that will be shown in the body of the story.',0,'Assets','{\"useSingleFolder\":\"\",\"sources\":\"*\",\"defaultUploadLocationSource\":\"2\",\"defaultUploadLocationSubpath\":\"\",\"singleUploadLocationSource\":\"2\",\"singleUploadLocationSubpath\":\"\",\"restrictFiles\":\"\",\"limit\":\"\"}','2015-02-18 22:24:38','2015-04-20 19:55:31','38fd8307-5e9d-482f-ad0b-2b8333e60402'),(87,11,'Related Stories','relatedStories','global','',0,'Entries','{\"sources\":[\"section:4\"],\"limit\":\"3\"}','2015-02-18 22:46:26','2015-03-16 19:59:51','84b65a74-bf5d-44cb-ba07-1b508617825e'),(107,12,'Location','location','global','If the location is not a Gathering Place site, add the location information here.',0,'Matrix','{\"maxBlocks\":null}','2015-02-19 20:07:51','2015-03-16 20:56:07','4d59533b-7e09-4416-9fb8-5e2afe018610'),(108,NULL,'Location Name','locationName','matrixBlockType:42','Please enter the name of the facility/location.',0,'PlainText','{\"placeholder\":\"\",\"maxLength\":\"\",\"multiline\":\"\",\"initialRows\":\"4\"}','2015-02-19 20:07:51','2015-03-16 20:56:07','1dfbe2e2-774e-424d-ab3e-b53e9f4ffa64'),(109,NULL,'Street Address','streetAddress','matrixBlockType:42','',0,'PlainText','{\"placeholder\":\"\",\"maxLength\":\"\",\"multiline\":\"\",\"initialRows\":\"4\"}','2015-02-19 20:07:51','2015-03-16 20:56:07','0dc25a26-0289-4cc0-b94d-15cfdbf9fa90'),(110,NULL,'City','city','matrixBlockType:42','',0,'PlainText','{\"placeholder\":\"\",\"maxLength\":\"\",\"multiline\":\"\",\"initialRows\":\"4\"}','2015-02-19 20:07:51','2015-03-16 20:56:07','1c969cf3-50ca-404b-86dd-736b4937de32'),(111,NULL,'State','state','matrixBlockType:42','',0,'Dropdown','{\"options\":[{\"label\":\"AK\",\"value\":\"AK\",\"default\":\"\"},{\"label\":\"AL\",\"value\":\"AL\",\"default\":\"\"},{\"label\":\"AR\",\"value\":\"AR\",\"default\":\"\"},{\"label\":\"AZ\",\"value\":\"AZ\",\"default\":\"\"},{\"label\":\"CA\",\"value\":\"CA\",\"default\":\"\"},{\"label\":\"CO\",\"value\":\"CO\",\"default\":\"\"},{\"label\":\"CT\",\"value\":\"CT\",\"default\":\"\"},{\"label\":\"DE\",\"value\":\"DE\",\"default\":\"\"},{\"label\":\"FL\",\"value\":\"FL\",\"default\":\"\"},{\"label\":\"GA\",\"value\":\"GA\",\"default\":\"\"},{\"label\":\"HI\",\"value\":\"HI\",\"default\":\"\"},{\"label\":\"IA\",\"value\":\"IA\",\"default\":\"\"},{\"label\":\"ID\",\"value\":\"ID\",\"default\":\"\"},{\"label\":\"IL\",\"value\":\"IL\",\"default\":\"\"},{\"label\":\"IN\",\"value\":\"IN\",\"default\":\"\"},{\"label\":\"KS\",\"value\":\"KS\",\"default\":\"\"},{\"label\":\"KY\",\"value\":\"KY\",\"default\":\"\"},{\"label\":\"LA\",\"value\":\"LA\",\"default\":\"\"},{\"label\":\"MA\",\"value\":\"MA\",\"default\":\"\"},{\"label\":\"MD\",\"value\":\"MD\",\"default\":\"\"},{\"label\":\"ME\",\"value\":\"ME\",\"default\":\"\"},{\"label\":\"MI\",\"value\":\"MI\",\"default\":\"\"},{\"label\":\"MN\",\"value\":\"MN\",\"default\":\"\"},{\"label\":\"MO\",\"value\":\"MO\",\"default\":\"\"},{\"label\":\"MS\",\"value\":\"MS\",\"default\":\"\"},{\"label\":\"MT\",\"value\":\"MT\",\"default\":\"\"},{\"label\":\"NE\",\"value\":\"NE\",\"default\":\"\"},{\"label\":\"NC\",\"value\":\"NC\",\"default\":\"\"},{\"label\":\"ND\",\"value\":\"ND\",\"default\":\"\"},{\"label\":\"NH\",\"value\":\"NH\",\"default\":\"\"},{\"label\":\"NJ\",\"value\":\"NJ\",\"default\":\"\"},{\"label\":\"NM\",\"value\":\"NM\",\"default\":\"\"},{\"label\":\"NV\",\"value\":\"NV\",\"default\":\"\"},{\"label\":\"NY\",\"value\":\"NY\",\"default\":\"\"},{\"label\":\"OH\",\"value\":\"OH\",\"default\":\"1\"},{\"label\":\"OK\",\"value\":\"OK\",\"default\":\"\"},{\"label\":\"OR\",\"value\":\"OR\",\"default\":\"\"},{\"label\":\"PA\",\"value\":\"PA\",\"default\":\"\"},{\"label\":\"RI\",\"value\":\"RI\",\"default\":\"\"},{\"label\":\"SC\",\"value\":\"SC\",\"default\":\"\"},{\"label\":\"SD\",\"value\":\"SD\",\"default\":\"\"},{\"label\":\"TN\",\"value\":\"TN\",\"default\":\"\"},{\"label\":\"TX\",\"value\":\"TX\",\"default\":\"\"},{\"label\":\"UT\",\"value\":\"UT\",\"default\":\"\"},{\"label\":\"WA\",\"value\":\"WA\",\"default\":\"\"},{\"label\":\"VT\",\"value\":\"VT\",\"default\":\"\"},{\"label\":\"VA\",\"value\":\"VA\",\"default\":\"\"},{\"label\":\"WI\",\"value\":\"WI\",\"default\":\"\"},{\"label\":\"WV\",\"value\":\"WV\",\"default\":\"\"},{\"label\":\"WY\",\"value\":\"WY\",\"default\":\"\"}]}','2015-02-19 20:07:51','2015-03-16 20:56:07','aeb14182-43cf-4e72-abec-9353c1e9ee63'),(112,NULL,'Zip Code','zipCode','matrixBlockType:42','',0,'Number','{\"min\":\"00000\",\"max\":\"99999\",\"decimals\":\"0\"}','2015-02-19 20:07:51','2015-03-16 20:56:07','9eacec5e-7c13-4f23-b360-9379b0484f21'),(117,4,'Staff Member','staffMember','global','',0,'Matrix','{\"maxBlocks\":null}','2015-02-19 20:19:11','2015-03-10 16:53:20','f41991c0-dac1-4c24-bb13-b547c021f6b5'),(118,NULL,'Staff Member\'s nameName','staffMemberName','matrixBlockType:45','',0,'PlainText','{\"placeholder\":\"\",\"maxLength\":\"\",\"multiline\":\"\",\"initialRows\":\"4\"}','2015-02-19 20:19:11','2015-03-10 16:53:20','63d8feaf-219c-43a8-b18b-7ff0446c3009'),(119,NULL,'Full Bio','fullBio','matrixBlockType:45','',0,'PlainText','{\"placeholder\":\"\",\"maxLength\":\"\",\"multiline\":\"\",\"initialRows\":\"4\"}','2015-02-19 20:19:11','2015-03-10 16:53:20','8ff42f48-5281-4fdc-9cc5-a5949156934d'),(120,NULL,'Profile Picture','profilePicture','matrixBlockType:45','Please include a photo of yourself to display with your bio.',0,'Assets','{\"useSingleFolder\":\"\",\"sources\":\"*\",\"defaultUploadLocationSource\":\"2\",\"defaultUploadLocationSubpath\":\"\",\"singleUploadLocationSource\":\"2\",\"singleUploadLocationSubpath\":\"\",\"restrictFiles\":\"\",\"limit\":\"1\"}','2015-02-19 20:19:11','2015-03-10 16:53:21','95b85004-ca97-4525-bf2b-5b4371532d9e'),(121,NULL,'Email Address','emailAddress','matrixBlockType:45','This email address will not be displayed on the site but will be used as the destination for an \"Email Me\" link on your bio.',0,'PlainText','{\"placeholder\":\"\",\"maxLength\":\"\",\"multiline\":\"\",\"initialRows\":\"4\"}','2015-02-19 20:19:11','2015-03-10 16:53:21','23c18490-5449-41b0-8bd7-b8a0d8add686'),(122,NULL,'Bio Excerpt','bioExcerpt','matrixBlockType:46','Please include a brief excerpt or overview of your bio to include in small staff boxes on related events and programs pages.',0,'PlainText','{\"placeholder\":\"\",\"maxLength\":\"\",\"multiline\":\"\",\"initialRows\":\"4\"}','2015-02-19 20:19:11','2015-03-10 16:53:21','e14a19a3-ad9c-4436-8994-7e6523c2f89d'),(135,1,'Information','information','global','',0,'RichText','{\"configFile\":\"Standard.json\",\"cleanupHtml\":\"1\",\"purifyHtml\":\"\",\"columnType\":\"text\"}','2015-02-19 22:58:43','2015-02-19 22:58:43','b7bb4a78-66a8-4b8a-a174-b402df8321b2'),(136,4,'Board Of Directors','boardOfDirectors','global','',0,'Matrix','{\"maxBlocks\":\"1\"}','2015-02-19 23:01:34','2015-03-10 16:53:55','d91b1728-946f-4cd1-8edb-d7750309eb21'),(137,NULL,'Board Member Name','boardMemberName','matrixBlockType:50','',0,'PlainText','{\"placeholder\":\"\",\"maxLength\":\"\",\"multiline\":\"\",\"initialRows\":\"4\"}','2015-02-19 23:01:34','2015-03-10 16:53:55','d061abd5-b655-49b4-adb1-9d5aa971d601'),(138,NULL,'Board Member Title','boardMemberTitle','matrixBlockType:50','',0,'PlainText','{\"placeholder\":\"\",\"maxLength\":\"\",\"multiline\":\"\",\"initialRows\":\"4\"}','2015-02-19 23:01:34','2015-03-10 16:53:55','dc9336a7-8d22-4e0d-b97e-b54d99978324'),(139,NULL,'Board Member Picture','boardMemberPicture','matrixBlockType:50','',0,'Assets','{\"useSingleFolder\":\"\",\"sources\":\"*\",\"defaultUploadLocationSource\":\"2\",\"defaultUploadLocationSubpath\":\"\",\"singleUploadLocationSource\":\"2\",\"singleUploadLocationSubpath\":\"\",\"restrictFiles\":\"\",\"limit\":\"1\"}','2015-02-19 23:01:34','2015-03-10 16:53:55','fe9e1c75-d526-4158-be01-8fe908ddbb2b'),(143,1,'Events','eventsField','global','',0,'Calendars_EventData','{\"calendarId\":\"1\"}','2015-02-20 15:06:26','2015-03-11 18:35:52','538035cd-7e1d-40df-90fd-da3674eaf734'),(144,11,'Related Resources','relatedResources','global','',0,'Entries','{\"sources\":[\"section:5\"],\"limit\":\"5\"}','2015-02-20 15:06:55','2015-03-16 19:59:37','96173cf5-45ca-47bd-8236-bcc6f88800fc'),(145,2,'Document','document','global','',0,'Assets','{\"useSingleFolder\":\"\",\"sources\":[\"folder:2\"],\"defaultUploadLocationSource\":\"2\",\"defaultUploadLocationSubpath\":\"\",\"singleUploadLocationSource\":\"2\",\"singleUploadLocationSubpath\":\"\",\"restrictFiles\":\"1\",\"allowedKinds\":[\"audio\",\"compressed\",\"excel\",\"image\",\"pdf\",\"powerpoint\",\"text\",\"video\",\"word\"],\"limit\":\"\"}','2015-02-20 15:07:49','2015-03-10 17:36:49','714bc5ea-9d22-49d9-85fa-f5052c83436b'),(158,12,'Site Information','siteInformation','global','Provide information about each TGP site/location.',0,'Matrix','{\"maxBlocks\":null}','2015-02-20 15:31:06','2015-03-16 20:56:21','9ef0568b-cc82-4f06-b9db-16a7196f9a84'),(159,NULL,'Site Name','siteName','matrixBlockType:57','',0,'PlainText','{\"placeholder\":\"\",\"maxLength\":\"\",\"multiline\":\"\",\"initialRows\":\"4\"}','2015-02-20 15:31:06','2015-03-16 20:56:21','a0062473-b992-4a5e-838c-2eefc42432b3'),(160,NULL,'Site Description','siteDescription','matrixBlockType:57','',0,'PlainText','{\"placeholder\":\"\",\"maxLength\":\"\",\"multiline\":\"\",\"initialRows\":\"4\"}','2015-02-20 15:31:06','2015-03-16 20:56:21','d9753f09-f80d-4f32-9b38-eaefde5d558d'),(161,NULL,'Site Street Address','siteStreetAddress','matrixBlockType:57','',0,'PlainText','{\"placeholder\":\"\",\"maxLength\":\"\",\"multiline\":\"\",\"initialRows\":\"4\"}','2015-02-20 15:31:06','2015-03-16 20:56:21','69f24025-6c49-4396-8a08-17c0cc343ed2'),(162,NULL,'Site City','siteCity','matrixBlockType:57','',0,'PlainText','{\"placeholder\":\"\",\"maxLength\":\"\",\"multiline\":\"\",\"initialRows\":\"4\"}','2015-02-20 15:31:06','2015-03-16 20:56:21','04870cb5-e028-4a4d-98b8-9539c7df9079'),(163,NULL,'Site State','siteState','matrixBlockType:57','',0,'PlainText','{\"placeholder\":\"OH\",\"maxLength\":\"\",\"multiline\":\"\",\"initialRows\":\"4\"}','2015-02-20 15:31:06','2015-03-16 20:56:21','e1184b4b-18d3-42ef-96c5-122b4c3d5ba2'),(164,NULL,'Site Zip','siteZip','matrixBlockType:57','',0,'PlainText','{\"placeholder\":\"\",\"maxLength\":\"\",\"multiline\":\"\",\"initialRows\":\"4\"}','2015-02-20 15:31:06','2015-03-16 20:56:21','1582b90a-6af0-4b8a-a225-d66701fedc2a'),(167,2,'Site Images','siteImages','global','',0,'Matrix','{\"maxBlocks\":null}','2015-02-20 15:35:37','2015-03-10 16:54:42','d93058d3-de37-45aa-9ccb-e2b9ae42f085'),(168,NULL,'Site Image File','siteImageFile','matrixBlockType:59','',0,'Assets','{\"useSingleFolder\":\"\",\"sources\":\"*\",\"defaultUploadLocationSource\":\"2\",\"defaultUploadLocationSubpath\":\"\",\"singleUploadLocationSource\":\"2\",\"singleUploadLocationSubpath\":\"\",\"restrictFiles\":\"\",\"limit\":\"1\"}','2015-02-20 15:35:37','2015-03-10 16:54:42','79bd07be-2273-426b-9755-8f3550dcd1ba'),(169,NULL,'Site Image Caption','siteImageCaption','matrixBlockType:59','',0,'PlainText','{\"placeholder\":\"\",\"maxLength\":\"\",\"multiline\":\"\",\"initialRows\":\"4\"}','2015-02-20 15:35:37','2015-03-10 16:54:42','f44c1a97-ddc1-4a31-bde3-a75ad97c3ee8'),(170,NULL,'Image Site','imageSite','matrixBlockType:59','',0,'Categories','{\"source\":\"group:9\",\"limit\":\"1\"}','2015-02-20 15:35:37','2015-03-10 16:54:42','e3d388e4-3bca-425e-ba4f-1a37ac908fd1'),(171,NULL,'Site Related Entry','siteRelatedEntry','matrixBlockType:60','',0,'Entries','{\"sources\":\"*\",\"limit\":\"\"}','2015-02-20 15:37:19','2015-03-16 20:56:21','19db0fb6-f1d8-46b6-8421-03d61848b9ff'),(174,11,'Entry Category','entryCategory','global','',0,'Categories','{\"source\":\"group:8\",\"limit\":\"\"}','2015-02-20 23:30:35','2015-03-16 19:58:59','d4577801-91e7-4afc-a32b-24ade3d6341a'),(175,11,'Related Events','relatedEvents','global','',0,'Entries','{\"sources\":[\"section:6\"],\"limit\":\"5\"}','2015-02-23 18:50:08','2015-03-16 19:58:47','3bbd89df-47eb-45ef-8831-645585471161'),(176,11,'Related Programs','relatedPrograms','global','',0,'Entries','{\"sources\":[\"section:7\"],\"limit\":\"5\"}','2015-02-23 18:53:54','2015-03-16 19:59:26','aaadec79-00ea-44fe-9c83-89620d40869b'),(177,2,'Images','images','global','',0,'Assets','{\"useSingleFolder\":\"1\",\"sources\":[\"folder:2\"],\"defaultUploadLocationSource\":\"2\",\"defaultUploadLocationSubpath\":\"\",\"singleUploadLocationSource\":\"2\",\"singleUploadLocationSubpath\":\"\",\"restrictFiles\":\"1\",\"allowedKinds\":[\"image\"],\"limit\":\"\"}','2015-02-23 18:58:37','2015-03-10 16:54:18','dc59f9c3-3d11-4e2a-b658-37c000f146e8'),(179,4,'Member Name','memberName','global','',0,'PlainText','{\"placeholder\":\"\",\"maxLength\":\"\",\"multiline\":\"\",\"initialRows\":\"4\"}','2015-02-25 17:49:56','2015-02-25 20:47:02','4c9a0bc5-3dbe-4704-94c4-c972585f7104'),(180,4,'Member Title','memberTitle','global','',0,'PlainText','{\"placeholder\":\"\",\"maxLength\":\"\",\"multiline\":\"\",\"initialRows\":\"4\"}','2015-02-25 17:50:23','2015-02-25 20:46:44','2857122d-83ef-49cf-902e-08b757d22e6c'),(181,4,'Honorary Council Member?','honoraryMember','global','Is this person an honorary council member? If not, you don\'t need to do anything. ',0,'Lightswitch','{\"default\":\"\"}','2015-02-25 17:51:56','2015-02-25 17:53:38','b492f867-4219-42b0-a38c-731931518890'),(182,4,'Employer','employer','global','Please enter this person\'s current workplace.',0,'PlainText','{\"placeholder\":\"\",\"maxLength\":\"\",\"multiline\":\"\",\"initialRows\":\"4\"}','2015-02-25 17:52:37','2015-02-25 20:46:27','11535e20-3a3d-450d-a0b3-f78f6d97791f'),(184,2,'Header Image','headerImage','global','',0,'Assets','{\"useSingleFolder\":\"\",\"sources\":[\"folder:2\"],\"defaultUploadLocationSource\":\"2\",\"defaultUploadLocationSubpath\":\"\",\"singleUploadLocationSource\":\"2\",\"singleUploadLocationSubpath\":\"\",\"restrictFiles\":\"1\",\"allowedKinds\":[\"image\"],\"limit\":\"1\"}','2015-02-25 17:57:46','2015-03-10 16:52:58','7846bb69-6e04-48f0-9ccd-e06737468115'),(186,2,'Block Image','blockImage','global','',0,'Assets','{\"useSingleFolder\":\"\",\"sources\":[\"folder:2\"],\"defaultUploadLocationSource\":\"2\",\"defaultUploadLocationSubpath\":\"\",\"singleUploadLocationSource\":\"2\",\"singleUploadLocationSubpath\":\"\",\"restrictFiles\":\"1\",\"allowedKinds\":[\"image\"],\"limit\":\"1\"}','2015-02-25 18:08:21','2015-02-25 18:08:52','88e41fb8-9ce7-4e60-aeb8-fa01911cab6a'),(187,2,'Body Image','bodyImage','global','Additional images that go with this entry.',0,'Assets','{\"useSingleFolder\":\"\",\"sources\":[\"folder:2\"],\"defaultUploadLocationSource\":\"2\",\"defaultUploadLocationSubpath\":\"\",\"singleUploadLocationSource\":\"2\",\"singleUploadLocationSubpath\":\"\",\"restrictFiles\":\"1\",\"allowedKinds\":[\"image\"],\"limit\":\"3\"}','2015-02-25 18:11:42','2015-02-25 18:11:42','883c36ec-f52a-4a5e-b84d-490ebc9d182d'),(188,4,'Post-Nominals','postNominals','global','Please enter any post-nominals for this person separated by commas. (E.g. RN, MSN, OCN)',0,'PlainText','{\"placeholder\":\"\",\"maxLength\":\"\",\"multiline\":\"\",\"initialRows\":\"4\"}','2015-02-25 20:49:28','2015-02-25 20:49:43','a4162215-1d21-418c-9196-8ef54cf6016e'),(189,4,'Member Image','memberImage','global','',0,'Assets','{\"useSingleFolder\":\"\",\"sources\":[\"folder:2\"],\"defaultUploadLocationSource\":\"2\",\"defaultUploadLocationSubpath\":\"\",\"singleUploadLocationSource\":\"2\",\"singleUploadLocationSubpath\":\"\",\"restrictFiles\":\"1\",\"allowedKinds\":[\"image\"],\"limit\":\"1\"}','2015-02-25 20:50:50','2015-02-25 20:50:50','3be7b5a1-b6a1-4c8d-ade8-2d399ca695f3'),(190,4,'Member Bio','memberBio','global','Enter more information about the member that will supplement their brief profile.',0,'PlainText','{\"placeholder\":\"\",\"maxLength\":\"500\",\"multiline\":\"\",\"initialRows\":\"4\"}','2015-02-25 20:51:42','2015-02-25 20:57:24','cd8d9246-9fcc-404b-911c-323fd43176da'),(191,4,'Brief Profile','briefProfile','global','Enter a brief profile about the member.',0,'PlainText','{\"placeholder\":\"\",\"maxLength\":\"120\",\"multiline\":\"\",\"initialRows\":\"4\"}','2015-02-25 20:56:44','2015-06-01 20:35:22','be135abb-97d2-438e-be47-43a864f8c963'),(192,4,'Member Email','memberEmail','global','',0,'PlainText','{\"placeholder\":\"\",\"maxLength\":\"\",\"multiline\":\"\",\"initialRows\":\"4\"}','2015-02-25 20:58:10','2015-02-25 20:58:10','225f3376-4e11-423a-b2cf-473ba4411177'),(193,1,'Subtitle','subtitle','global','',0,'PlainText','{\"placeholder\":\"\",\"maxLength\":\"\",\"multiline\":\"\",\"initialRows\":\"4\"}','2015-02-27 18:19:19','2015-02-27 18:19:19','3ae48b51-1eb3-4b93-9575-94ade96018d0'),(194,6,'Reminders','reminders','global','',0,'RichText','{\"configFile\":\"Standard.json\",\"cleanupHtml\":\"1\",\"purifyHtml\":\"\",\"columnType\":\"text\"}','2015-02-27 18:20:13','2015-02-27 18:20:13','7338e657-6a60-43f3-8602-c2073cc1dc66'),(195,6,'Related Staff','relatedStaff','global','',0,'Entries','{\"sources\":[\"section:15\"],\"limit\":\"5\"}','2015-02-27 18:20:48','2015-02-27 18:20:48','da4e5548-5ad4-43ff-8adb-f7b75f4bf2f6'),(197,12,'Contact Email','contactEmail','global','Where should comments or questions be directed?',0,'PlainText','{\"placeholder\":\"\",\"maxLength\":\"\",\"multiline\":\"\",\"initialRows\":\"4\"}','2015-02-27 18:23:35','2015-03-16 20:55:38','8be9f167-66b7-4e1a-9ae2-b2e2d36177a4'),(199,11,'Event Category','eventCategory','global','Select which category (or categories) apply to this event',0,'Categories','{\"source\":\"group:6\",\"limit\":\"\"}','2015-03-05 15:11:35','2015-03-16 19:59:11','350f5282-9aa5-496a-8603-28bfbadafa61'),(200,11,'Related TGP Location','relatedTgpLocation','global','',0,'Entries','{\"sources\":[\"section:21\"],\"limit\":\"\"}','2015-03-05 16:24:18','2015-03-16 20:00:03','b283721d-ec59-42b7-9661-3160d7a4a174'),(201,1,'External Link','externalLink','global','',0,'Matrix','{\"maxBlocks\":null}','2015-03-10 15:42:23','2015-03-10 17:23:43','cd143b00-d3bd-4a42-8a85-0e12b7867d55'),(202,12,'Contact Form Info','contactFormInfo','global','Enter a brief description about the purpose of this form or any other relevant notes the user should be aware of as well as a header for this form.',0,'Matrix','{\"maxBlocks\":\"1\"}','2015-03-10 15:51:03','2015-03-16 20:55:48','6cbce873-618c-461c-89dc-4f180b12806a'),(203,9,'Mission Statement','missionStatement','global','',0,'PlainText','{\"placeholder\":\"The mission of The Gathering Place is to support, educate and empower individuals and families touched by cancer through programs and services provided free of charge.\",\"maxLength\":\"\",\"multiline\":\"\",\"initialRows\":\"4\"}','2015-03-10 16:19:55','2015-03-10 16:20:37','1dc201c8-aa85-4de4-affb-4e7787d17db7'),(204,9,'Philosophy','philosophy','global','Enter a short overview of The Gathering Place\'s philosophy.',0,'RichText','{\"configFile\":\"Standard.json\",\"cleanupHtml\":\"1\",\"purifyHtml\":\"\",\"columnType\":\"text\"}','2015-03-10 16:21:29','2015-03-10 16:21:29','bbfb657a-b7a6-4cc7-a84e-befd1add1d5f'),(205,9,'Art at TGP','artTGP','global','Enter a brief overview of Art at The Gathering Place.',0,'RichText','{\"configFile\":\"Standard.json\",\"cleanupHtml\":\"1\",\"purifyHtml\":\"\",\"columnType\":\"text\"}','2015-03-10 16:22:20','2015-03-10 16:22:35','407c55ac-1c54-4b8c-96f7-ef22e7af558e'),(206,6,'Programs Overview','programsOverview','global','Enter a brief overview or list of examples of the types of programs and services The Gathering Place offers.',0,'RichText','{\"configFile\":\"Standard.json\",\"cleanupHtml\":\"1\",\"purifyHtml\":\"\",\"columnType\":\"text\"}','2015-03-10 16:23:38','2015-04-20 17:17:31','272292c4-9003-4f9a-a515-599e8cd2e4f4'),(207,9,'East Info','eastInfo','global','Enter a brief overview about the east location.',0,'RichText','{\"configFile\":\"Standard.json\",\"cleanupHtml\":\"1\",\"purifyHtml\":\"\",\"columnType\":\"text\"}','2015-03-10 16:24:19','2015-03-31 20:34:14','21a184aa-d8d9-4ed3-8603-f82f5690f7ca'),(208,9,'West Info','westInfo','global','Enter a brief overview about the west location.',0,'RichText','{\"configFile\":\"Standard.json\",\"cleanupHtml\":\"1\",\"purifyHtml\":\"\",\"columnType\":\"text\"}','2015-03-10 16:24:34','2015-03-10 16:24:34','171e3ef4-1c31-4ea9-ab97-a4818670fb17'),(209,NULL,'Form Header','formHeader','matrixBlockType:61','',0,'PlainText','{\"placeholder\":\"\",\"maxLength\":\"\",\"multiline\":\"\",\"initialRows\":\"4\"}','2015-03-10 16:32:17','2015-03-16 20:55:49','614ace94-fef9-49d9-82e7-32b66d7acd3a'),(210,NULL,'Form Overview','formOverview','matrixBlockType:61','',0,'PlainText','{\"placeholder\":\"\",\"maxLength\":\"\",\"multiline\":\"\",\"initialRows\":\"4\"}','2015-03-10 16:32:17','2015-03-16 20:55:49','2c4f3516-222c-47fc-b65b-0419fe9f0bfd'),(211,10,'Support Us Block','supportUsBlock','global','This is the very brief call for donations in a small block on resource and story pages.',0,'PlainText','{\"placeholder\":\"\",\"maxLength\":\"\",\"multiline\":\"\",\"initialRows\":\"4\"}','2015-03-10 17:02:06','2015-03-10 17:08:36','640ac929-6898-46c0-9280-9abea8f14a3a'),(212,10,'Sub-Section','subSection','global','If a page needs to have small blocks with stylized headings, this can be entered here.',0,'Matrix','{\"maxBlocks\":null}','2015-03-10 17:07:14','2015-03-10 17:07:14','d2e8433f-9027-48fd-adc5-4ead65ab7928'),(213,NULL,'Sub-Section Header','subSectionHeader','matrixBlockType:62','',0,'PlainText','{\"placeholder\":\"\",\"maxLength\":\"\",\"multiline\":\"\",\"initialRows\":\"4\"}','2015-03-10 17:07:14','2015-03-10 17:07:14','429e24bb-bad9-40b0-8fd8-b72a70dd8271'),(214,NULL,'Sub-Section Content','subSectionContent','matrixBlockType:62','',0,'RichText','{\"configFile\":\"\",\"cleanupHtml\":\"1\",\"purifyHtml\":\"\",\"columnType\":\"text\"}','2015-03-10 17:07:15','2015-03-10 17:07:15','33512f44-4f5d-485f-8969-eca064803f35'),(215,10,'Resource Disclaimer','resourceDisclaimer','global','This is the disclaimer that will show at the bottom of all resource pages.',0,'PlainText','{\"placeholder\":\"\",\"maxLength\":\"\",\"multiline\":\"\",\"initialRows\":\"4\"}','2015-03-10 17:08:22','2015-03-10 17:08:22','a5ecbf95-8465-4509-8094-6de65e79e2da'),(216,10,'Footer Links','footerLinks','global','These are links that will show in the Additional Links column in the footer of every page. (All pages will share the same 4 links.)',0,'Matrix','{\"maxBlocks\":\"4\"}','2015-03-10 17:12:06','2015-03-10 17:12:06','aadd70b7-a272-4512-8a50-3a9ae7699446'),(217,NULL,'Link Name','linkName','matrixBlockType:63','',0,'PlainText','{\"placeholder\":\"\",\"maxLength\":\"\",\"multiline\":\"\",\"initialRows\":\"4\"}','2015-03-10 17:12:06','2015-03-10 17:12:06','b488e924-8081-4509-badf-535d4acea7ee'),(218,NULL,'Link Destination','linkURL','matrixBlockType:63','',0,'VzUrl','{\"followRedirects\":\"1\"}','2015-03-10 17:12:06','2015-03-10 17:12:06','a0716b52-f0f5-4b3e-a9de-08a25654fa93'),(219,NULL,'Link Name','linkName','matrixBlockType:64','',0,'PlainText','{\"placeholder\":\"\",\"maxLength\":\"\",\"multiline\":\"\",\"initialRows\":\"4\"}','2015-03-10 17:23:43','2015-03-10 17:23:43','c45e9bda-19a5-43c2-9f63-1ecfd4c498be'),(220,NULL,'Link URL','linkUrl','matrixBlockType:64','',0,'VzUrl','{\"followRedirects\":\"1\"}','2015-03-10 17:23:43','2015-03-10 17:23:43','bd72d7b2-4d9d-48f6-96d9-6622f5889ca0'),(221,1,'Overview','overview','global','Enter a very brief overview of the entry.',0,'PlainText','{\"placeholder\":\"\",\"maxLength\":\"\",\"multiline\":\"\",\"initialRows\":\"4\"}','2015-03-10 17:28:20','2015-03-10 17:28:20','c009aef2-5b16-40db-9af0-becc6f9117d2'),(222,1,'Resource Type','resourceType','global','',0,'Categories','{\"source\":\"group:5\",\"limit\":\"\"}','2015-03-10 17:29:43','2015-03-10 17:29:43','cef40aa0-4a42-433e-9c41-91d4fe698d9e'),(223,2,'Alt Text','altText','global','Enter alternate text that will display when the cursor hovers over the image, in place of the image if the image cannot be loaded, and to assist the visually impaired.',0,'PlainText','{\"placeholder\":\"\",\"maxLength\":\"100\",\"multiline\":\"\",\"initialRows\":\"4\"}','2015-03-10 17:42:38','2015-03-10 17:42:38','2c086c91-ec5d-4d5d-8f2e-d377b64f5b03'),(225,13,'Support Blocks','supportBlocks','global','Enter information about the four main blocks that will be displayed on the More Ways to Support page (Upcoming Events, Community Fundraisers, Tributes to Loved Ones, and Other Ways to Support). Include the heading text and an overview for each block. You can also link assets to each block.',0,'Matrix','{\"maxBlocks\":\"4\"}','2015-03-16 20:08:07','2015-05-03 20:31:25','fd39d64a-bb52-4441-85d7-f0a454ddd961'),(226,NULL,'Support Block Heading','supportBlockHeading','matrixBlockType:65','',0,'PlainText','{\"placeholder\":\"\",\"maxLength\":\"\",\"multiline\":\"\",\"initialRows\":\"4\"}','2015-03-16 20:08:07','2015-05-03 20:31:25','d0b41c33-fcd0-4ec4-b584-0bc5700ddcb4'),(227,NULL,'Support Block Overview','supportBlockOverview','matrixBlockType:65','',0,'RichText','{\"configFile\":\"Simple.json\",\"cleanupHtml\":\"1\",\"purifyHtml\":\"\",\"columnType\":\"text\"}','2015-03-16 20:08:07','2015-05-03 20:31:25','b12d0eb2-23ec-4262-b4d8-ad50cfeeb5d9'),(228,NULL,'Support Block Images','supportBlockImages','matrixBlockType:65','Please link any and all assets that should be viewable when the See Images button is clicked for this block.',0,'Assets','{\"useSingleFolder\":\"\",\"sources\":\"*\",\"defaultUploadLocationSource\":\"2\",\"defaultUploadLocationSubpath\":\"\",\"singleUploadLocationSource\":\"2\",\"singleUploadLocationSubpath\":\"\",\"restrictFiles\":\"1\",\"allowedKinds\":[\"image\",\"pdf\",\"video\"],\"limit\":\"\"}','2015-03-16 20:08:07','2015-05-03 20:31:25','a71e4be3-7225-44b7-83fe-8ba440a5ae5c'),(229,13,'Warehouse Sale Overview','warehouseSaleOverview','global','',0,'PlainText','{\"placeholder\":\"\",\"maxLength\":\"\",\"multiline\":\"\",\"initialRows\":\"4\"}','2015-03-16 20:58:08','2015-03-16 20:58:08','aa83fdbc-6336-4115-ba57-1fd22e64d1e1'),(230,13,'Donate Furniture Overview','donateFurnitureOverview','global','',0,'PlainText','{\"placeholder\":\"\",\"maxLength\":\"\",\"multiline\":\"\",\"initialRows\":\"4\"}','2015-03-16 20:58:35','2015-03-16 20:58:35','1841c9c3-cc08-4ada-bcc9-1b2502f29ca1'),(231,13,'Warehouse Images','warehouseImages','global','',0,'Assets','{\"useSingleFolder\":\"\",\"sources\":\"*\",\"defaultUploadLocationSource\":\"2\",\"defaultUploadLocationSubpath\":\"\",\"singleUploadLocationSource\":\"2\",\"singleUploadLocationSubpath\":\"\",\"restrictFiles\":\"1\",\"allowedKinds\":[\"image\"],\"limit\":\"\"}','2015-03-16 20:58:57','2015-03-16 20:58:57','e03ddcfb-2e41-48e7-9f40-e45641bbf096'),(232,13,'Donate Furniture Email','donateFurnitureEmail','global','The email address that will be attached to the Get In Touch button in the Donate Furniture block.',0,'PlainText','{\"placeholder\":\"\",\"maxLength\":\"\",\"multiline\":\"\",\"initialRows\":\"4\"}','2015-03-16 21:01:54','2015-03-16 21:01:54','8cd0a6d7-d4cf-43a7-9ec5-0435d6be0843'),(233,1,'Introduction','introduction','global','The introductory paragraph that will be highlighted at the top of the page.',0,'RichText','{\"configFile\":\"Standard.json\",\"cleanupHtml\":\"1\",\"purifyHtml\":\"\",\"columnType\":\"text\"}','2015-03-18 16:59:39','2015-03-18 17:04:44','1a27f492-d9fe-4cbc-99a2-39e1af488179'),(234,12,'Additional Contact Info','additionalContactInfo','global','',0,'RichText','{\"configFile\":\"\",\"cleanupHtml\":\"1\",\"purifyHtml\":\"\",\"columnType\":\"text\"}','2015-03-18 17:01:41','2015-03-18 17:01:41','f465c82a-4228-48b0-94ac-0f873f702960'),(235,12,'Contact Phone','contactPhone','global','',0,'PlainText','{\"placeholder\":\"\",\"maxLength\":\"\",\"multiline\":\"\",\"initialRows\":\"4\"}','2015-03-18 17:02:25','2015-03-18 17:02:25','77d11a3e-39ed-4088-a6c4-6007d228b2f3'),(236,6,'At a Glance','atAGlance','global','This is the Programs and Services At a Glance file that is linked from the slide-out menu.',0,'Assets','{\"useSingleFolder\":\"\",\"sources\":\"*\",\"defaultUploadLocationSource\":\"2\",\"defaultUploadLocationSubpath\":\"\",\"singleUploadLocationSource\":\"2\",\"singleUploadLocationSubpath\":\"\",\"restrictFiles\":\"1\",\"allowedKinds\":[\"image\",\"pdf\"],\"limit\":\"\"}','2015-03-20 21:17:46','2015-03-20 21:17:46','bd74341a-429e-4e1a-8ccc-c10040cc5c33'),(237,2,'Gallery URL','galleryUrl','global','Enter the URL for the Flickr gallery related to this entry',0,'VzUrl','{\"followRedirects\":\"1\"}','2015-03-31 19:15:21','2015-03-31 19:15:21','bcf33f16-8bdf-4c3a-be90-a2611e4c690e'),(238,2,'Document Title','documentTitle','global','Enter the title/link that will display for this document.',0,'PlainText','{\"placeholder\":\"\",\"maxLength\":\"\",\"multiline\":\"\",\"initialRows\":\"4\"}','2015-03-31 19:28:01','2015-03-31 19:28:01','4a7bb178-d57f-4f5e-8ac6-059b33abab8d'),(239,11,'Featured Story','featuredStory','global','Select the primary story that will be featured at the top of this page. If left blank, a story will be selected at random.',0,'Entries','{\"sources\":[\"section:4\"],\"limit\":\"1\"}','2015-04-06 19:31:11','2015-04-06 19:32:19','ac626ad3-0446-433a-bc75-d34585857605'),(240,9,'Events Overview','eventsOverview','global','Enter a brief overview about events at The Gathering Place.',0,'PlainText','{\"placeholder\":\"\",\"maxLength\":\"\",\"multiline\":\"\",\"initialRows\":\"4\"}','2015-04-07 03:52:29','2015-04-07 03:52:29','c08e866e-a38a-4e5c-86ba-1dcbc5edf417'),(275,6,'Program Contact Info','programContactInfo','global','',0,'RichText','{\"configFile\":\"Standard.json\",\"cleanupHtml\":\"1\",\"purifyHtml\":\"\",\"columnType\":\"text\"}','2015-04-20 17:16:28','2015-04-20 17:36:27','dfee1545-1577-45ea-8bd7-c481a0fc520a'),(276,6,'Program Contact Button','programContactButton','global','',0,'Matrix','{\"maxBlocks\":null}','2015-04-20 17:34:37','2015-04-20 17:34:37','114dae57-133f-4416-9123-1fd6a30e72c1'),(277,NULL,'Contact Name','contactName','matrixBlockType:66','',0,'PlainText','{\"placeholder\":\"\",\"maxLength\":\"\",\"multiline\":\"\",\"initialRows\":\"4\"}','2015-04-20 17:34:37','2015-04-20 17:34:37','66d9560f-1dcf-4e41-88a3-19b97ae87138'),(278,NULL,'Contact Email Address','contactEmailAddress','matrixBlockType:66','',0,'PlainText','{\"placeholder\":\"\",\"maxLength\":\"\",\"multiline\":\"\",\"initialRows\":\"4\"}','2015-04-20 17:34:37','2015-04-20 17:34:37','4393cc2b-9b41-452d-a03a-088b812ec177'),(282,NULL,'Support Block More Link','supportBlockMoreLink','matrixBlockType:65','The URL for where you want the more link to take you.',0,'VzUrl','{\"followRedirects\":\"1\"}','2015-05-03 20:26:38','2015-05-03 20:31:25','560c8440-efc1-4fc2-8f33-061ce30b779d'),(283,NULL,'Support Block More Link Text','supportBlockMoreLinkText','matrixBlockType:65','The text of the more button',0,'PlainText','{\"placeholder\":\"Read More \",\"maxLength\":\"\",\"multiline\":\"\",\"initialRows\":\"4\"}','2015-05-03 20:28:37','2015-05-03 20:31:25','6cb24f7d-1b11-485e-941d-7a379f28ca59'),(284,14,'Press Releases','pressReleases','global','Link to and describe Press Releases',0,'RichText','{\"configFile\":\"\",\"cleanupHtml\":\"1\",\"purifyHtml\":\"\",\"columnType\":\"text\"}','2015-05-31 00:21:56','2015-05-31 00:21:56','709dc149-47b8-405b-a057-b2db699fec82'),(285,14,'Media Coverage','mediaCoverage','global','Information and links about media coverage',0,'RichText','{\"configFile\":\"\",\"cleanupHtml\":\"1\",\"purifyHtml\":\"\",\"columnType\":\"text\"}','2015-05-31 00:22:24','2015-05-31 00:22:24','d67e82ff-60d0-4f43-8a40-f34cd78d89f7'),(286,9,'Single Link','singleLink','global','',0,'Entries','{\"sources\":[\"singles\"],\"limit\":\"\"}','2015-06-05 21:58:23','2015-06-05 21:58:23','98e385ca-47e3-446e-abf7-2c46244a5be5'),(287,1,'Embedded Video','youtubeVideo','global','Enter the embed code for the video to display.',0,'PlainText','{\"placeholder\":\"<iframe width=\\\"420\\\" height=\\\"315\\\" src=\\\"https:\\/\\/www.youtube.com\\/embed\\/V-mC8nKToVE\\\" frameborder=\\\"0\\\" allowfullscreen><\\/iframe>\",\"maxLength\":\"\",\"multiline\":\"\",\"initialRows\":\"4\"}','2015-06-08 16:10:00','2015-06-08 16:14:32','b5b51550-33b5-4f6a-9eda-0da9a1fd25f6');
/*!40000 ALTER TABLE `craft_fields` ENABLE KEYS */;
UNLOCK TABLES;

--
-- Table structure for table `craft_globalsets`
--

DROP TABLE IF EXISTS `craft_globalsets`;
/*!40101 SET @saved_cs_client     = @@character_set_client */;
/*!40101 SET character_set_client = utf8 */;
CREATE TABLE `craft_globalsets` (
  `id` int(11) NOT NULL,
  `name` varchar(255) COLLATE utf8_unicode_ci NOT NULL,
  `handle` varchar(255) COLLATE utf8_unicode_ci NOT NULL,
  `fieldLayoutId` int(10) DEFAULT NULL,
  `dateCreated` datetime NOT NULL,
  `dateUpdated` datetime NOT NULL,
  `uid` char(36) COLLATE utf8_unicode_ci NOT NULL DEFAULT '0',
  PRIMARY KEY (`id`),
  UNIQUE KEY `craft_globalsets_name_unq_idx` (`name`),
  UNIQUE KEY `craft_globalsets_handle_unq_idx` (`handle`),
  KEY `craft_globalsets_fieldLayoutId_fk` (`fieldLayoutId`),
  CONSTRAINT `craft_globalsets_fieldLayoutId_fk` FOREIGN KEY (`fieldLayoutId`) REFERENCES `craft_fieldlayouts` (`id`) ON DELETE SET NULL,
  CONSTRAINT `craft_globalsets_id_fk` FOREIGN KEY (`id`) REFERENCES `craft_elements` (`id`) ON DELETE CASCADE
) ENGINE=InnoDB DEFAULT CHARSET=utf8 COLLATE=utf8_unicode_ci;
/*!40101 SET character_set_client = @saved_cs_client */;

--
-- Dumping data for table `craft_globalsets`
--

LOCK TABLES `craft_globalsets` WRITE;
/*!40000 ALTER TABLE `craft_globalsets` DISABLE KEYS */;
/*!40000 ALTER TABLE `craft_globalsets` ENABLE KEYS */;
UNLOCK TABLES;

--
-- Table structure for table `craft_info`
--

DROP TABLE IF EXISTS `craft_info`;
/*!40101 SET @saved_cs_client     = @@character_set_client */;
/*!40101 SET character_set_client = utf8 */;
CREATE TABLE `craft_info` (
  `id` int(11) NOT NULL AUTO_INCREMENT,
  `version` varchar(15) COLLATE utf8_unicode_ci NOT NULL,
  `build` int(11) unsigned NOT NULL,
  `schemaVersion` varchar(15) COLLATE utf8_unicode_ci NOT NULL,
  `releaseDate` datetime NOT NULL,
  `edition` tinyint(1) unsigned NOT NULL DEFAULT '0',
  `siteName` varchar(100) COLLATE utf8_unicode_ci NOT NULL,
  `siteUrl` varchar(255) COLLATE utf8_unicode_ci NOT NULL,
  `timezone` varchar(30) COLLATE utf8_unicode_ci DEFAULT NULL,
  `on` tinyint(1) unsigned NOT NULL DEFAULT '0',
  `maintenance` tinyint(1) unsigned NOT NULL DEFAULT '0',
  `track` varchar(40) COLLATE utf8_unicode_ci NOT NULL,
  `dateCreated` datetime NOT NULL,
  `dateUpdated` datetime NOT NULL,
  `uid` char(36) COLLATE utf8_unicode_ci NOT NULL DEFAULT '0',
  PRIMARY KEY (`id`)
) ENGINE=InnoDB AUTO_INCREMENT=2 DEFAULT CHARSET=utf8 COLLATE=utf8_unicode_ci;
/*!40101 SET character_set_client = @saved_cs_client */;

--
-- Dumping data for table `craft_info`
--

LOCK TABLES `craft_info` WRITE;
/*!40000 ALTER TABLE `craft_info` DISABLE KEYS */;
INSERT INTO `craft_info` VALUES (1,'2.3',2625,'2.3.1','2015-01-06 22:37:09',2,'The Gathering Place','http://tgp.d-i.co','UTC',1,0,'stable','2015-01-25 16:17:42','2015-04-07 00:33:06','45e20c88-e795-4f82-ad32-2a41d022f7df');
/*!40000 ALTER TABLE `craft_info` ENABLE KEYS */;
UNLOCK TABLES;

--
-- Table structure for table `craft_informal_forms`
--

DROP TABLE IF EXISTS `craft_informal_forms`;
/*!40101 SET @saved_cs_client     = @@character_set_client */;
/*!40101 SET character_set_client = utf8 */;
CREATE TABLE `craft_informal_forms` (
  `id` int(11) NOT NULL AUTO_INCREMENT,
  `handle` varchar(255) COLLATE utf8_unicode_ci NOT NULL,
  `name` varchar(255) COLLATE utf8_unicode_ci NOT NULL,
  `email_to` varchar(255) COLLATE utf8_unicode_ci NOT NULL,
  `subject` varchar(255) COLLATE utf8_unicode_ci NOT NULL,
  `plain_template_path` varchar(255) COLLATE utf8_unicode_ci DEFAULT NULL,
  `html_template_path` varchar(255) COLLATE utf8_unicode_ci DEFAULT NULL,
  `dateCreated` datetime NOT NULL,
  `dateUpdated` datetime NOT NULL,
  `uid` char(36) COLLATE utf8_unicode_ci NOT NULL DEFAULT '0',
  PRIMARY KEY (`id`),
  UNIQUE KEY `craft_informal_forms_handle_unq_idx` (`handle`)
) ENGINE=InnoDB AUTO_INCREMENT=2 DEFAULT CHARSET=utf8 COLLATE=utf8_unicode_ci;
/*!40101 SET character_set_client = @saved_cs_client */;

--
-- Dumping data for table `craft_informal_forms`
--

LOCK TABLES `craft_informal_forms` WRITE;
/*!40000 ALTER TABLE `craft_informal_forms` DISABLE KEYS */;
INSERT INTO `craft_informal_forms` VALUES (1,'generalInfoForm','General Info Form','julie@d-i.co','Testing Forms','','partials/email.html','2015-04-19 22:33:13','2015-04-19 22:33:13','f28d4b52-cc71-4136-a364-bc3d024114fa');
/*!40000 ALTER TABLE `craft_informal_forms` ENABLE KEYS */;
UNLOCK TABLES;

--
-- Table structure for table `craft_locales`
--

DROP TABLE IF EXISTS `craft_locales`;
/*!40101 SET @saved_cs_client     = @@character_set_client */;
/*!40101 SET character_set_client = utf8 */;
CREATE TABLE `craft_locales` (
  `locale` char(12) COLLATE utf8_unicode_ci NOT NULL,
  `sortOrder` tinyint(4) DEFAULT NULL,
  `dateCreated` datetime NOT NULL,
  `dateUpdated` datetime NOT NULL,
  `uid` char(36) COLLATE utf8_unicode_ci NOT NULL DEFAULT '0',
  PRIMARY KEY (`locale`),
  KEY `craft_locales_sortOrder_idx` (`sortOrder`)
) ENGINE=InnoDB DEFAULT CHARSET=utf8 COLLATE=utf8_unicode_ci;
/*!40101 SET character_set_client = @saved_cs_client */;

--
-- Dumping data for table `craft_locales`
--

LOCK TABLES `craft_locales` WRITE;
/*!40000 ALTER TABLE `craft_locales` DISABLE KEYS */;
INSERT INTO `craft_locales` VALUES ('en_us',1,'2015-01-25 16:17:43','2015-01-25 16:17:43','d2477640-6250-476d-8623-1d2ff5105d35');
/*!40000 ALTER TABLE `craft_locales` ENABLE KEYS */;
UNLOCK TABLES;

--
-- Table structure for table `craft_matrixblocks`
--

DROP TABLE IF EXISTS `craft_matrixblocks`;
/*!40101 SET @saved_cs_client     = @@character_set_client */;
/*!40101 SET character_set_client = utf8 */;
CREATE TABLE `craft_matrixblocks` (
  `id` int(11) NOT NULL,
  `ownerId` int(11) NOT NULL,
  `fieldId` int(11) NOT NULL,
  `typeId` int(11) DEFAULT NULL,
  `sortOrder` tinyint(4) DEFAULT NULL,
  `ownerLocale` char(12) COLLATE utf8_unicode_ci DEFAULT NULL,
  `dateCreated` datetime NOT NULL,
  `dateUpdated` datetime NOT NULL,
  `uid` char(36) COLLATE utf8_unicode_ci NOT NULL DEFAULT '0',
  PRIMARY KEY (`id`),
  KEY `craft_matrixblocks_ownerId_idx` (`ownerId`),
  KEY `craft_matrixblocks_fieldId_idx` (`fieldId`),
  KEY `craft_matrixblocks_typeId_idx` (`typeId`),
  KEY `craft_matrixblocks_sortOrder_idx` (`sortOrder`),
  KEY `craft_matrixblocks_ownerLocale_fk` (`ownerLocale`),
  CONSTRAINT `craft_matrixblocks_fieldId_fk` FOREIGN KEY (`fieldId`) REFERENCES `craft_fields` (`id`) ON DELETE CASCADE,
  CONSTRAINT `craft_matrixblocks_id_fk` FOREIGN KEY (`id`) REFERENCES `craft_elements` (`id`) ON DELETE CASCADE,
  CONSTRAINT `craft_matrixblocks_ownerId_fk` FOREIGN KEY (`ownerId`) REFERENCES `craft_elements` (`id`) ON DELETE CASCADE,
  CONSTRAINT `craft_matrixblocks_ownerLocale_fk` FOREIGN KEY (`ownerLocale`) REFERENCES `craft_locales` (`locale`) ON DELETE CASCADE ON UPDATE CASCADE,
  CONSTRAINT `craft_matrixblocks_typeId_fk` FOREIGN KEY (`typeId`) REFERENCES `craft_matrixblocktypes` (`id`) ON DELETE CASCADE
) ENGINE=InnoDB DEFAULT CHARSET=utf8 COLLATE=utf8_unicode_ci;
/*!40101 SET character_set_client = @saved_cs_client */;

--
-- Dumping data for table `craft_matrixblocks`
--

LOCK TABLES `craft_matrixblocks` WRITE;
/*!40000 ALTER TABLE `craft_matrixblocks` DISABLE KEYS */;
INSERT INTO `craft_matrixblocks` VALUES (36,35,67,28,1,NULL,'2015-02-18 23:00:54','2015-04-20 20:07:21','cfe436c6-2291-4a74-ae5c-9c5e933691c3'),(39,38,67,28,1,NULL,'2015-02-18 23:02:17','2015-04-16 23:45:35','5d064096-1965-417c-b4c2-36f55e6e8f8e'),(114,113,67,28,1,NULL,'2015-02-27 15:50:43','2015-04-06 20:23:36','543b5023-49f8-4013-972d-3ffbc266939e'),(133,132,67,28,1,NULL,'2015-03-04 21:35:32','2015-04-16 23:46:01','91cbb8b4-e1d9-48ad-a60c-8439a22dee99'),(149,148,158,57,1,NULL,'2015-03-05 20:15:03','2015-04-20 19:11:23','911de752-95f4-4594-907e-491b8bce6166'),(151,150,158,57,1,NULL,'2015-03-05 20:16:26','2015-04-20 19:11:32','1bb721c5-e7b5-4a8a-8f24-85702cfef0a0'),(161,76,202,61,1,NULL,'2015-03-10 16:38:25','2015-04-20 15:02:54','d51a8958-d6e5-44f2-b3e7-3019495decb8'),(170,98,212,62,1,NULL,'2015-03-10 18:52:38','2015-03-11 19:01:42','e084e363-728a-47fd-8829-1ad69b33dd46'),(171,98,212,62,2,NULL,'2015-03-10 18:52:38','2015-03-11 19:01:42','06983db4-0198-4e26-aa43-6e762a43903d'),(172,98,212,62,3,NULL,'2015-03-10 18:52:38','2015-03-11 19:01:42','e54c489a-30df-49e2-9b94-2811ed8ed260'),(173,100,201,64,1,NULL,'2015-03-10 18:53:39','2015-04-17 00:58:39','9f6c7adf-2116-46cd-a40b-add505a4a28f'),(174,103,201,64,1,NULL,'2015-03-10 19:17:32','2015-03-10 19:17:32','f00bb80c-0635-4c37-9953-60809faf2e37'),(175,104,201,64,1,NULL,'2015-03-10 19:18:07','2015-03-11 21:20:05','e0b1e91b-3057-45ea-b94f-fea56539a990'),(179,176,212,62,1,NULL,'2015-03-11 18:02:47','2015-03-11 18:02:47','f07b4736-7eea-4a4e-a6be-1b6707248bd0'),(180,176,212,62,2,NULL,'2015-03-11 18:02:47','2015-03-11 18:02:47','d909af9f-0dce-4e7a-acb5-08dc55cfbf26'),(181,176,212,62,3,NULL,'2015-03-11 18:02:47','2015-03-11 18:02:47','96baff49-1121-4a45-ac53-653c1bdadb0e'),(185,88,167,59,1,NULL,'2015-03-16 15:36:25','2015-05-26 13:54:17','4f072ebf-bc45-4ce1-8376-9986d470df9b'),(186,88,167,59,2,NULL,'2015-03-16 15:36:25','2015-05-26 13:54:17','674ae953-03a5-4b63-887f-35952b96d566'),(187,88,167,59,3,NULL,'2015-03-16 15:36:25','2015-05-26 13:54:17','a5b06881-c80c-431b-8c57-ba955902a1cf'),(188,88,167,59,4,NULL,'2015-03-16 15:36:25','2015-05-26 13:54:17','93d5100a-ab03-4432-b508-98c732b1ce8b'),(189,70,225,65,1,NULL,'2015-03-16 20:25:04','2015-05-03 21:06:41','b55f3381-58e7-4963-bf74-230547bc3b9a'),(190,70,225,65,2,NULL,'2015-03-16 20:26:55','2015-05-03 21:06:41','93929e4e-f20a-421f-ab5d-2fa2e7227f60'),(191,70,225,65,3,NULL,'2015-03-16 20:26:55','2015-05-03 21:06:41','e97142c0-976a-45c0-afde-26f08c09aa4a'),(192,70,225,65,4,NULL,'2015-03-16 20:26:55','2015-05-03 21:06:41','61974ee4-abcf-4ce8-81a5-3bc346a84e2c'),(203,184,216,63,1,NULL,'2015-03-20 13:41:38','2015-05-03 21:29:01','766f9286-becd-49a8-9242-cf417b6bcc02'),(204,184,216,63,2,NULL,'2015-03-20 13:41:38','2015-05-03 21:29:01','a4b84945-1b15-49e4-a172-e63e15eab239'),(218,217,158,57,1,NULL,'2015-03-25 18:25:58','2015-03-31 20:36:01','3e5c8a6a-1d53-4d99-8db3-2e727e3bd800'),(256,158,276,66,1,NULL,'2015-04-20 17:41:02','2015-04-20 17:41:28','b4744afe-9cfc-46ea-b8bb-7cff0eece87f'),(257,158,276,66,2,NULL,'2015-04-20 17:41:28','2015-04-20 17:41:28','33ca07b1-aec2-4862-9527-01c5ad4038de'),(258,248,276,66,1,NULL,'2015-04-20 17:42:38','2015-04-23 02:14:39','ed142628-940d-41e1-b2c8-17a5b29ef53d'),(259,248,276,66,2,NULL,'2015-04-20 17:42:38','2015-04-23 02:14:39','5e3af3ef-5527-4c1b-a259-eb36cc52a7cd'),(264,263,201,64,1,NULL,'2015-04-20 18:39:32','2015-04-20 18:39:32','846d54c3-fab1-40c8-9374-dd2e14d2eca1'),(269,268,276,66,1,NULL,'2015-04-26 21:59:56','2015-04-26 22:04:05','af266595-f75f-4427-9420-c6aa571ceb01'),(286,285,67,28,1,NULL,'2015-05-26 14:37:34','2015-05-29 21:10:37','43f6da26-cbe4-433f-8820-6ac5fc1cf877'),(291,290,276,66,1,NULL,'2015-05-26 16:11:04','2015-05-26 21:27:28','4fc51d46-394a-48d5-b84a-45c037802367');
/*!40000 ALTER TABLE `craft_matrixblocks` ENABLE KEYS */;
UNLOCK TABLES;

--
-- Table structure for table `craft_matrixblocktypes`
--

DROP TABLE IF EXISTS `craft_matrixblocktypes`;
/*!40101 SET @saved_cs_client     = @@character_set_client */;
/*!40101 SET character_set_client = utf8 */;
CREATE TABLE `craft_matrixblocktypes` (
  `id` int(11) NOT NULL AUTO_INCREMENT,
  `fieldId` int(11) NOT NULL,
  `fieldLayoutId` int(11) DEFAULT NULL,
  `name` varchar(255) COLLATE utf8_unicode_ci NOT NULL,
  `handle` varchar(255) COLLATE utf8_unicode_ci NOT NULL,
  `sortOrder` tinyint(4) DEFAULT NULL,
  `dateCreated` datetime NOT NULL,
  `dateUpdated` datetime NOT NULL,
  `uid` char(36) COLLATE utf8_unicode_ci NOT NULL DEFAULT '0',
  PRIMARY KEY (`id`),
  UNIQUE KEY `craft_matrixblocktypes_name_fieldId_unq_idx` (`name`,`fieldId`),
  UNIQUE KEY `craft_matrixblocktypes_handle_fieldId_unq_idx` (`handle`,`fieldId`),
  KEY `craft_matrixblocktypes_fieldId_fk` (`fieldId`),
  KEY `craft_matrixblocktypes_fieldLayoutId_fk` (`fieldLayoutId`),
  CONSTRAINT `craft_matrixblocktypes_fieldId_fk` FOREIGN KEY (`fieldId`) REFERENCES `craft_fields` (`id`) ON DELETE CASCADE,
  CONSTRAINT `craft_matrixblocktypes_fieldLayoutId_fk` FOREIGN KEY (`fieldLayoutId`) REFERENCES `craft_fieldlayouts` (`id`) ON DELETE SET NULL
) ENGINE=InnoDB AUTO_INCREMENT=68 DEFAULT CHARSET=utf8 COLLATE=utf8_unicode_ci;
/*!40101 SET character_set_client = @saved_cs_client */;

--
-- Dumping data for table `craft_matrixblocktypes`
--

LOCK TABLES `craft_matrixblocktypes` WRITE;
/*!40000 ALTER TABLE `craft_matrixblocktypes` DISABLE KEYS */;
INSERT INTO `craft_matrixblocktypes` VALUES (28,67,528,'Story Info','storyInfoBlock',1,'2015-02-18 22:24:38','2015-04-20 19:55:31','8c900f95-b2c4-412d-a08a-dded259e1661'),(42,107,466,'Location Details','locationDetails',1,'2015-02-19 20:07:51','2015-03-16 20:56:07','96e96dbd-43f5-4d6e-afaf-895473999fb8'),(45,117,435,'Full Member Info','memberInfo',1,'2015-02-19 20:19:11','2015-03-10 16:53:21','22fd2a2b-77c0-4da9-9460-54fa10af29cd'),(46,117,436,'Member Excerpt','memberExcerpt',2,'2015-02-19 20:19:11','2015-03-10 16:53:21','c81fa1b9-6f96-4d15-90f6-682a5f7d3988'),(50,136,437,'Board Member','boardMember',1,'2015-02-19 23:01:34','2015-03-10 16:53:55','97d84247-0f68-44a4-be83-107fc593121d'),(57,158,467,'Site Info','siteInfo',1,'2015-02-20 15:31:06','2015-03-16 20:56:21','22801afb-3a7a-439e-aaec-cd20774b1857'),(59,167,438,'Site Image','siteImage',1,'2015-02-20 15:35:37','2015-03-10 16:54:42','e19c03a0-b0ad-4a05-8afe-4365273d5754'),(60,158,468,'Site Related Entries','relatedImages',2,'2015-02-20 15:37:19','2015-03-16 20:56:21','59247b0f-58f6-4328-9a16-d46ca76a8420'),(61,202,465,'Form Info','formInfo',1,'2015-03-10 16:32:17','2015-03-16 20:55:49','a1df9623-97c9-4cc1-8ad0-bbaf9c97cde3'),(62,212,440,'Sub-Section block','subSectionBlock',1,'2015-03-10 17:07:14','2015-03-10 17:07:15','7f17d1f2-9195-4114-b6d0-4681c8199256'),(63,216,443,'Additional Links','additionalLinks',1,'2015-03-10 17:12:06','2015-03-10 17:12:06','76adf6aa-e698-44f1-b492-6c4bd77c5ab3'),(64,201,449,'External Link Details','externalLinkDetails',1,'2015-03-10 17:23:43','2015-03-10 17:23:43','67cb6e99-108b-4e10-a940-e5ab41e6aa2d'),(65,225,539,'Support Options','supportOptions',1,'2015-03-16 20:08:07','2015-05-03 20:31:26','834aba73-14aa-4845-9881-10f318eba5bd'),(66,276,523,'Contact Button','contactButton',1,'2015-04-20 17:34:37','2015-04-20 17:34:37','c12e692d-0ab7-490b-a48d-85f8d7100dff');
/*!40000 ALTER TABLE `craft_matrixblocktypes` ENABLE KEYS */;
UNLOCK TABLES;

--
-- Table structure for table `craft_matrixcontent_boardofdirectors`
--

DROP TABLE IF EXISTS `craft_matrixcontent_boardofdirectors`;
/*!40101 SET @saved_cs_client     = @@character_set_client */;
/*!40101 SET character_set_client = utf8 */;
CREATE TABLE `craft_matrixcontent_boardofdirectors` (
  `id` int(11) NOT NULL AUTO_INCREMENT,
  `elementId` int(11) NOT NULL,
  `locale` char(12) COLLATE utf8_unicode_ci NOT NULL,
  `field_boardMember_boardMemberName` text COLLATE utf8_unicode_ci,
  `field_boardMember_boardMemberTitle` text COLLATE utf8_unicode_ci,
  `dateCreated` datetime NOT NULL,
  `dateUpdated` datetime NOT NULL,
  `uid` char(36) COLLATE utf8_unicode_ci NOT NULL DEFAULT '0',
  PRIMARY KEY (`id`),
  UNIQUE KEY `craft_matrixcontent_boardofdirectors_elementId_locale_unq_idx` (`elementId`,`locale`),
  KEY `craft_matrixcontent_boardofdirectors_locale_fk` (`locale`),
  CONSTRAINT `craft_matrixcontent_boardofdirectors_elementId_fk` FOREIGN KEY (`elementId`) REFERENCES `craft_elements` (`id`) ON DELETE CASCADE,
  CONSTRAINT `craft_matrixcontent_boardofdirectors_locale_fk` FOREIGN KEY (`locale`) REFERENCES `craft_locales` (`locale`) ON DELETE CASCADE ON UPDATE CASCADE
) ENGINE=InnoDB DEFAULT CHARSET=utf8 COLLATE=utf8_unicode_ci;
/*!40101 SET character_set_client = @saved_cs_client */;

--
-- Dumping data for table `craft_matrixcontent_boardofdirectors`
--

LOCK TABLES `craft_matrixcontent_boardofdirectors` WRITE;
/*!40000 ALTER TABLE `craft_matrixcontent_boardofdirectors` DISABLE KEYS */;
/*!40000 ALTER TABLE `craft_matrixcontent_boardofdirectors` ENABLE KEYS */;
UNLOCK TABLES;

--
-- Table structure for table `craft_matrixcontent_contactforminfo`
--

DROP TABLE IF EXISTS `craft_matrixcontent_contactforminfo`;
/*!40101 SET @saved_cs_client     = @@character_set_client */;
/*!40101 SET character_set_client = utf8 */;
CREATE TABLE `craft_matrixcontent_contactforminfo` (
  `id` int(11) NOT NULL AUTO_INCREMENT,
  `elementId` int(11) NOT NULL,
  `locale` char(12) COLLATE utf8_unicode_ci NOT NULL,
  `field_formInfo_formHeader` text COLLATE utf8_unicode_ci,
  `field_formInfo_formOverview` text COLLATE utf8_unicode_ci,
  `dateCreated` datetime NOT NULL,
  `dateUpdated` datetime NOT NULL,
  `uid` char(36) COLLATE utf8_unicode_ci NOT NULL DEFAULT '0',
  PRIMARY KEY (`id`),
  UNIQUE KEY `craft_matrixcontent_contactforminfo_elementId_locale_unq_idx` (`elementId`,`locale`),
  KEY `craft_matrixcontent_contactforminfo_locale_fk` (`locale`),
  CONSTRAINT `craft_matrixcontent_contactforminfo_elementId_fk` FOREIGN KEY (`elementId`) REFERENCES `craft_elements` (`id`) ON DELETE CASCADE,
  CONSTRAINT `craft_matrixcontent_contactforminfo_locale_fk` FOREIGN KEY (`locale`) REFERENCES `craft_locales` (`locale`) ON DELETE CASCADE ON UPDATE CASCADE
) ENGINE=InnoDB AUTO_INCREMENT=2 DEFAULT CHARSET=utf8 COLLATE=utf8_unicode_ci;
/*!40101 SET character_set_client = @saved_cs_client */;

--
-- Dumping data for table `craft_matrixcontent_contactforminfo`
--

LOCK TABLES `craft_matrixcontent_contactforminfo` WRITE;
/*!40000 ALTER TABLE `craft_matrixcontent_contactforminfo` DISABLE KEYS */;
INSERT INTO `craft_matrixcontent_contactforminfo` VALUES (1,161,'en_us','Become a Volunteer','Lorem ipsum dolor sit amet, dicant sanctus ut quo, sententiae interesset duo an. Virtute nostrud persequeris no has, at mei choro appellantur reprehendunt. Omnes adolescens reprehendunt eu vel. Per tollit dictas civibus ut.','2015-03-10 16:38:25','2015-04-20 15:02:54','f532ebd0-9b20-46fb-8723-781fa47ffa05');
/*!40000 ALTER TABLE `craft_matrixcontent_contactforminfo` ENABLE KEYS */;
UNLOCK TABLES;

--
-- Table structure for table `craft_matrixcontent_externallink`
--

DROP TABLE IF EXISTS `craft_matrixcontent_externallink`;
/*!40101 SET @saved_cs_client     = @@character_set_client */;
/*!40101 SET character_set_client = utf8 */;
CREATE TABLE `craft_matrixcontent_externallink` (
  `id` int(11) NOT NULL AUTO_INCREMENT,
  `elementId` int(11) NOT NULL,
  `locale` char(12) COLLATE utf8_unicode_ci NOT NULL,
  `field_externalLinkDetails_linkName` text COLLATE utf8_unicode_ci,
  `field_externalLinkDetails_linkUrl` varchar(255) COLLATE utf8_unicode_ci DEFAULT NULL,
  `dateCreated` datetime NOT NULL,
  `dateUpdated` datetime NOT NULL,
  `uid` char(36) COLLATE utf8_unicode_ci NOT NULL DEFAULT '0',
  PRIMARY KEY (`id`),
  UNIQUE KEY `craft_matrixcontent_externallink_elementId_locale_unq_idx` (`elementId`,`locale`),
  KEY `craft_matrixcontent_externallink_locale_fk` (`locale`),
  CONSTRAINT `craft_matrixcontent_externallink_elementId_fk` FOREIGN KEY (`elementId`) REFERENCES `craft_elements` (`id`) ON DELETE CASCADE,
  CONSTRAINT `craft_matrixcontent_externallink_locale_fk` FOREIGN KEY (`locale`) REFERENCES `craft_locales` (`locale`) ON DELETE CASCADE ON UPDATE CASCADE
) ENGINE=InnoDB AUTO_INCREMENT=5 DEFAULT CHARSET=utf8 COLLATE=utf8_unicode_ci;
/*!40101 SET character_set_client = @saved_cs_client */;

--
-- Dumping data for table `craft_matrixcontent_externallink`
--

LOCK TABLES `craft_matrixcontent_externallink` WRITE;
/*!40000 ALTER TABLE `craft_matrixcontent_externallink` DISABLE KEYS */;
INSERT INTO `craft_matrixcontent_externallink` VALUES (1,173,'en_us','WebMD','http://www.webmd.com','2015-03-10 18:53:39','2015-04-17 00:58:39','93947021-c366-485e-9ae4-07ee1e59dc1e'),(2,174,'en_us','The Gathering Place','http://www.touchedbycancer.org','2015-03-10 19:17:32','2015-03-10 19:17:32','2340dc57-d046-4be3-a149-991b58331d88'),(3,175,'en_us','The Gathering Place','http://www.touchedbycancer.org','2015-03-10 19:18:07','2015-03-11 21:20:05','66fde0d9-5cb9-46fd-bd30-5101a7ae7da3'),(4,264,'en_us','Cleveland Clinic','http://my.clevelandclinic.org/','2015-04-20 18:39:32','2015-04-20 18:39:32','a84f7bc3-fec7-4072-a125-9c4ce2797b0c');
/*!40000 ALTER TABLE `craft_matrixcontent_externallink` ENABLE KEYS */;
UNLOCK TABLES;

--
-- Table structure for table `craft_matrixcontent_footerlinks`
--

DROP TABLE IF EXISTS `craft_matrixcontent_footerlinks`;
/*!40101 SET @saved_cs_client     = @@character_set_client */;
/*!40101 SET character_set_client = utf8 */;
CREATE TABLE `craft_matrixcontent_footerlinks` (
  `id` int(11) NOT NULL AUTO_INCREMENT,
  `elementId` int(11) NOT NULL,
  `locale` char(12) COLLATE utf8_unicode_ci NOT NULL,
  `field_additionalLinks_linkName` text COLLATE utf8_unicode_ci,
  `field_additionalLinks_linkURL` varchar(255) COLLATE utf8_unicode_ci DEFAULT NULL,
  `dateCreated` datetime NOT NULL,
  `dateUpdated` datetime NOT NULL,
  `uid` char(36) COLLATE utf8_unicode_ci NOT NULL DEFAULT '0',
  PRIMARY KEY (`id`),
  UNIQUE KEY `craft_matrixcontent_footerlinks_elementId_locale_unq_idx` (`elementId`,`locale`),
  KEY `craft_matrixcontent_footerlinks_locale_fk` (`locale`),
  CONSTRAINT `craft_matrixcontent_footerlinks_elementId_fk` FOREIGN KEY (`elementId`) REFERENCES `craft_elements` (`id`) ON DELETE CASCADE,
  CONSTRAINT `craft_matrixcontent_footerlinks_locale_fk` FOREIGN KEY (`locale`) REFERENCES `craft_locales` (`locale`) ON DELETE CASCADE ON UPDATE CASCADE
) ENGINE=InnoDB AUTO_INCREMENT=3 DEFAULT CHARSET=utf8 COLLATE=utf8_unicode_ci;
/*!40101 SET character_set_client = @saved_cs_client */;

--
-- Dumping data for table `craft_matrixcontent_footerlinks`
--

LOCK TABLES `craft_matrixcontent_footerlinks` WRITE;
/*!40000 ALTER TABLE `craft_matrixcontent_footerlinks` DISABLE KEYS */;
INSERT INTO `craft_matrixcontent_footerlinks` VALUES (1,203,'en_us','','','2015-03-20 13:41:38','2015-05-03 21:29:01','1ab1290a-2e4f-411a-a991-e2e0a834f502'),(2,204,'en_us','','','2015-03-20 13:41:38','2015-05-03 21:29:01','5d379a87-ef05-4f20-9d67-83d60a1352e8');
/*!40000 ALTER TABLE `craft_matrixcontent_footerlinks` ENABLE KEYS */;
UNLOCK TABLES;

--
-- Table structure for table `craft_matrixcontent_location`
--

DROP TABLE IF EXISTS `craft_matrixcontent_location`;
/*!40101 SET @saved_cs_client     = @@character_set_client */;
/*!40101 SET character_set_client = utf8 */;
CREATE TABLE `craft_matrixcontent_location` (
  `id` int(11) NOT NULL AUTO_INCREMENT,
  `elementId` int(11) NOT NULL,
  `locale` char(12) COLLATE utf8_unicode_ci NOT NULL,
  `field_locationDetails_locationName` text COLLATE utf8_unicode_ci,
  `field_locationDetails_streetAddress` text COLLATE utf8_unicode_ci,
  `field_locationDetails_city` text COLLATE utf8_unicode_ci,
  `field_locationDetails_state` varchar(255) COLLATE utf8_unicode_ci DEFAULT 'OH',
  `field_locationDetails_zipCode` mediumint(5) unsigned DEFAULT '0',
  `dateCreated` datetime NOT NULL,
  `dateUpdated` datetime NOT NULL,
  `uid` char(36) COLLATE utf8_unicode_ci NOT NULL DEFAULT '0',
  PRIMARY KEY (`id`),
  UNIQUE KEY `craft_matrixcontent_location_elementId_locale_unq_idx` (`elementId`,`locale`),
  KEY `craft_matrixcontent_location_locale_fk` (`locale`),
  CONSTRAINT `craft_matrixcontent_location_elementId_fk` FOREIGN KEY (`elementId`) REFERENCES `craft_elements` (`id`) ON DELETE CASCADE,
  CONSTRAINT `craft_matrixcontent_location_locale_fk` FOREIGN KEY (`locale`) REFERENCES `craft_locales` (`locale`) ON DELETE CASCADE ON UPDATE CASCADE
) ENGINE=InnoDB DEFAULT CHARSET=utf8 COLLATE=utf8_unicode_ci;
/*!40101 SET character_set_client = @saved_cs_client */;

--
-- Dumping data for table `craft_matrixcontent_location`
--

LOCK TABLES `craft_matrixcontent_location` WRITE;
/*!40000 ALTER TABLE `craft_matrixcontent_location` DISABLE KEYS */;
/*!40000 ALTER TABLE `craft_matrixcontent_location` ENABLE KEYS */;
UNLOCK TABLES;

--
-- Table structure for table `craft_matrixcontent_programcontactbutton`
--

DROP TABLE IF EXISTS `craft_matrixcontent_programcontactbutton`;
/*!40101 SET @saved_cs_client     = @@character_set_client */;
/*!40101 SET character_set_client = utf8 */;
CREATE TABLE `craft_matrixcontent_programcontactbutton` (
  `id` int(11) NOT NULL AUTO_INCREMENT,
  `elementId` int(11) NOT NULL,
  `locale` char(12) COLLATE utf8_unicode_ci NOT NULL,
  `field_contactButton_contactName` text COLLATE utf8_unicode_ci,
  `field_contactButton_contactEmailAddress` text COLLATE utf8_unicode_ci,
  `dateCreated` datetime NOT NULL,
  `dateUpdated` datetime NOT NULL,
  `uid` char(36) COLLATE utf8_unicode_ci NOT NULL DEFAULT '0',
  PRIMARY KEY (`id`),
  UNIQUE KEY `craft_matrixcontent_programcontactbutton_elementId_locale_unq_id` (`elementId`,`locale`),
  KEY `craft_matrixcontent_programcontactbutton_locale_fk` (`locale`),
  CONSTRAINT `craft_matrixcontent_programcontactbutton_elementId_fk` FOREIGN KEY (`elementId`) REFERENCES `craft_elements` (`id`) ON DELETE CASCADE,
  CONSTRAINT `craft_matrixcontent_programcontactbutton_locale_fk` FOREIGN KEY (`locale`) REFERENCES `craft_locales` (`locale`) ON DELETE CASCADE ON UPDATE CASCADE
) ENGINE=InnoDB AUTO_INCREMENT=7 DEFAULT CHARSET=utf8 COLLATE=utf8_unicode_ci;
/*!40101 SET character_set_client = @saved_cs_client */;

--
-- Dumping data for table `craft_matrixcontent_programcontactbutton`
--

LOCK TABLES `craft_matrixcontent_programcontactbutton` WRITE;
/*!40000 ALTER TABLE `craft_matrixcontent_programcontactbutton` DISABLE KEYS */;
INSERT INTO `craft_matrixcontent_programcontactbutton` VALUES (1,256,'en_us','Betsy Kohn - East','kohn@touchedbycancer.org','2015-04-20 17:41:02','2015-04-20 17:41:28','8764637c-ce8e-4376-9b2e-36ebd3b2a9c3'),(2,257,'en_us','Susan Marinac - West','marinac@touchecbycancer.org','2015-04-20 17:41:28','2015-04-20 17:41:28','f36091dc-af98-402e-bf8c-9b6f2fe1672d'),(3,258,'en_us','Susan Marinac - West','marinact@touchedbycancer.org','2015-04-20 17:42:38','2015-04-23 02:14:39','2efa0701-b1f3-436f-8fdb-6c83c4ff2acf'),(4,259,'en_us','Mary Fisher Bornstein - East','bornstein@touchedbycancer.org','2015-04-20 17:42:38','2015-04-23 02:14:39','da3da2cb-1c5d-4869-b45a-75e0bcba815f'),(5,269,'en_us','Mary Fisher Bornstein','bornstein@touchedbycancer.org','2015-04-26 21:59:56','2015-04-26 22:04:05','f80477da-ff83-4ddb-b3b8-b79168fd34a4'),(6,291,'en_us','Betsy Kohn','kohn@touchedbycancer.org','2015-05-26 16:11:04','2015-05-26 21:27:28','ac4b2d8f-a803-4e76-b67f-3247f8a591e5');
/*!40000 ALTER TABLE `craft_matrixcontent_programcontactbutton` ENABLE KEYS */;
UNLOCK TABLES;

--
-- Table structure for table `craft_matrixcontent_siteimages`
--

DROP TABLE IF EXISTS `craft_matrixcontent_siteimages`;
/*!40101 SET @saved_cs_client     = @@character_set_client */;
/*!40101 SET character_set_client = utf8 */;
CREATE TABLE `craft_matrixcontent_siteimages` (
  `id` int(11) NOT NULL AUTO_INCREMENT,
  `elementId` int(11) NOT NULL,
  `locale` char(12) COLLATE utf8_unicode_ci NOT NULL,
  `field_siteImage_siteImageCaption` text COLLATE utf8_unicode_ci,
  `dateCreated` datetime NOT NULL,
  `dateUpdated` datetime NOT NULL,
  `uid` char(36) COLLATE utf8_unicode_ci NOT NULL DEFAULT '0',
  PRIMARY KEY (`id`),
  UNIQUE KEY `craft_matrixcontent_siteimages_elementId_locale_unq_idx` (`elementId`,`locale`),
  KEY `craft_matrixcontent_siteimages_locale_fk` (`locale`),
  CONSTRAINT `craft_matrixcontent_siteimages_elementId_fk` FOREIGN KEY (`elementId`) REFERENCES `craft_elements` (`id`) ON DELETE CASCADE,
  CONSTRAINT `craft_matrixcontent_siteimages_locale_fk` FOREIGN KEY (`locale`) REFERENCES `craft_locales` (`locale`) ON DELETE CASCADE ON UPDATE CASCADE
) ENGINE=InnoDB AUTO_INCREMENT=5 DEFAULT CHARSET=utf8 COLLATE=utf8_unicode_ci;
/*!40101 SET character_set_client = @saved_cs_client */;

--
-- Dumping data for table `craft_matrixcontent_siteimages`
--

LOCK TABLES `craft_matrixcontent_siteimages` WRITE;
/*!40000 ALTER TABLE `craft_matrixcontent_siteimages` DISABLE KEYS */;
INSERT INTO `craft_matrixcontent_siteimages` VALUES (1,185,'en_us','Football Cat','2015-03-16 15:36:25','2015-05-26 13:54:17','d71fae28-7101-44e3-9699-7e60b123d06e'),(2,186,'en_us','Lighthouse','2015-03-16 15:36:25','2015-05-26 13:54:17','fe972a37-38a7-4865-9301-e7d456e59088'),(3,187,'en_us','Janis','2015-03-16 15:36:25','2015-05-26 13:54:17','736e0bf3-43ad-4746-8d83-d7a25c7f1069'),(4,188,'en_us','Walrus','2015-03-16 15:36:25','2015-05-26 13:54:17','d3c194ed-f376-42e3-acff-72100e67fcb6');
/*!40000 ALTER TABLE `craft_matrixcontent_siteimages` ENABLE KEYS */;
UNLOCK TABLES;

--
-- Table structure for table `craft_matrixcontent_siteinformation`
--

DROP TABLE IF EXISTS `craft_matrixcontent_siteinformation`;
/*!40101 SET @saved_cs_client     = @@character_set_client */;
/*!40101 SET character_set_client = utf8 */;
CREATE TABLE `craft_matrixcontent_siteinformation` (
  `id` int(11) NOT NULL AUTO_INCREMENT,
  `elementId` int(11) NOT NULL,
  `locale` char(12) COLLATE utf8_unicode_ci NOT NULL,
  `field_siteInfo_siteName` text COLLATE utf8_unicode_ci,
  `field_siteInfo_siteDescription` text COLLATE utf8_unicode_ci,
  `field_siteInfo_siteStreetAddress` text COLLATE utf8_unicode_ci,
  `field_siteInfo_siteCity` text COLLATE utf8_unicode_ci,
  `field_siteInfo_siteState` text COLLATE utf8_unicode_ci,
  `field_siteInfo_siteZip` text COLLATE utf8_unicode_ci,
  `field_siteImages_siteImageCaption` text COLLATE utf8_unicode_ci,
  `dateCreated` datetime NOT NULL,
  `dateUpdated` datetime NOT NULL,
  `uid` char(36) COLLATE utf8_unicode_ci NOT NULL DEFAULT '0',
  PRIMARY KEY (`id`),
  UNIQUE KEY `craft_matrixcontent_siteinformation_elementId_locale_unq_idx` (`elementId`,`locale`),
  KEY `craft_matrixcontent_siteinformation_locale_fk` (`locale`),
  CONSTRAINT `craft_matrixcontent_siteinformation_elementId_fk` FOREIGN KEY (`elementId`) REFERENCES `craft_elements` (`id`) ON DELETE CASCADE,
  CONSTRAINT `craft_matrixcontent_siteinformation_locale_fk` FOREIGN KEY (`locale`) REFERENCES `craft_locales` (`locale`) ON DELETE CASCADE ON UPDATE CASCADE
) ENGINE=InnoDB AUTO_INCREMENT=4 DEFAULT CHARSET=utf8 COLLATE=utf8_unicode_ci;
/*!40101 SET character_set_client = @saved_cs_client */;

--
-- Dumping data for table `craft_matrixcontent_siteinformation`
--

LOCK TABLES `craft_matrixcontent_siteinformation` WRITE;
/*!40000 ALTER TABLE `craft_matrixcontent_siteinformation` DISABLE KEYS */;
INSERT INTO `craft_matrixcontent_siteinformation` VALUES (1,149,'en_us','The Arnold & Sydell Miller Family Campus','','23300 Commerce Park','Beachwood','OH','44122',NULL,'2015-03-05 20:15:03','2015-04-20 19:11:23','bc33d774-57ab-4030-8c60-de5e900955df'),(2,151,'en_us','The Gathering Place - West','','800 Sharon Drive','Westlake','OH','44145',NULL,'2015-03-05 20:16:26','2015-04-20 19:11:32','d3fab939-4418-4f0b-ab11-96a4bd197b11'),(3,218,'en_us','Richman Family Wellness Center','','23295 Commerce Park','Beachwood','OH','44122',NULL,'2015-03-25 18:25:58','2015-03-31 20:36:01','1dcb3a76-bd0f-417d-85e8-b50fc9a6c335');
/*!40000 ALTER TABLE `craft_matrixcontent_siteinformation` ENABLE KEYS */;
UNLOCK TABLES;

--
-- Table structure for table `craft_matrixcontent_staffmember`
--

DROP TABLE IF EXISTS `craft_matrixcontent_staffmember`;
/*!40101 SET @saved_cs_client     = @@character_set_client */;
/*!40101 SET character_set_client = utf8 */;
CREATE TABLE `craft_matrixcontent_staffmember` (
  `id` int(11) NOT NULL AUTO_INCREMENT,
  `elementId` int(11) NOT NULL,
  `locale` char(12) COLLATE utf8_unicode_ci NOT NULL,
  `field_memberInfo_staffMemberName` text COLLATE utf8_unicode_ci,
  `field_memberInfo_fullBio` text COLLATE utf8_unicode_ci,
  `field_memberInfo_emailAddress` text COLLATE utf8_unicode_ci,
  `field_memberExcerpt_bioExcerpt` text COLLATE utf8_unicode_ci,
  `dateCreated` datetime NOT NULL,
  `dateUpdated` datetime NOT NULL,
  `uid` char(36) COLLATE utf8_unicode_ci NOT NULL DEFAULT '0',
  PRIMARY KEY (`id`),
  UNIQUE KEY `craft_matrixcontent_staffmember_elementId_locale_unq_idx` (`elementId`,`locale`),
  KEY `craft_matrixcontent_staffmember_locale_fk` (`locale`),
  CONSTRAINT `craft_matrixcontent_staffmember_elementId_fk` FOREIGN KEY (`elementId`) REFERENCES `craft_elements` (`id`) ON DELETE CASCADE,
  CONSTRAINT `craft_matrixcontent_staffmember_locale_fk` FOREIGN KEY (`locale`) REFERENCES `craft_locales` (`locale`) ON DELETE CASCADE ON UPDATE CASCADE
) ENGINE=InnoDB DEFAULT CHARSET=utf8 COLLATE=utf8_unicode_ci;
/*!40101 SET character_set_client = @saved_cs_client */;

--
-- Dumping data for table `craft_matrixcontent_staffmember`
--

LOCK TABLES `craft_matrixcontent_staffmember` WRITE;
/*!40000 ALTER TABLE `craft_matrixcontent_staffmember` DISABLE KEYS */;
/*!40000 ALTER TABLE `craft_matrixcontent_staffmember` ENABLE KEYS */;
UNLOCK TABLES;

--
-- Table structure for table `craft_matrixcontent_story`
--

DROP TABLE IF EXISTS `craft_matrixcontent_story`;
/*!40101 SET @saved_cs_client     = @@character_set_client */;
/*!40101 SET character_set_client = utf8 */;
CREATE TABLE `craft_matrixcontent_story` (
  `id` int(11) NOT NULL AUTO_INCREMENT,
  `elementId` int(11) NOT NULL,
  `locale` char(12) COLLATE utf8_unicode_ci NOT NULL,
  `field_storyInfoBlock_storySubtitle` varchar(50) COLLATE utf8_unicode_ci DEFAULT NULL,
  `field_storyInfoBlock_storyText` text COLLATE utf8_unicode_ci,
  `field_excerptBlock_storyExcerpt` text COLLATE utf8_unicode_ci,
  `dateCreated` datetime NOT NULL,
  `dateUpdated` datetime NOT NULL,
  `uid` char(36) COLLATE utf8_unicode_ci NOT NULL DEFAULT '0',
  PRIMARY KEY (`id`),
  UNIQUE KEY `craft_matrixcontent_story_elementId_locale_unq_idx` (`elementId`,`locale`),
  KEY `craft_matrixcontent_story_locale_fk` (`locale`),
  CONSTRAINT `craft_matrixcontent_story_elementId_fk` FOREIGN KEY (`elementId`) REFERENCES `craft_elements` (`id`) ON DELETE CASCADE,
  CONSTRAINT `craft_matrixcontent_story_locale_fk` FOREIGN KEY (`locale`) REFERENCES `craft_locales` (`locale`) ON DELETE CASCADE ON UPDATE CASCADE
) ENGINE=InnoDB AUTO_INCREMENT=9 DEFAULT CHARSET=utf8 COLLATE=utf8_unicode_ci;
/*!40101 SET character_set_client = @saved_cs_client */;

--
-- Dumping data for table `craft_matrixcontent_story`
--

LOCK TABLES `craft_matrixcontent_story` WRITE;
/*!40000 ALTER TABLE `craft_matrixcontent_story` DISABLE KEYS */;
INSERT INTO `craft_matrixcontent_story` VALUES (1,36,'en_us','The Gripping Tale of How I Tested Adding a Story','<p>\r\n	Lorem ipsum dolor sit amet, ius ex putent euripidis assentior, nec munere omnium accumsan eu, eam case aliquam nusquam ne. Eruditi corpora eu eum, ei mei malis scripserit. Porro quaestio efficiendi vis ad. Mel in audiam appellantur, ludus omittantur ut eam. No iusto consulatu mel, vel an wisi assum possim, accumsan invenire atomorum eum eu.\r\n</p><p>\r\n	Ne vidit vocibus referrentur ius, ne graeci electram vis. \r\n	<em>Augue fuisset ut cum. </em>Nibh meliore quo et. Ad nec sumo essent liberavisse, id eam modo scaevola. Has nostrud ullamcorper ea. Nec et purto lucilius. Ne nisl oportere eos, nec dicta phaedrum no.\r\n</p><p>\r\n	<strong>Te duo scripta apeirian atomorum</strong>, ad duo alii veniam tibique. Ne his oratio regione, ea duo ornatus sententiae repudiandae. Te vix mazim putant, reque voluptua sea ne. Graece delicata definitiones usu cu, in mei apeirian elaboraret. Alii dolores sed et, quas vocibus pri at.\r\n</p><p>\r\n	<img src=\"{asset:109:url}\" alt=\"\" style=\"float: right; margin: 0px 0px 10px 10px;\">\r\n</p><ul>\r\n	<li>An vis dictas timeam necessitatibus, est eu choro nullam laoreet.</li>\r\n	<li>Eos in elitr copiosae, tation dolores detracto id qui, eum inani denique te. </li>\r\n	<li>Id per porro graecis, quo repudiare iracundia interpretaris no.</li>\r\n	<li>An ridens facilisis nec, eos eu soluta persequeris repudiandae, sonet nihil doctus per cu. </li>\r\n	<li>Cu eos explicari pertinacia, cum te autem saepe.</li>\r\n</ul><p>\r\n	Clita omnesque per et. Pri vitae debitis voluptua et. Est nulla vidisse sanctus eu, veritus iracundia ius no. Usu posse definiebas an, quo odio rebum euismod id, eu commodo minimum partiendo cum. Mel etiam nusquam placerat id, in est modus liber vituperata. Eum postea conclusionemque at, vel iusto ludus facilisis ei.\r\n</p><p>\r\n	Qui tation nostrud an, ex pri amet pericula. Mazim postea deserunt vim ne, quo an dicant insolens deserunt. Ea ius modo natum eruditi, et est iudico suavitate suscipiantur, omnes convenire voluptatum in per. Ut nec suas diceret referrentur. Pro ex equidem propriae, ius recteque salutandi sadipscing in, id ipsum lucilius reprehendunt qui. Cu magna impedit menandri mea, has ex cetero nusquam, novum iriure legendos sea ut. Pri utamur iisque commune ut, vero hendrerit repudiandaeea per.\r\n</p><p>\r\n	Eu eum virtute quaeque accommodare. Ex homero nonumy nec, no idque quodsi sed, veri adhuc oblique mea no. Ullamcorper intellegebat conclusionemque in eos. Dicta dissentias ne sea. Mea primis dictas ei.\r\n</p>',NULL,'2015-02-18 23:00:54','2015-04-20 20:07:21','bc2c5c7b-c935-4ceb-99f9-d3d9c005cc1b'),(2,39,'en_us','Electric Boogaloo','<p>Lorem ipsum dolor sit amet, ius ex putent euripidis assentior, nec munere omnium accumsan eu, eam case aliquam nusquam ne. Eruditi corpora eu eum, ei mei malis scripserit. Porro quaestio efficiendi vis ad. Mel in audiam appellantur, ludus omittantur ut eam. No iusto consulatu mel, vel an wisi assum possim, accumsan invenire atomorum eum eu.</p><p>Ne vidit vocibus referrentur ius, ne graeci electram vis. <em>Augue fuisset ut cum. </em>Nibh meliore quo et. Ad nec sumo essent liberavisse, id eam modo scaevola. Has nostrud ullamcorper ea. Nec et purto lucilius. Ne nisl oportere eos, nec dicta phaedrum no.</p><p><strong>Te duo scripta apeirian atomorum</strong>, ad duo alii veniam tibique. Ne his oratio regione, ea duo ornatus sententiae repudiandae. Te vix mazim putant, reque voluptua sea ne. Graece delicata definitiones usu cu, in mei apeirian elaboraret. Alii dolores sed et, quas vocibus pri at.</p><ul><li>An vis dictas timeam necessitatibus, est eu choro nullam laoreet.</li><li>Eos in elitr copiosae, tation dolores detracto id qui, eum inani denique te.</li><li>Id per porro graecis, quo repudiare iracundia interpretaris no.</li><li>An ridens facilisis nec, eos eu soluta persequeris repudiandae, sonet nihil doctus per cu.</li><li>Cu eos explicari pertinacia, cum te autem saepe.</li></ul><p>Clita omnesque per et. Pri vitae debitis voluptua et. Est nulla vidisse sanctus eu, veritus iracundia ius no. Usu posse definiebas an, quo odio rebum euismod id, eu commodo minimum partiendo cum. Mel etiam nusquam placerat id, in est modus liber vituperata. Eum postea conclusionemque at, vel iusto ludus facilisis ei.</p><p>Qui tation nostrud an, ex pri amet pericula. Mazim postea deserunt vim ne, quo an dicant insolens deserunt. Ea ius modo natum eruditi, et est iudico suavitate suscipiantur, omnes convenire voluptatum in per. Ut nec suas diceret referrentur. Pro ex equidem propriae, ius recteque salutandi sadipscing in, id ipsum lucilius reprehendunt qui. Cu magna impedit menandri mea, has ex cetero nusquam, novum iriure legendos sea ut. Pri utamur iisque commune ut, vero hendrerit repudiandae ea per.</p><p>Eu eum virtute quaeque accommodare. Ex homero nonumy nec, no idque quodsi sed, veri adhuc oblique mea no. Ullamcorper intellegebat conclusionemque in eos. Dicta dissentias ne sea. Mea primis dictas ei.</p>',NULL,'2015-02-18 23:02:17','2015-04-16 23:45:35','df5cb86f-4391-4ac7-bce2-ff7dcd20bea7'),(5,114,'en_us','Emily Survives Cancer and Shaves for a Cure','<p>After trying everything to cure her cancer, Emily was given three months to live. Then something amazing happened  her cancer went away. Read Emily\'s survival story and learn why she shaves her head to raise money for childhood cancer research. </p><p>I was given three months to live. That was 17 years ago. </p><p>At the age of 11, I was diagnosed with late-stage osteosarcoma of the spine and ribs. As is typical with bone cancers, I had been having pain for a couple of months. But it wasn\'t until I injured my knee rollerskating and went completely paralyzed from the waist down that doctors found a grapefruit-sized tumor that had grown into four ribs, around my spine, and into my lungs. </p><p>They found it with a simple X-ray. </p><p><strong>My doctors gave me slim chances of either beating cancer or of regaining my ability walk.</strong> When given a choice of protocol, I decided to go with the big guns: chemotherapy, heavy radiation, a massive 24-hour surgery, and a randomized experimental therapeutic trial of a drug that was created by a veterinarian for use in animals. </p><p>In surgery, doctors took out four of my ribs, half of four vertebrae, the lower lobe of my left lung, put in two sets of titanium rods, fused my entire spine, did bone grafts, and implanted radiated seeds in a gortex mesh.</p><p><strong>The surgery was a success, taking only 18 hours instead of the projected 24 hours. And I came out of it without becoming paralyzed once more. Life was going well.</strong> I was still reacting positively to chemotherapy and radiation, and we knew I was receiving the experimental drug and not a placebo due to my response. I was gaining strength through physical therapy and had learned to walk again with assistance of a walker and crutches.</p><p>And then it came. The call. The call where you end up in a windowless room with all your doctors and nurses and social workers. <strong>It\'s bad when you relapse. It\'s worse when you relapse while still on chemo. </strong>I\'ll never forget that moment  how sad my parents were, the shock on my brother\'s face. I still had options, but now the aim was to buy time, not a cure. </p><p>Once again, I had a choice: more chemo or stop all treatments? I emphatically declined further treatments. I was at peace due to my personal faith and the faith I had in my doctors. I knew we had tried everything. I would take the three months they gave me and live. I would go to the top of Pike\'s Peak, see the Grand Canyon once more, celebrate my 21st birthday, go to prom, take one final vacation to Disney World, and spend my time with family and friends, watching as many sunrises and sunsets as I could along the way. Then a miracle happened. The metastasis in my lung went away during those three months, and I became cancer free. I choose to believe that a large part of my survival is due to the experimental treatment and having a team like the one I have. </p><p><strong>My miracle is the biggest reason I am such a supporter of the St. Baldrick\'s-Stand Up to Cancer Pediatric Cancer Dream Team partnership. Kids need cures for cancer that don\'t ruin their bodies.</strong> </p><p>This miracle is why I\'ve shaved my head three times, and why I will shave again next year: <strong>With every head shaved, and every donation made, we are one step closer to better cancer treatments and finding cures for children like me and for all our friends. </strong></p>',NULL,'2015-02-27 15:50:43','2015-04-06 20:23:36','517781dc-5bf7-4416-a2c5-f7573aa5e01c'),(7,133,'en_us','Story About Volunteering','<p>Has magna diceret ut. Ut cum menandri iracundia delicatissimi, eu sumo vitae neglegentur mel, ea mel mollis atomorum dignissim. His nominati persequeris appellantur id. Pri an causae verterem. Eius erant at pri, ea ius vero prima intellegat. Nec amet voluptaria disputando ei, te sed suas diceret, id torquatos deseruisse per.</p><p>At sit amet suscipit efficiantur. Pri ut possit invenire, mel natum iriure liberavisse ad. Prima dissentiet ex duo. Doctus vituperata an vim, ad apeirian consequuntur sea. Id vix probatus dissentiet.</p><p>Vis dolor habemus suavitate ea, vocibus accumsan definiebas sit in. Sonet partem aperiam nam et, at nulla nobis utinam sea. Eum ad dicam ridens, vis ut possit labores delectus, per erant regione periculis et. Pri mundi ocurreret eu, quo placerat tincidunt abhorreant an.</p><p>Prompta delenit percipit sit in. Id illum percipitur pri, ex quem tacimates pri, vim ea dictas recteque. Ex mel labores legimus forensibus, graece contentiones ut sit. Ludus ignota feugait ei usu, illum saperet constituto eos ex. Est quot error mnesarchum at, et blandit expetenda abhorreant mei. Qui et justo partiendo molestiae, nostro eligendi his id.</p><p>Eu vim purto rebum vitae, dictas tincidunt theophrastus ex vis, accusamus expetendis ei pro. Qui debet labores eu, sed ei commune consetetur. Mei ne mollis aperiam suavitate, pri melius latine voluptatibus ei, posse adversarium te qui. Graeci blandit est id, cum ex simul epicurei. Et assum libris patrioque his, quo diceret graecis perfecto ex.</p><p>In eam fierent volutpat urbanitas. Eum dolor accusata an, at nec graeci perpetua. Rebum denique ei mea, eu duo laudem moderatius reformidans. Ius et tation perpetua, mei illum sadipscing efficiantur ea. Pro ea erat alienum volutpat, ei sed modo unum probo, vis amet lorem an. Moderatius liberavisse ex eos, ne omnesque disputationi his.</p><p>Graecis iudicabit cu nam, his tibique epicuri pertinax in, eum nusquam vivendum tractatos et. Partiendo iudicabit mei no. Graeco consulatu id duo. Laudem corrumpit mel cu. No nulla debitis eos, qui labore cotidieque ex.</p>',NULL,'2015-03-04 21:35:32','2015-04-16 23:46:00','cb5a389a-cb8e-4964-b9fe-a99f45a965db'),(8,286,'en_us','','<p>For the last 10 years Kathy Johnson has held a fund-raiser at her shop Hudson Fine Art &amp; Framing through the month of October called \"In The Pink\". She invites local artists as well as participants from The Gathering Place and her staff to decorate and donate a small canvas. Her talented posse uses every conceivable medium to create a fantastical array of styles and images. Whether it is oil paint, watercolor, acrylic, collage, fiber or photography, the square canvasses run the gamut of realistic to abstract, whimsical to words.The seasoned professionals and enthusiastic contingent from The Gathering Place whip up amazing and imaginative creations. <img src=\"{asset:279:url}\"></p><p>Kathy says that with each subsequent year, the number of canvases submitted exceeds her expectations, so that the hardest thing for her is hanging them in straight rows for display! Each October, there is an evening reception at the beginning of the month, with wine poured by her husband/sommelier and delicious snacks. Party-goers that night get the first glimpse of the 50 to 75 works that they can bid on, but the display stays up for the entire month for everyone to get a chance to vote for their favorite. Conducted in the manner of a \'Chinese Auction\', anyone can buy raffle tickets and specify which piece they hope to win, depending on what strikes their fancy. </p><p>In 2014, there was a tie for the \"People\'s Choice \" award, with half of the votes going to five year old Robert McIsacc who painted a pastoral scene of a barn. While it may have been his loving family and friends who stuffed the ballot box, his winning was especially touching because he lost his mother to cancer soon after the show opened. Hudson is a small town where you never know whose life you will touch; Kathy\'s husband had coached Robert\'s sisters in softball. Kathy knows that pain of loss. Her friend Joy Wilson and five other friends all had breast cancer before they were 40. She wanted to find a way to give back and help others, and she is glad to have made The Gathering Place connection. Her event raises over $1,000 each year to support the free programs and services provided at The Gathering Place. </p>',NULL,'2015-05-26 14:37:34','2015-05-29 21:10:37','3d239ec2-e2e6-4d54-afcd-a215464c3935');
/*!40000 ALTER TABLE `craft_matrixcontent_story` ENABLE KEYS */;
UNLOCK TABLES;

--
-- Table structure for table `craft_matrixcontent_subsection`
--

DROP TABLE IF EXISTS `craft_matrixcontent_subsection`;
/*!40101 SET @saved_cs_client     = @@character_set_client */;
/*!40101 SET character_set_client = utf8 */;
CREATE TABLE `craft_matrixcontent_subsection` (
  `id` int(11) NOT NULL AUTO_INCREMENT,
  `elementId` int(11) NOT NULL,
  `locale` char(12) COLLATE utf8_unicode_ci NOT NULL,
  `field_subSectionBlock_subSectionHeader` text COLLATE utf8_unicode_ci,
  `field_subSectionBlock_subSectionContent` text COLLATE utf8_unicode_ci,
  `dateCreated` datetime NOT NULL,
  `dateUpdated` datetime NOT NULL,
  `uid` char(36) COLLATE utf8_unicode_ci NOT NULL DEFAULT '0',
  PRIMARY KEY (`id`),
  UNIQUE KEY `craft_matrixcontent_subsection_elementId_locale_unq_idx` (`elementId`,`locale`),
  KEY `craft_matrixcontent_subsection_locale_fk` (`locale`),
  CONSTRAINT `craft_matrixcontent_subsection_elementId_fk` FOREIGN KEY (`elementId`) REFERENCES `craft_elements` (`id`) ON DELETE CASCADE,
  CONSTRAINT `craft_matrixcontent_subsection_locale_fk` FOREIGN KEY (`locale`) REFERENCES `craft_locales` (`locale`) ON DELETE CASCADE ON UPDATE CASCADE
) ENGINE=InnoDB AUTO_INCREMENT=7 DEFAULT CHARSET=utf8 COLLATE=utf8_unicode_ci;
/*!40101 SET character_set_client = @saved_cs_client */;

--
-- Dumping data for table `craft_matrixcontent_subsection`
--

LOCK TABLES `craft_matrixcontent_subsection` WRITE;
/*!40000 ALTER TABLE `craft_matrixcontent_subsection` DISABLE KEYS */;
INSERT INTO `craft_matrixcontent_subsection` VALUES (1,170,'en_us','General Information','<ul><li><em>American Cancer Society </em></li><li><em>Cancer Facts</em></li><li><em>Cancer Source</em></li><li><em>Cancer 411</em></li><li><em>National Cancer Institute Fact Sheets </em></li><li><em>National Comprehensive Cancer Network </em></li></ul>','2015-03-10 18:52:38','2015-03-11 19:01:42','09b00614-c855-484f-ad15-dc02f0e13b0c'),(2,171,'en_us','Care Management','<ul><li>American Psychosocial Oncology Societywebsite for patients and caregivers, offering counseling referrals all\r\nover US, and toll free helpline 1.866.276.7443 </li><li>\r\n					Cancare</li><li>Chemotherapy Information from Chemocare</li><li>Manage Cancer from Christina\'s Garden</li><li>Treatment GuidelinesStandard care plans and guidelines for all types of cancers             </li></ul>','2015-03-10 18:52:38','2015-03-11 19:01:42','f5c0779c-971d-445f-9e85-df6b1d26aa50'),(3,172,'en_us','Reliable Medical Search Engines for Any Disease, Including Cancer','<ul><li><em>WebMD</em>Good consumer-friendly medical search engine.</li><li><em>Infotrac</em>You access this through Cleveland Public Library, using your own library card number. From the Cleveland Public Library homepage, choose \"Do Research\" from the left side menu. Then, in the blank search space, type Infotrac. When you click on the result, it will ask for your card number.</li><li><em>PubMed</em>Academic level abstracts from the National Library of Medicine\'s huge database of journal articles.</li></ul>','2015-03-10 18:52:38','2015-03-11 19:01:42','85e4cb40-c777-4207-ae09-6c76f33c3cf7'),(4,179,'en_us','General Information','<ul><li><em>American Cancer Society</em></li><li><em>Cancer Facts</em></li><li><em>Cancer Source</em></li><li><em>Cancer 411 </em></li><li><em>National Cancer Institute Fact Sheets\r\nNational Comprehensive Cancer Network    </em>         </li></ul>','2015-03-11 18:02:47','2015-03-11 18:02:47','70d17803-2943-4ae6-8b03-5808da4388ca'),(5,180,'en_us','Care Management','<ul><li><em>American Psychosocial Oncology Society</em>website for patients and caregivers, offering counseling referrals all\r\nover US, and toll free helpline 1.866.276.7443 </li><li>\r\n					<em>Cancare</em></li><li><em>Chemotherapy Information from Chemocare</em></li><li><em>Manage Cancer from Christina\'s Garden</em></li><li><em>Treatment GuidelinesStandard care plans and guidelines for all types of cancers</em></li></ul>','2015-03-11 18:02:47','2015-03-11 18:02:47','15d7d675-342e-497a-a122-2857e5ff7034'),(6,181,'en_us','Reliable Medical Search Engines for Any Disease, Including Cancer','<ul><li><em>WebMD</em>Good consumer-friendly medical search engine. </li><li>\r\n					<em>Infotrac</em>You access this through Cleveland Public Library, using your own library card number. From the\r\nCleveland Public Library homepage, choose \"Do Research\" from the left side menu. Then, in the blank search\r\nspace, type Infotrac. When you click on the result, it will ask for your card number. </li><li>\r\n					<em>PubMed</em>Academic level abstracts from the National Library of Medicine\'s huge database of journal articles.</li></ul>','2015-03-11 18:02:47','2015-03-11 18:02:47','3b5045b6-4026-4fe2-8bfc-ded70f07a354');
/*!40000 ALTER TABLE `craft_matrixcontent_subsection` ENABLE KEYS */;
UNLOCK TABLES;

--
-- Table structure for table `craft_matrixcontent_supportblocks`
--

DROP TABLE IF EXISTS `craft_matrixcontent_supportblocks`;
/*!40101 SET @saved_cs_client     = @@character_set_client */;
/*!40101 SET character_set_client = utf8 */;
CREATE TABLE `craft_matrixcontent_supportblocks` (
  `id` int(11) NOT NULL AUTO_INCREMENT,
  `elementId` int(11) NOT NULL,
  `locale` char(12) COLLATE utf8_unicode_ci NOT NULL,
  `field_supportOptions_supportBlockHeading` text COLLATE utf8_unicode_ci,
  `field_supportOptions_supportBlockOverview` text COLLATE utf8_unicode_ci,
  `field_supportOptions_supportBlockMoreLink` varchar(255) COLLATE utf8_unicode_ci DEFAULT NULL,
  `field_supportOptions_supportBlockMoreLinkText` text COLLATE utf8_unicode_ci,
  `dateCreated` datetime NOT NULL,
  `dateUpdated` datetime NOT NULL,
  `uid` char(36) COLLATE utf8_unicode_ci NOT NULL DEFAULT '0',
  PRIMARY KEY (`id`),
  UNIQUE KEY `craft_matrixcontent_supportblocks_elementId_locale_unq_idx` (`elementId`,`locale`),
  KEY `craft_matrixcontent_supportblocks_locale_fk` (`locale`),
  CONSTRAINT `craft_matrixcontent_supportblocks_elementId_fk` FOREIGN KEY (`elementId`) REFERENCES `craft_elements` (`id`) ON DELETE CASCADE,
  CONSTRAINT `craft_matrixcontent_supportblocks_locale_fk` FOREIGN KEY (`locale`) REFERENCES `craft_locales` (`locale`) ON DELETE CASCADE ON UPDATE CASCADE
) ENGINE=InnoDB AUTO_INCREMENT=5 DEFAULT CHARSET=utf8 COLLATE=utf8_unicode_ci;
/*!40101 SET character_set_client = @saved_cs_client */;

--
-- Dumping data for table `craft_matrixcontent_supportblocks`
--

LOCK TABLES `craft_matrixcontent_supportblocks` WRITE;
/*!40000 ALTER TABLE `craft_matrixcontent_supportblocks` DISABLE KEYS */;
INSERT INTO `craft_matrixcontent_supportblocks` VALUES (1,189,'en_us','Upcoming Events','<p>Vivamus sagittis lacus vel augue laoreet rutrum faucibus dolor auctor. Nulla vitae elit libero, a pharetra augue. Nullam quis risus eget urna mollis ornare vel eu leo. Etiam porta sem malesuada magna mollis euismod. Fusce dapibus, tellus ac cursus commodo, tortor mauris condimentum nibh, ut fermentum massa justo sit amet risus. Donec ullamcorper nulla non metus auctor fringilla. </p><p>Cras mattis consectetur purus sit amet fermentum. Cum sociis natoque penatibus et magnis dis parturient montes, nascetur ridiculus mus. Nulla vitae elit libero, a pharetra augue. Aenean lacinia bibendum nulla sed consectetur.</p>','http://www.flickr.com/photos/thegatheringplaceoh/sets/72157638738695283/','See Images','2015-03-16 20:25:04','2015-05-03 21:06:41','d4dd86b3-310a-4f5a-99b4-728165689409'),(2,190,'en_us','Community Fundraisers','<p>Donec id elit non mi porta gravida at eget metus. Vivamus sagittis lacus vel augue laoreet rutrum faucibus dolor auctor. Maecenas faucibus mollis interdum. Donec id elit non mi porta gravida at eget metus.</p><p>Nulla vitae elit libero, a pharetra augue. Lorem ipsum dolor sit amet, consectetur adipiscing elit. Curabitur blandit tempus porttitor. Nulla vitae elit libero, a pharetra augue. Fusce dapibus, tellus ac cursus commodo, tortor mauris condimentum nibh, ut fermentum massa justo sit amet risus. Etiam porta sem malesuada magna mollis euismod. Curabitur blandit tempus porttitor. </p>','http://www.flickr.com/photos/thegatheringplaceoh/sets/72157638738695283/','See Images','2015-03-16 20:26:55','2015-05-03 21:06:41','190de00a-d42d-4f70-a256-e566a1563f50'),(3,191,'en_us','Tributes to Loved Ones','<p>Donec id elit non mi porta gravida at eget metus. Vivamus sagittis lacus vel augue laoreet rutrum faucibus dolor auctor. Maecenas faucibus mollis interdum. Donec id elit non mi porta gravida at eget metus.</p><p>Nulla vitae elit libero, a pharetra augue. Lorem ipsum dolor sit amet, consectetur adipiscing elit. Curabitur blandit tempus porttitor. Nulla vitae elit libero, a pharetra augue. Fusce dapibus, tellus ac cursus commodo, tortor mauris condimentum nibh, ut fermentum massa justo sit amet risus. Etiam porta sem malesuada magna mollis euismod. Curabitur blandit tempus porttitor. </p>','http://www.flickr.com/photos/thegatheringplaceoh/sets/72157638738695283/','See Images','2015-03-16 20:26:55','2015-05-03 21:06:41','83659b09-704b-49b1-9ff8-a2fa8484d191'),(4,192,'en_us','Other Ways to Support','<p>Vivamus sagittis lacus vel augue laoreet rutrum faucibus dolor auctor. Nulla vitae elit libero, a pharetra augue. Nullam quis risus eget urna mollis ornare vel eu leo. Etiam porta sem malesuada magna mollis euismod. Fusce dapibus, tellus ac cursus commodo, tortor mauris condimentum nibh, ut fermentum massa justo sit amet risus. Donec ullamcorper nulla non metus auctor fringilla.</p><p>Cras mattis consectetur purus sit amet fermentum. Cum sociis natoque penatibus et magnis dis parturient montes, nascetur ridiculus mus. Nulla vitae elit libero, a pharetra augue. Aenean lacinia bibendum nulla sed consectetur. </p>','http://www.flickr.com/photos/thegatheringplaceoh/sets/72157638738695283/','See Images','2015-03-16 20:26:55','2015-05-03 21:06:41','7b076b6a-e073-4e2a-bb12-ede1e8524b5b');
/*!40000 ALTER TABLE `craft_matrixcontent_supportblocks` ENABLE KEYS */;
UNLOCK TABLES;

--
-- Table structure for table `craft_migrations`
--

DROP TABLE IF EXISTS `craft_migrations`;
/*!40101 SET @saved_cs_client     = @@character_set_client */;
/*!40101 SET character_set_client = utf8 */;
CREATE TABLE `craft_migrations` (
  `id` int(11) NOT NULL AUTO_INCREMENT,
  `pluginId` int(11) DEFAULT NULL,
  `version` varchar(255) COLLATE utf8_unicode_ci NOT NULL,
  `applyTime` datetime NOT NULL,
  `dateCreated` datetime NOT NULL,
  `dateUpdated` datetime NOT NULL,
  `uid` char(36) COLLATE utf8_unicode_ci NOT NULL DEFAULT '0',
  PRIMARY KEY (`id`),
  UNIQUE KEY `craft_migrations_version_unq_idx` (`version`),
  KEY `craft_migrations_pluginId_fk` (`pluginId`),
  CONSTRAINT `craft_migrations_pluginId_fk` FOREIGN KEY (`pluginId`) REFERENCES `craft_plugins` (`id`) ON DELETE CASCADE
) ENGINE=InnoDB AUTO_INCREMENT=15 DEFAULT CHARSET=utf8 COLLATE=utf8_unicode_ci;
/*!40101 SET character_set_client = @saved_cs_client */;

--
-- Dumping data for table `craft_migrations`
--

LOCK TABLES `craft_migrations` WRITE;
/*!40000 ALTER TABLE `craft_migrations` DISABLE KEYS */;
INSERT INTO `craft_migrations` VALUES (1,NULL,'m000000_000000_base','2015-01-25 16:17:42','2015-01-25 16:17:42','2015-01-25 16:17:42','413d36ca-f91b-4629-af64-e7285726838b'),(2,NULL,'m140730_000001_add_filename_and_format_to_transformindex','2015-01-25 16:17:42','2015-01-25 16:17:42','2015-01-25 16:17:42','d6409c1b-5f22-4302-962d-4d4d1727d62e'),(3,NULL,'m140815_000001_add_format_to_transforms','2015-01-25 16:17:42','2015-01-25 16:17:43','2015-01-25 16:17:43','8f6cdc7d-01e6-4ed7-8201-21f3458f2178'),(4,NULL,'m140822_000001_allow_more_than_128_items_per_field','2015-01-25 16:17:42','2015-01-25 16:17:43','2015-01-25 16:17:43','01a4735d-aa7a-4b2a-b443-fc8770078d77'),(5,NULL,'m140829_000001_single_title_formats','2015-01-25 16:17:42','2015-01-25 16:17:43','2015-01-25 16:17:43','7f7daa8f-3334-4529-9428-0d38b1c288e6'),(6,NULL,'m140831_000001_extended_cache_keys','2015-01-25 16:17:42','2015-01-25 16:17:43','2015-01-25 16:17:43','ccb16e0f-5634-4d0e-b80f-b22658a05b27'),(7,NULL,'m140922_000001_delete_orphaned_matrix_blocks','2015-01-25 16:17:42','2015-01-25 16:17:43','2015-01-25 16:17:43','81ee3172-b79c-4d84-b4a0-f376bee2191f'),(8,NULL,'m141008_000001_elements_index_tune','2015-01-25 16:17:42','2015-01-25 16:17:43','2015-01-25 16:17:43','b9c1d8eb-635d-426e-829e-98bd9e5bbc41'),(9,NULL,'m141009_000001_assets_source_handle','2015-01-25 16:17:42','2015-01-25 16:17:43','2015-01-25 16:17:43','d5cdaaca-6416-40ce-a6f8-4b04e36cb370'),(10,NULL,'m141024_000001_field_layout_tabs','2015-01-25 16:17:42','2015-01-25 16:17:43','2015-01-25 16:17:43','8fc9c534-30c1-4d35-82c6-0730dbc39d33'),(11,NULL,'m141030_000001_drop_structure_move_permission','2015-01-25 16:17:42','2015-01-25 16:17:43','2015-01-25 16:17:43','94a487ac-fae1-47ff-bd0c-651b4dcbaade'),(12,NULL,'m141103_000001_tag_titles','2015-01-25 16:17:42','2015-01-25 16:17:43','2015-01-25 16:17:43','8fc87e7c-48c5-41fc-a0ba-941967a87ba7'),(13,NULL,'m141109_000001_user_status_shuffle','2015-01-25 16:17:42','2015-01-25 16:17:43','2015-01-25 16:17:43','3779d525-6c7f-4681-b6c8-d4feb0f36901'),(14,NULL,'m141126_000001_user_week_start_day','2015-01-25 16:17:42','2015-01-25 16:17:43','2015-01-25 16:17:43','0e79f2ae-b9d7-4eea-a9cd-a5c65e389378');
/*!40000 ALTER TABLE `craft_migrations` ENABLE KEYS */;
UNLOCK TABLES;

--
-- Table structure for table `craft_plugins`
--

DROP TABLE IF EXISTS `craft_plugins`;
/*!40101 SET @saved_cs_client     = @@character_set_client */;
/*!40101 SET character_set_client = utf8 */;
CREATE TABLE `craft_plugins` (
  `id` int(11) NOT NULL AUTO_INCREMENT,
  `class` varchar(150) COLLATE utf8_unicode_ci NOT NULL,
  `version` char(15) COLLATE utf8_unicode_ci NOT NULL,
  `enabled` tinyint(1) unsigned NOT NULL DEFAULT '0',
  `settings` text COLLATE utf8_unicode_ci,
  `installDate` datetime NOT NULL,
  `dateCreated` datetime NOT NULL,
  `dateUpdated` datetime NOT NULL,
  `uid` char(36) COLLATE utf8_unicode_ci NOT NULL DEFAULT '0',
  PRIMARY KEY (`id`)
) ENGINE=InnoDB AUTO_INCREMENT=16 DEFAULT CHARSET=utf8 COLLATE=utf8_unicode_ci;
/*!40101 SET character_set_client = @saved_cs_client */;

--
-- Dumping data for table `craft_plugins`
--

LOCK TABLES `craft_plugins` WRITE;
/*!40000 ALTER TABLE `craft_plugins` DISABLE KEYS */;
INSERT INTO `craft_plugins` VALUES (1,'Calendars','0.6.4',1,NULL,'2015-01-28 17:03:43','2015-01-28 17:03:43','2015-01-28 17:03:43','ec292584-e4ee-4681-9ee0-c562aa697447'),(2,'VzUrl','1.0',1,NULL,'2015-02-24 20:30:21','2015-02-24 20:30:21','2015-02-24 20:30:21','f1efa805-c9df-4a2d-a8f2-1854737e1c62'),(3,'CategorySources','1.0',1,'{\"categoryGroups\":[]}','2015-02-24 20:58:35','2015-02-24 20:58:35','2015-03-27 18:54:51','0112a187-e025-44fd-a11c-eb577e562e08'),(4,'Hacksaw','1.0',1,NULL,'2015-02-25 18:06:53','2015-02-25 18:06:53','2015-02-25 18:06:53','5cc0682b-3aac-478f-8e2c-865db67b0b45'),(6,'ContactForm','1.4',1,'{\"toEmail\":\"julie@d-i.co\",\"prependSender\":\"On behalf of\",\"prependSubject\":\"I Want to Become a Volunteer\",\"allowAttachments\":\"\",\"honeypotField\":\"verySneakySis\"}','2015-03-04 19:39:12','2015-03-04 19:39:12','2015-04-20 17:22:59','639df9c7-fcc8-44ba-baa7-50d38629e2a9'),(8,'ObsoleteRedirect','0.1.0',1,NULL,'2015-03-30 14:31:21','2015-03-30 14:31:21','2015-03-30 14:31:21','81681325-2f5e-45ad-8dd5-af54cbbecd18'),(9,'Patrol','1.0.1',1,'{\"maintenanceMode\":false,\"maintenanceUrl\":\"\",\"authorizedIps\":[],\"forceSsl\":false,\"restrictedAreas\":[\"\\/donate\"],\"enableCpTab\":false,\"pluginAlias\":\"Patrol\"}','2015-04-07 00:19:19','2015-04-07 00:19:19','2015-04-07 00:29:13','edfcd034-8c2e-4fa9-a24b-5baa685d64d2'),(12,'Informal','1.1.0',0,NULL,'2015-04-17 18:54:29','2015-04-17 18:54:29','2015-04-19 22:37:19','1a306e93-d73a-442d-8b16-9128508f075b'),(15,'VideoEmbedUtility','1.0.0',1,NULL,'2015-04-20 19:47:57','2015-04-20 19:47:57','2015-04-20 19:47:57','7d0dca1f-e6ac-4dbc-8875-e3e09d48023d');
/*!40000 ALTER TABLE `craft_plugins` ENABLE KEYS */;
UNLOCK TABLES;

--
-- Table structure for table `craft_rackspaceaccess`
--

DROP TABLE IF EXISTS `craft_rackspaceaccess`;
/*!40101 SET @saved_cs_client     = @@character_set_client */;
/*!40101 SET character_set_client = utf8 */;
CREATE TABLE `craft_rackspaceaccess` (
  `id` int(11) NOT NULL AUTO_INCREMENT,
  `connectionKey` varchar(255) COLLATE utf8_unicode_ci NOT NULL,
  `token` varchar(255) COLLATE utf8_unicode_ci NOT NULL,
  `storageUrl` varchar(255) COLLATE utf8_unicode_ci NOT NULL,
  `cdnUrl` varchar(255) COLLATE utf8_unicode_ci NOT NULL,
  `dateCreated` datetime NOT NULL,
  `dateUpdated` datetime NOT NULL,
  `uid` char(36) COLLATE utf8_unicode_ci NOT NULL DEFAULT '0',
  PRIMARY KEY (`id`),
  UNIQUE KEY `craft_rackspaceaccess_connectionKey_unq_idx` (`connectionKey`)
) ENGINE=InnoDB DEFAULT CHARSET=utf8 COLLATE=utf8_unicode_ci;
/*!40101 SET character_set_client = @saved_cs_client */;

--
-- Dumping data for table `craft_rackspaceaccess`
--

LOCK TABLES `craft_rackspaceaccess` WRITE;
/*!40000 ALTER TABLE `craft_rackspaceaccess` DISABLE KEYS */;
/*!40000 ALTER TABLE `craft_rackspaceaccess` ENABLE KEYS */;
UNLOCK TABLES;

--
-- Table structure for table `craft_relations`
--

DROP TABLE IF EXISTS `craft_relations`;
/*!40101 SET @saved_cs_client     = @@character_set_client */;
/*!40101 SET character_set_client = utf8 */;
CREATE TABLE `craft_relations` (
  `id` int(11) NOT NULL AUTO_INCREMENT,
  `fieldId` int(11) NOT NULL,
  `sourceId` int(11) NOT NULL,
  `sourceLocale` char(12) COLLATE utf8_unicode_ci DEFAULT NULL,
  `targetId` int(11) NOT NULL,
  `sortOrder` smallint(6) DEFAULT NULL,
  `dateCreated` datetime NOT NULL,
  `dateUpdated` datetime NOT NULL,
  `uid` char(36) COLLATE utf8_unicode_ci NOT NULL DEFAULT '0',
  PRIMARY KEY (`id`),
  UNIQUE KEY `craft_relations_fieldId_sourceId_sourceLocale_targetId_unq_idx` (`fieldId`,`sourceId`,`sourceLocale`,`targetId`),
  KEY `craft_relations_sourceId_fk` (`sourceId`),
  KEY `craft_relations_sourceLocale_fk` (`sourceLocale`),
  KEY `craft_relations_targetId_fk` (`targetId`),
  CONSTRAINT `craft_relations_fieldId_fk` FOREIGN KEY (`fieldId`) REFERENCES `craft_fields` (`id`) ON DELETE CASCADE,
  CONSTRAINT `craft_relations_sourceId_fk` FOREIGN KEY (`sourceId`) REFERENCES `craft_elements` (`id`) ON DELETE CASCADE,
  CONSTRAINT `craft_relations_sourceLocale_fk` FOREIGN KEY (`sourceLocale`) REFERENCES `craft_locales` (`locale`) ON DELETE CASCADE ON UPDATE CASCADE,
  CONSTRAINT `craft_relations_targetId_fk` FOREIGN KEY (`targetId`) REFERENCES `craft_elements` (`id`) ON DELETE CASCADE
) ENGINE=InnoDB AUTO_INCREMENT=1072 DEFAULT CHARSET=utf8 COLLATE=utf8_unicode_ci;
/*!40101 SET character_set_client = @saved_cs_client */;

--
-- Dumping data for table `craft_relations`
--

LOCK TABLES `craft_relations` WRITE;
/*!40000 ALTER TABLE `craft_relations` DISABLE KEYS */;
INSERT INTO `craft_relations` VALUES (212,174,103,NULL,83,1,'2015-03-10 19:17:32','2015-03-10 19:17:32','12f8f28e-fefe-44c8-af87-647c0b98ec7e'),(213,222,103,NULL,164,1,'2015-03-10 19:17:32','2015-03-10 19:17:32','71aa263f-86d4-4105-8768-749c02f30852'),(216,174,176,NULL,82,1,'2015-03-11 18:02:47','2015-03-11 18:02:47','775cb5e2-9595-4bbe-9824-7b753344afb6'),(217,222,176,NULL,166,1,'2015-03-11 18:02:47','2015-03-11 18:02:47','7b9784be-4eb5-4483-b002-8f7355101e81'),(226,144,98,NULL,100,1,'2015-03-11 19:01:42','2015-03-11 19:01:42','27117ddf-2968-4098-9750-085ea6b57f37'),(227,144,98,NULL,101,2,'2015-03-11 19:01:42','2015-03-11 19:01:42','fda46c56-9d7a-4b37-a3a0-fe2929bd3e1d'),(228,144,98,NULL,102,3,'2015-03-11 19:01:42','2015-03-11 19:01:42','16f4bcf9-7c92-4bfd-8cc2-201a026f30b6'),(229,144,98,NULL,103,4,'2015-03-11 19:01:42','2015-03-11 19:01:42','4d774cda-d1c9-4f04-8120-29d99d9af20c'),(230,144,98,NULL,104,5,'2015-03-11 19:01:42','2015-03-11 19:01:42','d8b586f8-209f-409f-a422-91c701877fc4'),(231,175,98,NULL,93,1,'2015-03-11 19:01:42','2015-03-11 19:01:42','65e330bf-8263-4b27-a9e6-d03e014c4c94'),(232,175,98,NULL,156,2,'2015-03-11 19:01:42','2015-03-11 19:01:42','baa80ce3-3d92-48b3-a27b-a3f5bccecc42'),(233,176,98,NULL,116,1,'2015-03-11 19:01:42','2015-03-11 19:01:42','e8767656-5a8b-4641-b02e-8ec3cb5b1228'),(234,87,98,NULL,113,1,'2015-03-11 19:01:42','2015-03-11 19:01:42','21a91d33-7988-4387-88dc-667303540095'),(235,174,98,NULL,82,1,'2015-03-11 19:01:42','2015-03-11 19:01:42','41af0582-3998-4e7b-a348-1699614ca539'),(236,222,98,NULL,166,1,'2015-03-11 19:01:43','2015-03-11 19:01:43','2bdbf2f1-bbc3-400f-9dd9-63cac6003999'),(257,174,102,NULL,118,1,'2015-03-11 21:19:35','2015-03-11 21:19:35','266b9512-c85b-447a-87bb-51100ddb82b7'),(258,222,102,NULL,163,1,'2015-03-11 21:19:35','2015-03-11 21:19:35','18efb1f7-f554-49cb-93b3-c97d82fb3355'),(261,174,104,NULL,117,1,'2015-03-11 21:20:05','2015-03-11 21:20:05','b4bfd866-19cb-486e-b4bc-8738a6ed77f6'),(262,222,104,NULL,165,1,'2015-03-11 21:20:05','2015-03-11 21:20:05','1275dbfd-0772-4ab1-8d51-628a86bbcdc5'),(303,145,101,NULL,182,1,'2015-03-17 14:28:41','2015-03-17 14:28:41','980ec9ef-667e-4b2f-91cf-89195da9ce78'),(304,174,101,NULL,82,1,'2015-03-17 14:28:41','2015-03-17 14:28:41','68def00e-fd1c-4eac-8f20-7890dbe65001'),(305,174,101,NULL,83,2,'2015-03-17 14:28:41','2015-03-17 14:28:41','8574fee7-2301-479b-97a5-196dbd434fa8'),(306,222,101,NULL,183,1,'2015-03-17 14:28:41','2015-03-17 14:28:41','56e68541-d161-4d9b-b2e3-6d20368ae730'),(343,195,41,NULL,110,1,'2015-03-18 17:06:11','2015-03-18 17:06:11','c10e213e-3c66-4aec-8b5a-6e1c174a221e'),(350,236,206,NULL,205,1,'2015-03-20 21:19:53','2015-03-20 21:19:53','776d50c9-3331-4f87-b6c7-46bff1bcf398'),(355,176,156,NULL,158,1,'2015-03-26 15:16:04','2015-03-26 15:16:04','edc34232-a343-4dd5-991a-5851d85f8cff'),(356,199,156,NULL,216,1,'2015-03-26 15:16:04','2015-03-26 15:16:04','468cc2db-91f9-41b3-bbbd-432ed9fb4c59'),(357,174,156,NULL,82,1,'2015-03-26 15:16:04','2015-03-26 15:16:04','55785572-ea02-4342-a189-5228fd0f6894'),(358,200,156,NULL,148,1,'2015-03-26 15:16:04','2015-03-26 15:16:04','1aade76e-9c25-4cc2-932a-03230a4490dc'),(364,176,93,NULL,158,1,'2015-03-27 15:58:19','2015-03-27 15:58:19','da0b41c2-0c27-4554-b103-47b053197c93'),(365,199,93,NULL,216,1,'2015-03-27 15:58:19','2015-03-27 15:58:19','6597b84e-7a50-4d8b-941d-8d3fa6e7fc53'),(366,174,93,NULL,82,1,'2015-03-27 15:58:19','2015-03-27 15:58:19','3b638e31-a704-4d83-828c-92ac1dfe5fd2'),(367,200,93,NULL,148,1,'2015-03-27 15:58:19','2015-03-27 15:58:19','fb5207d3-d612-413c-ab60-4dca6a4a32c9'),(368,184,159,NULL,134,1,'2015-03-27 16:35:58','2015-03-27 16:35:58','d8b2e16f-680b-4fdf-8543-65e12f08f9d2'),(369,176,159,NULL,158,1,'2015-03-27 16:35:58','2015-03-27 16:35:58','11bc6059-3058-41ed-a291-0747209276d0'),(370,199,159,NULL,216,1,'2015-03-27 16:35:58','2015-03-27 16:35:58','1cc99860-b083-4b64-b27c-fff0057830a2'),(371,174,159,NULL,82,1,'2015-03-27 16:35:58','2015-03-27 16:35:58','a0071cb8-faab-4962-a0d7-d4596f6ef40a'),(372,200,159,NULL,150,1,'2015-03-27 16:35:58','2015-03-27 16:35:58','87065283-7d07-4497-b5e9-a353dc29601d'),(385,174,219,NULL,82,1,'2015-03-27 19:04:01','2015-03-27 19:04:01','f8d6d0e9-f99a-4046-a052-ffc579aaf921'),(386,174,219,NULL,83,2,'2015-03-27 19:04:01','2015-03-27 19:04:01','85c4ce96-7d2b-415c-a6f1-6c93e198fb48'),(429,176,221,NULL,219,1,'2015-03-27 19:18:07','2015-03-27 19:18:07','311f98db-4e8a-49ca-9896-d8a71e2e8b90'),(430,199,221,NULL,214,1,'2015-03-27 19:18:07','2015-03-27 19:18:07','b87441b5-c02c-4208-a2f3-0149a28b2690'),(431,199,221,NULL,142,2,'2015-03-27 19:18:07','2015-03-27 19:18:07','c0ac7a86-632f-4618-b7aa-340b066d2357'),(432,174,221,NULL,82,1,'2015-03-27 19:18:07','2015-03-27 19:18:07','32b5d4ad-22b2-402f-b88b-b1e669d3c86d'),(433,174,221,NULL,83,2,'2015-03-27 19:18:07','2015-03-27 19:18:07','e2999105-3a79-4b2e-9ca2-7a9bee19f46c'),(434,200,221,NULL,148,1,'2015-03-27 19:18:07','2015-03-27 19:18:07','fd92585a-11ee-4182-a738-58c308fdd803'),(435,176,222,NULL,219,1,'2015-03-27 19:18:15','2015-03-27 19:18:15','59e9b999-221f-47ae-9915-e61c9fb480d3'),(436,199,222,NULL,214,1,'2015-03-27 19:18:15','2015-03-27 19:18:15','4a7dd678-9947-415a-aea8-c85ea6d1ed0f'),(437,199,222,NULL,142,2,'2015-03-27 19:18:15','2015-03-27 19:18:15','14e65f54-63e9-41fc-9170-7e9d22b67188'),(438,174,222,NULL,82,1,'2015-03-27 19:18:15','2015-03-27 19:18:15','6780ef55-4f1e-43e2-a2ea-e8d0e4de1990'),(439,174,222,NULL,83,2,'2015-03-27 19:18:15','2015-03-27 19:18:15','8916b8c6-720e-44bc-bf54-9f122087fd62'),(440,200,222,NULL,148,1,'2015-03-27 19:18:15','2015-03-27 19:18:15','c584c466-1bc3-44a3-a949-510fcaa36661'),(441,176,223,NULL,219,1,'2015-03-27 19:18:21','2015-03-27 19:18:21','f1b6a4d4-5f05-45d4-983c-246e875d4e5e'),(442,199,223,NULL,214,1,'2015-03-27 19:18:21','2015-03-27 19:18:21','0beae93c-71c4-47e2-82f2-98a5a3e36b5f'),(443,199,223,NULL,142,2,'2015-03-27 19:18:21','2015-03-27 19:18:21','f6a4c4dc-3e95-4845-8e0d-ec8df801aa44'),(444,174,223,NULL,82,1,'2015-03-27 19:18:21','2015-03-27 19:18:21','4f6aaa73-49cf-4ae8-80b7-4a757ac0ceec'),(445,174,223,NULL,83,2,'2015-03-27 19:18:21','2015-03-27 19:18:21','df9f38cd-1b40-4245-8e88-2beeaa192842'),(446,200,223,NULL,150,1,'2015-03-27 19:18:21','2015-03-27 19:18:21','53e7ffe4-b545-4e40-b617-c4cae4711da6'),(453,176,225,NULL,219,1,'2015-03-27 19:18:38','2015-03-27 19:18:38','0bc8f410-67ab-4c99-a95a-5ec649ad360d'),(454,199,225,NULL,214,1,'2015-03-27 19:18:38','2015-03-27 19:18:38','bbbe3d09-aa5c-4528-97d3-1b06f0c9be00'),(455,199,225,NULL,142,2,'2015-03-27 19:18:38','2015-03-27 19:18:38','bf5a3f03-78ac-4041-894e-3bb426e84198'),(456,174,225,NULL,82,1,'2015-03-27 19:18:38','2015-03-27 19:18:38','f943ad65-7dc7-4559-a067-e39d593453c3'),(457,174,225,NULL,83,2,'2015-03-27 19:18:38','2015-03-27 19:18:38','16677b06-25ea-4c31-9d1a-e355d2018642'),(458,200,225,NULL,150,1,'2015-03-27 19:18:38','2015-03-27 19:18:38','2863f6db-43bd-4b06-b755-b6e22b6e6b0a'),(483,145,87,NULL,228,1,'2015-03-31 19:42:42','2015-03-31 19:42:42','50927b8b-4c18-44f4-9d55-764ee83ebceb'),(490,174,194,NULL,82,1,'2015-04-01 18:53:52','2015-04-01 18:53:52','af900d57-cd15-4667-92a3-5a5ce4a5af09'),(491,174,194,NULL,83,2,'2015-04-01 18:53:52','2015-04-01 18:53:52','a4eea5dd-e54a-4918-85ef-94bea74c0909'),(492,174,194,NULL,118,3,'2015-04-01 18:53:52','2015-04-01 18:53:52','a4a57be2-8262-4207-b469-468a815e0ff1'),(493,174,194,NULL,117,4,'2015-04-01 18:53:52','2015-04-01 18:53:52','b0c55491-f91c-4b2b-85d5-e93c64217322'),(494,199,194,NULL,214,1,'2015-04-01 18:53:52','2015-04-01 18:53:52','a67e1ea0-3842-4924-b2b4-a5f6ddc8dbc0'),(496,231,64,NULL,169,1,'2015-04-01 18:56:29','2015-04-01 18:56:29','78b3acc0-10b5-4079-95a0-3c0431e5f97b'),(497,174,193,NULL,83,1,'2015-04-01 18:57:25','2015-04-01 18:57:25','5365f749-1792-422d-8912-06c13d250275'),(498,174,193,NULL,118,2,'2015-04-01 18:57:25','2015-04-01 18:57:25','21cae7ae-4abf-42f9-bfcd-f43518b28938'),(499,174,193,NULL,117,3,'2015-04-01 18:57:25','2015-04-01 18:57:25','6c0eff2d-a31a-4f9e-92f4-af8761000bb4'),(514,68,114,NULL,134,1,'2015-04-06 20:23:36','2015-04-06 20:23:36','099b4ba3-1578-4dcb-b912-4affdffff1e6'),(515,174,113,NULL,82,1,'2015-04-06 20:23:36','2015-04-06 20:23:36','85ed9b7d-00e8-4b89-9d95-450800da7f92'),(516,144,113,NULL,98,1,'2015-04-06 20:23:36','2015-04-06 20:23:36','91310890-db1c-4d34-a941-b74e2ead306e'),(517,144,113,NULL,100,2,'2015-04-06 20:23:36','2015-04-06 20:23:36','50c6b8df-80a5-4307-a799-00c555cb0d97'),(518,144,113,NULL,101,3,'2015-04-06 20:23:36','2015-04-06 20:23:36','c8c4b466-7544-49b0-baa2-1eeee2b6e9b8'),(519,144,113,NULL,102,4,'2015-04-06 20:23:36','2015-04-06 20:23:36','ea638b36-8b72-4f60-b184-b021d0a1807a'),(520,175,113,NULL,93,1,'2015-04-06 20:23:36','2015-04-06 20:23:36','3238cc52-ea72-40f8-a7b1-10108b7ad0e0'),(521,176,113,NULL,158,1,'2015-04-06 20:23:36','2015-04-06 20:23:36','552815c1-3c08-4f90-9732-5a6f607f705e'),(522,87,113,NULL,35,1,'2015-04-06 20:23:36','2015-04-06 20:23:36','94aec035-6da7-4f7c-b97b-3e4bd9b9973a'),(560,68,39,NULL,134,1,'2015-04-16 23:45:35','2015-04-16 23:45:35','e6c96595-163c-4486-a624-71e02cf6f978'),(561,174,38,NULL,83,1,'2015-04-16 23:45:35','2015-04-16 23:45:35','19398869-83bc-4bd0-ab6d-ad503b309904'),(562,87,38,NULL,35,1,'2015-04-16 23:45:35','2015-04-16 23:45:35','4fbf8576-5558-42ab-9635-4b8404991ca6'),(563,68,133,NULL,134,1,'2015-04-16 23:46:01','2015-04-16 23:46:01','dee1d7bb-c19d-4924-8699-998c76697d36'),(564,174,132,NULL,118,1,'2015-04-16 23:46:01','2015-04-16 23:46:01','33aeeb1f-6419-4a65-801c-4b3d19a10a0b'),(565,144,132,NULL,102,1,'2015-04-16 23:46:01','2015-04-16 23:46:01','e0e86b04-6386-4d36-8023-34c979918ae0'),(566,144,132,NULL,103,2,'2015-04-16 23:46:01','2015-04-16 23:46:01','33bfea2d-f1cd-4168-9cdd-8d14036b04b1'),(567,175,132,NULL,93,1,'2015-04-16 23:46:01','2015-04-16 23:46:01','37ba194e-3303-4631-855d-4db8d9d4ea67'),(568,176,132,NULL,116,1,'2015-04-16 23:46:01','2015-04-16 23:46:01','4d236a37-af75-4276-afbc-5886198bc35d'),(569,87,132,NULL,38,1,'2015-04-16 23:46:01','2015-04-16 23:46:01','49661925-6448-45e6-a45a-8c0844840dc1'),(602,174,100,NULL,82,1,'2015-04-17 00:58:39','2015-04-17 00:58:39','48e81a29-440f-44a1-bc73-b7f6e12e4f49'),(603,222,100,NULL,164,1,'2015-04-17 00:58:39','2015-04-17 00:58:39','b23d1119-20a4-48c1-b7ee-c07ef23b2e96'),(605,189,112,NULL,109,1,'2015-04-19 03:21:28','2015-04-19 03:21:28','122defd5-2997-4106-81c7-d9d912c4bc6d'),(607,189,245,NULL,109,1,'2015-04-19 03:24:50','2015-04-19 03:24:50','06fef527-5d9a-4386-a7bc-bac5f1986315'),(608,189,246,NULL,198,1,'2015-04-19 03:25:13','2015-04-19 03:25:13','b0ca96ae-6da4-4efb-9989-0e2aef75b7f8'),(609,189,247,NULL,195,1,'2015-04-19 03:26:14','2015-04-19 03:26:14','b897f7db-f90d-46fa-8678-952e6a7d790b'),(610,189,244,NULL,196,1,'2015-04-19 03:40:37','2015-04-19 03:40:37','3b89ef26-c798-4a8d-aec6-f5d1e0623e06'),(617,176,249,NULL,248,1,'2015-04-19 18:23:03','2015-04-19 18:23:03','1da29f81-9118-4a82-bfb2-ab64a063a973'),(618,199,249,NULL,135,1,'2015-04-19 18:23:03','2015-04-19 18:23:03','76e81400-6eb7-4fbd-8ce0-1b90eacff5d3'),(619,199,249,NULL,144,2,'2015-04-19 18:23:03','2015-04-19 18:23:03','e925b360-e545-4f1d-9922-ef1bc1eafbcb'),(620,174,249,NULL,83,1,'2015-04-19 18:23:03','2015-04-19 18:23:03','488b996c-d022-42e3-9191-866e940f6e36'),(621,200,249,NULL,150,1,'2015-04-19 18:23:03','2015-04-19 18:23:03','355cf69a-bbb9-4090-a317-93c721b62972'),(622,87,249,NULL,35,1,'2015-04-19 18:23:03','2015-04-19 18:23:03','496f2cf7-b9a0-4ea5-98fa-df0f9faa310a'),(623,87,249,NULL,38,2,'2015-04-19 18:23:03','2015-04-19 18:23:03','c59a2310-27ff-4c62-a4fb-31162f403750'),(624,184,250,NULL,134,1,'2015-04-19 18:26:33','2015-04-19 18:26:33','2f24153c-97b3-46aa-8894-f1a1b3d8d385'),(625,176,250,NULL,248,1,'2015-04-19 18:26:33','2015-04-19 18:26:33','afef5156-cbf4-435d-a9a8-a91b12c4130a'),(626,199,250,NULL,135,1,'2015-04-19 18:26:33','2015-04-19 18:26:33','34322b71-1016-4ded-899f-112a8e10fea9'),(627,199,250,NULL,144,2,'2015-04-19 18:26:33','2015-04-19 18:26:33','da7b35cd-abd1-4e08-bd8e-61712810085d'),(628,174,250,NULL,83,1,'2015-04-19 18:26:33','2015-04-19 18:26:33','cb32a8b4-c944-482b-a4a8-d8409297a087'),(629,200,250,NULL,150,1,'2015-04-19 18:26:33','2015-04-19 18:26:33','e7661483-9a18-4072-a1e5-87f0a27d780a'),(664,184,252,NULL,242,1,'2015-04-19 18:43:29','2015-04-19 18:43:29','46f083d7-1ee1-4fd4-a21e-0294d144c4f2'),(665,176,252,NULL,254,1,'2015-04-19 18:43:29','2015-04-19 18:43:29','3b7d5ed4-cbd2-4f93-8c18-0a6901caa9b4'),(666,199,252,NULL,212,1,'2015-04-19 18:43:29','2015-04-19 18:43:29','55cec412-0abb-4b95-b9a7-a88f88710bc4'),(667,199,252,NULL,207,2,'2015-04-19 18:43:29','2015-04-19 18:43:29','8877ed89-52c7-49e0-affc-02d596c4b799'),(668,174,252,NULL,83,1,'2015-04-19 18:43:29','2015-04-19 18:43:29','5f004721-c927-4bb8-8e42-63d958bac4a9'),(669,200,252,NULL,148,1,'2015-04-19 18:43:29','2015-04-19 18:43:29','58ba99a8-d30c-4218-b530-93ad3075bad5'),(670,184,253,NULL,242,1,'2015-04-19 18:43:47','2015-04-19 18:43:47','9316c531-cd67-486f-a746-9abdc0d4ac73'),(671,176,253,NULL,254,1,'2015-04-19 18:43:47','2015-04-19 18:43:47','041b4c1a-0b0a-4d16-b9b8-9d6578e9ebb5'),(672,199,253,NULL,212,1,'2015-04-19 18:43:47','2015-04-19 18:43:47','9e41ce97-14f7-4a67-ae75-c370759731b1'),(673,199,253,NULL,207,2,'2015-04-19 18:43:47','2015-04-19 18:43:47','2e65e9ac-f49e-484b-9ced-826f3321b471'),(674,174,253,NULL,83,1,'2015-04-19 18:43:47','2015-04-19 18:43:47','d58c157f-cc2e-4f9c-9b99-40a517b75cfb'),(675,200,253,NULL,148,1,'2015-04-19 18:43:47','2015-04-19 18:43:47','d8f8d18e-9b93-4eb5-bcdb-e0267607a07c'),(676,184,251,NULL,242,1,'2015-04-19 18:44:00','2015-04-19 18:44:00','b21e916f-c5ae-4120-85c9-b4747118305c'),(677,176,251,NULL,254,1,'2015-04-19 18:44:00','2015-04-19 18:44:00','e2af193b-ae20-41af-bd75-03810a8a91af'),(678,199,251,NULL,212,1,'2015-04-19 18:44:00','2015-04-19 18:44:00','61ea006d-2cd6-447b-b238-b75951ed26b9'),(679,199,251,NULL,207,2,'2015-04-19 18:44:00','2015-04-19 18:44:00','b8528628-7b51-4b4b-a279-3132fcff660f'),(680,174,251,NULL,83,1,'2015-04-19 18:44:00','2015-04-19 18:44:00','7d4820fd-326d-47fe-b124-a62dbef2e26b'),(681,200,251,NULL,150,1,'2015-04-19 18:44:00','2015-04-19 18:44:00','01aebc7d-3e85-4f55-914f-3e37e06525be'),(692,87,76,NULL,132,1,'2015-04-20 15:02:54','2015-04-20 15:02:54','bda13093-4137-46d4-a5ca-3ae676549ab8'),(693,174,76,NULL,118,1,'2015-04-20 15:02:54','2015-04-20 15:02:54','cb8b6e3a-03c8-4b52-8b8d-e5175ce79567'),(728,144,158,NULL,98,1,'2015-04-20 17:41:28','2015-04-20 17:41:28','96d5f603-db93-4ca6-9645-e0220539a1d4'),(729,144,158,NULL,100,2,'2015-04-20 17:41:28','2015-04-20 17:41:28','cf9bec83-00ee-4eaf-968c-9dddb81c9dbd'),(730,174,158,NULL,82,1,'2015-04-20 17:41:28','2015-04-20 17:41:28','c3bd4992-2754-4e93-bc33-d716c726a7e1'),(731,175,158,NULL,93,1,'2015-04-20 17:41:28','2015-04-20 17:41:28','113415f0-1210-47f1-980a-a50c573449c9'),(732,175,158,NULL,156,2,'2015-04-20 17:41:28','2015-04-20 17:41:28','ced0236e-7cdc-470f-a641-b11e36d0fd84'),(733,176,158,NULL,116,1,'2015-04-20 17:41:28','2015-04-20 17:41:28','7d2e2a40-920f-459e-aaa0-16342b219e3c'),(734,184,158,NULL,134,1,'2015-04-20 17:41:28','2015-04-20 17:41:28','ce637cf1-c1de-411c-a9e6-a2224218748d'),(735,87,158,NULL,35,1,'2015-04-20 17:41:28','2015-04-20 17:41:28','49f88999-3ceb-4a8a-8b51-7f5b7be65626'),(736,195,158,NULL,200,1,'2015-04-20 17:41:28','2015-04-20 17:41:28','f234125f-3d0d-4ccd-b62e-e93bfd3cf71b'),(737,195,158,NULL,201,2,'2015-04-20 17:41:28','2015-04-20 17:41:28','a1b03315-c065-4134-ad8b-630c64a3e5f3'),(845,174,263,NULL,83,1,'2015-04-20 18:39:32','2015-04-20 18:39:32','626ef805-b04e-4730-bd46-c3e193ec2a30'),(846,174,263,NULL,117,2,'2015-04-20 18:39:32','2015-04-20 18:39:32','adbe5e68-c66b-47cb-8d33-4d454c07354b'),(847,222,263,NULL,164,1,'2015-04-20 18:39:32','2015-04-20 18:39:32','fd8e18ec-7d1e-471a-bf84-256bd29bed53'),(866,184,265,NULL,242,1,'2015-04-20 18:53:26','2015-04-20 18:53:26','06e533e6-aa40-49b7-877b-40dd846c6988'),(867,176,265,NULL,116,1,'2015-04-20 18:53:26','2015-04-20 18:53:26','6e1342f2-a867-4a7c-a9ef-9af11176dd0b'),(868,199,265,NULL,207,1,'2015-04-20 18:53:26','2015-04-20 18:53:26','04c3de6f-be65-48af-b84c-4d564cfa5b95'),(869,200,265,NULL,148,1,'2015-04-20 18:53:26','2015-04-20 18:53:26','43e0f728-a510-456c-b782-f6b1d682d776'),(870,174,265,NULL,82,1,'2015-04-20 18:53:26','2015-04-20 18:53:26','615a2c71-cea1-403b-9e44-a2df5cecac4c'),(871,174,265,NULL,83,2,'2015-04-20 18:53:26','2015-04-20 18:53:26','615cf639-beab-4091-803d-53b378080752'),(872,87,265,NULL,38,1,'2015-04-20 18:53:26','2015-04-20 18:53:26','3223ac3c-c069-42b6-9563-f70490c960e6'),(876,184,266,NULL,134,1,'2015-04-20 19:06:11','2015-04-20 19:06:11','d5b3b3cc-9e29-434f-854b-d6ad4bee4a2a'),(877,199,266,NULL,207,1,'2015-04-20 19:06:11','2015-04-20 19:06:11','04215e5c-cdde-41b7-88ef-b54a1553a31b'),(878,174,266,NULL,82,1,'2015-04-20 19:06:11','2015-04-20 19:06:11','ac50c15f-e18b-4a78-a63c-86e44a5c808a'),(879,176,266,NULL,116,1,'2015-04-20 19:06:11','2015-04-20 19:06:11','1437184f-b674-4b35-8d78-e953f8b3842e'),(880,184,254,NULL,242,1,'2015-04-20 19:28:07','2015-04-20 19:28:07','5918e978-4956-4f32-b0aa-1ed06455f847'),(889,68,36,NULL,262,1,'2015-04-20 20:07:21','2015-04-20 20:07:21','3a7a176c-d876-4410-84de-7dd297c967a9'),(890,174,35,NULL,82,1,'2015-04-20 20:07:21','2015-04-20 20:07:21','23fe9d9b-abcd-47f7-963a-233d5c6ed809'),(891,144,35,NULL,263,1,'2015-04-20 20:07:21','2015-04-20 20:07:21','fa799b88-210d-455b-aa55-f63cd79d76db'),(892,175,35,NULL,93,1,'2015-04-20 20:07:21','2015-04-20 20:07:21','688fcfee-67fe-466d-a87d-5456b4399a19'),(893,175,35,NULL,250,2,'2015-04-20 20:07:21','2015-04-20 20:07:21','c2f4ea71-4dc7-41ce-9a1f-fa03683a5aad'),(894,176,35,NULL,158,1,'2015-04-20 20:07:21','2015-04-20 20:07:21','fe9894d4-1378-47c1-8e37-6aa76e6bc2e3'),(895,87,35,NULL,38,1,'2015-04-20 20:07:21','2015-04-20 20:07:21','7297fea4-9dbe-47f8-9b7a-6f9310a76ed3'),(896,87,35,NULL,113,2,'2015-04-20 20:07:21','2015-04-20 20:07:21','2ec1534f-cb25-4065-b021-de0ef859b17c'),(913,174,248,NULL,83,1,'2015-04-23 02:14:39','2015-04-23 02:14:39','812486ea-2acb-44a9-8a35-daae193a5b81'),(914,184,248,NULL,134,1,'2015-04-23 02:14:39','2015-04-23 02:14:39','4d100e10-8822-4e69-915c-4055d74dc409'),(915,87,248,NULL,35,1,'2015-04-23 02:14:39','2015-04-23 02:14:39','560ddd2d-85ec-4601-b907-204ded8614f6'),(916,87,248,NULL,38,2,'2015-04-23 02:14:39','2015-04-23 02:14:39','cfcab2c6-63f1-4038-ae65-3f4118d7d523'),(917,87,248,NULL,113,3,'2015-04-23 02:14:39','2015-04-23 02:14:39','0553ab66-863e-449d-822f-4263a8373b47'),(918,195,248,NULL,201,1,'2015-04-23 02:14:39','2015-04-23 02:14:39','7f8cb895-8acc-4b38-b601-9b15e04bbe45'),(919,195,248,NULL,202,2,'2015-04-23 02:14:39','2015-04-23 02:14:39','d873e7a3-4684-4675-a31c-0803e3f84937'),(926,144,268,NULL,263,1,'2015-04-26 22:04:04','2015-04-26 22:04:04','089cc8b0-5953-4b3a-9dbb-cec726c01265'),(927,144,268,NULL,98,2,'2015-04-26 22:04:04','2015-04-26 22:04:04','a872f3bc-cc93-406d-a9d8-c1ba6fcff919'),(928,144,268,NULL,102,3,'2015-04-26 22:04:04','2015-04-26 22:04:04','1e85b1fe-3c91-4f81-b395-859e951fb60c'),(929,144,268,NULL,100,4,'2015-04-26 22:04:04','2015-04-26 22:04:04','de47afae-fdae-4e97-928f-c13944c8c694'),(930,184,268,NULL,262,1,'2015-04-26 22:04:05','2015-04-26 22:04:05','0c51c27a-e90d-4e0a-ad76-97cc86082dde'),(931,176,268,NULL,254,1,'2015-04-26 22:04:05','2015-04-26 22:04:05','672e7264-90e2-42fd-bf07-a5bc17e9cbcd'),(932,176,268,NULL,248,2,'2015-04-26 22:04:05','2015-04-26 22:04:05','5ec3966f-0ee4-42e7-bbdf-7cb09877dd35'),(933,87,268,NULL,113,1,'2015-04-26 22:04:05','2015-04-26 22:04:05','d3955566-4284-4505-a7b4-5860dc3c8366'),(934,174,268,NULL,82,1,'2015-04-26 22:04:05','2015-04-26 22:04:05','a66765eb-7e73-4478-b1dd-72fd7bb466b8'),(935,199,268,NULL,135,1,'2015-04-26 22:04:05','2015-04-26 22:04:05','fa5fcfce-a459-4bcb-bdfa-a00b710df8a3'),(936,195,268,NULL,200,1,'2015-04-26 22:04:05','2015-04-26 22:04:05','f5a13eef-e653-4777-bbb1-1b0e9d27e3b1'),(937,195,268,NULL,202,2,'2015-04-26 22:04:05','2015-04-26 22:04:05','408a141a-b32e-4d67-8ccb-769512dedd9a'),(938,200,268,NULL,148,1,'2015-04-26 22:04:05','2015-04-26 22:04:05','7e1b11a7-b4d8-4d13-b734-451892445fce'),(940,189,199,NULL,272,1,'2015-05-01 20:59:05','2015-05-01 20:59:05','8f00ee26-0bbd-4474-b158-3a2142cf30e2'),(941,189,200,NULL,273,1,'2015-05-01 20:59:47','2015-05-01 20:59:47','b9f51ca3-3d47-4a9a-b5fa-de696dc700fb'),(942,189,260,NULL,274,1,'2015-05-01 21:00:03','2015-05-01 21:00:03','78a91634-c5f8-4ab2-85d6-34fb3fcfb922'),(943,189,202,NULL,275,1,'2015-05-01 21:00:16','2015-05-01 21:00:16','f3afdbff-51fd-4641-a842-299fc1560faa'),(944,189,201,NULL,276,1,'2015-05-01 21:00:34','2015-05-01 21:00:34','995cb933-3498-427f-be11-47487de6c94a'),(945,176,227,NULL,219,1,'2015-05-03 02:06:25','2015-05-03 02:06:25','8d6ca831-7265-4503-814d-1a6f862bde6b'),(946,199,227,NULL,214,1,'2015-05-03 02:06:25','2015-05-03 02:06:25','9edfadab-dc86-476f-9416-4338a9ab1dd8'),(947,199,227,NULL,142,2,'2015-05-03 02:06:25','2015-05-03 02:06:25','8a7bb638-6e63-4386-8608-d7a15d296bce'),(948,200,227,NULL,150,1,'2015-05-03 02:06:25','2015-05-03 02:06:25','df288177-bdb8-48d7-b4b3-e8f0f0ec8ab5'),(949,174,227,NULL,82,1,'2015-05-03 02:06:25','2015-05-03 02:06:25','acc1abfd-ff75-4f3b-8594-502035abae87'),(950,174,227,NULL,83,2,'2015-05-03 02:06:25','2015-05-03 02:06:25','11e435f3-f6ca-4a21-a9be-f23fb7bb3aff'),(951,176,220,NULL,219,1,'2015-05-03 02:07:09','2015-05-03 02:07:09','7b47d57d-ec2b-436b-9700-8e03f38e2045'),(952,199,220,NULL,214,1,'2015-05-03 02:07:09','2015-05-03 02:07:09','e1e85eb4-c71d-4f03-b6e9-5cacfae2ed7d'),(953,199,220,NULL,142,2,'2015-05-03 02:07:09','2015-05-03 02:07:09','80a257ad-cfee-4464-b963-5279a55b425c'),(954,200,220,NULL,148,1,'2015-05-03 02:07:09','2015-05-03 02:07:09','5b99b253-c751-4ae6-bd13-b44fd3957148'),(955,174,220,NULL,82,1,'2015-05-03 02:07:09','2015-05-03 02:07:09','8592de32-f523-4401-9ab3-b7325239a403'),(956,174,220,NULL,83,2,'2015-05-03 02:07:09','2015-05-03 02:07:09','b9bf818a-0fc4-4d55-825c-31013763331e'),(957,228,189,NULL,177,1,'2015-05-03 21:06:41','2015-05-03 21:06:41','274c4452-0bea-40d1-a463-f6cdf09c7512'),(958,228,189,NULL,109,2,'2015-05-03 21:06:41','2015-05-03 21:06:41','9b6c3260-4614-49ce-8261-d52f9c509788'),(959,228,190,NULL,109,1,'2015-05-03 21:06:41','2015-05-03 21:06:41','2c1fa8e3-cb12-4349-b341-4fe22d12a5fe'),(960,228,190,NULL,134,2,'2015-05-03 21:06:41','2015-05-03 21:06:41','a2b599e2-09be-496c-bce7-d0080b50fb86'),(961,228,191,NULL,182,1,'2015-05-03 21:06:41','2015-05-03 21:06:41','124bfe4b-d6d5-489e-8fb9-fd45711f2b7d'),(962,228,191,NULL,169,2,'2015-05-03 21:06:41','2015-05-03 21:06:41','80846e39-9c8d-442b-a1f4-313d39d68da0'),(976,87,88,NULL,35,1,'2015-05-26 13:54:17','2015-05-26 13:54:17','08f140d7-4699-4631-936c-6fd4077dcf14'),(977,87,88,NULL,113,2,'2015-05-26 13:54:17','2015-05-26 13:54:17','56b011bf-8941-43ef-95c2-bca90a1b7c2f'),(978,176,88,NULL,116,1,'2015-05-26 13:54:17','2015-05-26 13:54:17','e2bc153a-3b9f-462b-b2be-76112762a256'),(979,170,185,NULL,119,1,'2015-05-26 13:54:17','2015-05-26 13:54:17','36a8285a-b61f-423a-99d2-1bb74596e744'),(980,168,186,NULL,134,1,'2015-05-26 13:54:17','2015-05-26 13:54:17','20421ca1-f328-44bc-a08a-98a2fd8850a0'),(981,170,186,NULL,120,1,'2015-05-26 13:54:17','2015-05-26 13:54:17','8faad038-0e01-4e5c-81f5-de5ea52722f8'),(982,168,187,NULL,109,1,'2015-05-26 13:54:17','2015-05-26 13:54:17','46c5c8c8-3412-4d54-96e0-7214d4911786'),(983,170,187,NULL,119,1,'2015-05-26 13:54:17','2015-05-26 13:54:17','4ffeee61-9a6e-4ec8-a6df-80bee86078ab'),(984,170,188,NULL,120,1,'2015-05-26 13:54:17','2015-05-26 13:54:17','def90eec-2bc7-4aeb-b14c-5246cb28e545'),(1032,144,116,NULL,98,1,'2015-05-26 15:20:35','2015-05-26 15:20:35','b333ab65-dd5b-4172-97ba-4ae575f6e9f5'),(1033,144,116,NULL,100,2,'2015-05-26 15:20:35','2015-05-26 15:20:35','7588a038-71d3-4613-94c3-91ce8906514e'),(1034,144,116,NULL,101,3,'2015-05-26 15:20:35','2015-05-26 15:20:35','e1ebc948-4506-4c92-ade8-6f4203134afc'),(1035,144,116,NULL,102,4,'2015-05-26 15:20:35','2015-05-26 15:20:35','6c3d42be-06e3-4445-985a-3591e502a259'),(1036,174,116,NULL,82,1,'2015-05-26 15:20:35','2015-05-26 15:20:35','034be616-958a-4dab-b200-255b7416b199'),(1037,174,116,NULL,83,2,'2015-05-26 15:20:35','2015-05-26 15:20:35','a2fee027-7dd1-46a6-9209-8f0b9c9a290d'),(1038,175,116,NULL,93,1,'2015-05-26 15:20:35','2015-05-26 15:20:35','d83e0332-f074-4380-8cdc-505e0ab21c42'),(1039,175,116,NULL,193,2,'2015-05-26 15:20:35','2015-05-26 15:20:35','28108404-35c6-4f6c-856e-7b27b8eb944f'),(1040,175,116,NULL,156,3,'2015-05-26 15:20:35','2015-05-26 15:20:35','5b72598b-a7af-43d3-98d1-901ac56517e1'),(1041,175,116,NULL,159,4,'2015-05-26 15:20:35','2015-05-26 15:20:35','37e3c4af-b26a-4869-b6f5-f66f3b1ea827'),(1042,176,116,NULL,158,1,'2015-05-26 15:20:35','2015-05-26 15:20:35','e626c7dc-ea59-402c-8f51-0558ddce8668'),(1043,184,116,NULL,289,1,'2015-05-26 15:20:35','2015-05-26 15:20:35','0c206963-7e93-4c45-bfb7-01944d71d546'),(1044,87,116,NULL,38,1,'2015-05-26 15:20:35','2015-05-26 15:20:35','9a01c26f-da70-416c-97f1-23e019dbb29a'),(1049,174,290,NULL,82,1,'2015-05-26 21:27:28','2015-05-26 21:27:28','2111817a-6418-4fc7-8d39-1efbd082e322'),(1050,174,290,NULL,83,2,'2015-05-26 21:27:28','2015-05-26 21:27:28','7d01894d-e890-45c5-8716-165ec5dd5061'),(1051,199,290,NULL,207,1,'2015-05-26 21:27:28','2015-05-26 21:27:28','6e800cae-d341-4303-b06f-789ee670fbe3'),(1052,200,290,NULL,148,1,'2015-05-26 21:27:28','2015-05-26 21:27:28','890b01d5-4d13-4e82-91bb-99fd75d7cd20'),(1053,68,286,NULL,242,1,'2015-05-29 21:10:37','2015-05-29 21:10:37','f16a130c-238f-4525-a558-49e40a6d58be'),(1054,72,286,NULL,283,1,'2015-05-29 21:10:37','2015-05-29 21:10:37','751cc2eb-7598-4345-acc7-f631d63505c3'),(1055,72,286,NULL,284,2,'2015-05-29 21:10:37','2015-05-29 21:10:37','177b578e-5313-4529-865b-0566fc4842cf'),(1056,174,285,NULL,118,1,'2015-05-29 21:10:37','2015-05-29 21:10:37','c59ba2ff-df3b-4d8b-93c9-2dd464e520c3'),(1061,87,293,NULL,35,1,'2015-05-31 00:45:47','2015-05-31 00:45:47','9c1f6553-794c-438e-97bf-173cc3399725'),(1062,87,293,NULL,38,2,'2015-05-31 00:45:47','2015-05-31 00:45:47','3eae1922-93aa-4339-9910-dd395a5aa882'),(1063,189,110,NULL,271,1,'2015-06-02 17:12:06','2015-06-02 17:12:06','8251928f-d116-4437-9de6-62fb43037fdf'),(1068,184,2,NULL,279,1,'2015-06-08 16:14:53','2015-06-08 16:14:53','c0402250-e326-420e-b939-60b395c9e2b1'),(1069,239,2,NULL,113,1,'2015-06-08 16:14:53','2015-06-08 16:14:53','45df6fcd-6f1f-43a1-99e5-1cec17223e3c'),(1070,87,2,NULL,35,1,'2015-06-08 16:14:53','2015-06-08 16:14:53','64ef43fc-5ae3-4d42-b8f1-6fb4bacc3b47'),(1071,87,2,NULL,132,2,'2015-06-08 16:14:53','2015-06-08 16:14:53','c130962b-17be-4eb4-8cab-2fd39f85203b');
/*!40000 ALTER TABLE `craft_relations` ENABLE KEYS */;
UNLOCK TABLES;

--
-- Table structure for table `craft_routes`
--

DROP TABLE IF EXISTS `craft_routes`;
/*!40101 SET @saved_cs_client     = @@character_set_client */;
/*!40101 SET character_set_client = utf8 */;
CREATE TABLE `craft_routes` (
  `id` int(11) NOT NULL AUTO_INCREMENT,
  `locale` char(12) COLLATE utf8_unicode_ci DEFAULT NULL,
  `urlParts` varchar(255) COLLATE utf8_unicode_ci NOT NULL,
  `urlPattern` varchar(255) COLLATE utf8_unicode_ci NOT NULL,
  `template` varchar(255) COLLATE utf8_unicode_ci NOT NULL,
  `sortOrder` tinyint(4) DEFAULT NULL,
  `dateCreated` datetime NOT NULL,
  `dateUpdated` datetime NOT NULL,
  `uid` char(36) COLLATE utf8_unicode_ci NOT NULL DEFAULT '0',
  PRIMARY KEY (`id`),
  UNIQUE KEY `craft_routes_urlPattern_unq_idx` (`urlPattern`),
  KEY `craft_routes_locale_idx` (`locale`),
  CONSTRAINT `craft_routes_locale_fk` FOREIGN KEY (`locale`) REFERENCES `craft_locales` (`locale`) ON DELETE CASCADE ON UPDATE CASCADE
) ENGINE=InnoDB AUTO_INCREMENT=8 DEFAULT CHARSET=utf8 COLLATE=utf8_unicode_ci;
/*!40101 SET character_set_client = @saved_cs_client */;

--
-- Dumping data for table `craft_routes`
--

LOCK TABLES `craft_routes` WRITE;
/*!40000 ALTER TABLE `craft_routes` DISABLE KEYS */;
INSERT INTO `craft_routes` VALUES (1,NULL,'[\"stories\\/\",[\"slug\",\"[^\\\\\\/]+\"]]','stories\\/(?P<slug>[^\\/]+)','stories.html',1,'2015-01-27 18:02:52','2015-01-27 18:02:52','fe5704d3-c57b-497a-99aa-99d52e85c745'),(3,NULL,'[\"resources\\/\",[\"number\",\"\\\\d+\"]]','resources\\/(?P<number>\\d+)','pdfs/Resources1.pdf',2,'2015-02-18 17:01:45','2015-02-18 17:01:45','2484d232-465e-4766-8edc-690521f8f5cb'),(6,NULL,'[\"volunteer\\/thanks\"]','volunteer\\/thanks','volunteer/',3,'2015-03-04 20:09:14','2015-03-04 20:09:14','e462b25b-3295-454c-b065-794813d55afc'),(7,NULL,'[\"welcome-orientation\"]','welcome\\-orientation','programs-services/_entry.html',4,'2015-03-27 19:27:25','2015-03-27 19:27:53','471e6f30-5e12-41a1-ba9c-8589046d2d11');
/*!40000 ALTER TABLE `craft_routes` ENABLE KEYS */;
UNLOCK TABLES;

--
-- Table structure for table `craft_searchindex`
--

DROP TABLE IF EXISTS `craft_searchindex`;
/*!40101 SET @saved_cs_client     = @@character_set_client */;
/*!40101 SET character_set_client = utf8 */;
CREATE TABLE `craft_searchindex` (
  `elementId` int(11) NOT NULL,
  `attribute` varchar(25) COLLATE utf8_unicode_ci NOT NULL,
  `fieldId` int(11) NOT NULL,
  `locale` char(12) COLLATE utf8_unicode_ci NOT NULL,
  `keywords` text COLLATE utf8_unicode_ci NOT NULL,
  PRIMARY KEY (`elementId`,`attribute`,`fieldId`,`locale`),
  FULLTEXT KEY `craft_searchindex_keywords_idx` (`keywords`)
) ENGINE=MyISAM DEFAULT CHARSET=utf8 COLLATE=utf8_unicode_ci;
/*!40101 SET character_set_client = @saved_cs_client */;

--
-- Dumping data for table `craft_searchindex`
--

LOCK TABLES `craft_searchindex` WRITE;
/*!40000 ALTER TABLE `craft_searchindex` DISABLE KEYS */;
INSERT INTO `craft_searchindex` VALUES (31,'slug',0,'en_us',' i have cancer '),(31,'title',0,'en_us',' i have cancer '),(33,'slug',0,'en_us',' donors volunteers '),(33,'title',0,'en_us',' donors volunteers '),(34,'slug',0,'en_us',' all stories '),(34,'title',0,'en_us',' all stories '),(32,'slug',0,'en_us',' my family member has cancer '),(32,'title',0,'en_us',' my family member has cancer '),(2,'slug',0,'en_us',' homepage '),(2,'title',0,'en_us',' homepage '),(2,'field',1,'en_us',''),(2,'field',37,'en_us',''),(2,'field',2,'en_us',''),(35,'slug',0,'en_us',' sample story 1 '),(35,'title',0,'en_us',' sample story 1 '),(35,'field',67,'en_us',' o yoga health benefits facebook the gripping tale of how i tested adding a story lorem ipsum dolor sit amet ius ex putent euripidis assentior nec munere omnium accumsan eu eam case aliquam nusquam ne eruditi corpora eu eum ei mei malis scripserit porro quaestio efficiendi vis ad mel in audiam appellantur ludus omittantur ut eam no iusto consulatu mel vel an wisi assum possim accumsan invenire atomorum eum eu ne vidit vocibus referrentur ius ne graeci electram vis augue fuisset ut cum nibh meliore quo et ad nec sumo essent liberavisse id eam modo scaevola has nostrud ullamcorper ea nec et purto lucilius ne nisl oportere eos nec dicta phaedrum no te duo scripta apeirian atomorum ad duo alii veniam tibique ne his oratio regione ea duo ornatus sententiae repudiandae te vix mazim putant reque voluptua sea ne graece delicata definitiones usu cu in mei apeirian elaboraret alii dolores sed et quas vocibus pri at an vis dictas timeam necessitatibus est eu choro nullam laoreet eos in elitr copiosae tation dolores detracto id qui eum inani denique te id per porro graecis quo repudiare iracundia interpretaris no an ridens facilisis nec eos eu soluta persequeris repudiandae sonet nihil doctus per cu cu eos explicari pertinacia cum te autem saepe clita omnesque per et pri vitae debitis voluptua et est nulla vidisse sanctus eu veritus iracundia ius no usu posse definiebas an quo odio rebum euismod id eu commodo minimum partiendo cum mel etiam nusquam placerat id in est modus liber vituperata eum postea conclusionemque at vel iusto ludus facilisis ei qui tation nostrud an ex pri amet pericula mazim postea deserunt vim ne quo an dicant insolens deserunt ea ius modo natum eruditi et est iudico suavitate suscipiantur omnes convenire voluptatum in per ut nec suas diceret referrentur pro ex equidem propriae ius recteque salutandi sadipscing in id ipsum lucilius reprehendunt qui cu magna impedit menandri mea has ex cetero nusquam novum iriure legendos sea ut pri utamur iisque commune ut vero hendrerit repudiandaeea per eu eum virtute quaeque accommodare ex homero nonumy nec no idque quodsi sed veri adhuc oblique mea no ullamcorper intellegebat conclusionemque in eos dicta dissentias ne sea mea primis dictas ei '),(138,'title',0,'en_us',' yoga '),(139,'slug',0,'en_us',' one to one services '),(139,'title',0,'en_us',' one to one services '),(35,'field',83,'en_us',' resources index page '),(35,'field',87,'en_us',' sample story 2 one step closer '),(35,'field',2,'en_us',''),(38,'slug',0,'en_us',' sample story 2 '),(38,'title',0,'en_us',' sample story 2 '),(38,'field',67,'en_us',' eu eum virtute quaeque accommodare ex homero nonumy nec no idque quodsi sed veri adhuc oblique mea no ullamcorper intellegebat conclusionemque in eos dicta dissentias ne sea mea primis dictas ei lighthouse electric boogaloo lorem ipsum dolor sit amet ius ex putent euripidis assentior nec munere omnium accumsan eu eam case aliquam nusquam ne eruditi corpora eu eum ei mei malis scripserit porro quaestio efficiendi vis ad mel in audiam appellantur ludus omittantur ut eam no iusto consulatu mel vel an wisi assum possim accumsan invenire atomorum eum eu ne vidit vocibus referrentur ius ne graeci electram vis augue fuisset ut cum nibh meliore quo et ad nec sumo essent liberavisse id eam modo scaevola has nostrud ullamcorper ea nec et purto lucilius ne nisl oportere eos nec dicta phaedrum no te duo scripta apeirian atomorum ad duo alii veniam tibique ne his oratio regione ea duo ornatus sententiae repudiandae te vix mazim putant reque voluptua sea ne graece delicata definitiones usu cu in mei apeirian elaboraret alii dolores sed et quas vocibus pri at an vis dictas timeam necessitatibus est eu choro nullam laoreet eos in elitr copiosae tation dolores detracto id qui eum inani denique te id per porro graecis quo repudiare iracundia interpretaris no an ridens facilisis nec eos eu soluta persequeris repudiandae sonet nihil doctus per cu cu eos explicari pertinacia cum te autem saepe clita omnesque per et pri vitae debitis voluptua et est nulla vidisse sanctus eu veritus iracundia ius no usu posse definiebas an quo odio rebum euismod id eu commodo minimum partiendo cum mel etiam nusquam placerat id in est modus liber vituperata eum postea conclusionemque at vel iusto ludus facilisis ei qui tation nostrud an ex pri amet pericula mazim postea deserunt vim ne quo an dicant insolens deserunt ea ius modo natum eruditi et est iudico suavitate suscipiantur omnes convenire voluptatum in per ut nec suas diceret referrentur pro ex equidem propriae ius recteque salutandi sadipscing in id ipsum lucilius reprehendunt qui cu magna impedit menandri mea has ex cetero nusquam novum iriure legendos sea ut pri utamur iisque commune ut vero hendrerit repudiandae ea per eu eum virtute quaeque accommodare ex homero nonumy nec no idque quodsi sed veri adhuc oblique mea no ullamcorper intellegebat conclusionemque in eos dicta dissentias ne sea mea primis dictas ei '),(38,'field',83,'en_us',' resources index page '),(38,'field',87,'en_us',' sample story 1 '),(38,'field',2,'en_us',''),(41,'slug',0,'en_us',' contactus '),(41,'title',0,'en_us',' contact us '),(187,'slug',0,'en_us',''),(187,'field',169,'en_us',' janis '),(187,'field',170,'en_us',' west location '),(187,'field',168,'en_us',' janis '),(186,'field',169,'en_us',' lighthouse '),(186,'field',170,'en_us',' east location '),(186,'slug',0,'en_us',''),(186,'field',168,'en_us',' lighthouse '),(185,'slug',0,'en_us',''),(185,'field',169,'en_us',' football cat '),(185,'field',170,'en_us',' west location '),(185,'field',168,'en_us',''),(282,'field',223,'en_us',''),(282,'filename',0,'en_us',' 2012 08 30 11 09 13 jpg '),(36,'slug',0,'en_us',''),(36,'field',68,'en_us',' o yoga health benefits facebook '),(36,'field',70,'en_us',' the gripping tale of how i tested adding a story '),(36,'field',71,'en_us',' lorem ipsum dolor sit amet ius ex putent euripidis assentior nec munere omnium accumsan eu eam case aliquam nusquam ne eruditi corpora eu eum ei mei malis scripserit porro quaestio efficiendi vis ad mel in audiam appellantur ludus omittantur ut eam no iusto consulatu mel vel an wisi assum possim accumsan invenire atomorum eum eu ne vidit vocibus referrentur ius ne graeci electram vis augue fuisset ut cum nibh meliore quo et ad nec sumo essent liberavisse id eam modo scaevola has nostrud ullamcorper ea nec et purto lucilius ne nisl oportere eos nec dicta phaedrum no te duo scripta apeirian atomorum ad duo alii veniam tibique ne his oratio regione ea duo ornatus sententiae repudiandae te vix mazim putant reque voluptua sea ne graece delicata definitiones usu cu in mei apeirian elaboraret alii dolores sed et quas vocibus pri at an vis dictas timeam necessitatibus est eu choro nullam laoreet eos in elitr copiosae tation dolores detracto id qui eum inani denique te id per porro graecis quo repudiare iracundia interpretaris no an ridens facilisis nec eos eu soluta persequeris repudiandae sonet nihil doctus per cu cu eos explicari pertinacia cum te autem saepe clita omnesque per et pri vitae debitis voluptua et est nulla vidisse sanctus eu veritus iracundia ius no usu posse definiebas an quo odio rebum euismod id eu commodo minimum partiendo cum mel etiam nusquam placerat id in est modus liber vituperata eum postea conclusionemque at vel iusto ludus facilisis ei qui tation nostrud an ex pri amet pericula mazim postea deserunt vim ne quo an dicant insolens deserunt ea ius modo natum eruditi et est iudico suavitate suscipiantur omnes convenire voluptatum in per ut nec suas diceret referrentur pro ex equidem propriae ius recteque salutandi sadipscing in id ipsum lucilius reprehendunt qui cu magna impedit menandri mea has ex cetero nusquam novum iriure legendos sea ut pri utamur iisque commune ut vero hendrerit repudiandaeea per eu eum virtute quaeque accommodare ex homero nonumy nec no idque quodsi sed veri adhuc oblique mea no ullamcorper intellegebat conclusionemque in eos dicta dissentias ne sea mea primis dictas ei '),(36,'field',72,'en_us',''),(36,'field',73,'en_us',''),(36,'field',74,'en_us',' http tgp d i co '),(36,'field',75,'en_us',' i have cancer '),(36,'field',76,'en_us',' lorem ipsum dolor sit amet ius ex putent euripidis assentior nec munere omnium accumsan eu eam case aliquam nusquam ne eruditi corpora eu eum ei mei malis scripserit porro quaestio efficiendi vis ad mel in audiam appellantur ludus omittantur ut eam no iusto consulatu mel vel an wisi assum possim accumsan invenire atomorum eum eu '),(36,'field',77,'en_us',''),(116,'field',184,'en_us',' abstractart '),(116,'field',175,'en_us',' tai chi warehouse sale tai chi tai chi '),(39,'slug',0,'en_us',''),(39,'field',68,'en_us',' lighthouse '),(39,'field',70,'en_us',' electric boogaloo '),(39,'field',71,'en_us',' lorem ipsum dolor sit amet ius ex putent euripidis assentior nec munere omnium accumsan eu eam case aliquam nusquam ne eruditi corpora eu eum ei mei malis scripserit porro quaestio efficiendi vis ad mel in audiam appellantur ludus omittantur ut eam no iusto consulatu mel vel an wisi assum possim accumsan invenire atomorum eum eu ne vidit vocibus referrentur ius ne graeci electram vis augue fuisset ut cum nibh meliore quo et ad nec sumo essent liberavisse id eam modo scaevola has nostrud ullamcorper ea nec et purto lucilius ne nisl oportere eos nec dicta phaedrum no te duo scripta apeirian atomorum ad duo alii veniam tibique ne his oratio regione ea duo ornatus sententiae repudiandae te vix mazim putant reque voluptua sea ne graece delicata definitiones usu cu in mei apeirian elaboraret alii dolores sed et quas vocibus pri at an vis dictas timeam necessitatibus est eu choro nullam laoreet eos in elitr copiosae tation dolores detracto id qui eum inani denique te id per porro graecis quo repudiare iracundia interpretaris no an ridens facilisis nec eos eu soluta persequeris repudiandae sonet nihil doctus per cu cu eos explicari pertinacia cum te autem saepe clita omnesque per et pri vitae debitis voluptua et est nulla vidisse sanctus eu veritus iracundia ius no usu posse definiebas an quo odio rebum euismod id eu commodo minimum partiendo cum mel etiam nusquam placerat id in est modus liber vituperata eum postea conclusionemque at vel iusto ludus facilisis ei qui tation nostrud an ex pri amet pericula mazim postea deserunt vim ne quo an dicant insolens deserunt ea ius modo natum eruditi et est iudico suavitate suscipiantur omnes convenire voluptatum in per ut nec suas diceret referrentur pro ex equidem propriae ius recteque salutandi sadipscing in id ipsum lucilius reprehendunt qui cu magna impedit menandri mea has ex cetero nusquam novum iriure legendos sea ut pri utamur iisque commune ut vero hendrerit repudiandae ea per eu eum virtute quaeque accommodare ex homero nonumy nec no idque quodsi sed veri adhuc oblique mea no ullamcorper intellegebat conclusionemque in eos dicta dissentias ne sea mea primis dictas ei '),(39,'field',72,'en_us',''),(39,'field',73,'en_us',' eu eum virtute quaeque accommodare ex homero nonumy nec no idque quodsi sed veri adhuc oblique mea no ullamcorper intellegebat conclusionemque in eos dicta dissentias ne sea mea primis dictas ei '),(39,'field',74,'en_us',''),(39,'field',75,'en_us',' my family member has cancer '),(39,'field',76,'en_us',' eu eum virtute quaeque accommodare ex homero nonumy nec no idque quodsi sed veri adhuc oblique mea no ullamcorper intellegebat conclusionemque in eos dicta dissentias ne sea mea primis dictas ei '),(39,'field',77,'en_us',''),(116,'field',144,'en_us',' helpful websites webmd newsletter spring 2015 sample resource 4 '),(116,'field',193,'en_us',' using creativity to explore express your emotions '),(1,'username',0,'en_us',' thegatheringplaceadmin '),(1,'firstname',0,'en_us',''),(1,'lastname',0,'en_us',''),(1,'fullname',0,'en_us',''),(1,'email',0,'en_us',' branden d i co '),(1,'slug',0,'en_us',''),(4,'username',0,'en_us',' jvanwyhe '),(4,'firstname',0,'en_us',' julie '),(4,'lastname',0,'en_us',' vanwyhe '),(4,'fullname',0,'en_us',' julie vanwyhe '),(4,'email',0,'en_us',' julie d i co '),(4,'slug',0,'en_us',''),(5,'username',0,'en_us',' tproctor '),(5,'firstname',0,'en_us',' tim '),(5,'lastname',0,'en_us',' proctor '),(5,'fullname',0,'en_us',' tim proctor '),(5,'email',0,'en_us',' timandcamiproctor gmail com '),(5,'slug',0,'en_us',''),(30,'username',0,'en_us',' joshwalsh '),(30,'firstname',0,'en_us',' josh '),(30,'lastname',0,'en_us',' walsh '),(30,'fullname',0,'en_us',' josh walsh '),(30,'email',0,'en_us',' josh d i co '),(30,'slug',0,'en_us',''),(2,'field',135,'en_us',' it s true this site doesn t have a whole lot of content yet but don t worry our web developers have just installed the cms and they re setting things up for the content editors this very moment soon tgp d i co will be an oasis of fresh perspectives sharp analyses and astute opinions that will keep you coming back again and again in the meantime check out our first story '),(41,'field',89,'en_us',' this is information on our east primary location the arnold sydell miller family campus23300 commerce parkbeachwood ohio 44122 216 595 9546 this is information on our west location 800 sharon drivewestlake ohio 44145 216 595 9546 eileen saffran lisw s chief executive officerthe gathering place is the realization of a dream for eileen in 23 years as a clinical social worker she envisioned a place for people touched by cancer to find the services and resources integrated with their medical care focusing on enhancing quality of life with dignity and hope through a grassroots movement eileen followed her dream to create the gathering place a community of sharing and support that promotes healing and wellness she recognizes that the cancer experience touches us all and by pulling together as a caring community and family we enhance learning comfort and healing email me '),(169,'extension',0,'en_us',' png '),(169,'field',223,'en_us',' screen shot contact information '),(169,'filename',0,'en_us',' screen shot 2015 03 09 at 8 37 07 am png '),(168,'title',0,'en_us',' book '),(163,'title',0,'en_us',' news article '),(164,'slug',0,'en_us',' website '),(164,'title',0,'en_us',' website '),(165,'slug',0,'en_us',' cancer care center '),(165,'title',0,'en_us',' cancer care center '),(166,'slug',0,'en_us',' general cancer information '),(166,'title',0,'en_us',' general cancer information '),(167,'slug',0,'en_us',' pain management '),(167,'title',0,'en_us',' pain management '),(168,'slug',0,'en_us',' book '),(169,'kind',0,'en_us',' image '),(169,'slug',0,'en_us',' screen shot 2015 03 09 at 8 37 07 am '),(169,'title',0,'en_us',' screen shot contact info '),(98,'field',135,'en_us',' pellentesque ornare sem lacinia quam venenatis vestibulum sed posuere consectetur est lobortis cras mattis consectetur purus sit amet fermentum donec id elit non mi porta gravida at eget metus praesent commodo cursus magna vel scelerisque nisl consectetur et the resources below can help organize the stream of information that accompanies a cancer diagnosis take time in learning about the cancer that has touched you if you re feeling overwhelmed you can always visit our humor and cancer page '),(52,'field',89,'en_us',' not sure what is suppose to be here or the blocks it needs to entail make a referral '),(52,'slug',0,'en_us',' referral '),(52,'title',0,'en_us',' referral '),(170,'field',213,'en_us',' general information '),(268,'field',200,'en_us',' tgp east '),(268,'field',107,'en_us',''),(268,'field',275,'en_us',' donec ullamcorper nulla non metus auctor fringilla vestibulum id ligula porta felis euismod semper aenean eu leo quam pellentesque ornare sem lacinia quam venenatis vestibulum '),(268,'field',276,'en_us',' bornstein touchedbycancer org mary fisher bornstein '),(268,'slug',0,'en_us',' moving forward '),(268,'title',0,'en_us',' moving forward '),(268,'field',144,'en_us',' cleveland clinic oncology helpful websites sample resource 4 webmd '),(98,'field',222,'en_us',' general cancer information '),(98,'field',87,'en_us',' one step closer '),(268,'field',199,'en_us',' support groups '),(268,'field',195,'en_us',' erin rafter mary fisher bornstein '),(61,'field',89,'en_us',' the gathering place has partnered with blackbaud sphere to make giving online that much more secure and easy we are truly appreciative of your support your generosity allows us to continue to provide all of our programs and services free of charge to individuals and families who are touched by cancer thank you for making this possible donate online '),(61,'slug',0,'en_us',' index '),(61,'title',0,'en_us',' index '),(64,'slug',0,'en_us',' warehouse '),(64,'title',0,'en_us',' warehouse '),(64,'field',89,'en_us',' the gathering place warehouseshop our fabulous home furnishings warehouse sale on saturday february 14th from 9am 2pm and sunday february 15th from 10am 12pm select items are 50% off cash or credit card only click here to see some of the items we have for sale the gathering place warehouse home furnishings sale has beautiful furniture at great prices for that empty space in your home items include custom furniture household goods and costume jewelry proceeds support the free programs and services at the gathering place for individuals and families touched by cancer please email cheryl apisdorf at apisdorf touchedbycancer org to be added to the email list to be notified of upcoming warehouse sales how to donate to the gathering place warehousewe accept gently used furniture and other household items which will be sold through our warehouse at 4911 commerce parkway in warrensville heights a quarter mile east of richmond off of miles road directions further down on this page to arrange for someone to come and look at items you would like to donate to our warehouse or to be notified of future warehouse sales please contact cheryl apisdorf at apisdorf touchedbycancer org or 216 595 9546 please note that we do not accept drop off donations of furniture or household items at the gathering place or at our warehouse directionsplease be aware that the warehouse is not in beachwood the warehouse is located at 4911 commerce parkway in warrensville heights from the intersection of chagrin and richmond head south on richmond make a left turn on miles road and commerce parkway is the second street on your left we are in the back of the second last building on the right hand side of the street '),(98,'field',144,'en_us',' sample resource 2 sample resource 3 sample resource 4 sample resource 5 sample resource 6 '),(98,'field',175,'en_us',' tai chi tai chi '),(98,'field',221,'en_us',' nullam quis risus eget urna mollis ornare vel eu leo nullam id dolor id nibh ultricies vehicula ut id elit nulla vitae elit libero a pharetra augue '),(98,'field',176,'en_us',' art therapy '),(98,'field',212,'en_us',' american cancer society cancer factscancer sourcecancer 411national cancer institute fact sheets national comprehensive cancer network general information american psychosocial oncology society website for patients and caregivers offering counseling referrals all over us and toll free helpline 1 866 276 7443 cancarechemotherapy information from chemocaremanage cancer from christina s gardentreatment guidelines standard care plans and guidelines for all types of cancers care management webmd good consumer friendly medical search engine infotrac you access this through cleveland public library using your own library card number from the cleveland public library homepage choose do research from the left side menu then in the blank search space type infotrac when you click on the result it will ask for your card number pubmed academic level abstracts from the national library of medicine s huge database of journal articles reliable medical search engines for any disease including cancer '),(70,'slug',0,'en_us',' support '),(70,'title',0,'en_us',' more ways to support '),(70,'field',89,'en_us',' matching donations thousands of companies through the united states match donations that their employees make to non profit organizations do you know if your company matches donations click here to search a national database of companies who match donations search results include information on how to submit for the matching donations and limits on the amount a company will match you can submit for any of the donations you have made to the gathering place including gifts to our annual fund race for the place and tribute gifts made in honor in celebration and in memory thank you for helping us to double the impact of your donation united way the combined federal campaignare you a donor to the united way or the combined federal campaign if so consider donating a portion of your contribution to the gathering place donors who give $100 or more to united way are allowed to designate up to 50% of their gift to any registered 501 c organization there is no required code number you simply need to list the gathering place beachwood oh on the pledge card in the area where you can choose to designate your gift click here to make your united way donation online scroll all the way to the bottom and click on view investment areas to reveal the field where you can enter the gathering place beachwood and the percentage of your donation you would like to designate to the gathering place donors who give to the combined federal campaign are allowed to designate their entire gift to any of the organizations listed in the combined federal campaign directory to designate to the gathering place please use our cfc id 71814 thank you for supporting our community and for helping us to achieve our mission for questions please contact beth darmstadter chief development officer at darmstadter touchedbycancer org tributes to loved onesgifts in honor of life cycle events of loved ones including birthdays anniversaries and wishes for speedy recoveries as well as memorial giving provide an opportunity to acknowledge those meaningful times when special life cycle events occur please consider making contributions to the gathering place we will promptly acknowledge the requested individual family or organization there are a number of opportunities at the gathering place to acknowledge the special people and events in your life following are special contributions that allow for attribution in our facility library fundsthe mt sinai community partners education center and lending library is a vital asset in our programs and services for one time gifts of at least $500 a plaque can be added to our donor wall in the library pond of lifein our healing garden there is a sculpture of a glass pond which hangs on the wall floating in this pond are glass lily pads with names of people and groups who have had a significant impact on our community these lily pads can be purchased for $1 200 celebration of life fundsthrough a minimum donation of $5 000 our celebration of life funds are designed to grow over time via continued donations due to the nature of their perpetuity these funds are an excellent way of acknowledging life cycle events forever a plaque hangs in our indoor garden acknowledging the following special people brick paversclick here for more information about purchasing at brick pavers at both locations of the gathering place tribute cardstribute cards are also available for purchase these cards which come in packs of five sell for $50 and allow you to make a tribute gift and include your own note if you would like to purchase these cards please come and see ben maureen or sue at the gathering place for more information or to make a tribute contribution please click on the donate online button at the top of the page or contact our chief development officer beth darmstadter at 216 595 9546 or darmstadter touchedbycancer org community based fundraisersthe gathering place is regularly approached by people in the community who would like to raise money to support our mission in addition to the money we receive each of these events also introduces new people to the gathering place we are very appreciative of all the individuals and organizations who help to make these events possible visit the celebrating our caring community page which recognizes those who supported our free programs and services last quarter if you would like to host organize a fund raising event contact beth darmstadter or call 216 595 9546 planned givinghelp the gathering place thrive through planned givingacheive your financial goals while helping secure the future of your family and the gathering place through your planned gift to the gathering place you will have the satisfaction of knowing that you have enhanced the quality of life for those touched by cancer you are helping to ensure that programs and services will be provided at no cost for generations to come the benefits of a planned gift are fulfill your commitment to provide quality of life to those touched by cancercreate a tax efficient way to complement your overall financial planbe acknowledged in perpetuity as a member of the evergreen societyjoin our evergreen societyas an expression of our gratitude for your support we invite you to accept a lifetime membership in our evergreen society as a member you will receive public recognition on a special plaque a listing in our annual report and select newsletters as well as invitations to special evergreen society events planned giving can be an effective means of providing for you and yourfamily as well as benefiting the gathering place we invite you tobecome part of the tradition of giving that sustains the gatheringplace you will join a distinguished group of donors who enjoy thesatisfaction of knowing they have enhanced the quality of life forthose touched by cancer please contact our beth darmstadter chief development officer at darmstadter touchedbycancer org to discuss additional options '),(88,'field',204,'en_us',' the programs at the gathering place heal the body the mind and the spirit we recognize that everyone has different needs while on the cancer journey and we provide programs and services to meet people where they are on the journey whether you are the person with cancer or their loved one cancer impacts how you see the world our job at the gathering place is to help you see things differently to help you see life moving forward during and after cancer seeing things differently could mean accepting a diagnosis finding forgiveness or releasing anger people often describe feeling a sense of peace when they walk through our doors this comes from being a part of a community this comes from feeling safe and connected this comes from knowing you are not alone on your journey '),(88,'field',205,'en_us',' when you walk through the doors of the gathering place you will see art throughout our space art that has been donated to us by individuals and families you will also see art created by our participants in our art therapy programs art is an opportunity to explore the feelings that come with a cancer journey and express them using the creativity that is within each of us '),(88,'field',206,'en_us',' short term one to one counseling and support groups help participants find ways to cope with the emotional impact of a cancer diagnosis there are weekly groups for those diagnosed with cancer and one for family and friends as well as monthly or quarterly drop in groups for specific cancers such as breast prostate blood cancers and oral head and neck cancers two education centers that include lending libraries with over 2 500 books cds and dvds provide information and opportunities to learn more about coping and provide practical information the medical librarian will help you research any questions you may have on cancer and its treatment whether you are newly diagnosed a long term survivor or a family member seeking information lectures and workshops by local experts offer the latest information on cancer treatments and complementary medicine reiki massage and reflexology can help reduce stress and manage pain gentle movement classes such as tai chi yoga and qigong help to rebuild strength and balance and reduce stress exercise classes led by certified fitness trainers help to address the physical side effects of cancer treatment and help to build strength and increase stamina one to one consultations with a licensed dietitian as well as hands on cooking classes help to enhance or create a more healthy life style comprehensive individual and group programs that meet the needs of children and teens coping with an adult family members cancer art and music programs help individuals tap into their creativity to explore and express the emotions that come up during the cancer journey regina brett wig salons provide a free wig to women with cancer related hair loss '),(88,'field',207,'en_us',' the gathering place east was opened in beachwood in january 2000 to meet the needs of individuals and families touched by cancer the facility in beachwood includes norma s garden a beautiful healing space that includes paths for walking and spaces to sit and meditate in 2011 the richman family wellness center was opened to address the side effects from cancer treatment like fatigue and to help build strength and stamina the gathering place east is located at 23300 commerce park the gathering place richman family wellness center is located at 23295 commerce park regardless of which facility you go to access the programs and services offered by the gathering place you will find a caring and supportive staff and the same types of programs to help you and your family cope with a cancer diagnosis '),(88,'field',208,'en_us',' the gathering place west is located in westlake and opened in october of 2008 this facility provides those living west of the cuyahoga an opportunity to utilize our programs and services a little closer to home the gathering place is located at 800 sharon drive regardless of which facility you go to access the programs and services offered by the gathering place you will find a caring and supportive staff and the same types of programs to help you and your family cope with a cancer diagnosis '),(88,'field',203,'en_us',' the mission of the gathering place is to support educate and empower individuals and families touched by cancer through programs and services provided free of charge '),(180,'slug',0,'en_us',''),(181,'field',213,'en_us',' reliable medical search engines for any disease including cancer '),(181,'field',214,'en_us',' webmd good consumer friendly medical search engine infotrac you access this through cleveland public library using your own library card number from the cleveland public library homepage choose do research from the left side menu then in the blank search space type infotrac when you click on the result it will ask for your card number pubmed academic level abstracts from the national library of medicine s huge database of journal articles '),(181,'slug',0,'en_us',''),(184,'field',215,'en_us',' the resources and information given by our staff is not an endorsement of those individuals or practices staff members do not provide medical advice or assistance we make every attempt to stock current legitimate health related materials opinions offered in writing or in lectures do not necessarily reflect the opinions of the gathering place staff or board of trustees we receive no fee for maintaining lists of resources and information it is the responsibility of anyone utilizing this information to fully research the resources provided '),(184,'field',211,'en_us',' maecenas faucibus mollis interdum maecenas sed diam eget risus varius blandit sit amet non magna nullam quis risus eget urna mollis ornare vel eu leo '),(184,'field',216,'en_us',''),(184,'slug',0,'en_us',' repeatingelements '),(184,'title',0,'en_us',' repeating elements '),(76,'field',87,'en_us',' volunteer story '),(88,'field',135,'en_us',' in 1998 eileen saffran told the community a story this story was about a space where people on a cancer journey could seek support a space where people felt safe connected with others and found peace during a time of chaos a space where the entire family was supported the services were free and the largest barrier to entry was admitting you needed help the story resonated with people in the community and as it unfolded more people listened a grass roots effort began in a small conference room and ended in an auditorium listening turned into action those who heard the story became donors volunteers staff members and ambassadors the story came to life and the gathering place was created the gathering place opened its doors in beachwood in 2000 in 2008 a location was opened in westlake and in 2011 the gathering place richman family wellness center opened in beachwood to provide exercise programs for individuals in treatment and those that had completed treatment since opening its doors 15 years ago the gathering place has served over 35 000 individuals who have made more than 271 000 visits '),(176,'field',174,'en_us',' i have cancer '),(176,'field',222,'en_us',' general cancer information '),(182,'slug',0,'en_us',''),(179,'field',213,'en_us',' general information '),(179,'field',214,'en_us',' american cancer societycancer factscancer sourcecancer 411 national cancer institute fact sheets national comprehensive cancer network '),(179,'slug',0,'en_us',''),(180,'field',213,'en_us',' care management '),(180,'field',214,'en_us',' american psychosocial oncology society website for patients and caregivers offering counseling referrals all over us and toll free helpline 1 866 276 7443 cancarechemotherapy information from chemocaremanage cancer from christina s gardentreatment guidelines standard care plans and guidelines for all types of cancers '),(176,'field',87,'en_us',''),(182,'title',0,'en_us',' newsletter final '),(183,'slug',0,'en_us',' newsletter '),(183,'title',0,'en_us',' newsletter '),(176,'field',144,'en_us',''),(176,'field',175,'en_us',''),(176,'field',221,'en_us',' praesent commodo cursus magna donec sed odio duivel scelerisque nisl consectetur et '),(176,'field',176,'en_us',''),(176,'field',212,'en_us',' american cancer societycancer factscancer sourcecancer 411 national cancer institute fact sheets national comprehensive cancer network general information american psychosocial oncology society website for patients and caregivers offering counseling referrals all over us and toll free helpline 1 866 276 7443 cancarechemotherapy information from chemocaremanage cancer from christina s gardentreatment guidelines standard care plans and guidelines for all types of cancers care management webmd good consumer friendly medical search engine infotrac you access this through cleveland public library using your own library card number from the cleveland public library homepage choose do research from the left side menu then in the blank search space type infotrac when you click on the result it will ask for your card number pubmed academic level abstracts from the national library of medicine s huge database of journal articles reliable medical search engines for any disease including cancer '),(76,'slug',0,'en_us',' volunteer '),(76,'title',0,'en_us',' volunteer '),(76,'field',89,'en_us',' volunteer with usvolunteers are an integral part of our community contributing to our success through their support dedication and experience volunteers work with our participants in our education center our children s programs and as greeters in our reception area they also assist with clerical responsibilities help tend norma s garden help coordinate special events attend health fairs present information to community groups about the gathering place and work atthe gathering place warehouse to volunteer at the westlake location contact lynn lubben operations volunteer coordinator in westlake at lubben touchedbycancer org or call 216 595 9546 to volunteer at our beachwood location contact liz krantz volunteer coordinator in beachwood at krantz touchedbycancer org or call 216 595 9546 volunteer storyread story resource namelorem ipsum dolor sit amet consectetur adipiscing elit sed do eiusmod tempor incididunt ut labore et dolore magna aliqua read more volunteer positionsindirect services 1 special events race for the place help with our annual run walk to celebrate national cancer survivorship april early june helping with one day special events as needed supply baked goods or other refreshments for special programs as needed 2 the gathering place home furnishings warehouse assist with sales of donated fine household items at our warrensville heights warehouse as needed 3 miscellaneous clerical help as needed data entry as needed garden weeding and watering may september east location only other skills you offer direct services the following volunteer positions require a training session and a personal interview1 greeter adults 18 years or older responsibilities include answering phones and transferring calls greeting visitors and giving tours of our facility registering participants for programs and services performing some administrative and clerical tasks must be comfortable multi tasking and interacting with various types of people including those in crisis weekly commitment required for 2 3 hour shift 2 children s program adult volunteers 18 years or older will need to complete our background check assist child specialists in the various children s programs adults 18 years or older playroom supervision 14 years or older work alongside staff in our summer animal camp for children 18 years or older requires a week long commitment 3 outreach adults 18 years or older represent the organization by distributing and sharing information about our programs and services at community events health fairs etc responsibilities include picking up and returning outreach materials at the gathering place driving to various locations east and or west of cleveland setting up outreach display and interacting with various types of people community or physician ambassador responsibilities include picking up and delivering gathering place materials quarterly to assigned locations in various communities 4 education center library adults 18 years or older assist participants in their search for information must be comfortable using the computer and have good interpersonal skills perform administrative and clerical tasks as needed by our medical librarian 5 breast cancer connection for breast cancer survivors provide phone support to participants who are newly diagnosed with breast cancer 6 healing arts females only 21 years or older with at least one year of experience background check and references required reiki master licensed massage therapist certified reflexologistprevious volunteer experience how did you hear about the gathering place cancer survivor optional yes noother information or skills you have that you would like to share location you would prefer to volunteer at beachwood location westlake location '),(176,'slug',0,'en_us',''),(176,'title',0,'en_us',' our helpful resources '),(177,'field',223,'en_us',''),(177,'filename',0,'en_us',' gatheringplace_logoperson svg '),(177,'extension',0,'en_us',' svg '),(177,'kind',0,'en_us',' image '),(177,'slug',0,'en_us',''),(177,'title',0,'en_us',' gatheringplace logoperson '),(182,'kind',0,'en_us',' pdf '),(182,'extension',0,'en_us',' pdf '),(182,'field',223,'en_us',''),(182,'filename',0,'en_us',' newsletter final pdf '),(176,'field',135,'en_us',' sed posuere consectetur est lobortis cras mattis consectetur purus sit amet fermentum donec id elit non mi porta gravida at eget metus praesent commodo cursus magna donec sed odio duivel scelerisque nisl consectetur et '),(175,'field',220,'en_us',' http www touchedbycancer org '),(175,'slug',0,'en_us',''),(175,'field',219,'en_us',' the gathering place '),(172,'slug',0,'en_us',''),(100,'field',221,'en_us',' nullam quis risus eget urna mollis ornare vel eu leo nullam id dolor id nibh ultricies vehicula ut id elit nulla vitae elit libero a pharetra augue '),(100,'field',201,'en_us',' webmd http www webmd com '),(100,'field',222,'en_us',' website '),(173,'field',219,'en_us',' webmd '),(173,'field',220,'en_us',' http www webmd com '),(173,'slug',0,'en_us',''),(101,'field',221,'en_us',' nullam quis risus eget urna mollis ornare vel eu leo nullam id dolor id nibh ultricies vehicula ut id elit nulla vitae elit libero a pharetra augue '),(101,'field',145,'en_us',' newsletter final '),(101,'field',222,'en_us',' newsletter '),(102,'field',135,'en_us',' nullam quis risus eget urna mollis ornare vel eu leo nullam id dolor id nibh ultricies vehicula ut id elit nulla vitae elit libero a pharetra augue '),(102,'field',144,'en_us',''),(102,'field',175,'en_us',''),(102,'field',221,'en_us',' nullam quis risus eget urna mollis ornare vel eu leo nullam id dolor id nibh ultricies vehicula ut id elit nulla vitae elit libero a pharetra augue '),(102,'field',176,'en_us',''),(102,'field',212,'en_us',''),(102,'field',87,'en_us',''),(102,'field',174,'en_us',' donor volunteer '),(102,'field',222,'en_us',' news article '),(103,'field',221,'en_us',' nullam quis risus eget urna mollis ornare vel eu leo nullam id dolor id nibh ultricies vehicula ut id elit nulla vitae elit libero a pharetra augue '),(103,'field',201,'en_us',' the gathering place http www touchedbycancer org '),(103,'field',222,'en_us',' website '),(174,'field',219,'en_us',' the gathering place '),(174,'field',220,'en_us',' http www touchedbycancer org '),(174,'slug',0,'en_us',''),(104,'field',221,'en_us',' nullam quis risus eget urna mollis ornare vel eu leo nullam id dolor id nibh ultricies vehicula ut id elit nulla vitae elit libero a pharetra augue '),(104,'field',201,'en_us',' the gathering place http www touchedbycancer org '),(104,'field',222,'en_us',' cancer care center '),(120,'slug',0,'en_us',' east location '),(119,'title',0,'en_us',' west location '),(119,'slug',0,'en_us',' west location '),(82,'slug',0,'en_us',' i have cancer '),(82,'title',0,'en_us',' i have cancer '),(83,'slug',0,'en_us',' my family member has cancer '),(83,'title',0,'en_us',' my family member has cancer '),(118,'title',0,'en_us',' donor volunteer '),(118,'slug',0,'en_us',' donor volunteer '),(112,'field',188,'en_us',''),(112,'field',179,'en_us',' emily martin '),(88,'field',146,'en_us',''),(88,'field',1,'en_us',''),(88,'field',87,'en_us',' sample story 1 one step closer '),(88,'field',158,'en_us',''),(88,'slug',0,'en_us',' aboutus '),(88,'title',0,'en_us',' about the gathering place '),(162,'title',0,'en_us',' facility contact '),(162,'slug',0,'en_us',' facility contact '),(217,'field',237,'en_us',' https www flickr com photos thegatheringplaceoh sets '),(93,'field',143,'en_us',' 2015 03 11 '),(93,'slug',0,'en_us',' tai chi east wed '),(93,'title',0,'en_us',' tai chi '),(93,'field',89,'en_us',' current calendar of programs and servicesplease click here to receive our quarterly newsletter and bi weekly e newsletter be sure to provide your name along with an email address for an electronic version or a mailing address for a paper version january march 2015 calendar of programs and services our calendar is published quarterly and emailed to our participants and the community as well as delivered to organizations and health care facilities in the community if you are receiving our calendar by email but need to have it mailed to you please contact cheryl apisdorf at 216 595 9546 or via email at apisdorf touchedbycancer org please note that we email an e news update every other week to remind you of upcoming programs and to alert you to anything new if your email changes please let us know so that we can update our database '),(170,'field',214,'en_us',' american cancer society cancer factscancer sourcecancer 411national cancer institute fact sheets national comprehensive cancer network '),(170,'slug',0,'en_us',''),(171,'field',213,'en_us',' care management '),(171,'field',214,'en_us',' american psychosocial oncology society website for patients and caregivers offering counseling referrals all over us and toll free helpline 1 866 276 7443 cancarechemotherapy information from chemocaremanage cancer from christina s gardentreatment guidelines standard care plans and guidelines for all types of cancers '),(171,'slug',0,'en_us',''),(172,'field',213,'en_us',' reliable medical search engines for any disease including cancer '),(172,'field',214,'en_us',' webmd good consumer friendly medical search engine infotrac you access this through cleveland public library using your own library card number from the cleveland public library homepage choose do research from the left side menu then in the blank search space type infotrac when you click on the result it will ask for your card number pubmed academic level abstracts from the national library of medicine s huge database of journal articles '),(136,'slug',0,'en_us',' oral head neck center '),(135,'title',0,'en_us',' support groups '),(135,'slug',0,'en_us',' support groups '),(127,'slug',0,'en_us',' i have a new disease '),(127,'title',0,'en_us',' i have a new disease '),(35,'field',174,'en_us',' i have cancer '),(38,'field',174,'en_us',' my family member has cancer '),(96,'username',0,'en_us',' dlimburg '),(96,'firstname',0,'en_us',' dale '),(96,'lastname',0,'en_us',' limburg '),(96,'fullname',0,'en_us',' dale limburg '),(96,'email',0,'en_us',' dale d i co '),(96,'slug',0,'en_us',''),(228,'filename',0,'en_us',' tgp auditedfinancialstatements fy1314 pdf '),(150,'field',237,'en_us',' https www flickr com photos thegatheringplaceoh sets '),(35,'field',177,'en_us',''),(35,'field',144,'en_us',' cleveland clinic oncology '),(35,'field',175,'en_us',' tai chi grief support group east '),(35,'field',176,'en_us',' tai chi '),(98,'field',47,'en_us',''),(98,'field',9,'en_us',''),(98,'slug',0,'en_us',' helpful websites '),(98,'title',0,'en_us',' helpful websites '),(163,'slug',0,'en_us',' news article '),(100,'field',47,'en_us',''),(100,'field',9,'en_us',''),(100,'slug',0,'en_us',' sample resource 2 '),(100,'title',0,'en_us',' webmd '),(101,'field',47,'en_us',''),(101,'field',9,'en_us',''),(101,'slug',0,'en_us',' newsletter spring 2015 '),(101,'title',0,'en_us',' newsletter spring 2015 '),(102,'field',47,'en_us',''),(102,'field',9,'en_us',''),(102,'slug',0,'en_us',' sample resource 4 '),(102,'title',0,'en_us',' sample resource 4 '),(103,'field',47,'en_us',''),(103,'field',9,'en_us',''),(103,'slug',0,'en_us',' sample resource 5 '),(103,'title',0,'en_us',' sample resource 5 '),(104,'field',47,'en_us',''),(104,'field',9,'en_us',''),(104,'slug',0,'en_us',' sample resource 6 '),(104,'title',0,'en_us',' sample resource 6 '),(98,'field',174,'en_us',' i have cancer '),(100,'field',174,'en_us',' i have cancer '),(101,'field',174,'en_us',' i have cancer my family member has cancer '),(104,'field',174,'en_us',' healthcare professional '),(103,'field',174,'en_us',' my family member has cancer '),(105,'field',179,'en_us',' wendy miano dnp rn aocn '),(105,'field',180,'en_us',''),(105,'field',181,'en_us',' 0 '),(105,'field',182,'en_us',' crossroads hospitals '),(105,'slug',0,'en_us',' council member '),(105,'title',0,'en_us',' stacie beck '),(106,'field',179,'en_us',' laura rocker md '),(106,'field',180,'en_us',''),(106,'field',181,'en_us',' 0 '),(106,'field',182,'en_us',' cleveland clinic '),(106,'slug',0,'en_us',' council member '),(106,'title',0,'en_us',' rene barrat gordon '),(107,'field',179,'en_us',' cynthia greenberg '),(107,'field',180,'en_us',''),(107,'field',181,'en_us',' 1 '),(107,'field',182,'en_us',' cleveland clinic '),(107,'slug',0,'en_us',' council member '),(107,'title',0,'en_us',' joseph p crowe '),(38,'field',177,'en_us',''),(38,'field',144,'en_us',''),(38,'field',175,'en_us',''),(38,'field',176,'en_us',''),(138,'slug',0,'en_us',' yoga '),(110,'field',188,'en_us',' mba '),(110,'field',179,'en_us',' cheryl aspidorf '),(110,'field',189,'en_us',' staffphotos 16 '),(109,'filename',0,'en_us',' janiss jpg '),(109,'extension',0,'en_us',' jpg '),(109,'kind',0,'en_us',' image '),(109,'slug',0,'en_us',' janis '),(109,'title',0,'en_us',' janis '),(110,'field',180,'en_us',' outreach coordinator '),(110,'field',191,'en_us',' maecenas faucibus mollis interdum maecenas sed diam eget risus varius blandit sit amet non magna nullam quis risus eg '),(2,'field',279,'en_us',' left https www youtube com embed v mc8nktove '),(110,'field',190,'en_us',' maecenas faucib nullam quis risus eget urna mollis ornare vel eu leo nullam id dolor id nibh ultricies vehicula ut id elit nulla vitae elit libero a pharetra augue cum sociis natoque penatibus et magnis dis parturient montes nascetur ridiculus mus sed posuere consectetur est at lobortis vivamus sagittis lacus vel augue laoreet rutrum faucibus dolor auctor '),(110,'field',192,'en_us',' aspidorf touchedbycancer org '),(110,'slug',0,'en_us',' staff '),(110,'title',0,'en_us',' cheryl apisdorf '),(112,'field',189,'en_us',' janis '),(112,'field',180,'en_us',' chair '),(112,'field',182,'en_us',' emm consulting '),(112,'slug',0,'en_us',' board of directors '),(112,'title',0,'en_us',' emily martin '),(113,'field',67,'en_us',' i still had options but now the aim was to buy time not for a cure lighthouse emily survives cancer and shaves for a cure after trying everything to cure her cancer emily was given three months to live then something amazing happened her cancer went away read emily s survival story and learn why she shaves her head to raise money for childhood cancer research i was given three months to live that was 17 years ago at the age of 11 i was diagnosed with late stage osteosarcoma of the spine and ribs as is typical with bone cancers i had been having pain for a couple of months but it wasn t until i injured my knee rollerskating and went completely paralyzed from the waist down that doctors found a grapefruit sized tumor that had grown into four ribs around my spine and into my lungs they found it with a simple x ray my doctors gave me slim chances of either beating cancer or of regaining my ability walk when given a choice of protocol i decided to go with the big guns chemotherapy heavy radiation a massive 24 hour surgery and a randomized experimental therapeutic trial of a drug that was created by a veterinarian for use in animals in surgery doctors took out four of my ribs half of four vertebrae the lower lobe of my left lung put in two sets of titanium rods fused my entire spine did bone grafts and implanted radiated seeds in a gortex mesh the surgery was a success taking only 18 hours instead of the projected 24 hours and i came out of it without becoming paralyzed once more life was going well i was still reacting positively to chemotherapy and radiation and we knew i was receiving the experimental drug and not a placebo due to my response i was gaining strength through physical therapy and had learned to walk again with assistance of a walker and crutches and then it came the call the call where you end up in a windowless room with all your doctors and nurses and social workers it s bad when you relapse it s worse when you relapse while still on chemo i ll never forget that moment how sad my parents were the shock on my brother s face i still had options but now the aim was to buy time not a cure once again i had a choice more chemo or stop all treatments i emphatically declined further treatments i was at peace due to my personal faith and the faith i had in my doctors i knew we had tried everything i would take the three months they gave me and live i would go to the top of pike s peak see the grand canyon once more celebrate my 21st birthday go to prom take one final vacation to disney world and spend my time with family and friends watching as many sunrises and sunsets as i could along the way then a miracle happened the metastasis in my lung went away during those three months and i became cancer free i choose to believe that a large part of my survival is due to the experimental treatment and having a team like the one i have my miracle is the biggest reason i am such a supporter of the st baldrick s stand up to cancer pediatric cancer dream team partnership kids need cures for cancer that don t ruin their bodies this miracle is why i ve shaved my head three times and why i will shave again next year with every head shaved and every donation made we are one step closer to better cancer treatments and finding cures for children like me and for all our friends '),(93,'field',87,'en_us',''),(160,'field',135,'en_us',' this is where the introduction to this page would go this should only be entered once the rest of the entries in this section should be individual members of the advisory committee '),(113,'field',177,'en_us',''),(113,'field',174,'en_us',' i have cancer '),(113,'field',144,'en_us',' helpful websites webmd newsletter spring 2015 sample resource 4 '),(113,'field',175,'en_us',' tai chi '),(113,'field',176,'en_us',' tai chi '),(113,'field',87,'en_us',' sample story 1 '),(113,'field',2,'en_us',''),(113,'slug',0,'en_us',' one step closer '),(113,'title',0,'en_us',' one step closer '),(114,'field',68,'en_us',' lighthouse '),(114,'field',70,'en_us',' emily survives cancer and shaves for a cure '),(114,'field',71,'en_us',' after trying everything to cure her cancer emily was given three months to live then something amazing happened her cancer went away read emily s survival story and learn why she shaves her head to raise money for childhood cancer research i was given three months to live that was 17 years ago at the age of 11 i was diagnosed with late stage osteosarcoma of the spine and ribs as is typical with bone cancers i had been having pain for a couple of months but it wasn t until i injured my knee rollerskating and went completely paralyzed from the waist down that doctors found a grapefruit sized tumor that had grown into four ribs around my spine and into my lungs they found it with a simple x ray my doctors gave me slim chances of either beating cancer or of regaining my ability walk when given a choice of protocol i decided to go with the big guns chemotherapy heavy radiation a massive 24 hour surgery and a randomized experimental therapeutic trial of a drug that was created by a veterinarian for use in animals in surgery doctors took out four of my ribs half of four vertebrae the lower lobe of my left lung put in two sets of titanium rods fused my entire spine did bone grafts and implanted radiated seeds in a gortex mesh the surgery was a success taking only 18 hours instead of the projected 24 hours and i came out of it without becoming paralyzed once more life was going well i was still reacting positively to chemotherapy and radiation and we knew i was receiving the experimental drug and not a placebo due to my response i was gaining strength through physical therapy and had learned to walk again with assistance of a walker and crutches and then it came the call the call where you end up in a windowless room with all your doctors and nurses and social workers it s bad when you relapse it s worse when you relapse while still on chemo i ll never forget that moment how sad my parents were the shock on my brother s face i still had options but now the aim was to buy time not a cure once again i had a choice more chemo or stop all treatments i emphatically declined further treatments i was at peace due to my personal faith and the faith i had in my doctors i knew we had tried everything i would take the three months they gave me and live i would go to the top of pike s peak see the grand canyon once more celebrate my 21st birthday go to prom take one final vacation to disney world and spend my time with family and friends watching as many sunrises and sunsets as i could along the way then a miracle happened the metastasis in my lung went away during those three months and i became cancer free i choose to believe that a large part of my survival is due to the experimental treatment and having a team like the one i have my miracle is the biggest reason i am such a supporter of the st baldrick s stand up to cancer pediatric cancer dream team partnership kids need cures for cancer that don t ruin their bodies this miracle is why i ve shaved my head three times and why i will shave again next year with every head shaved and every donation made we are one step closer to better cancer treatments and finding cures for children like me and for all our friends '),(114,'field',72,'en_us',''),(114,'field',73,'en_us',' i still had options but now the aim was to buy time not for a cure '),(114,'field',74,'en_us',''),(114,'slug',0,'en_us',''),(123,'email',0,'en_us',' jewalsh designinginteractive com '),(123,'slug',0,'en_us',''),(137,'title',0,'en_us',' exercise '),(137,'slug',0,'en_us',' exercise '),(136,'title',0,'en_us',' oral head neck center '),(123,'fullname',0,'en_us',' jeremy walsh '),(116,'field',135,'en_us',' art and music classes provide an opportunity to tap into one s creativity to explore and express the emotions that come up while on the cancer journey the programs are for those currently dealing with cancer in their daily lives this includes those in treatment those who are coping with the physical and or emotional side effects of treatment those who are actively supporting someone with cancer or someone who is grieving the recent loss of a loved one from cancer '),(116,'field',276,'en_us',''),(288,'field',223,'en_us',''),(288,'filename',0,'en_us',' simplicity jpg '),(288,'extension',0,'en_us',' jpg '),(288,'kind',0,'en_us',' image '),(288,'slug',0,'en_us',''),(288,'title',0,'en_us',' simplicity '),(289,'filename',0,'en_us',' abstractart jpg '),(289,'extension',0,'en_us',' jpg '),(289,'kind',0,'en_us',' image '),(289,'slug',0,'en_us',''),(289,'title',0,'en_us',' abstractart '),(116,'field',176,'en_us',' tai chi '),(116,'field',87,'en_us',' sample story 2 '),(116,'field',177,'en_us',''),(116,'field',194,'en_us',''),(290,'field',193,'en_us',''),(290,'field',144,'en_us',''),(290,'field',184,'en_us',''),(290,'field',176,'en_us',''),(290,'field',87,'en_us',''),(290,'field',174,'en_us',' i have cancer my family member has cancer '),(290,'field',135,'en_us',' experience the combination of two great methods of releasing stress and emotions no art or drumming experience necessary drums will be provided advance registration required facilitator laurie linden lisw atr bc tuesdays august 4th 11th 18th 25th 4 30 6 00pm '),(116,'field',195,'en_us',''),(116,'field',197,'en_us',' aspidorf touchedbycancer org '),(116,'slug',0,'en_us',' art music '),(116,'title',0,'en_us',' art music '),(116,'field',275,'en_us',''),(116,'field',174,'en_us',' i have cancer my family member has cancer '),(117,'slug',0,'en_us',' healthcare professional '),(117,'title',0,'en_us',' healthcare professional '),(120,'title',0,'en_us',' east location '),(88,'field',167,'en_us',' west location football cat east location lighthouse lighthouse west location janis janis east location walrus '),(88,'field',175,'en_us',''),(88,'field',176,'en_us',' art therapy '),(148,'field',158,'en_us',' beachwood the arnold sydell miller family campus oh 23300 commerce park 44122 '),(123,'username',0,'en_us',' jeremywalsh '),(123,'lastname',0,'en_us',' walsh '),(123,'firstname',0,'en_us',' jeremy '),(148,'field',237,'en_us',' https www flickr com photos thegatheringplaceoh sets '),(76,'field',174,'en_us',' donor volunteer '),(132,'field',67,'en_us',' in eam fierent volutpat urbanitas eum dolor accusata an at nec graeci perpetua rebum denique ei mea eu duo laudem moderatius reformidans ius et tation perpetua mei illum sadipscing efficiantur ea pro ea erat alienum volutpat ei sed modo unum probo vis amet lorem an lighthouse story about volunteering has magna diceret ut ut cum menandri iracundia delicatissimi eu sumo vitae neglegentur mel ea mel mollis atomorum dignissim his nominati persequeris appellantur id pri an causae verterem eius erant at pri ea ius vero prima intellegat nec amet voluptaria disputando ei te sed suas diceret id torquatos deseruisse per at sit amet suscipit efficiantur pri ut possit invenire mel natum iriure liberavisse ad prima dissentiet ex duo doctus vituperata an vim ad apeirian consequuntur sea id vix probatus dissentiet vis dolor habemus suavitate ea vocibus accumsan definiebas sit in sonet partem aperiam nam et at nulla nobis utinam sea eum ad dicam ridens vis ut possit labores delectus per erant regione periculis et pri mundi ocurreret eu quo placerat tincidunt abhorreant an prompta delenit percipit sit in id illum percipitur pri ex quem tacimates pri vim ea dictas recteque ex mel labores legimus forensibus graece contentiones ut sit ludus ignota feugait ei usu illum saperet constituto eos ex est quot error mnesarchum at et blandit expetenda abhorreant mei qui et justo partiendo molestiae nostro eligendi his id eu vim purto rebum vitae dictas tincidunt theophrastus ex vis accusamus expetendis ei pro qui debet labores eu sed ei commune consetetur mei ne mollis aperiam suavitate pri melius latine voluptatibus ei posse adversarium te qui graeci blandit est id cum ex simul epicurei et assum libris patrioque his quo diceret graecis perfecto ex in eam fierent volutpat urbanitas eum dolor accusata an at nec graeci perpetua rebum denique ei mea eu duo laudem moderatius reformidans ius et tation perpetua mei illum sadipscing efficiantur ea pro ea erat alienum volutpat ei sed modo unum probo vis amet lorem an moderatius liberavisse ex eos ne omnesque disputationi his graecis iudicabit cu nam his tibique epicuri pertinax in eum nusquam vivendum tractatos et partiendo iudicabit mei no graeco consulatu id duo laudem corrumpit mel cu no nulla debitis eos qui labore cotidieque ex '),(228,'field',223,'en_us',''),(132,'field',177,'en_us',''),(132,'field',174,'en_us',' donor volunteer '),(132,'field',144,'en_us',' sample resource 4 sample resource 5 '),(132,'field',175,'en_us',' tai chi '),(132,'field',176,'en_us',' art therapy '),(132,'field',87,'en_us',' sample story 2 '),(132,'field',2,'en_us',''),(132,'slug',0,'en_us',' volunteer story '),(132,'title',0,'en_us',' volunteer story '),(133,'field',68,'en_us',' lighthouse '),(133,'field',70,'en_us',' story about volunteering '),(133,'field',71,'en_us',' has magna diceret ut ut cum menandri iracundia delicatissimi eu sumo vitae neglegentur mel ea mel mollis atomorum dignissim his nominati persequeris appellantur id pri an causae verterem eius erant at pri ea ius vero prima intellegat nec amet voluptaria disputando ei te sed suas diceret id torquatos deseruisse per at sit amet suscipit efficiantur pri ut possit invenire mel natum iriure liberavisse ad prima dissentiet ex duo doctus vituperata an vim ad apeirian consequuntur sea id vix probatus dissentiet vis dolor habemus suavitate ea vocibus accumsan definiebas sit in sonet partem aperiam nam et at nulla nobis utinam sea eum ad dicam ridens vis ut possit labores delectus per erant regione periculis et pri mundi ocurreret eu quo placerat tincidunt abhorreant an prompta delenit percipit sit in id illum percipitur pri ex quem tacimates pri vim ea dictas recteque ex mel labores legimus forensibus graece contentiones ut sit ludus ignota feugait ei usu illum saperet constituto eos ex est quot error mnesarchum at et blandit expetenda abhorreant mei qui et justo partiendo molestiae nostro eligendi his id eu vim purto rebum vitae dictas tincidunt theophrastus ex vis accusamus expetendis ei pro qui debet labores eu sed ei commune consetetur mei ne mollis aperiam suavitate pri melius latine voluptatibus ei posse adversarium te qui graeci blandit est id cum ex simul epicurei et assum libris patrioque his quo diceret graecis perfecto ex in eam fierent volutpat urbanitas eum dolor accusata an at nec graeci perpetua rebum denique ei mea eu duo laudem moderatius reformidans ius et tation perpetua mei illum sadipscing efficiantur ea pro ea erat alienum volutpat ei sed modo unum probo vis amet lorem an moderatius liberavisse ex eos ne omnesque disputationi his graecis iudicabit cu nam his tibique epicuri pertinax in eum nusquam vivendum tractatos et partiendo iudicabit mei no graeco consulatu id duo laudem corrumpit mel cu no nulla debitis eos qui labore cotidieque ex '),(133,'field',72,'en_us',''),(133,'field',73,'en_us',' in eam fierent volutpat urbanitas eum dolor accusata an at nec graeci perpetua rebum denique ei mea eu duo laudem moderatius reformidans ius et tation perpetua mei illum sadipscing efficiantur ea pro ea erat alienum volutpat ei sed modo unum probo vis amet lorem an '),(133,'field',74,'en_us',''),(133,'slug',0,'en_us',''),(134,'filename',0,'en_us',' lighthouse jpg '),(134,'extension',0,'en_us',' jpg '),(134,'kind',0,'en_us',' image '),(134,'slug',0,'en_us',''),(134,'title',0,'en_us',' lighthouse '),(217,'field',158,'en_us',' beachwood richman family wellness center oh 23295 commerce park 44122 '),(217,'field',167,'en_us',''),(142,'slug',0,'en_us',' educational events '),(142,'title',0,'en_us',' educational events '),(143,'slug',0,'en_us',' nutrition '),(143,'title',0,'en_us',' nutrition '),(144,'slug',0,'en_us',' bereavement '),(144,'title',0,'en_us',' bereavement '),(145,'slug',0,'en_us',' blood cancers '),(145,'title',0,'en_us',' blood cancers '),(146,'slug',0,'en_us',' meditation '),(146,'title',0,'en_us',' meditation '),(147,'slug',0,'en_us',' wellness center '),(147,'title',0,'en_us',' wellness center '),(148,'field',167,'en_us',''),(148,'slug',0,'en_us',' east '),(148,'title',0,'en_us',' tgp east '),(149,'field',159,'en_us',' the arnold sydell miller family campus '),(149,'field',160,'en_us',''),(149,'field',161,'en_us',' 23300 commerce park '),(149,'field',162,'en_us',' beachwood '),(149,'field',163,'en_us',' oh '),(149,'field',164,'en_us',' 44122 '),(149,'slug',0,'en_us',''),(150,'field',158,'en_us',' westlake the gathering place west oh 800 sharon drive 44145 '),(150,'field',167,'en_us',''),(150,'slug',0,'en_us',' west '),(150,'title',0,'en_us',' tgp west '),(151,'field',159,'en_us',' the gathering place west '),(151,'field',160,'en_us',''),(151,'field',161,'en_us',' 800 sharon drive '),(151,'field',162,'en_us',' westlake '),(151,'field',163,'en_us',' oh '),(151,'field',164,'en_us',' 44145 '),(151,'slug',0,'en_us',''),(93,'field',184,'en_us',''),(93,'field',135,'en_us',' focus on wellness and what you can do to boost your energy open up and release tension movements are done in a standing and seated positions and you may sit at anytime tai chi increases leg strength balance and flexibility advance registration by calling 216 595 9546 or by email see below lead by susan cadyclick here to email betsy kohn ma pc and let her know you are interested in tai chi she will contact you to complete registration please include your name and phone number in the email '),(93,'field',176,'en_us',' tai chi '),(93,'field',200,'en_us',' east campus '),(93,'field',107,'en_us',''),(152,'field',144,'en_us',''),(152,'field',193,'en_us',''),(152,'field',174,'en_us',' i have cancer '),(152,'field',175,'en_us',''),(152,'field',176,'en_us',''),(152,'field',184,'en_us',''),(152,'field',87,'en_us',''),(152,'field',135,'en_us',' focus on wellness and what you can do to boost your energy open up and release tension movements are done in a standing and seated position and you may sit at anytime tai chi increases leg strength balance and flexibility advance registration by calling 216 595 9546 or by email see below tgp east wednesdays 2 00 3 15 pm susan cadythursdays 11 00 am 12 15 pm charlene nevansclick here to email betsy kohn ma pc and let her know you are interested in tai chi she will contact you to complete registration please include your name and phone number in the email tgp west thursdays 6 30 7 45 pm michael stadulclick here to email susan marinac lisw s mt bc and let her know you are interested in tai chi she will contact you to complete registration please include your name and phone number in the email '),(152,'field',177,'en_us',' lighthouse '),(152,'field',194,'en_us',''),(152,'field',195,'en_us',''),(152,'field',197,'en_us',''),(152,'slug',0,'en_us',' tai chi '),(152,'title',0,'en_us',' tai chi '),(153,'field',144,'en_us',''),(153,'field',193,'en_us',''),(153,'field',174,'en_us',' i have cancer '),(153,'field',175,'en_us',''),(153,'field',176,'en_us',''),(153,'field',184,'en_us',' lighthouse '),(153,'field',87,'en_us',''),(153,'field',135,'en_us',' focus on wellness and what you can do to boost your energy open up and release tension movements are done in a standing and seated position and you may sit at anytime tai chi increases leg strength balance and flexibility advance registration by calling 216 595 9546 or by email see below tgp east wednesdays 2 00 3 15 pm susan cadythursdays 11 00 am 12 15 pm charlene nevansclick here to email betsy kohn ma pc and let her know you are interested in tai chi she will contact you to complete registration please include your name and phone number in the email tgp west thursdays 6 30 7 45 pm michael stadulclick here to email susan marinac lisw s mt bc and let her know you are interested in tai chi she will contact you to complete registration please include your name and phone number in the email '),(153,'field',177,'en_us',''),(153,'field',194,'en_us',''),(153,'field',195,'en_us',''),(153,'field',197,'en_us',''),(153,'slug',0,'en_us',' tai chi '),(153,'title',0,'en_us',' tai chi '),(154,'field',144,'en_us',''),(154,'field',193,'en_us',''),(154,'field',174,'en_us',' donor volunteer '),(154,'field',175,'en_us',''),(154,'field',176,'en_us',''),(154,'field',184,'en_us',''),(154,'field',87,'en_us',''),(154,'field',135,'en_us',''),(154,'field',177,'en_us',''),(154,'field',194,'en_us',''),(154,'field',195,'en_us',''),(154,'field',197,'en_us',''),(154,'slug',0,'en_us',' tai chi '),(154,'title',0,'en_us',' tai chi '),(155,'field',144,'en_us',' resources index page sample resource 1 sample resource 2 '),(155,'field',193,'en_us',''),(155,'field',174,'en_us',''),(155,'field',175,'en_us',' tai chi '),(155,'field',176,'en_us',' art therapy '),(155,'field',184,'en_us',''),(155,'field',87,'en_us',' sample story 1 one step closer '),(155,'field',135,'en_us',''),(155,'field',177,'en_us',''),(155,'field',194,'en_us',''),(155,'field',195,'en_us',''),(155,'field',197,'en_us',''),(155,'slug',0,'en_us',' tai chi '),(155,'title',0,'en_us',' tai chi '),(156,'field',184,'en_us',''),(156,'field',143,'en_us',' 2015 03 12 '),(156,'field',135,'en_us',' focus on wellness and what you can do to boost your energy open up and release tension movements are done in a standing and seated position and you may sit at anytime tai chi increases leg strength balance and flexibility advance registration by calling 216 595 9546 or by email see below lead by charlene nevansclick here to email betsy kohn ma pc and let her know you are interested in tai chi she will contact you to complete registration please include your name and phone number in the email '),(156,'field',176,'en_us',' tai chi '),(156,'field',200,'en_us',' east campus '),(156,'field',107,'en_us',''),(156,'slug',0,'en_us',' tai chi east thur '),(156,'title',0,'en_us',' tai chi '),(157,'field',144,'en_us',' resources index page sample resource 1 sample resource 2 '),(157,'field',193,'en_us',''),(157,'field',174,'en_us',' i have cancer '),(157,'field',175,'en_us',' tai chi tai chi '),(157,'field',176,'en_us',' art therapy '),(157,'field',184,'en_us',''),(157,'field',87,'en_us',' sample story 1 '),(157,'field',135,'en_us',' focus on wellness and what you can do to boost your energy open up and release tension movements are done in a standing and seated position and you may sit at anytime tai chi increases leg strength balance and flexibility advance registration by calling 216 595 9546 or by email see below tgp east wednesdays 2 00 3 15 pm susan cadythursdays 11 00 am 12 15 pm charlene nevansclick here to email betsy kohn ma pc and let her know you are interested in tai chi she will contact you to complete registration please include your name and phone number in the email tgp west thursdays 6 30 7 45 pm michael stadulclick here to email susan marinac lisw s mt bc and let her know you are interested in tai chi she will contact you to complete registration please include your name and phone number in the email '),(157,'field',177,'en_us',''),(157,'field',194,'en_us',''),(157,'field',195,'en_us',''),(157,'field',197,'en_us',''),(157,'slug',0,'en_us',' tai chi '),(157,'title',0,'en_us',' tai chi '),(158,'field',144,'en_us',' helpful websites webmd '),(158,'field',193,'en_us',''),(158,'field',174,'en_us',' i have cancer '),(158,'field',175,'en_us',' tai chi tai chi '),(158,'field',176,'en_us',' art therapy '),(158,'field',184,'en_us',' lighthouse '),(158,'field',87,'en_us',' sample story 1 '),(158,'field',135,'en_us',' focus on wellness and what you can do to boost your energy open up and release tension movements are done in a standing and seated position and you may sit at anytime tai chi increases leg strength balance and flexibility advance registration by calling 216 595 9546 or by email see below tgp east wednesdays 2 00 3 15 pm susan cadythursdays 11 00 am 12 15 pm charlene nevanscontact betsy kohn ma pctgp west thursdays 6 30 7 45 pm michael stadulcontact susan marinac lisw s mt bc '),(158,'field',275,'en_us',' please get in touch with the instructor to let her know you are interested in tai chi she will contact you to complete registration please include your name and phone number in the email '),(158,'field',177,'en_us',''),(158,'field',194,'en_us',' please get in touch with the instructor to let her know you are interested in tai chi she will contact you to complete registration please include your name and phone number in the email '),(158,'field',195,'en_us',' erin rafter susan marinac '),(158,'field',197,'en_us',''),(158,'slug',0,'en_us',' tai chi '),(158,'title',0,'en_us',' tai chi '),(159,'field',184,'en_us',' lighthouse '),(159,'field',143,'en_us',' 2015 03 12 '),(159,'field',135,'en_us',' focus on wellness and what you can do to boost your energy open up and release tension movements are done in a standing and seated position and you may sit at anytime tai chi increases leg strength balance and flexibility advance registration by calling 216 595 9546 or by email see below lead by michael stadulclick here to email susan marinac lisw s mt bc and let her know you are interested in tai chi she will contact you to complete registration please include your name and phone number in the email '),(159,'field',176,'en_us',' tai chi '),(159,'field',200,'en_us',' west campus '),(159,'field',107,'en_us',''),(159,'slug',0,'en_us',' tai chi west thur '),(159,'title',0,'en_us',' tai chi '),(93,'field',174,'en_us',' i have cancer '),(93,'field',199,'en_us',' tai chi '),(160,'slug',0,'en_us',' the advisory committee '),(160,'title',0,'en_us',' the advisory committee '),(76,'field',135,'en_us',' overview of volunteering opportunities at the gathering place '),(76,'field',202,'en_us',' become a volunteer lorem ipsum dolor sit amet dicant sanctus ut quo sententiae interesset duo an virtute nostrud persequeris no has at mei choro appellantur reprehendunt omnes adolescens reprehendunt eu vel per tollit dictas civibus ut '),(161,'field',209,'en_us',' become a volunteer '),(161,'field',210,'en_us',' lorem ipsum dolor sit amet dicant sanctus ut quo sententiae interesset duo an virtute nostrud persequeris no has at mei choro appellantur reprehendunt omnes adolescens reprehendunt eu vel per tollit dictas civibus ut '),(161,'slug',0,'en_us',''),(188,'field',168,'en_us',''),(188,'field',169,'en_us',' walrus '),(188,'field',170,'en_us',' east location '),(188,'slug',0,'en_us',''),(70,'field',135,'en_us',' sed posuere consectetur est lobortis cras mattis consectetur purus sit amet fermentum donec id elit non mi porta gravida at eget metus praesent commodo cursus magna donec sed odio duivel scelerisque nisl consectetur et fusce dapibus tellus ac cursus commodo tortor mauris condimentum nibh ut fermentum massa justo sit amet risus '),(70,'field',225,'en_us',' upcoming events gatheringplace logoperson janis http www flickr com photos thegatheringplaceoh sets 72157638738695283 see images vivamus sagittis lacus vel augue laoreet rutrum faucibus dolor auctor nulla vitae elit libero a pharetra augue nullam quis risus eget urna mollis ornare vel eu leo etiam porta sem malesuada magna mollis euismod fusce dapibus tellus ac cursus commodo tortor mauris condimentum nibh ut fermentum massa justo sit amet risus donec ullamcorper nulla non metus auctor fringilla cras mattis consectetur purus sit amet fermentum cum sociis natoque penatibus et magnis dis parturient montes nascetur ridiculus mus nulla vitae elit libero a pharetra augue aenean lacinia bibendum nulla sed consectetur community fundraisers janis lighthouse http www flickr com photos thegatheringplaceoh sets 72157638738695283 see images donec id elit non mi porta gravida at eget metus vivamus sagittis lacus vel augue laoreet rutrum faucibus dolor auctor maecenas faucibus mollis interdum donec id elit non mi porta gravida at eget metus nulla vitae elit libero a pharetra augue lorem ipsum dolor sit amet consectetur adipiscing elit curabitur blandit tempus porttitor nulla vitae elit libero a pharetra augue fusce dapibus tellus ac cursus commodo tortor mauris condimentum nibh ut fermentum massa justo sit amet risus etiam porta sem malesuada magna mollis euismod curabitur blandit tempus porttitor tributes to loved ones newsletter final screen shot contact info http www flickr com photos thegatheringplaceoh sets 72157638738695283 see images donec id elit non mi porta gravida at eget metus vivamus sagittis lacus vel augue laoreet rutrum faucibus dolor auctor maecenas faucibus mollis interdum donec id elit non mi porta gravida at eget metus nulla vitae elit libero a pharetra augue lorem ipsum dolor sit amet consectetur adipiscing elit curabitur blandit tempus porttitor nulla vitae elit libero a pharetra augue fusce dapibus tellus ac cursus commodo tortor mauris condimentum nibh ut fermentum massa justo sit amet risus etiam porta sem malesuada magna mollis euismod curabitur blandit tempus porttitor other ways to support http www flickr com photos thegatheringplaceoh sets 72157638738695283 see images vivamus sagittis lacus vel augue laoreet rutrum faucibus dolor auctor nulla vitae elit libero a pharetra augue nullam quis risus eget urna mollis ornare vel eu leo etiam porta sem malesuada magna mollis euismod fusce dapibus tellus ac cursus commodo tortor mauris condimentum nibh ut fermentum massa justo sit amet risus donec ullamcorper nulla non metus auctor fringilla cras mattis consectetur purus sit amet fermentum cum sociis natoque penatibus et magnis dis parturient montes nascetur ridiculus mus nulla vitae elit libero a pharetra augue aenean lacinia bibendum nulla sed consectetur '),(189,'field',226,'en_us',' upcoming events '),(189,'field',227,'en_us',' vivamus sagittis lacus vel augue laoreet rutrum faucibus dolor auctor nulla vitae elit libero a pharetra augue nullam quis risus eget urna mollis ornare vel eu leo etiam porta sem malesuada magna mollis euismod fusce dapibus tellus ac cursus commodo tortor mauris condimentum nibh ut fermentum massa justo sit amet risus donec ullamcorper nulla non metus auctor fringilla cras mattis consectetur purus sit amet fermentum cum sociis natoque penatibus et magnis dis parturient montes nascetur ridiculus mus nulla vitae elit libero a pharetra augue aenean lacinia bibendum nulla sed consectetur '),(189,'field',228,'en_us',' gatheringplace logoperson janis '),(189,'slug',0,'en_us',''),(190,'field',226,'en_us',' community fundraisers '),(190,'field',227,'en_us',' donec id elit non mi porta gravida at eget metus vivamus sagittis lacus vel augue laoreet rutrum faucibus dolor auctor maecenas faucibus mollis interdum donec id elit non mi porta gravida at eget metus nulla vitae elit libero a pharetra augue lorem ipsum dolor sit amet consectetur adipiscing elit curabitur blandit tempus porttitor nulla vitae elit libero a pharetra augue fusce dapibus tellus ac cursus commodo tortor mauris condimentum nibh ut fermentum massa justo sit amet risus etiam porta sem malesuada magna mollis euismod curabitur blandit tempus porttitor '),(190,'field',228,'en_us',' janis lighthouse '),(190,'slug',0,'en_us',''),(191,'field',226,'en_us',' tributes to loved ones '),(191,'field',227,'en_us',' donec id elit non mi porta gravida at eget metus vivamus sagittis lacus vel augue laoreet rutrum faucibus dolor auctor maecenas faucibus mollis interdum donec id elit non mi porta gravida at eget metus nulla vitae elit libero a pharetra augue lorem ipsum dolor sit amet consectetur adipiscing elit curabitur blandit tempus porttitor nulla vitae elit libero a pharetra augue fusce dapibus tellus ac cursus commodo tortor mauris condimentum nibh ut fermentum massa justo sit amet risus etiam porta sem malesuada magna mollis euismod curabitur blandit tempus porttitor '),(191,'field',228,'en_us',' newsletter final screen shot contact info '),(191,'slug',0,'en_us',''),(192,'field',226,'en_us',' other ways to support '),(192,'field',227,'en_us',' vivamus sagittis lacus vel augue laoreet rutrum faucibus dolor auctor nulla vitae elit libero a pharetra augue nullam quis risus eget urna mollis ornare vel eu leo etiam porta sem malesuada magna mollis euismod fusce dapibus tellus ac cursus commodo tortor mauris condimentum nibh ut fermentum massa justo sit amet risus donec ullamcorper nulla non metus auctor fringilla cras mattis consectetur purus sit amet fermentum cum sociis natoque penatibus et magnis dis parturient montes nascetur ridiculus mus nulla vitae elit libero a pharetra augue aenean lacinia bibendum nulla sed consectetur '),(192,'field',228,'en_us',''),(192,'slug',0,'en_us',''),(64,'field',135,'en_us',' s ed posuere consectetur est lobortis cras mattis consectetur purus sit amet fermentum donec id elit non mi porta gravida at eget metus praesent commodo cursus magna donec sed odio duivel scelerisque nisl consectetur et fusce dapibus tellus ac cursus commodo tortor mauris condimentum nibh ut fermentum massa justo sit amet risus '),(64,'field',229,'en_us',' the gathering place warehouse home furnishings sale has beautiful furniture at great prices for that empty space in your home items include custom furniture household goods and costume jewelry proceeds support the free programs and services at the gathering place for individuals and families touched by cancer please email cheryl apisdorf at apisdorf touchedbycancer org to be added to the email list to be notified of upcoming warehouse sales '),(64,'field',231,'en_us',' screen shot contact info '),(64,'field',230,'en_us',' we accept gently used furniture and other household items which will be sold through our warehouse at 4911 commerce parkway in warrensville heights a quarter mile east of richmond off of miles road directions further down on this page to arrange for someone to come and look at items you would like to donate to our warehouse or to be notified of future warehouse sales please contact cheryl apisdorf at apisdorf touchedbycancer org or 216 595 9546 please note that we do not accept drop off donations of furniture or household items at the gathering place or at our warehouse '),(64,'field',232,'en_us',' apisdorf touchedbycancer org '),(193,'field',221,'en_us',' cras mattis consectetur purus sit amet fermentum cum sociis natoque penatibus et magnis dis parturient montes nascetur ridiculus mus '),(193,'field',143,'en_us',' 2015 04 25 '),(193,'field',174,'en_us',' my family member has cancer donor volunteer healthcare professional '),(193,'field',199,'en_us',''),(193,'slug',0,'en_us',' warehouse sale '),(193,'title',0,'en_us',' warehouse sale '),(194,'field',221,'en_us',' cras mattis consectetur purus sit amet fermentum cum sociis natoque penatibus et magnis dis parturient montes nascetur ridiculus mus '),(194,'field',143,'en_us',' 2015 03 29 '),(194,'field',174,'en_us',' i have cancer my family member has cancer donor volunteer healthcare professional '),(194,'field',199,'en_us',' special programs '),(194,'slug',0,'en_us',' warehouse sale 1 '),(194,'title',0,'en_us',' warehouse sale '),(244,'title',0,'en_us',' bob nicolay '),(41,'field',233,'en_us',' lorem ipsum dolor sit amet consectetur adipiscing elit sed do eiusmod tempor incididunt ut labore et dolore magna aliqua ut enim ad minim veniam quis nostrud exercitation ullamco laboris nisi ut aliquip ex ea commodo consequat duis aute irure dolor in reprehenderit in voluptate velit esse cillum dolore eu fugiat nulla pariatur excepteur sint occaecat cupidatat non proident sunt in culpa qui officia deserunt mollit anim id est laborum '),(41,'field',235,'en_us',' 216 595 9546 '),(41,'field',207,'en_us',' lorem ipsum dolor sit amet consectetur adipiscing elit sed do eiusmod tempor incididunt ut labore et dolore magna aliqua ut enim ad minim veniam quis nostrud exercitation ullamco laboris nisi ut aliquip ex ea commodo consequat '),(41,'field',208,'en_us',' lorem ipsum dolor sit amet consectetur adipiscing elit sed do eiusmod tempor incididunt ut labore et dolore magna aliqua ut enim ad minim veniam quis nostrud exercitation ullamco laboris nisi ut aliquip ex ea commodo consequat '),(41,'field',234,'en_us',' lorem ipsum dolor sit amet consectetur adipiscing elit sed do eiusmod tempor incididunt ut labore et dolore magna aliqua ut enim ad minim veniam quis nostrud exercitation ullamco laboris nisi ut aliquip ex ea commodo consequat duis aute irure dolor in reprehenderit in voluptate velit esse cillum dolore eu fugiat nulla pariatur excepteur sint occaecat cupidatat non proident sunt in culpa qui officia deserunt mollit anim id est laborum '),(41,'field',195,'en_us',' cheryl aspidorf '),(195,'field',223,'en_us',''),(195,'filename',0,'en_us',' girl jpg '),(195,'extension',0,'en_us',' jpg '),(195,'kind',0,'en_us',' image '),(195,'slug',0,'en_us',''),(195,'title',0,'en_us',' girl '),(196,'field',223,'en_us',''),(196,'filename',0,'en_us',' girl2 jpg '),(196,'extension',0,'en_us',' jpg '),(196,'kind',0,'en_us',' image '),(196,'slug',0,'en_us',''),(196,'title',0,'en_us',' girl2 '),(197,'field',223,'en_us',''),(197,'filename',0,'en_us',' girl3 jpg '),(197,'extension',0,'en_us',' jpg '),(197,'kind',0,'en_us',' image '),(197,'slug',0,'en_us',''),(197,'title',0,'en_us',' girl3 '),(198,'field',223,'en_us',''),(198,'filename',0,'en_us',' girl4 jpg '),(198,'extension',0,'en_us',' jpg '),(198,'kind',0,'en_us',' image '),(198,'slug',0,'en_us',''),(198,'title',0,'en_us',' girl4 '),(199,'field',189,'en_us',' staffphotos 12 '),(199,'field',188,'en_us',' phd ccls '),(199,'field',180,'en_us',' program staff '),(199,'field',191,'en_us',' maecenas faucibus mollis interdum maecenas sed diam eget risus varius blandit sit amet non magna nullam quis risus eget urna mollis ornare vel eu leo nullam id dolor id nibh ultricies vehicula ut id elit '),(199,'field',190,'en_us',' maecenas faucib nullam quis risus eget urna mollis ornare vel eu leo nullam id dolor id nibh ultricies vehicula ut id elit nulla vitae elit libero a pharetra augue cum sociis natoque penatibus et magnis dis parturient montes nascetur ridiculus mus sed posuere consectetur est at lobortis vivamus sagittis lacus vel augue laoreet rutrum faucibus dolor auctor '),(199,'field',192,'en_us',' rafter touchedbycancer org '),(199,'slug',0,'en_us',' erin rafter '),(199,'title',0,'en_us',' erin rafter '),(200,'field',189,'en_us',' staffphotos 15 '),(200,'field',188,'en_us',' hpd ccls '),(200,'field',180,'en_us',' program staff '),(200,'field',191,'en_us',' maecenas faucib nullam quis risus eget urna mollis ornare vel eu leo nullam id dolor id nibh ultricies vehicula ut id elit nulla vitae elit libero a pharetra augue cum sociis natoque penatibus et magnis dis parturient montes nascetur ridiculus mus sed posuere consectetur est at lobortis '),(200,'field',190,'en_us',' maecenas faucib nullam quis risus eget urna mollis ornare vel eu leo nullam id dolor id nibh ultricies vehicula ut id elit nulla vitae elit libero a pharetra augue cum sociis natoque penatibus et magnis dis parturient montes nascetur ridiculus mus sed posuere consectetur est at lobortis vivamus sagittis lacus vel augue laoreet rutrum faucibus dolor auctor '),(200,'field',192,'en_us',' rafter touchedbycancer org '),(200,'slug',0,'en_us',' cheryl aspidorf '),(200,'title',0,'en_us',' erin rafter '),(201,'field',189,'en_us',' staffphotos 14 '),(201,'field',188,'en_us',' lisw s mt bc '),(201,'field',180,'en_us',''),(201,'field',191,'en_us',' maecenas faucib nullam quis risus eget urna mollis ornare vel eu leo nullam id dolor id nibh ultricies vehicula ut id elit nulla vitae elit libero a pharetra augue cum sociis natoque penatibus et magnis dis parturient montes nascetur ridiculus mus '),(201,'field',190,'en_us',' maecenas faucib nullam quis risus eget urna mollis ornare vel eu leo nullam id dolor id nibh ultricies vehicula ut id elit nulla vitae elit libero a pharetra augue cum sociis natoque penatibus et magnis dis parturient montes nascetur ridiculus mus sed posuere consectetur est at lobortis vivamus sagittis lacus vel augue laoreet rutrum faucibus dolor auctor '),(201,'field',192,'en_us',' marinac touchedbycancer org '),(201,'slug',0,'en_us',' susan marinac '),(201,'title',0,'en_us',' susan marinac '),(202,'field',189,'en_us',' staffphotos 10 '),(202,'field',188,'en_us',' lisw s '),(202,'field',180,'en_us',' staff member '),(202,'field',191,'en_us',' maecenas faucib nullam quis risus eget urna mollis ornare vel eu leo nullam id dolor id nibh ultricies vehicula ut id elit nulla vitae elit libero a pharetra augue ed posuere consectetur est at lobortis '),(202,'field',190,'en_us',' maecenas faucib nullam quis risus eget urna mollis ornare vel eu leo nullam id dolor id nibh ultricies vehicula ut id elit nulla vitae elit libero a pharetra augue cum sociis natoque penatibus et magnis dis parturient montes nascetur ridiculus mus sed posuere consectetur est at lobortis vivamus sagittis lacus vel augue laoreet rutrum faucibus dolor auctor '),(202,'field',192,'en_us',' bornstein touchedbycancer org '),(202,'slug',0,'en_us',' mary fisher bornstein '),(202,'title',0,'en_us',' mary fisher bornstein '),(268,'field',176,'en_us',' children teens and family grief support group '),(268,'field',174,'en_us',' i have cancer '),(268,'field',87,'en_us',' one step closer '),(268,'field',184,'en_us',' o yoga health benefits facebook '),(268,'field',135,'en_us',' an 8 week program for men and women who are currently in treatment or have finished treatment within the last year the program includes twice weekly fitness training healthy cooking classes and a weekly support group join us for an orientation followed by the 8 week series advance registration with mary fisher bornstein required by calling 216 595 9546 or click here to send mary an email staff beth bennett pt ma ms rd ld mary fisher bornstein lisw s carl harmon bs ba mba nsca cpttgp east monday march 30th orientation 6 00 7 00pm program begins april 6th may 27th mondays 6 00 8 15 pm and wednesdays 7 15 8 15pm '),(268,'field',177,'en_us',''),(268,'field',143,'en_us',' 2015 04 06 '),(268,'field',193,'en_us',' emotional physical recovery '),(279,'filename',0,'en_us',' daisyhomepage png '),(203,'field',217,'en_us',''),(203,'field',218,'en_us',''),(203,'slug',0,'en_us',''),(204,'field',217,'en_us',''),(204,'field',218,'en_us',''),(204,'slug',0,'en_us',''),(279,'field',223,'en_us',''),(205,'field',223,'en_us',''),(205,'filename',0,'en_us',' 921 at a glance6 hires pdf '),(205,'extension',0,'en_us',' pdf '),(205,'kind',0,'en_us',' pdf '),(205,'slug',0,'en_us',''),(205,'title',0,'en_us',' 921 at a glance6 hires '),(206,'field',135,'en_us',' nulla vitae elit libero a pharetra augue praesent commodo cursus magna vel scelerisque nisl consectetur et morbi leo risus porta ac consectetur ac vestibulum at eros donec ullamcorper nulla non metus auctor fringilla '),(206,'field',236,'en_us',' 921 at a glance6 hires '),(206,'slug',0,'en_us',''),(206,'title',0,'en_us',' programs and services '),(207,'slug',0,'en_us',' art music '),(207,'title',0,'en_us',' art music '),(208,'slug',0,'en_us',' qigong '),(208,'title',0,'en_us',' qigong '),(209,'slug',0,'en_us',' library '),(209,'title',0,'en_us',' library '),(210,'slug',0,'en_us',' breast cancer programs '),(210,'title',0,'en_us',' breast cancer programs '),(211,'slug',0,'en_us',' healing arts '),(211,'title',0,'en_us',' healing arts '),(212,'slug',0,'en_us',' children teens families '),(212,'title',0,'en_us',' children teens families '),(213,'slug',0,'en_us',' personal care '),(213,'title',0,'en_us',' personal care '),(214,'slug',0,'en_us',' special programs '),(214,'title',0,'en_us',' special programs '),(215,'slug',0,'en_us',' prostate cancer programs '),(215,'title',0,'en_us',' prostate cancer programs '),(216,'slug',0,'en_us',' tai chi '),(216,'title',0,'en_us',' tai chi '),(217,'slug',0,'en_us',' wc '),(217,'title',0,'en_us',' wellness center '),(218,'field',159,'en_us',' richman family wellness center '),(218,'field',160,'en_us',''),(218,'field',161,'en_us',' 23295 commerce park '),(218,'field',162,'en_us',' beachwood '),(218,'field',163,'en_us',' oh '),(218,'field',164,'en_us',' 44122 '),(218,'slug',0,'en_us',''),(156,'field',199,'en_us',' tai chi '),(156,'field',174,'en_us',' i have cancer '),(156,'field',87,'en_us',''),(159,'field',199,'en_us',' tai chi '),(159,'field',174,'en_us',' i have cancer '),(159,'field',87,'en_us',''),(193,'field',177,'en_us',''),(194,'field',177,'en_us',''),(219,'field',144,'en_us',''),(219,'field',193,'en_us',''),(219,'field',174,'en_us',' i have cancer my family member has cancer '),(219,'field',175,'en_us',''),(219,'field',176,'en_us',''),(219,'field',184,'en_us',''),(219,'field',87,'en_us',''),(219,'field',135,'en_us',' adults over 18 touched by cancer are invited to attend a welcoming orientation session to learn about our free programs and services no registration required but childcare can only be arranged with prior notification '),(219,'field',177,'en_us',''),(219,'field',194,'en_us',''),(219,'field',195,'en_us',''),(219,'field',197,'en_us',''),(219,'slug',0,'en_us',' welcome orientation '),(219,'title',0,'en_us',' welcome orientation '),(220,'field',184,'en_us',''),(220,'field',135,'en_us',' adults over 18 touched by cancer are invited to attend a welcoming orientation session to learn about our free programs and services no registration required but childcare can only be arranged with prior notification '),(220,'field',143,'en_us',' 2015 03 30 '),(220,'field',176,'en_us',' welcome orientation '),(220,'field',199,'en_us',' special programs educational events '),(220,'field',174,'en_us',' i have cancer my family member has cancer '),(220,'field',200,'en_us',' tgp east '),(220,'field',107,'en_us',''),(220,'field',87,'en_us',''),(220,'slug',0,'en_us',' welcome orientation mon east '),(220,'title',0,'en_us',' welcome orientation '),(221,'field',184,'en_us',''),(221,'field',135,'en_us',' adults over 18 touched by cancer are invited to attend a welcoming orientation session to learn about our free programs and services no registration required but childcare can only be arranged with prior notification '),(221,'field',143,'en_us',' 2015 03 31 '),(221,'field',176,'en_us',' welcome orientation '),(221,'field',199,'en_us',' special programs educational events '),(221,'field',174,'en_us',' i have cancer my family member has cancer '),(221,'field',200,'en_us',' east campus '),(221,'field',107,'en_us',''),(221,'field',87,'en_us',''),(221,'slug',0,'en_us',' welcome orientation tues east '),(221,'title',0,'en_us',' welcome orientation '),(222,'field',184,'en_us',''),(222,'field',135,'en_us',' adults over 18 touched by cancer are invited to attend a welcoming orientation session to learn about our free programs and services no registration required but childcare can only be arranged with prior notification '),(222,'field',143,'en_us',' 2015 03 28 '),(222,'field',176,'en_us',' welcome orientation '),(222,'field',199,'en_us',' special programs educational events '),(222,'field',174,'en_us',' i have cancer my family member has cancer '),(222,'field',200,'en_us',' east campus '),(222,'field',107,'en_us',''),(222,'field',87,'en_us',''),(222,'slug',0,'en_us',' welcome orientation sat east '),(222,'title',0,'en_us',' welcome orientation '),(223,'field',184,'en_us',''),(223,'field',135,'en_us',' adults over 18 touched by cancer are invited to attend a welcoming orientation session to learn about our free programs and services no registration required but childcare can only be arranged with prior notification '),(223,'field',143,'en_us',' 2015 03 31 '),(223,'field',176,'en_us',' welcome orientation '),(223,'field',199,'en_us',' special programs educational events '),(223,'field',174,'en_us',' i have cancer my family member has cancer '),(223,'field',200,'en_us',' west campus '),(223,'field',107,'en_us',''),(223,'field',87,'en_us',''),(223,'slug',0,'en_us',' welcome orientation tues west '),(223,'title',0,'en_us',' welcome orientation '),(227,'field',87,'en_us',''),(227,'field',107,'en_us',''),(227,'field',174,'en_us',' i have cancer my family member has cancer '),(227,'field',200,'en_us',' tgp west '),(227,'field',143,'en_us',' 2015 05 02 '),(227,'field',176,'en_us',' welcome orientation '),(227,'field',199,'en_us',' special programs educational events '),(225,'field',184,'en_us',''),(225,'field',135,'en_us',' adults over 18 touched by cancer are invited to attend a welcoming orientation session to learn about our free programs and services no registration required but childcare can only be arranged with prior notification '),(225,'field',143,'en_us',' 2015 03 28 '),(225,'field',176,'en_us',' welcome orientation '),(225,'field',199,'en_us',' special programs educational events '),(225,'field',174,'en_us',' i have cancer my family member has cancer '),(225,'field',200,'en_us',' west campus '),(225,'field',107,'en_us',''),(225,'field',87,'en_us',''),(225,'slug',0,'en_us',' welcome orientation sat west '),(225,'title',0,'en_us',' welcome orientation '),(227,'slug',0,'en_us',' welcome orientation thur west '),(227,'field',135,'en_us',' adults over 18 touched by cancer are invited to attend a welcoming orientation session to learn about our free programs and services no registration required but childcare can only be arranged with prior notification '),(227,'field',184,'en_us',''),(227,'title',0,'en_us',' welcome orientation '),(228,'extension',0,'en_us',' pdf '),(228,'kind',0,'en_us',' pdf '),(228,'slug',0,'en_us',''),(228,'title',0,'en_us',' tgp auditedfinancialstatements fy1314 '),(87,'field',135,'en_us',' id luptatum philosophia comprehensam vim sale harum suavitate vim id quo ea putent perpetua consulatu eius lorem abhorreant eum ad eos nibh consectetuer ne ius no facilis facilisi conceptam ut habeo dictas eam et mollis tamquam adversarium pri corpora qualisque at per eu populo delenit veritus vis ei reque lobortis sententiae eos te diam conceptam sit esse percipitur omittantur in nec malis mollis facilisis qui ex cu labore mollis mea cu his vide graece voluptatum ea integre facilis interesset vim in per laoreet imperdiet intellegat eum verterem prodesset ad velit soleat mel cu ex simul blandit sententiae eam eum te fastidii neglegentur contentiones fabellas recteque ne mea possim fabulas dolores eu duo has deseruisse adipiscing elaboraret eu wisi mutat civibus ex ius cu eos inani tollit te iuvaret complectitur quo duo sanctus invidunt principes eu ad pro aeque repudiare eu eam solet menandri voluptatum '),(87,'field',238,'en_us',' 2013 2014 annual report '),(87,'field',145,'en_us',' tgp auditedfinancialstatements fy1314 '),(87,'field',144,'en_us',''),(87,'slug',0,'en_us',' financials '),(87,'title',0,'en_us',' financials '),(148,'field',197,'en_us',' info touchedbycancer org '),(217,'field',197,'en_us',' info touchedbycancer org '),(150,'field',197,'en_us',' info touchedbycancer org '),(268,'field',194,'en_us',' nulla vitae elit libero a pharetra augue praesent commodo cursus magna vel scelerisque nisl consectetur et morbi leo risus porta ac consectetur ac vestibulum at eros donec ullamcorper nulla non metus auctor fringilla vestibulum id ligula porta felis euismod semper aenean eu leo quam pellentesque ornare sem lacinia quam venenatis vestibulum '),(64,'field',197,'en_us',' apisdorf touchedbycancer org '),(193,'field',237,'en_us',' https www flickr com photos thegatheringplaceoh sets 72157648850889574 '),(194,'field',237,'en_us',' https www flickr com photos thegatheringplaceoh sets 72157648850889574 '),(2,'field',184,'en_us',' daisyhomepage '),(2,'field',87,'en_us',' sample story 1 volunteer story '),(2,'field',239,'en_us',' one step closer '),(2,'field',240,'en_us',' fusce dapibus tellus ac cursus commodo tortor mauris condimentum nibh ut fermentum massa justo sit amet risus '),(107,'field',188,'en_us',' md '),(105,'field',188,'en_us',' rn mba '),(229,'field',188,'en_us',' mssa lisw '),(229,'field',180,'en_us',''),(229,'field',181,'en_us',' 0 '),(229,'field',182,'en_us',' university hospitals '),(229,'slug',0,'en_us',' council member '),(229,'title',0,'en_us',' kim day '),(230,'field',188,'en_us',' dnp rn aocn '),(230,'field',180,'en_us',''),(230,'field',181,'en_us',' 0 '),(230,'field',182,'en_us',' university hospitals '),(230,'slug',0,'en_us',' council member '),(230,'title',0,'en_us',' wendy miano '),(231,'field',188,'en_us',' md '),(231,'field',180,'en_us',' chair '),(231,'field',181,'en_us',' 0 '),(231,'field',182,'en_us',' akron children s hospital '),(231,'slug',0,'en_us',' council member '),(231,'title',0,'en_us',' laura rocker '),(106,'field',188,'en_us',' lisw '),(232,'field',188,'en_us',' md '),(232,'field',180,'en_us',''),(232,'field',182,'en_us',' metrohealth medical center '),(232,'slug',0,'en_us',' mary lou miller '),(232,'title',0,'en_us',' mary lou miller '),(233,'field',188,'en_us',' rn msn cnp ocn '),(233,'field',180,'en_us',''),(233,'field',182,'en_us',' cleveland clinic '),(233,'slug',0,'en_us',' machelle moeller '),(233,'title',0,'en_us',' machelle moeller '),(234,'field',188,'en_us',' lisw '),(234,'field',180,'en_us',''),(234,'field',182,'en_us',' image paths inc '),(234,'slug',0,'en_us',' belleruth naparstek '),(234,'title',0,'en_us',' belleruth naparstek '),(235,'field',188,'en_us',' md '),(235,'field',180,'en_us',''),(235,'field',182,'en_us',' university hospitals '),(235,'slug',0,'en_us',' charles nock '),(235,'title',0,'en_us',' charles nock '),(236,'field',180,'en_us',''),(236,'field',188,'en_us',' md '),(236,'field',182,'en_us',' cleveland clinic '),(236,'slug',0,'en_us',' cynthia greenberg '),(236,'title',0,'en_us',' cynthia greenberg '),(256,'field',278,'en_us',' kohn touchedbycancer org '),(158,'field',276,'en_us',' kohn touchedbycancer org betsy kohn east marinac touchecbycancer org susan marinac west '),(76,'field',270,'en_us',' 1 19 volunteer form volunteerform email julie d i co thank you for your enquiry hi name thanks for your enquiry we ll get back to you shortly julie vanwyhe julie d i co email website enquiry i am interested in volunteering name name email email home phone homephone work phone workphone cell phone cellphone previous experience previousexperience description describe '),(242,'field',223,'en_us',''),(242,'filename',0,'en_us',' 113722870 paintedhands jpg '),(242,'extension',0,'en_us',' jpg '),(242,'kind',0,'en_us',' image '),(242,'slug',0,'en_us',''),(242,'title',0,'en_us',' 113722870 paintedhands '),(244,'field',182,'en_us',''),(244,'slug',0,'en_us',' bob nicolay '),(244,'field',180,'en_us',' member '),(244,'field',188,'en_us',''),(244,'field',189,'en_us',' girl2 '),(245,'field',189,'en_us',' janis '),(245,'field',188,'en_us',''),(245,'field',180,'en_us',''),(245,'field',182,'en_us',''),(245,'slug',0,'en_us',' david ostro '),(245,'title',0,'en_us',' david ostro '),(246,'field',189,'en_us',' girl4 '),(246,'field',188,'en_us',''),(246,'field',180,'en_us',''),(246,'field',182,'en_us',''),(246,'slug',0,'en_us',' kristen tull '),(246,'title',0,'en_us',' kristen tull '),(247,'field',189,'en_us',' girl '),(247,'field',188,'en_us',''),(247,'field',180,'en_us',''),(247,'field',182,'en_us',''),(247,'slug',0,'en_us',' rita andolson '),(247,'title',0,'en_us',' rita andolson '),(248,'field',144,'en_us',''),(248,'field',193,'en_us',' subtitle for grief group '),(248,'field',174,'en_us',' my family member has cancer '),(248,'field',175,'en_us',''),(248,'field',176,'en_us',''),(248,'field',184,'en_us',' lighthouse '),(248,'field',87,'en_us',' sample story 1 sample story 2 one step closer '),(248,'field',135,'en_us',' twice monthly group for those who have lost an adult loved one to cancer advance registration required with susan marinac lisw s mt bc west or mary fisher bornstein lisw s east lorem ipsum dolor sit amet consectetur adipiscing elit sed nec sem in lacus mattis adipiscing eget ut lorem proin eu quam nulla id porta erat cras nec neque non nisl lobortis adipiscing eget at enim nulla sed fermentum elit nunc id magna purus phasellus at ligula risus donec egestas enim vel orci convallis euismod fusce velit lorem tincidunt id viverra id fringilla at erat fusce venenatis dignissim turpis pharetra convallis arcu placerat sed ut at orci metus quisque sollicitudin gravida pharetra curabitur porta faucibus leo vitae pharetra turpis interdum in duis ut urna odio ac gravida leo nullam sodales risus sed ligula porttitor tempus eu at lectus '),(248,'field',177,'en_us',''),(248,'field',194,'en_us',' lorem ipsum dolor sit amet consectetur adipiscing elit sed nec sem in lacus mattis adipiscing eget ut lorem proin eu quam nulla id porta erat cras nec neque non nisl lobortis adipiscing eget at enim nulla sed fermentum elit nunc id magna purus '),(248,'field',195,'en_us',' susan marinac mary fisher bornstein '),(248,'field',197,'en_us',' julie d i co '),(248,'slug',0,'en_us',' grief support group '),(248,'title',0,'en_us',' grief support group '),(249,'field',184,'en_us',''),(249,'field',135,'en_us',' twice monthly group for those who have lost an adult loved one to cancer advance registration required with susan marinac lisw s mt bc '),(249,'field',143,'en_us',' 2015 05 06 '),(249,'field',176,'en_us',' grief support group '),(249,'field',199,'en_us',' support groups bereavement '),(249,'field',174,'en_us',' my family member has cancer '),(249,'field',200,'en_us',' west campus '),(249,'field',107,'en_us',''),(249,'field',87,'en_us',' sample story 1 sample story 2 '),(249,'slug',0,'en_us',' grief support group west '),(249,'title',0,'en_us',' grief support group west '),(250,'field',184,'en_us',' lighthouse '),(250,'field',135,'en_us',' twice monthly group for those who have lost an adult loved one to cancer advance registration required with mary fisher bornstein lisw s east '),(250,'field',143,'en_us',' 2015 05 12 '),(250,'field',176,'en_us',' grief support group '),(250,'field',199,'en_us',' support groups bereavement '),(250,'field',174,'en_us',' my family member has cancer '),(250,'field',200,'en_us',' west campus '),(250,'field',107,'en_us',''),(250,'field',87,'en_us',''),(250,'slug',0,'en_us',' grief support group east '),(250,'title',0,'en_us',' grief support group east '),(251,'field',184,'en_us',' 113722870 paintedhands '),(251,'field',135,'en_us',' workshop for children and teens who have an adult family member with cancer utilizing art play and discussion children and their parents interact with families in similar situations kidshop teenshop theme for april april showers washing away those winter doldrums '),(251,'field',143,'en_us',' 2015 05 06 '),(251,'field',176,'en_us',' kidshop teenshop '),(251,'field',199,'en_us',' children teens families art music '),(251,'field',174,'en_us',' my family member has cancer '),(251,'field',200,'en_us',' west campus '),(251,'field',107,'en_us',''),(251,'field',87,'en_us',''),(251,'slug',0,'en_us',' kidshop teenshop west '),(251,'title',0,'en_us',' kidshop teenshop west '),(252,'field',184,'en_us',' 113722870 paintedhands '),(252,'field',135,'en_us',' workshop for children and teens who have an adult family member with cancer utilizing art play and discussion children and their parents interact with families in similar situations kidshop teenshop theme for april april showers washing away those winter doldrums '),(252,'field',143,'en_us',' 2015 04 27 '),(252,'field',176,'en_us',' kidshop teenshop '),(252,'field',199,'en_us',' children teens families art music '),(252,'field',174,'en_us',' my family member has cancer '),(252,'field',200,'en_us',' east campus '),(252,'field',107,'en_us',''),(252,'field',87,'en_us',''),(252,'slug',0,'en_us',' kidshop teenshop east '),(252,'title',0,'en_us',' kidshop teenshop east '),(253,'field',184,'en_us',' 113722870 paintedhands '),(253,'field',135,'en_us',' workshop for children and teens who have an adult family member with cancer utilizing art play and discussion children and their parents interact with families in similar situations kidshop teenshop theme for april april showers washing away those winter doldrums '),(253,'field',143,'en_us',' 2015 06 08 '),(253,'field',176,'en_us',' kidshop teenshop '),(253,'field',199,'en_us',' children teens families art music '),(253,'field',174,'en_us',' my family member has cancer '),(253,'field',200,'en_us',' east campus '),(253,'field',107,'en_us',''),(253,'field',87,'en_us',''),(253,'slug',0,'en_us',' kidshop teenshop east 1 '),(253,'title',0,'en_us',' kidshop teenshop east '),(254,'field',144,'en_us',''),(254,'field',193,'en_us',''),(254,'field',174,'en_us',''),(254,'field',175,'en_us',''),(254,'field',176,'en_us',''),(254,'field',184,'en_us',' 113722870 paintedhands '),(254,'field',87,'en_us',''),(254,'field',135,'en_us',' workshop for children and teens who have an adult family member with cancer utilizing art play and discussion children and their parents interact with families in similar situations kidshop teenshop theme for april april showers washing away those winter doldrums '),(254,'field',177,'en_us',''),(254,'field',194,'en_us',''),(254,'field',195,'en_us',''),(254,'field',197,'en_us',''),(254,'slug',0,'en_us',' kidshop teenshop '),(254,'title',0,'en_us',' children teens and family '),(248,'field',257,'en_us',' julie '),(248,'field',258,'en_us',' julie d i co '),(248,'field',259,'en_us',' title '),(248,'field',260,'en_us',' 3 18 test entry form testentryform email entry email thank you for your enquiry hi name thanks for your enquiry we ll get back to you shortly julie vanwyhe entry email email website enquiry entry title '),(248,'field',261,'en_us',' 2 '),(256,'field',277,'en_us',' betsy kohn east '),(158,'field',270,'en_us',' 2 20 tai chi form taichiform email julie d i co thank you for your enquiry hi name thanks for your enquiry we ll get back to you shortly julie vanwyhe julie d i co email i m interested in tai chi name name email email '),(256,'slug',0,'en_us',''),(257,'field',277,'en_us',' susan marinac west '),(257,'field',278,'en_us',' marinac touchecbycancer org '),(257,'slug',0,'en_us',''),(248,'field',275,'en_us',''),(248,'field',276,'en_us',' marinact touchedbycancer org susan marinac west bornstein touchedbycancer org mary fisher bornstein east '),(258,'field',277,'en_us',' susan marinac west '),(258,'field',278,'en_us',' marinact touchedbycancer org '),(258,'slug',0,'en_us',''),(259,'field',277,'en_us',' mary fisher bornstein east '),(259,'field',278,'en_us',' bornstein touchedbycancer org '),(259,'slug',0,'en_us',''),(260,'field',189,'en_us',' staffphotos 19 '),(260,'field',188,'en_us',' msed '),(260,'field',180,'en_us',' marketing director '),(260,'field',191,'en_us',' i m kris and i m awesome '),(260,'field',190,'en_us',' i m kris and i m awesome '),(260,'field',192,'en_us',' kris test com '),(260,'slug',0,'en_us',' kris austin '),(260,'title',0,'en_us',' kris austin '),(261,'field',223,'en_us',''),(261,'filename',0,'en_us',' kris austin jpg '),(261,'extension',0,'en_us',' jpg '),(261,'kind',0,'en_us',' image '),(261,'slug',0,'en_us',''),(261,'title',0,'en_us',' kris austin '),(262,'field',223,'en_us',''),(262,'filename',0,'en_us',' o yoga health benefits facebook jpg '),(262,'extension',0,'en_us',' jpg '),(262,'kind',0,'en_us',' image '),(262,'slug',0,'en_us',''),(262,'title',0,'en_us',' o yoga health benefits facebook '),(263,'field',221,'en_us',' lorem ipsum dolor sit amet consectetur adipiscing elit '),(263,'field',201,'en_us',' cleveland clinic http my clevelandclinic org '),(263,'field',174,'en_us',' my family member has cancer healthcare professional '),(263,'field',222,'en_us',' website '),(263,'slug',0,'en_us',' cleveland clinic oncology '),(263,'title',0,'en_us',' cleveland clinic oncology '),(264,'field',219,'en_us',' cleveland clinic '),(264,'field',220,'en_us',' http my clevelandclinic org '),(264,'slug',0,'en_us',''),(265,'field',184,'en_us',' 113722870 paintedhands '),(265,'field',135,'en_us',' art in the garden information goes here '),(265,'field',143,'en_us',' 2015 04 20 '),(265,'field',176,'en_us',' art therapy '),(265,'field',199,'en_us',' art music '),(265,'field',200,'en_us',' east campus '),(265,'field',174,'en_us',' i have cancer my family member has cancer '),(265,'field',107,'en_us',''),(265,'field',87,'en_us',' sample story 2 '),(265,'slug',0,'en_us',' art therapy '),(265,'title',0,'en_us',' art therapy '),(266,'field',184,'en_us',' lighthouse '),(266,'field',135,'en_us',' this is specific information about the art in the garden '),(266,'field',143,'en_us',' 2015 04 20 '),(266,'field',199,'en_us',' art music '),(266,'field',174,'en_us',' i have cancer '),(266,'field',200,'en_us',''),(266,'field',176,'en_us',' art therapy '),(266,'field',107,'en_us',''),(266,'field',87,'en_us',''),(266,'slug',0,'en_us',' art in the garden '),(266,'title',0,'en_us',' art in the garden '),(254,'field',275,'en_us',''),(254,'field',276,'en_us',''),(35,'field',279,'en_us',' right https www youtube com watch v=zlhrkn4rkx8 '),(269,'field',277,'en_us',' mary fisher bornstein '),(269,'field',278,'en_us',' bornstein touchedbycancer org '),(269,'slug',0,'en_us',''),(270,'username',0,'en_us',' vfeiler '),(270,'firstname',0,'en_us',' victoria '),(270,'lastname',0,'en_us',' feiler '),(270,'fullname',0,'en_us',' victoria feiler '),(270,'email',0,'en_us',' vfeiler flourishagency com '),(270,'slug',0,'en_us',''),(271,'field',223,'en_us',''),(271,'filename',0,'en_us',' staffphotos_16 jpg '),(271,'extension',0,'en_us',' jpg '),(271,'kind',0,'en_us',' image '),(271,'slug',0,'en_us',''),(271,'title',0,'en_us',' staffphotos 16 '),(272,'field',223,'en_us',''),(272,'filename',0,'en_us',' staffphotos_12 jpg '),(272,'extension',0,'en_us',' jpg '),(272,'kind',0,'en_us',' image '),(272,'slug',0,'en_us',''),(272,'title',0,'en_us',' staffphotos 12 '),(273,'field',223,'en_us',''),(273,'filename',0,'en_us',' staffphotos_15 jpg '),(273,'extension',0,'en_us',' jpg '),(273,'kind',0,'en_us',' image '),(273,'slug',0,'en_us',''),(273,'title',0,'en_us',' staffphotos 15 '),(274,'field',223,'en_us',''),(274,'filename',0,'en_us',' staffphotos_19 jpg '),(274,'extension',0,'en_us',' jpg '),(274,'kind',0,'en_us',' image '),(274,'slug',0,'en_us',''),(274,'title',0,'en_us',' staffphotos 19 '),(275,'field',223,'en_us',''),(275,'filename',0,'en_us',' staffphotos_10 jpg '),(275,'extension',0,'en_us',' jpg '),(275,'kind',0,'en_us',' image '),(275,'slug',0,'en_us',''),(275,'title',0,'en_us',' staffphotos 10 '),(276,'field',223,'en_us',''),(276,'filename',0,'en_us',' staffphotos_14 jpg '),(276,'extension',0,'en_us',' jpg '),(276,'kind',0,'en_us',' image '),(276,'slug',0,'en_us',''),(276,'title',0,'en_us',' staffphotos 14 '),(277,'field',135,'en_us',' lorem ipsum dolor sit amet consectetur adipiscing elit sed nec sem in lacus mattis adipiscing eget ut lorem proin eu quam nulla id porta erat cras nec neque non nisl lobortis adipiscing eget at enim nulla sed fermentum elit '),(277,'slug',0,'en_us',' our board of directors '),(277,'title',0,'en_us',' our board of directors '),(278,'field',135,'en_us',' lorem ipsum dolor sit amet consectetur adipiscing elit sed nec sem in lacus mattis adipiscing eget ut lorem proin eu quam nulla id porta erat cras nec neque non nisl lobortis adipiscing eget at enim nulla sed fermentum elit nunc id magna purus phasellus at ligula risus '),(278,'slug',0,'en_us',''),(278,'title',0,'en_us',' stories '),(189,'field',282,'en_us',' http www flickr com photos thegatheringplaceoh sets 72157638738695283 '),(189,'field',283,'en_us',' see images '),(190,'field',282,'en_us',' http www flickr com photos thegatheringplaceoh sets 72157638738695283 '),(190,'field',283,'en_us',' see images '),(191,'field',282,'en_us',' http www flickr com photos thegatheringplaceoh sets 72157638738695283 '),(191,'field',283,'en_us',' see images '),(192,'field',282,'en_us',' http www flickr com photos thegatheringplaceoh sets 72157638738695283 '),(192,'field',283,'en_us',' see images '),(279,'extension',0,'en_us',' png '),(279,'kind',0,'en_us',' image '),(279,'slug',0,'en_us',''),(279,'title',0,'en_us',' daisyhomepage '),(2,'field',206,'en_us',' lorem ipsum dolor sit amet consectetur adipiscing elit sed nec sem in lacus mattis adipiscing eget ut lorem proin eu quam nulla id porta erat cras nec neque non nisl lobortis adipiscing eget at enim nulla sed fermentum elit nunc id magna purus '),(280,'field',135,'en_us',''),(280,'slug',0,'en_us',' our calendar of events '),(280,'title',0,'en_us',' our calendar of events '),(281,'username',0,'en_us',' krisaustin '),(281,'firstname',0,'en_us',' kris '),(281,'lastname',0,'en_us',' austin '),(281,'fullname',0,'en_us',' kris austin '),(281,'email',0,'en_us',' austin touchedbycancer org '),(281,'slug',0,'en_us',''),(282,'extension',0,'en_us',' jpg '),(282,'kind',0,'en_us',' image '),(282,'slug',0,'en_us',''),(282,'title',0,'en_us',' 2012 08 30 11 09 13 '),(283,'field',223,'en_us',''),(283,'filename',0,'en_us',' inthepink jpg '),(283,'extension',0,'en_us',' jpg '),(283,'kind',0,'en_us',' image '),(283,'slug',0,'en_us',''),(283,'title',0,'en_us',' inthepink '),(284,'field',223,'en_us',''),(284,'filename',0,'en_us',' inthepinkcanvasses jpg '),(284,'extension',0,'en_us',' jpg '),(284,'kind',0,'en_us',' image '),(284,'slug',0,'en_us',''),(284,'title',0,'en_us',' inthepinkcanvasses '),(285,'field',67,'en_us',' inthepink inthepinkcanvasses 113722870 paintedhands for the last 10 years kathy johnson has held a fund raiser at her shop hudson fine art framing through the month of october called in the pink she invites local artists as well as participants from the gathering place and her staff to decorate and donate a small canvas her talented posse uses every conceivable medium to create a fantastical array of styles and images whether it is oil paint watercolor acrylic collage fiber or photography the square canvasses run the gamut of realistic to abstract whimsical to words the seasoned professionals and enthusiastic contingent from the gathering place whip up amazing and imaginative creations kathy says that with each subsequent year the number of canvases submitted exceeds her expectations so that the hardest thing for her is hanging them in straight rows for display each october there is an evening reception at the beginning of the month with wine poured by her husband sommelier and delicious snacks party goers that night get the first glimpse of the 50 to 75 works that they can bid on but the display stays up for the entire month for everyone to get a chance to vote for their favorite conducted in the manner of a chinese auction anyone can buy raffle tickets and specify which piece they hope to win depending on what strikes their fancy in 2014 there was a tie for the people s choice award with half of the votes going to five year old robert mcisacc who painted a pastoral scene of a barn while it may have been his loving family and friends who stuffed the ballot box his winning was especially touching because he lost his mother to cancer soon after the show opened hudson is a small town where you never know whose life you will touch kathy s husband had coached robert s sisters in softball kathy knows that pain of loss her friend joy wilson and five other friends all had breast cancer before they were 40 she wanted to find a way to give back and help others and she is glad to have made the gathering place connection her event raises over $1 000 each year to support the free programs and services provided at the gathering place '),(285,'field',177,'en_us',''),(285,'field',174,'en_us',' donor volunteer '),(285,'field',144,'en_us',''),(285,'field',175,'en_us',''),(285,'field',176,'en_us',''),(285,'field',87,'en_us',''),(285,'field',279,'en_us',''),(285,'slug',0,'en_us',' creating art to make a difference '),(285,'title',0,'en_us',' creating art to make a difference '),(286,'field',68,'en_us',' 113722870 paintedhands '),(286,'field',70,'en_us',''),(286,'field',71,'en_us',' for the last 10 years kathy johnson has held a fund raiser at her shop hudson fine art framing through the month of october called in the pink she invites local artists as well as participants from the gathering place and her staff to decorate and donate a small canvas her talented posse uses every conceivable medium to create a fantastical array of styles and images whether it is oil paint watercolor acrylic collage fiber or photography the square canvasses run the gamut of realistic to abstract whimsical to words the seasoned professionals and enthusiastic contingent from the gathering place whip up amazing and imaginative creations kathy says that with each subsequent year the number of canvases submitted exceeds her expectations so that the hardest thing for her is hanging them in straight rows for display each october there is an evening reception at the beginning of the month with wine poured by her husband sommelier and delicious snacks party goers that night get the first glimpse of the 50 to 75 works that they can bid on but the display stays up for the entire month for everyone to get a chance to vote for their favorite conducted in the manner of a chinese auction anyone can buy raffle tickets and specify which piece they hope to win depending on what strikes their fancy in 2014 there was a tie for the people s choice award with half of the votes going to five year old robert mcisacc who painted a pastoral scene of a barn while it may have been his loving family and friends who stuffed the ballot box his winning was especially touching because he lost his mother to cancer soon after the show opened hudson is a small town where you never know whose life you will touch kathy s husband had coached robert s sisters in softball kathy knows that pain of loss her friend joy wilson and five other friends all had breast cancer before they were 40 she wanted to find a way to give back and help others and she is glad to have made the gathering place connection her event raises over $1 000 each year to support the free programs and services provided at the gathering place '),(286,'field',72,'en_us',' inthepink inthepinkcanvasses '),(286,'slug',0,'en_us',''),(287,'field',223,'en_us',''),(287,'filename',0,'en_us',' family drumming westside 2014 jpg '),(287,'extension',0,'en_us',' jpg '),(287,'kind',0,'en_us',' image '),(287,'slug',0,'en_us',''),(287,'title',0,'en_us',' family drumming westside 2014 '),(289,'field',223,'en_us',''),(290,'field',177,'en_us',''),(290,'field',143,'en_us',' 2015 08 04 '),(290,'field',194,'en_us',''),(290,'field',199,'en_us',' art music '),(290,'field',195,'en_us',''),(290,'field',200,'en_us',' tgp east '),(290,'field',107,'en_us',''),(290,'field',275,'en_us',' advance registration with betsy kohn required '),(290,'field',276,'en_us',' kohn touchedbycancer org betsy kohn '),(290,'slug',0,'en_us',' art drumming '),(290,'title',0,'en_us',' art drumming '),(291,'field',277,'en_us',' betsy kohn '),(291,'field',278,'en_us',' kohn touchedbycancer org '),(291,'slug',0,'en_us',''),(2,'field',287,'en_us',''),(293,'field',135,'en_us',' lorem ipsum dolor sit amet consectetur adipiscing elit sed nec sem in lacus mattis adipiscing eget ut lorem proin eu quam nulla id porta erat cras nec neque non nisl lobortis adipiscing eget at enim nulla sed fermentum elit nunc id magna purus phasellus at ligula risus donec egestas enim vel orci convallis euismod fusce velit lorem tincidunt id viverra id fringilla at erat fusce venenatis dignissim turpis pharetra convallis arcu placerat sed ut at orci metus quisque sollicitudin gravida pharetra curabitur porta faucibus leo vitae pharetra turpis interdum in duis ut urna odio ac gravida leo nullam sodales risus sed ligula porttitor tempus eu at lectus '),(293,'field',284,'en_us',' fusce velit lorem tincidunt id viverra id fringilla at erat fusce venenatis dignissim turpis pharetra convallis arcu placerat sed ut at orci metus quisque sollicitudin gravida pharetra curabitur porta faucibus leo vitae pharetra turpis interdum in duis ut urna odio ac gravida leo nullam sodales risus sed ligula porttitor tempus eu at lectus sample press releasesample press releasesample press release '),(293,'field',285,'en_us',' fusce velit lorem tincidunt id viverra id fringilla at erat fusce venenatis dignissim turpis pharetra convallis arcu placerat sed ut at orci metus quisque sollicitudin gravida pharetra curabitur porta faucibus leo vitae pharetra turpis interdum in duis ut urna odio ac gravida leo nullam sodales risus sed ligula porttitor tempus eu at lectus sample coveragesample coveragesample coverage '),(293,'field',87,'en_us',' sample story 1 sample story 2 '),(293,'slug',0,'en_us',' pressroom '),(293,'title',0,'en_us',' press room ');
/*!40000 ALTER TABLE `craft_searchindex` ENABLE KEYS */;
UNLOCK TABLES;

--
-- Table structure for table `craft_sections`
--

DROP TABLE IF EXISTS `craft_sections`;
/*!40101 SET @saved_cs_client     = @@character_set_client */;
/*!40101 SET character_set_client = utf8 */;
CREATE TABLE `craft_sections` (
  `id` int(11) NOT NULL AUTO_INCREMENT,
  `structureId` int(11) DEFAULT NULL,
  `name` varchar(255) COLLATE utf8_unicode_ci NOT NULL,
  `handle` varchar(255) COLLATE utf8_unicode_ci NOT NULL,
  `type` enum('single','channel','structure') COLLATE utf8_unicode_ci NOT NULL DEFAULT 'channel',
  `hasUrls` tinyint(1) unsigned NOT NULL DEFAULT '1',
  `template` varchar(500) COLLATE utf8_unicode_ci DEFAULT NULL,
  `enableVersioning` tinyint(1) unsigned NOT NULL DEFAULT '0',
  `dateCreated` datetime NOT NULL,
  `dateUpdated` datetime NOT NULL,
  `uid` char(36) COLLATE utf8_unicode_ci NOT NULL DEFAULT '0',
  PRIMARY KEY (`id`),
  UNIQUE KEY `craft_sections_name_unq_idx` (`name`),
  UNIQUE KEY `craft_sections_handle_unq_idx` (`handle`),
  KEY `craft_sections_structureId_fk` (`structureId`),
  CONSTRAINT `craft_sections_structureId_fk` FOREIGN KEY (`structureId`) REFERENCES `craft_structures` (`id`) ON DELETE SET NULL
) ENGINE=InnoDB AUTO_INCREMENT=24 DEFAULT CHARSET=utf8 COLLATE=utf8_unicode_ci;
/*!40101 SET character_set_client = @saved_cs_client */;

--
-- Dumping data for table `craft_sections`
--

LOCK TABLES `craft_sections` WRITE;
/*!40000 ALTER TABLE `craft_sections` DISABLE KEYS */;
INSERT INTO `craft_sections` VALUES (1,NULL,'Homepage','homepage','single',1,'index',1,'2015-01-25 16:17:44','2015-03-03 16:51:40','7f177e50-81ed-4caa-b939-33614d102797'),(4,2,'Stories','stories','structure',1,'stories/_entry',1,'2015-01-27 15:00:33','2015-01-27 19:25:29','33760345-8b6b-4d1e-ab37-ba415f8d7715'),(5,NULL,'Resources','resources','channel',1,'resources/_entry',1,'2015-01-27 15:28:44','2015-03-10 16:51:44','eacef886-a2b6-4ec4-87a1-8121d14b8cf9'),(6,NULL,'Calendar','calendar','channel',1,'calendar/_entry.html',1,'2015-02-18 22:32:22','2015-04-26 22:03:21','04981c6f-24c7-4a99-8d00-5beb07002883'),(7,NULL,'Programs/Services','programsServices','channel',1,'programs-services/_entry',1,'2015-02-18 22:32:50','2015-03-05 20:39:04','5b4b19d4-d908-4f33-b5ba-5d0fc1b18ad8'),(8,NULL,'Contact Us','contactUs','single',1,'contact/index',1,'2015-02-19 14:11:19','2015-03-18 17:32:45','b90463bb-7f23-43c1-b7cc-299d54f93a0f'),(9,NULL,'Referral','referral','single',1,'referral/index',1,'2015-02-19 17:41:25','2015-03-10 15:35:23','8d48ed75-a75c-4822-a89e-b72efc057d1a'),(11,NULL,'Donate','donate','single',1,'donate/index',1,'2015-02-19 18:40:05','2015-03-10 15:40:17','1382e03e-66fe-4a64-945f-6b59d627e855'),(12,NULL,'Warehouse','warehouse','single',1,'warehouse/index',1,'2015-02-19 18:40:23','2015-03-10 15:45:50','bdd30a42-f77f-407c-98a4-59a23dca3eda'),(13,NULL,'More Ways to Support','support','single',1,'support/index',1,'2015-02-19 18:40:31','2015-03-10 15:45:27','29af1985-e316-4641-9562-617d43a14d90'),(14,NULL,'Volunteer','volunteer','single',1,'',1,'2015-02-19 18:40:42','2015-03-04 21:48:27','6e51ff17-c678-4f84-aad5-463ef91268dc'),(15,NULL,'Staff','staff','channel',0,NULL,1,'2015-02-19 20:21:02','2015-02-19 22:51:18','2d8121c1-5df3-41e8-94f6-d1d7ebb02029'),(17,NULL,'Advisory Council','advisoryCouncil','channel',0,NULL,1,'2015-02-19 22:51:36','2015-02-24 22:17:31','22baf65a-f3e5-4912-b2e4-960e3606f804'),(18,NULL,'Financials','financials','single',1,'financials',1,'2015-02-20 15:10:01','2015-03-03 16:51:34','a904f250-c1a0-459b-83d6-919accdfd528'),(19,NULL,'About Us','aboutUs','single',1,'',1,'2015-02-20 15:13:01','2015-03-04 21:48:10','617b6413-6c4c-4440-b0b2-bb361d5f25a8'),(20,NULL,'Board of Directors','boardOfDirectors','channel',0,NULL,1,'2015-02-24 22:18:04','2015-02-24 22:18:04','4aa65367-3d9b-4649-a397-19e710e93aa7'),(21,NULL,'TGP Locations','tgpLocations','channel',0,NULL,1,'2015-03-05 15:23:47','2015-03-05 20:34:24','800c920f-35cb-49ed-b66c-38198fe975ff'),(22,NULL,'Repeating Elements','repeatingElements','single',1,'',1,'2015-03-10 17:09:21','2015-03-20 13:41:59','909c08f7-57f6-423c-8950-d3ef2d8efadd'),(23,NULL,'Press Room','pressRoom','single',1,'press-room',1,'2015-05-31 00:19:45','2015-05-31 00:19:45','481b8f66-e274-481d-87c9-fbc4eadab4ea');
/*!40000 ALTER TABLE `craft_sections` ENABLE KEYS */;
UNLOCK TABLES;

--
-- Table structure for table `craft_sections_i18n`
--

DROP TABLE IF EXISTS `craft_sections_i18n`;
/*!40101 SET @saved_cs_client     = @@character_set_client */;
/*!40101 SET character_set_client = utf8 */;
CREATE TABLE `craft_sections_i18n` (
  `id` int(11) NOT NULL AUTO_INCREMENT,
  `sectionId` int(11) NOT NULL,
  `locale` char(12) COLLATE utf8_unicode_ci NOT NULL,
  `enabledByDefault` tinyint(1) unsigned NOT NULL DEFAULT '1',
  `urlFormat` varchar(255) COLLATE utf8_unicode_ci DEFAULT NULL,
  `nestedUrlFormat` varchar(255) COLLATE utf8_unicode_ci DEFAULT NULL,
  `dateCreated` datetime NOT NULL,
  `dateUpdated` datetime NOT NULL,
  `uid` char(36) COLLATE utf8_unicode_ci NOT NULL DEFAULT '0',
  PRIMARY KEY (`id`),
  UNIQUE KEY `craft_sections_i18n_sectionId_locale_unq_idx` (`sectionId`,`locale`),
  KEY `craft_sections_i18n_locale_fk` (`locale`),
  CONSTRAINT `craft_sections_i18n_locale_fk` FOREIGN KEY (`locale`) REFERENCES `craft_locales` (`locale`) ON DELETE CASCADE ON UPDATE CASCADE,
  CONSTRAINT `craft_sections_i18n_sectionId_fk` FOREIGN KEY (`sectionId`) REFERENCES `craft_sections` (`id`) ON DELETE CASCADE
) ENGINE=InnoDB AUTO_INCREMENT=24 DEFAULT CHARSET=utf8 COLLATE=utf8_unicode_ci;
/*!40101 SET character_set_client = @saved_cs_client */;

--
-- Dumping data for table `craft_sections_i18n`
--

LOCK TABLES `craft_sections_i18n` WRITE;
/*!40000 ALTER TABLE `craft_sections_i18n` DISABLE KEYS */;
INSERT INTO `craft_sections_i18n` VALUES (1,1,'en_us',0,'__home__',NULL,'2015-01-25 16:17:44','2015-01-26 20:56:28','f8a9649b-87e0-492f-a22e-4a66f7359e47'),(4,4,'en_us',0,'stories/{slug}','{parent.uri}/{slug}','2015-01-27 15:00:33','2015-01-27 15:00:33','867e1edb-2347-441c-8b6e-8984900c957f'),(5,5,'en_us',0,'resources/{slug}',NULL,'2015-01-27 15:28:44','2015-01-27 15:28:44','d8100268-4ac6-4e5f-9d28-7897a5c98a3b'),(6,6,'en_us',0,'calendar/{slug}',NULL,'2015-02-18 22:32:22','2015-04-26 22:02:38','07575d70-1924-4008-957a-f66a184b2801'),(7,7,'en_us',0,'programs-services/{slug}',NULL,'2015-02-18 22:32:50','2015-03-05 20:39:04','942f39fe-6546-4357-a6d3-7735f54998aa'),(8,8,'en_us',0,'contact',NULL,'2015-02-19 14:11:19','2015-03-18 17:32:45','3b81e4fe-7608-465a-8858-d54f78ca09f8'),(9,9,'en_us',0,'referral/',NULL,'2015-02-19 17:41:25','2015-03-10 15:35:23','e6c9794a-9248-46a6-ad00-05df86dfb29a'),(11,11,'en_us',0,'donate',NULL,'2015-02-19 18:40:05','2015-03-10 15:40:17','a7f57144-cb9e-4c70-a84b-874547829f32'),(12,12,'en_us',0,'warehouse',NULL,'2015-02-19 18:40:23','2015-03-10 15:45:50','37bba727-106e-49f1-b41a-61f7abd9f9b6'),(13,13,'en_us',0,'support',NULL,'2015-02-19 18:40:31','2015-03-10 15:45:27','69441a9b-5ad1-4a00-bcd6-986786cdd784'),(14,14,'en_us',0,'volunteer/',NULL,'2015-02-19 18:40:42','2015-03-04 21:47:59','5be24b13-524a-47e4-8712-204c94d56880'),(15,15,'en_us',0,NULL,NULL,'2015-02-19 20:21:02','2015-02-19 22:51:18','bcf06f0d-2c73-4b8d-991b-4a9d79d9dc9f'),(17,17,'en_us',0,NULL,NULL,'2015-02-19 22:51:36','2015-02-19 22:51:36','ca071c53-f37a-40ed-961e-2b29a26ff796'),(18,18,'en_us',0,'financials',NULL,'2015-02-20 15:10:01','2015-02-20 15:10:01','53c2dc39-5454-4670-ace5-141023682234'),(19,19,'en_us',0,'about_us/',NULL,'2015-02-20 15:13:01','2015-03-04 21:48:10','2527582a-4867-4c47-a127-4525429817bb'),(20,20,'en_us',0,NULL,NULL,'2015-02-24 22:18:04','2015-02-24 22:18:04','185372ac-8529-4b99-a32f-fc0f7a4ba8f4'),(21,21,'en_us',0,NULL,NULL,'2015-03-05 15:23:47','2015-03-05 15:23:47','74a3cb7e-5a2c-4226-986d-9bfaf803bcbf'),(22,22,'en_us',0,'repeating-elements',NULL,'2015-03-10 17:09:21','2015-03-20 13:41:59','1422b5b0-0a58-4f2c-8618-a396b567db65'),(23,23,'en_us',0,'press-room',NULL,'2015-05-31 00:19:45','2015-05-31 00:19:45','6796171c-9efa-466b-b4ae-544ac50d5e75');
/*!40000 ALTER TABLE `craft_sections_i18n` ENABLE KEYS */;
UNLOCK TABLES;

--
-- Table structure for table `craft_sessions`
--

DROP TABLE IF EXISTS `craft_sessions`;
/*!40101 SET @saved_cs_client     = @@character_set_client */;
/*!40101 SET character_set_client = utf8 */;
CREATE TABLE `craft_sessions` (
  `id` int(11) NOT NULL AUTO_INCREMENT,
  `userId` int(11) NOT NULL,
  `token` char(100) COLLATE utf8_unicode_ci NOT NULL,
  `dateCreated` datetime NOT NULL,
  `dateUpdated` datetime NOT NULL,
  `uid` char(36) COLLATE utf8_unicode_ci NOT NULL DEFAULT '0',
  PRIMARY KEY (`id`),
  KEY `craft_sessions_uid_idx` (`uid`),
  KEY `craft_sessions_token_idx` (`token`),
  KEY `craft_sessions_dateUpdated_idx` (`dateUpdated`),
  KEY `craft_sessions_userId_fk` (`userId`),
  CONSTRAINT `craft_sessions_userId_fk` FOREIGN KEY (`userId`) REFERENCES `craft_users` (`id`) ON DELETE CASCADE
) ENGINE=InnoDB AUTO_INCREMENT=113 DEFAULT CHARSET=utf8 COLLATE=utf8_unicode_ci;
/*!40101 SET character_set_client = @saved_cs_client */;

--
-- Dumping data for table `craft_sessions`
--

LOCK TABLES `craft_sessions` WRITE;
/*!40000 ALTER TABLE `craft_sessions` DISABLE KEYS */;
INSERT INTO `craft_sessions` VALUES (29,1,'4c1330ee060f66ad53f8980f5f62858f3d37f30cczozNjoiMTAxMDc1NDAtZjM1MS00ZWE1LTlmODUtNzYzMGZkYjZiM2YzIjs=','2015-03-04 16:32:02','2015-03-04 16:32:02','70775c7e-6ec3-404f-a30e-ca462e3893b4'),(30,1,'6a24b31a61847b003ac21483391139294a339140czozNjoiOWYyMTE1YjgtOTEwYS00YTVlLTgzMjktNjQ4OTNlNzM0M2FmIjs=','2015-03-04 16:32:03','2015-03-04 16:32:03','0948ee9d-2f0a-45c2-b598-8a4335b90420'),(31,123,'b3f128c8fbbf1634fecf009308b2306ab7ce8f15czozNjoiODYwYzM5NzItNTI4NC00YmJmLWIzZDQtMDhjMjFhNGI5NjIzIjs=','2015-03-04 16:39:28','2015-03-04 16:39:28','f6eef3e1-0200-422a-8672-712c9955ac89'),(32,123,'48f68842bed2c9d29ad0943536a030f635e40a70czozNjoiMmI4OGVhZWMtNmIwZS00MzFjLTgzNWYtOGZkNWY3MjhjNDIwIjs=','2015-03-04 18:18:04','2015-03-04 18:18:04','72b787b6-f875-4cf8-bd4f-d785d8ed9a83'),(34,123,'8f397106f93616be35d5fe01f5fb40d1394559edczozNjoiYWJjOGQ5ZTItNjkxNC00YWI5LWIxY2QtMzgxMDllMTljMjRkIjs=','2015-03-05 15:05:27','2015-03-05 15:05:27','c303d50f-6030-42f2-b67c-b81fe251049f'),(35,4,'e8da4c8730b2a6b297c66147be277a67e5e3362eczozNjoiYzM4ZGM5N2EtY2Y1NS00MDI3LTlkOGEtMjQ0NWM1MWNjOGM3Ijs=','2015-03-10 13:19:41','2015-03-10 13:19:41','cddcb5e1-9052-46f2-9375-1c15dfa8b809'),(36,4,'23facb32e31a447ce2a30f347217fb31f002a627czozNjoiYmFiZDFlMmQtY2U4NC00NzYyLWFlOGUtZDI0YzE5NmFhZjc3Ijs=','2015-03-11 14:42:17','2015-03-11 14:42:17','9cd205c3-634c-4245-ba5a-694e96611ee6'),(37,4,'01a5a7045455d4a2f75a2fb453db7ae20174353cczozNjoiMzQ3OTVmYmMtZDdlNi00NmEwLWJlYWMtODU0MjFiZmE3ZTAxIjs=','2015-03-11 18:30:57','2015-03-11 18:30:57','e3e6408d-3c45-4958-8d98-02dee574e262'),(38,4,'cb85cb73dbc69a20b8976404061da2307bee2e76czozNjoiNmE4YzU2ZTUtMGI0My00NjJjLWJjYjAtMDJmZWU2OWM5MzA4Ijs=','2015-03-12 14:44:13','2015-03-12 14:44:13','db47b937-93b9-4e66-97df-ab50ea4e5a90'),(39,4,'6dcc05768f02bafc97b26dbccaaa4504514a933cczozNjoiMzdkNTg2YjEtZDk3NS00MDZmLWFjNjEtZGQxMmRmODdjNTA4Ijs=','2015-03-12 15:53:54','2015-03-12 15:53:54','0b5cea73-89da-48c4-abef-e1ecc4f28031'),(40,4,'9a92b4e7979cf830e189b567ce19adf668e6962eczozNjoiNjMzOTVlNGEtMTQ4NS00YzRiLWJiN2MtNGEwNTcxMmRjMWQxIjs=','2015-03-13 18:30:49','2015-03-13 18:30:49','055ac311-565a-4ca5-8378-9fe52debb336'),(41,4,'629ea5113ca7c6fd12e9428450dbb261d9b2d077czozNjoiZWE5ZGRiZmEtMTVkOC00YTI1LTllOTctMDFiZjRlMTQzMmIzIjs=','2015-03-16 14:57:47','2015-03-16 14:57:47','3b05c31d-bce4-4088-b410-9f70d46114c4'),(42,4,'a295c536d3fdc20122d85e5028570528b7949e49czozNjoiZjhhOWQ1ZDQtZWVmNy00M2YzLTg0MTMtZWJlMmMwNDE2ODY1Ijs=','2015-03-17 13:59:59','2015-03-17 13:59:59','96375058-4e98-4b70-ad6a-3fb5e35aa7e4'),(43,4,'0484c5b3083e26ba680516032b1654de5a3b9b68czozNjoiMzQyZmM0MWQtMDA0MC00Y2U5LTg3YmQtMTM4Nzc5NTM2ODM0Ijs=','2015-03-17 21:00:51','2015-03-17 21:00:51','9cdd869c-f89d-47bc-ac47-58fc09225aec'),(44,4,'924f21a4e71d0a9661feae54c9d4075a57ca619aczozNjoiOGZhNGQxOTYtNjBjMS00ZWVjLTk2NGEtOTI5OGZlZTI0NTJkIjs=','2015-03-18 14:01:20','2015-03-18 14:01:20','42fb230e-9ab5-4a19-8c54-7a38d5fea224'),(45,4,'61a5db16919e571bc1a0f8aade6381143e33dd85czozNjoiYTkyNjVmMjYtM2NmNS00ZjU1LTkwNWYtY2I0NDQxNDQ2ZGZiIjs=','2015-03-19 14:21:04','2015-03-19 14:21:04','46d38906-1ee4-4e5b-b3fb-265dbcf76b22'),(46,4,'45df783b6b93b584f2a3306b992e5488c5c8b9caczozNjoiZWQwYWIxNmYtZWY1YS00NWM4LWI1OGUtM2Y1Y2ZiODdiNDk4Ijs=','2015-03-20 13:37:37','2015-03-20 13:37:37','4ba9bf29-9faf-44b5-b0d7-61c18b69b888'),(47,4,'83c287cb37a167de3760abb3dfc5bf84cfdd1fcaczozNjoiZDEzNjBhZmEtMjY5MS00ZDUxLTgxZGMtYjRkNDQwZDAzMmQ4Ijs=','2015-03-20 21:15:46','2015-03-20 21:15:46','43e33601-1d16-4399-a408-6ba512707565'),(48,4,'772d513102b5855e7c7f9181e52eead8acdd3a78czozNjoiNzljMjAwMDUtYTUxNi00YjY5LTljOGQtYmNkMjQ0YzExYWMxIjs=','2015-03-23 13:42:32','2015-03-23 13:42:32','b9cff507-3a2d-430e-bfb3-0a4847c87b53'),(49,4,'9c50e80c55e63ff98d18271fc5dde58202469cf3czozNjoiZThjMzg3MmEtMDEyZS00NDAyLWEyNTItMjE1ZGFkN2ZiZWU3Ijs=','2015-03-24 17:41:25','2015-03-24 17:41:25','b0d498a0-ce61-457e-b32f-81e2b6dcbac2'),(51,123,'6e7f5770526afe00f2cbd65d2ea4d9700600a439czozNjoiNGE0Zjk3NWItY2FmMS00NjZhLTgyNGEtNTc1ZmE4ZDUxNmI3Ijs=','2015-03-28 19:11:34','2015-03-28 19:11:34','92622632-29ad-4de4-930d-d7755d3ce7a4'),(53,4,'f0cf16f13b81910307f20562b510f0d328431513czozNjoiYmMwZTJmOWItODkxMi00MDFmLTk2ZjUtODBlOTEzYzA4ZWU5Ijs=','2015-03-31 19:14:06','2015-03-31 19:14:06','cab3dc10-07a2-493e-86c0-312cc5e8eafe'),(54,4,'c253e22539704e5d8674adf4d5379b777f9ea9deczozNjoiOGU1MjFjYTktNGM3Ny00ODRmLTk5OWQtZmQ1MDkxNGJmMmI3Ijs=','2015-04-01 17:56:35','2015-04-01 17:56:35','0ad3395a-6445-4b09-9015-87cda35bc669'),(55,4,'efa22d509071cb8280a70f5611e031227d2d836fczozNjoiZTBmZjIyNjctNTBkZS00OTFkLTg4MWYtZTQ5ZWZlMDhhZjNkIjs=','2015-04-02 17:04:23','2015-04-02 17:04:23','fcd3a940-a087-4871-8418-285d789ed521'),(56,4,'7a800767b79bba3415dfcddfccb5808f910c5325czozNjoiMDdiNDNjYWMtMzNhOC00NjcyLWE2ZGEtZmI4Y2VmYWI1MzQ0Ijs=','2015-04-02 21:23:49','2015-04-02 21:23:49','b1ec9279-0dce-45bb-bda1-3652aefdd474'),(57,4,'3620b66008027663c1e6b04f88097906e9d2c714czozNjoiNzQwZTYyMGUtNWNiOS00MDRjLWJhMGEtMjA2OWE4M2VhY2ZhIjs=','2015-04-06 12:59:14','2015-04-06 12:59:14','a8de634f-7e61-4059-85b6-ba66091a0384'),(58,4,'a88b8d0dea1be72ab3238eede7c1b0b9cdd85d1bczozNjoiMDQyNzZhNjMtMjVjNy00NGJkLTgxNTgtMDljYTM5OTg1N2YxIjs=','2015-04-08 15:45:32','2015-04-08 15:45:32','c73075ff-5cdb-4a48-a82c-32d58bb96dc2'),(59,1,'a335608770362535661ec50c62f8b37c1055fd9bczozNjoiYzRkN2ZlNmQtN2FkMS00ZmUyLTkzZWEtNDRkNTE4NWJkMzU5Ijs=','2015-04-10 21:08:01','2015-04-10 21:08:01','6433ded8-a4f1-436d-a758-f56664e724bb'),(60,1,'27f95545b5609830983d2dc283f186f961443ed7czozNjoiZjZjMzhlODItNjEzNC00ZWMzLWE4NjMtZDY3YzEwY2M2ZWM4Ijs=','2015-04-10 21:08:03','2015-04-10 21:08:03','516a50a9-0355-4ef6-8544-24a69e48fc26'),(63,1,'65e5952ef01df8d627a3d437d24e30f2abbce38cczozNjoiNjZiNjRlMjctZjk1Ny00ZDQ3LTkzZDItMTM1YWMwNjA5MTA1Ijs=','2015-04-16 02:04:13','2015-04-16 02:04:13','ba538295-b195-47d7-bf88-61814e3a2269'),(64,1,'24b1c1e27802280e12515f5c06075f4f1e4f1fcaczozNjoiZTg5ZDlkY2QtYTk2Zi00NWE0LWExMDEtNjY0MTIxNjY3MjVjIjs=','2015-04-16 02:04:14','2015-04-16 02:04:14','d7dbf691-ab9f-4962-8cca-d13ac41ce767'),(66,1,'8ce828ad1cd8163635ba99389a5c66cc045ae40eczozNjoiMjZiZGQzZTYtMWJiMi00ZjNjLTkwMGQtM2E3YTVhNDExZjA3Ijs=','2015-04-16 23:44:36','2015-04-16 23:44:36','cb4415eb-e2ee-4722-8854-c92634f359e7'),(67,1,'0938393450243ac48d592a40abed7a20d58b5879czozNjoiY2FlMDNkOTUtNTRmZC00ZDk3LTkwNzktOTdkNzIwNzZmNzJlIjs=','2015-04-16 23:44:38','2015-04-17 01:04:29','95a4aec7-c64c-4215-a4c9-f6975c10a75c'),(69,1,'ca02f342c7f40525053b844fcb39921311c926c0czozNjoiMDhiZTJkYTEtZGNlMy00MTU4LTk3OGQtMWVlNGYxMjY2NGEwIjs=','2015-04-19 02:04:52','2015-04-19 02:04:52','cf00e70d-72da-47bf-9208-ea6f28190453'),(70,1,'c5d9c5e120fbcbb86398d6362d9b563ab3259de9czozNjoiMmU5OThmYWEtNmM5Yy00ZGIwLThkZWYtNzVjMTYyY2JmMzg2Ijs=','2015-04-19 02:04:53','2015-04-19 02:04:53','029ee120-06c6-4885-997f-6133e1e5ffbc'),(72,4,'80ebfe39064687efbc3ff19240bd82a6ace65d84czozNjoiNzExZDBiMzctZjhkMC00ZGQ1LWE1MTItNWUzNjE4MTZiMTc4Ijs=','2015-04-20 17:04:38','2015-04-20 17:04:38','6c86ebc7-82eb-4d49-84a6-6396f34f1482'),(73,1,'813414fc0136c7277e02d318390c7f4898a60431czozNjoiYzUwODE5ODMtYmU2Mi00MjFkLWE5NjMtNGY1MjdlN2NkMGVmIjs=','2015-04-20 18:08:11','2015-04-20 18:08:11','2a988348-d508-4416-beb1-83d64ba18961'),(74,1,'61e045d6ee87f30da74af5dc6c3fdd1148b428f5czozNjoiYTBlNmQ3YmUtYWE4MC00MTBkLWFjMGUtZWYxYWFhOGRiMzc0Ijs=','2015-04-20 18:08:13','2015-04-20 18:08:13','a645f869-6911-410a-b2cf-8d8962e74084'),(75,4,'fb494931af22058112e573daee8e7f1c976fd764czozNjoiZDc2MWYyOWMtYWFkYy00NTk0LWJiYmEtYTE0ZDUzM2M4MGZiIjs=','2015-04-21 15:45:52','2015-04-21 15:45:52','b027a3e9-5146-4be4-8236-2cd02d1a5e97'),(76,1,'7e74e8ae4b8bd13d04a6d757ac3554edf7669d7fczozNjoiZGI4OWFiM2UtYWJjOC00ODllLTllNjUtMWVjNTc3YzMxYmUzIjs=','2015-04-23 01:42:10','2015-04-23 01:42:10','4259b47a-6cb3-4f3f-a3d1-99f90103207c'),(77,1,'d642b9b8b8f715449e33457efa8053e35c53a19aczozNjoiNDNlNzEzNjktYTJjZi00ZTQ4LTgyMWEtNzUxYTZiZjE2ODY0Ijs=','2015-04-23 01:42:14','2015-04-23 01:42:14','d74f60ed-32aa-48bc-b3b3-02d56c700aba'),(78,1,'7e1f3032a6541f73c6cabe3ab989cf8d2f731cebczozNjoiYmFkZWQ4NTMtZTUzMy00ZTJiLThiMzUtODVmZDJkZTZiMmFjIjs=','2015-04-24 00:26:32','2015-04-24 00:26:32','45d58ef4-4c3c-4926-8a91-d9c06fb1be56'),(79,1,'aeed7f74c750e244805c07e63abc7f677fe5fb62czozNjoiMGFiYjgzN2UtMGEyNy00YzAyLWFlNmMtNzZkZjQ0OWJhN2Q0Ijs=','2015-04-24 00:26:33','2015-04-24 00:26:33','dd1a545a-1b7b-4230-84f2-6d777025eee9'),(82,1,'839d86b0fb1b9d9263e548de1e3c69dcf62bdc75czozNjoiYmU2YTdhOWEtODJhOS00NzUzLWFiNTItMWUzYzJiNjdiMjgyIjs=','2015-05-01 14:16:19','2015-05-01 15:13:45','b530940a-b35c-444f-9e39-86cfed2b1191'),(83,270,'f0675731c9f4bcd34affefb101c9257abdd4620fczozNjoiNDg1MGM5MmEtZjg4Mi00MGIxLWIxOGItNTZlM2MxYjNjYWVkIjs=','2015-05-01 15:42:44','2015-05-01 15:42:44','418f96f8-99d2-4055-ae80-ae4e3bca9a41'),(84,1,'7de85890f7a347dada3c2a905ead716182c2d178czozNjoiYzhhYTgxZGItNDYwMi00OGZkLThiNDgtYTQ1MTQ0YzUzZjEyIjs=','2015-05-03 02:05:35','2015-05-03 02:05:35','938599d4-469d-4984-bc53-8f7d6288cfd5'),(85,1,'7e92671e1c6b828ea426daa724335a5373401369czozNjoiOTYyOGZkOTYtMjA3Yy00OTlmLWFmYmEtZDExZGQ3NmFkMTdmIjs=','2015-05-03 20:14:25','2015-05-03 20:14:25','02ddfa8b-a8f5-436e-a0ed-8700dfd36472'),(87,1,'fc417bff1b413fd1f7794719711a288d9e5b72b3czozNjoiMDY0OGYxZjMtYTgyOS00OGRkLWI1OWUtZmQ2ZjUxMWVlNGFlIjs=','2015-05-07 02:31:33','2015-05-07 02:31:33','7cc1dfcf-b548-4660-aa63-1e14d274f677'),(88,4,'138cc00ab7b5e5bee52c9f385d467cc7c1fc2abfczozNjoiZDlkYjNkYjYtNmYxZi00ZmNjLTgxZTYtNDNlN2Q0OWMyNGQyIjs=','2015-05-08 21:34:43','2015-05-10 15:01:56','7e487eaf-8c53-41aa-86b0-f37aa44c6532'),(89,1,'4ce9b63435502267798bdc343bfecbad57260819czozNjoiNjM3MGYyMTMtOTBiNy00ODY4LWE5MjUtMDA1Yjg2ZWY0NGE1Ijs=','2015-05-09 01:21:35','2015-05-09 01:21:35','e5a88b72-d28f-4521-94d4-166eff07d426'),(90,4,'30bc3b0c6176d078ddf57802e073e5dadd54c63eczozNjoiNDcxNzc4N2QtODk2Yi00MzAwLWI0YjQtNTVkYzMwN2ViZTFiIjs=','2015-05-13 17:08:40','2015-05-13 17:08:40','df0af0cf-3d8f-4018-8da0-d879463c4b92'),(91,1,'633b36d4d6b2c79ac719cb34ad8edb224a970fb2czozNjoiMmY0M2I0MzYtNmZlYS00NWUzLTljMDAtZWI0OTMyOGViYjk4Ijs=','2015-05-19 20:12:10','2015-05-19 20:12:10','d7c29fb2-1b39-4d99-a0cf-99c8752164ee'),(92,281,'0cc01bbbaa5c55dcf92e2a521d57dc4c52a72362czozNjoiYWVhY2E5YWMtYTBkZi00YTg2LTk3Y2EtZTk1MTU0ODBlYjQ4Ijs=','2015-05-19 20:17:28','2015-05-19 20:17:28','bac7ea41-21d8-4b06-80b4-058ea6b28d3e'),(93,1,'eb8453a9f29125599554b3bb4c2cea05be9d4596czozNjoiZjhiZGUwMTAtZjk2OS00MTMwLTg2MWYtNTA3ZTJiMGFhODAyIjs=','2015-05-23 20:29:58','2015-05-23 20:29:58','3e902e8c-376b-4658-a675-b7eac2e89026'),(96,4,'f5c05790951d1bd4fc850c81b9bb5c196992a09aczozNjoiMjEwOWMyOGUtNTUwNC00OTE1LTk2ZjEtOGJmNDJhODc3YmFiIjs=','2015-05-28 18:14:02','2015-05-29 20:18:15','63ff8e09-40a7-422e-94d2-3e9272b1e4d7'),(97,1,'13db15f5cffed695564beb6a15156fbdfcdec610czozNjoiNTg5MDQwN2UtMjY2Ni00NDdkLWFmMDAtMWU4NDJlNTMzYjcwIjs=','2015-05-29 20:07:10','2015-05-29 20:07:10','a3756912-d99c-4cd7-a0ae-82257b8a961a'),(99,4,'0c0edce13a8697a034b9bf9902c692a421e981f5czozNjoiMjg4MjRmMDEtYjhhZS00YTc3LWI4NzEtNmFjMjQ1ODQ2NzQ5Ijs=','2015-05-29 20:48:15','2015-05-29 20:48:15','b8a5a126-7a8a-4806-8438-26585ded00e3'),(100,1,'2883ff42330096eeecebe72894b6a2dcd37dcc5bczozNjoiNTk4MjhiN2EtNmZhNS00ZjI2LTllOTctMjUwMDM2MTNjMTc2Ijs=','2015-05-30 15:39:06','2015-05-30 15:39:06','7cf9d632-67d6-4b39-91f6-842496bc9c74'),(101,1,'cccd318cf05a262eb25859e0ff58ee3423189c65czozNjoiZmFiZmJmNGUtNTYwOC00Yjg5LTlhODctYmE4NTIwNGJhZTVlIjs=','2015-05-31 00:16:44','2015-05-31 00:16:44','e3d2df4b-c59c-4251-b753-43e3ffd6bc22'),(102,1,'9ef50d4a3996fcebbd6f3c52b15cf00c4745be97czozNjoiOTIzMmVlMGMtZWMwYS00NzFlLTlmODEtMDZjNWJlNmVjMWQ1Ijs=','2015-06-01 20:19:41','2015-06-01 20:19:41','70dad4cf-dd5d-4016-9463-eb72148eb0d6'),(103,281,'2c6a6839b0e365c5455a68eb029e8572cc7b6ba8czozNjoiYmVlODNlMjItZThkMC00ZmJhLTliZmEtMzMzZWNkZDdkMTk4Ijs=','2015-06-02 12:14:56','2015-06-02 12:14:56','43deb9df-4695-4c27-91f6-f998536087d0'),(109,1,'c8688799145bb21162a17c6209901e3c6abc62efczozNjoiNzE2NDJjN2YtZWQzMy00ZWQ1LWEyZGEtMmY3M2Y1ZTkzMTA3Ijs=','2015-06-05 13:11:24','2015-06-05 13:11:24','6c828de6-64b4-4391-abca-8061e1ec14a6'),(111,4,'46e1eb0dd9899f229b9f17faf0b95aca6fad63fdczozNjoiODg4YjRlZTUtZmEzOS00YjlmLWEzMzItODlmY2E1Y2RlYmE5Ijs=','2015-06-05 21:57:38','2015-06-05 21:57:38','45868cc4-17f1-4fbe-b230-e4abd18ad24e'),(112,1,'2c32bde88d6a27d1a7ab9b784896baa3fd776795czozNjoiMTBiOTMxZjgtMzQ4Yi00ODZhLWIyYTktNjAzYTU3MjVmOTUyIjs=','2015-06-08 14:57:12','2015-06-08 14:57:12','679fd281-7213-41e8-bda8-b39a365ac053');
/*!40000 ALTER TABLE `craft_sessions` ENABLE KEYS */;
UNLOCK TABLES;

--
-- Table structure for table `craft_shunnedmessages`
--

DROP TABLE IF EXISTS `craft_shunnedmessages`;
/*!40101 SET @saved_cs_client     = @@character_set_client */;
/*!40101 SET character_set_client = utf8 */;
CREATE TABLE `craft_shunnedmessages` (
  `id` int(11) NOT NULL AUTO_INCREMENT,
  `userId` int(11) NOT NULL,
  `message` varchar(255) COLLATE utf8_unicode_ci NOT NULL,
  `expiryDate` datetime DEFAULT NULL,
  `dateCreated` datetime NOT NULL,
  `dateUpdated` datetime NOT NULL,
  `uid` char(36) COLLATE utf8_unicode_ci NOT NULL DEFAULT '0',
  PRIMARY KEY (`id`),
  UNIQUE KEY `craft_shunnedmessages_userId_message_unq_idx` (`userId`,`message`),
  CONSTRAINT `craft_shunnedmessages_userId_fk` FOREIGN KEY (`userId`) REFERENCES `craft_users` (`id`) ON DELETE CASCADE
) ENGINE=InnoDB DEFAULT CHARSET=utf8 COLLATE=utf8_unicode_ci;
/*!40101 SET character_set_client = @saved_cs_client */;

--
-- Dumping data for table `craft_shunnedmessages`
--

LOCK TABLES `craft_shunnedmessages` WRITE;
/*!40000 ALTER TABLE `craft_shunnedmessages` DISABLE KEYS */;
/*!40000 ALTER TABLE `craft_shunnedmessages` ENABLE KEYS */;
UNLOCK TABLES;

--
-- Table structure for table `craft_structureelements`
--

DROP TABLE IF EXISTS `craft_structureelements`;
/*!40101 SET @saved_cs_client     = @@character_set_client */;
/*!40101 SET character_set_client = utf8 */;
CREATE TABLE `craft_structureelements` (
  `id` int(11) NOT NULL AUTO_INCREMENT,
  `structureId` int(11) NOT NULL,
  `elementId` int(11) DEFAULT NULL,
  `root` int(11) unsigned DEFAULT NULL,
  `lft` int(11) unsigned NOT NULL,
  `rgt` int(11) unsigned NOT NULL,
  `level` smallint(6) unsigned NOT NULL,
  `dateCreated` datetime NOT NULL,
  `dateUpdated` datetime NOT NULL,
  `uid` char(36) COLLATE utf8_unicode_ci NOT NULL DEFAULT '0',
  PRIMARY KEY (`id`),
  UNIQUE KEY `craft_structureelements_structureId_elementId_unq_idx` (`structureId`,`elementId`),
  KEY `craft_structureelements_root_idx` (`root`),
  KEY `craft_structureelements_lft_idx` (`lft`),
  KEY `craft_structureelements_rgt_idx` (`rgt`),
  KEY `craft_structureelements_level_idx` (`level`),
  KEY `craft_structureelements_elementId_fk` (`elementId`),
  CONSTRAINT `craft_structureelements_elementId_fk` FOREIGN KEY (`elementId`) REFERENCES `craft_elements` (`id`) ON DELETE CASCADE,
  CONSTRAINT `craft_structureelements_structureId_fk` FOREIGN KEY (`structureId`) REFERENCES `craft_structures` (`id`) ON DELETE CASCADE
) ENGINE=InnoDB AUTO_INCREMENT=65 DEFAULT CHARSET=utf8 COLLATE=utf8_unicode_ci;
/*!40101 SET character_set_client = @saved_cs_client */;

--
-- Dumping data for table `craft_structureelements`
--

LOCK TABLES `craft_structureelements` WRITE;
/*!40000 ALTER TABLE `craft_structureelements` DISABLE KEYS */;
INSERT INTO `craft_structureelements` VALUES (1,2,NULL,1,1,14,0,'2015-01-27 15:25:08','2015-01-27 15:25:08','263c933d-d27f-4edf-8f43-bec32a441993'),(6,6,NULL,6,1,12,0,'2015-02-18 22:23:48','2015-02-18 22:23:48','0ccdf2b0-4b31-4a44-862f-e788265bbad5'),(7,6,31,6,2,3,1,'2015-02-18 22:23:48','2015-02-18 22:23:48','6d3591f9-7849-431c-982a-7a4056b22d95'),(8,6,32,6,4,5,1,'2015-02-18 22:24:10','2015-02-18 22:24:10','d32e4d72-c897-450b-83c8-f93fd73a5b76'),(9,6,33,6,6,7,1,'2015-02-18 22:24:21','2015-02-18 22:24:21','82007fd6-090a-4ca1-ae90-799ae04a18f1'),(10,6,34,6,8,9,1,'2015-02-18 22:24:27','2015-02-18 22:24:27','663b0f2e-f90a-4789-adb6-d6cc47fdd1cd'),(11,2,35,1,2,3,1,'2015-02-18 23:00:54','2015-02-18 23:00:54','5e6a3b59-03a4-40c6-9e99-f3b73979ab6e'),(12,2,38,1,4,5,1,'2015-02-18 23:02:17','2015-02-18 23:02:17','1676db2d-1e56-4d3f-9f83-a0c79afa1c02'),(13,11,NULL,13,1,10,0,'2015-02-19 22:33:16','2015-02-19 22:33:16','cd0dfed2-773d-40ac-bcc4-ee717624a937'),(14,11,82,13,2,3,1,'2015-02-19 22:33:16','2015-02-19 22:33:16','43c04d92-54d6-4896-b5fa-a6a0351d9c65'),(15,11,83,13,4,5,1,'2015-02-19 22:33:32','2015-02-19 22:33:32','b54097f0-8b25-4b19-b419-914a6c621035'),(18,2,113,1,6,7,1,'2015-02-27 15:50:43','2015-02-27 15:50:43','225a7538-b9ea-4f42-986f-52d54d2a9b58'),(19,11,117,13,8,9,1,'2015-02-27 22:39:04','2015-02-27 22:39:04','50147685-0181-42d4-ae55-b9adb21eb280'),(20,11,118,13,6,7,1,'2015-02-27 22:39:55','2015-02-27 22:39:55','71beb1c9-e4bf-43a1-bbdd-d52f6a350327'),(21,12,NULL,21,1,8,0,'2015-03-03 16:54:39','2015-03-03 16:54:39','2307da98-ec97-4901-b86c-194e47234509'),(22,12,119,21,2,3,1,'2015-03-03 16:54:39','2015-03-03 16:54:39','a1e4256b-09fb-4c96-8682-a4d0cd3e86a3'),(23,12,120,21,4,5,1,'2015-03-03 16:54:47','2015-03-03 16:54:47','9f3bf74f-8904-4607-b0e6-48c94d959f4b'),(24,8,NULL,24,1,42,0,'2015-03-04 18:54:28','2015-03-04 18:54:28','34b72dfa-d487-49aa-a46c-c30fbe0ed4f5'),(28,6,127,6,10,11,1,'2015-03-04 18:56:11','2015-03-04 18:56:11','34a8fd83-65e3-4777-93aa-beea0c4c50c5'),(29,7,NULL,29,1,18,0,'2015-03-04 19:01:34','2015-03-04 19:01:34','6db27c75-27c1-4457-81a2-e189734a794a'),(31,2,132,1,8,9,1,'2015-03-04 21:35:32','2015-03-04 21:35:32','be3e428d-c1f2-46cd-9049-24d72b470acb'),(32,8,135,24,2,3,1,'2015-03-05 15:05:41','2015-03-05 15:05:41','799bf7c2-753f-490e-afa1-8148487b297a'),(33,8,136,24,10,11,1,'2015-03-05 15:05:54','2015-03-05 15:05:54','efb5e03b-da45-4d6f-b974-61e913f6495f'),(34,8,137,24,16,17,1,'2015-03-05 15:06:01','2015-03-05 15:06:01','5dea29d9-aebc-45a0-98cb-746ece946aae'),(35,8,138,24,26,27,1,'2015-03-05 15:06:09','2015-03-05 15:06:09','124ed5b0-0632-4e99-a443-55c8f55e42e4'),(36,8,139,24,34,35,1,'2015-03-05 15:06:16','2015-03-05 15:06:16','713b7f29-7747-4f2b-9d33-ee1b25419596'),(39,8,142,24,40,41,1,'2015-03-05 15:06:52','2015-03-05 15:06:52','64758baa-2b55-473e-829b-e0613d2ae722'),(40,8,143,24,18,19,1,'2015-03-05 15:07:00','2015-03-05 15:07:00','645869cb-2ba5-4103-8560-f0c7f2d7bf3a'),(41,8,144,24,4,5,1,'2015-03-05 15:07:08','2015-03-05 15:07:08','68d82115-7f8b-449b-b26a-568242658e85'),(42,8,145,24,12,13,1,'2015-03-05 15:07:17','2015-03-05 15:07:17','fd347695-795e-4e19-ae42-b7d57691e3d2'),(43,8,146,24,32,33,1,'2015-03-05 15:07:48','2015-03-05 15:07:48','16d5786f-44d3-4927-8cb8-671aa7a1aff7'),(44,12,147,21,6,7,1,'2015-03-05 15:10:31','2015-03-05 15:10:31','6232d22b-0cfb-4c01-b08f-14ebec8e429b'),(45,7,162,29,2,3,1,'2015-03-10 17:25:24','2015-03-10 17:25:24','c6ddaf5a-a50b-4ae0-a9f9-0c13e891b8fc'),(46,7,163,29,4,5,1,'2015-03-10 17:25:36','2015-03-10 17:25:36','2fc5443f-0f26-49aa-832a-a47862c6cff7'),(47,7,164,29,6,7,1,'2015-03-10 17:25:42','2015-03-10 17:25:42','482543e0-12ad-480b-af54-9422d96be79e'),(48,7,165,29,8,9,1,'2015-03-10 17:26:00','2015-03-10 17:26:00','91dbfcc2-ec83-425b-84eb-2fd8f27fe5e4'),(49,7,166,29,10,11,1,'2015-03-10 17:26:08','2015-03-10 17:26:08','09ce765f-2bcf-4069-8f2c-385f53c29b20'),(50,7,167,29,12,13,1,'2015-03-10 17:26:18','2015-03-10 17:26:18','bdf5dbbd-239e-4070-8fa3-73d37fe2bd26'),(51,7,168,29,14,15,1,'2015-03-10 17:31:25','2015-03-10 17:31:25','c6251db1-9750-40d0-be94-92720177d582'),(52,7,183,29,16,17,1,'2015-03-11 21:12:56','2015-03-11 21:12:56','3f98104b-5dee-450e-a95a-d8e6242fb0df'),(53,8,207,24,20,21,1,'2015-03-25 16:01:31','2015-03-25 16:01:31','8feb2d3e-af7a-43cf-9fa8-c736a9d378d1'),(54,8,208,24,28,29,1,'2015-03-25 16:02:04','2015-03-25 16:02:04','6a8a6dab-b902-4c97-a1c5-437972ecd198'),(55,8,209,24,36,37,1,'2015-03-25 16:02:17','2015-03-25 16:02:17','e29a8d2d-9835-48ea-9640-b238510a55d4'),(56,8,210,24,6,7,1,'2015-03-25 16:02:25','2015-03-25 16:02:25','401f179b-3cdc-4997-8fe4-518b7c3dec88'),(57,8,211,24,22,23,1,'2015-03-25 16:02:44','2015-03-25 16:02:44','7b42ba8f-d9d9-4a0f-ace4-7f6e2dd363e6'),(58,8,212,24,14,15,1,'2015-03-25 16:04:04','2015-03-25 16:04:04','66724860-623b-4701-b4d5-acf92f17f85a'),(59,8,213,24,30,31,1,'2015-03-25 16:05:20','2015-03-25 16:05:20','01f2a73c-2c06-4904-a4e2-5ba095fc4ae3'),(60,8,214,24,38,39,1,'2015-03-25 16:05:28','2015-03-25 16:05:28','c3d510c8-e849-4428-b688-9d98a8eb3a9a'),(61,8,215,24,8,9,1,'2015-03-25 16:05:40','2015-03-25 16:05:40','0530af7e-5d7b-4dc0-8c5c-105031299e1b'),(62,8,216,24,24,25,1,'2015-03-25 16:05:49','2015-03-25 16:05:49','11f14caf-48c2-487d-9905-98b30b8ea36f'),(63,2,278,1,10,11,1,'2015-05-03 20:14:50','2015-05-03 20:14:50','c5b55539-e00c-4984-a33f-44044502fbc6'),(64,2,285,1,12,13,1,'2015-05-26 14:37:34','2015-05-26 14:37:34','6d4535f2-257e-4d38-b8b5-85c70f82a90f');
/*!40000 ALTER TABLE `craft_structureelements` ENABLE KEYS */;
UNLOCK TABLES;

--
-- Table structure for table `craft_structures`
--

DROP TABLE IF EXISTS `craft_structures`;
/*!40101 SET @saved_cs_client     = @@character_set_client */;
/*!40101 SET character_set_client = utf8 */;
CREATE TABLE `craft_structures` (
  `id` int(11) NOT NULL AUTO_INCREMENT,
  `maxLevels` smallint(6) unsigned DEFAULT NULL,
  `dateCreated` datetime NOT NULL,
  `dateUpdated` datetime NOT NULL,
  `uid` char(36) COLLATE utf8_unicode_ci NOT NULL DEFAULT '0',
  PRIMARY KEY (`id`)
) ENGINE=InnoDB AUTO_INCREMENT=13 DEFAULT CHARSET=utf8 COLLATE=utf8_unicode_ci;
/*!40101 SET character_set_client = @saved_cs_client */;

--
-- Dumping data for table `craft_structures`
--

LOCK TABLES `craft_structures` WRITE;
/*!40000 ALTER TABLE `craft_structures` DISABLE KEYS */;
INSERT INTO `craft_structures` VALUES (2,NULL,'2015-01-27 15:00:33','2015-01-27 19:25:29','5d32dcc6-4efe-43df-9f1b-db185928e0be'),(3,NULL,'2015-01-27 15:55:01','2015-01-27 15:55:01','711b1d66-0eb4-454e-86f7-845602f40398'),(4,NULL,'2015-01-27 15:55:38','2015-01-27 15:55:38','6ccb2e1d-9407-4ec4-a25e-b28a51570bf5'),(5,NULL,'2015-01-27 15:56:22','2015-01-27 15:56:22','d9970faa-d453-45f7-aff8-4c0382edc80e'),(6,NULL,'2015-02-18 22:23:11','2015-02-18 22:23:11','87fd3646-dfe4-48d2-a3bd-db6c6bd2a35c'),(7,NULL,'2015-02-18 22:28:09','2015-02-18 22:28:09','3c5c83d3-45b1-4beb-aebd-6af05af54984'),(8,NULL,'2015-02-18 22:28:17','2015-03-05 15:02:12','8573031d-563a-4a33-a7cb-96a683b239ec'),(9,NULL,'2015-02-18 22:28:54','2015-02-18 22:28:54','cfea053a-b19b-4dae-93d8-01d866769d1d'),(11,NULL,'2015-02-19 22:32:51','2015-02-24 21:01:40','645db566-a83e-4d60-a83a-faad34aaf4cc'),(12,NULL,'2015-03-03 16:54:24','2015-03-03 16:54:24','27cdd3bf-c235-486e-b2c8-5d6b50f5fc20');
/*!40000 ALTER TABLE `craft_structures` ENABLE KEYS */;
UNLOCK TABLES;

--
-- Table structure for table `craft_systemsettings`
--

DROP TABLE IF EXISTS `craft_systemsettings`;
/*!40101 SET @saved_cs_client     = @@character_set_client */;
/*!40101 SET character_set_client = utf8 */;
CREATE TABLE `craft_systemsettings` (
  `id` int(11) NOT NULL AUTO_INCREMENT,
  `category` varchar(15) COLLATE utf8_unicode_ci NOT NULL,
  `settings` text COLLATE utf8_unicode_ci,
  `dateCreated` datetime NOT NULL,
  `dateUpdated` datetime NOT NULL,
  `uid` char(36) COLLATE utf8_unicode_ci NOT NULL DEFAULT '0',
  PRIMARY KEY (`id`),
  UNIQUE KEY `craft_systemsettings_category_unq_idx` (`category`)
) ENGINE=InnoDB AUTO_INCREMENT=2 DEFAULT CHARSET=utf8 COLLATE=utf8_unicode_ci;
/*!40101 SET character_set_client = @saved_cs_client */;

--
-- Dumping data for table `craft_systemsettings`
--

LOCK TABLES `craft_systemsettings` WRITE;
/*!40000 ALTER TABLE `craft_systemsettings` DISABLE KEYS */;
INSERT INTO `craft_systemsettings` VALUES (1,'email','{\"protocol\":\"php\",\"emailAddress\":\"branden@d-i.co\",\"senderName\":\"The Gathering Place\"}','2015-01-25 16:17:44','2015-01-25 16:17:44','1d32fddc-acb2-4c3e-912b-8c4ab0bf416a');
/*!40000 ALTER TABLE `craft_systemsettings` ENABLE KEYS */;
UNLOCK TABLES;

--
-- Table structure for table `craft_taggroups`
--

DROP TABLE IF EXISTS `craft_taggroups`;
/*!40101 SET @saved_cs_client     = @@character_set_client */;
/*!40101 SET character_set_client = utf8 */;
CREATE TABLE `craft_taggroups` (
  `id` int(11) NOT NULL AUTO_INCREMENT,
  `name` varchar(255) COLLATE utf8_unicode_ci NOT NULL,
  `handle` varchar(255) COLLATE utf8_unicode_ci NOT NULL,
  `fieldLayoutId` int(10) DEFAULT NULL,
  `dateCreated` datetime NOT NULL,
  `dateUpdated` datetime NOT NULL,
  `uid` char(36) COLLATE utf8_unicode_ci NOT NULL DEFAULT '0',
  PRIMARY KEY (`id`),
  UNIQUE KEY `craft_taggroups_name_unq_idx` (`name`),
  UNIQUE KEY `craft_taggroups_handle_unq_idx` (`handle`),
  KEY `craft_taggroups_fieldLayoutId_fk` (`fieldLayoutId`),
  CONSTRAINT `craft_taggroups_fieldLayoutId_fk` FOREIGN KEY (`fieldLayoutId`) REFERENCES `craft_fieldlayouts` (`id`) ON DELETE SET NULL
) ENGINE=InnoDB AUTO_INCREMENT=2 DEFAULT CHARSET=utf8 COLLATE=utf8_unicode_ci;
/*!40101 SET character_set_client = @saved_cs_client */;

--
-- Dumping data for table `craft_taggroups`
--

LOCK TABLES `craft_taggroups` WRITE;
/*!40000 ALTER TABLE `craft_taggroups` DISABLE KEYS */;
INSERT INTO `craft_taggroups` VALUES (1,'Default','default',1,'2015-01-25 16:17:44','2015-01-25 16:17:44','52db1a4a-4692-4637-adfc-56be8088897c');
/*!40000 ALTER TABLE `craft_taggroups` ENABLE KEYS */;
UNLOCK TABLES;

--
-- Table structure for table `craft_tags`
--

DROP TABLE IF EXISTS `craft_tags`;
/*!40101 SET @saved_cs_client     = @@character_set_client */;
/*!40101 SET character_set_client = utf8 */;
CREATE TABLE `craft_tags` (
  `id` int(11) NOT NULL,
  `groupId` int(11) NOT NULL,
  `dateCreated` datetime NOT NULL,
  `dateUpdated` datetime NOT NULL,
  `uid` char(36) COLLATE utf8_unicode_ci NOT NULL DEFAULT '0',
  PRIMARY KEY (`id`),
  KEY `craft_tags_groupId_fk` (`groupId`),
  CONSTRAINT `craft_tags_groupId_fk` FOREIGN KEY (`groupId`) REFERENCES `craft_taggroups` (`id`) ON DELETE CASCADE,
  CONSTRAINT `craft_tags_id_fk` FOREIGN KEY (`id`) REFERENCES `craft_elements` (`id`) ON DELETE CASCADE
) ENGINE=InnoDB DEFAULT CHARSET=utf8 COLLATE=utf8_unicode_ci;
/*!40101 SET character_set_client = @saved_cs_client */;

--
-- Dumping data for table `craft_tags`
--

LOCK TABLES `craft_tags` WRITE;
/*!40000 ALTER TABLE `craft_tags` DISABLE KEYS */;
/*!40000 ALTER TABLE `craft_tags` ENABLE KEYS */;
UNLOCK TABLES;

--
-- Table structure for table `craft_tasks`
--

DROP TABLE IF EXISTS `craft_tasks`;
/*!40101 SET @saved_cs_client     = @@character_set_client */;
/*!40101 SET character_set_client = utf8 */;
CREATE TABLE `craft_tasks` (
  `id` int(11) NOT NULL AUTO_INCREMENT,
  `root` int(11) unsigned DEFAULT NULL,
  `lft` int(11) unsigned NOT NULL,
  `rgt` int(11) unsigned NOT NULL,
  `level` smallint(6) unsigned NOT NULL,
  `currentStep` int(11) unsigned DEFAULT NULL,
  `totalSteps` int(11) unsigned DEFAULT NULL,
  `status` enum('pending','error','running') COLLATE utf8_unicode_ci DEFAULT NULL,
  `type` varchar(150) COLLATE utf8_unicode_ci NOT NULL,
  `description` varchar(255) COLLATE utf8_unicode_ci DEFAULT NULL,
  `settings` text COLLATE utf8_unicode_ci,
  `dateCreated` datetime NOT NULL,
  `dateUpdated` datetime NOT NULL,
  `uid` char(36) COLLATE utf8_unicode_ci NOT NULL DEFAULT '0',
  PRIMARY KEY (`id`),
  KEY `craft_tasks_root_idx` (`root`),
  KEY `craft_tasks_lft_idx` (`lft`),
  KEY `craft_tasks_rgt_idx` (`rgt`),
  KEY `craft_tasks_level_idx` (`level`)
) ENGINE=InnoDB AUTO_INCREMENT=109 DEFAULT CHARSET=utf8 COLLATE=utf8_unicode_ci;
/*!40101 SET character_set_client = @saved_cs_client */;

--
-- Dumping data for table `craft_tasks`
--

LOCK TABLES `craft_tasks` WRITE;
/*!40000 ALTER TABLE `craft_tasks` DISABLE KEYS */;
INSERT INTO `craft_tasks` VALUES (70,70,1,2,0,1,1,'running','ResaveElements','Resaving Calendar entries','{\"elementType\":\"Entry\",\"criteria\":{\"ancestorDist\":null,\"ancestorOf\":null,\"archived\":0,\"dateCreated\":null,\"dateUpdated\":null,\"descendantDist\":null,\"descendantOf\":null,\"fixedOrder\":0,\"id\":null,\"indexBy\":null,\"level\":null,\"limit\":null,\"locale\":\"en_us\",\"localeEnabled\":null,\"nextSiblingOf\":null,\"offset\":0,\"order\":\"lft, postDate desc\",\"positionedAfter\":null,\"positionedBefore\":null,\"prevSiblingOf\":null,\"relatedTo\":null,\"ref\":null,\"search\":null,\"siblingOf\":null,\"slug\":null,\"status\":null,\"title\":null,\"uri\":null,\"kind\":null,\"childField\":null,\"childOf\":null,\"depth\":null,\"parentField\":null,\"parentOf\":null,\"after\":null,\"authorGroup\":null,\"authorGroupId\":null,\"authorId\":null,\"before\":null,\"editable\":0,\"expiryDate\":null,\"postDate\":null,\"section\":null,\"sectionId\":\"6\",\"type\":null}}','2015-02-20 20:11:36','2015-02-20 20:11:36','f4a63ded-bd30-4fd0-90b1-dcefdac6032e'),(71,71,1,2,0,NULL,NULL,'pending','ResaveElements','Resaving Calendar entries','{\"elementType\":\"Entry\",\"criteria\":{\"ancestorDist\":null,\"ancestorOf\":null,\"archived\":0,\"dateCreated\":null,\"dateUpdated\":null,\"descendantDist\":null,\"descendantOf\":null,\"fixedOrder\":0,\"id\":null,\"indexBy\":null,\"level\":null,\"limit\":null,\"locale\":\"en_us\",\"localeEnabled\":null,\"nextSiblingOf\":null,\"offset\":0,\"order\":\"lft, postDate desc\",\"positionedAfter\":null,\"positionedBefore\":null,\"prevSiblingOf\":null,\"relatedTo\":null,\"ref\":null,\"search\":null,\"siblingOf\":null,\"slug\":null,\"status\":null,\"title\":null,\"uri\":null,\"kind\":null,\"childField\":null,\"childOf\":null,\"depth\":null,\"parentField\":null,\"parentOf\":null,\"after\":null,\"authorGroup\":null,\"authorGroupId\":null,\"authorId\":null,\"before\":null,\"editable\":0,\"expiryDate\":null,\"postDate\":null,\"section\":null,\"sectionId\":\"6\",\"type\":null}}','2015-02-20 20:12:25','2015-02-20 20:12:25','18d120d4-0f3b-4f9d-a74d-393440eda434'),(72,72,1,2,0,NULL,NULL,'pending','ResaveElements','Resaving Calendar entries','{\"elementType\":\"Entry\",\"criteria\":{\"ancestorDist\":null,\"ancestorOf\":null,\"archived\":0,\"dateCreated\":null,\"dateUpdated\":null,\"descendantDist\":null,\"descendantOf\":null,\"fixedOrder\":0,\"id\":null,\"indexBy\":null,\"level\":null,\"limit\":null,\"locale\":\"en_us\",\"localeEnabled\":null,\"nextSiblingOf\":null,\"offset\":0,\"order\":\"lft, postDate desc\",\"positionedAfter\":null,\"positionedBefore\":null,\"prevSiblingOf\":null,\"relatedTo\":null,\"ref\":null,\"search\":null,\"siblingOf\":null,\"slug\":null,\"status\":null,\"title\":null,\"uri\":null,\"kind\":null,\"childField\":null,\"childOf\":null,\"depth\":null,\"parentField\":null,\"parentOf\":null,\"after\":null,\"authorGroup\":null,\"authorGroupId\":null,\"authorId\":null,\"before\":null,\"editable\":0,\"expiryDate\":null,\"postDate\":null,\"section\":null,\"sectionId\":\"6\",\"type\":null}}','2015-02-20 20:20:43','2015-02-20 20:20:43','0a720c54-f97e-401f-94f9-c01473e0a8f9'),(73,73,1,2,0,NULL,NULL,'pending','ResaveElements','Resaving Calendar entries','{\"elementType\":\"Entry\",\"criteria\":{\"ancestorDist\":null,\"ancestorOf\":null,\"archived\":0,\"dateCreated\":null,\"dateUpdated\":null,\"descendantDist\":null,\"descendantOf\":null,\"fixedOrder\":0,\"id\":null,\"indexBy\":null,\"level\":null,\"limit\":null,\"locale\":\"en_us\",\"localeEnabled\":null,\"nextSiblingOf\":null,\"offset\":0,\"order\":\"lft, postDate desc\",\"positionedAfter\":null,\"positionedBefore\":null,\"prevSiblingOf\":null,\"relatedTo\":null,\"ref\":null,\"search\":null,\"siblingOf\":null,\"slug\":null,\"status\":null,\"title\":null,\"uri\":null,\"kind\":null,\"childField\":null,\"childOf\":null,\"depth\":null,\"parentField\":null,\"parentOf\":null,\"after\":null,\"authorGroup\":null,\"authorGroupId\":null,\"authorId\":null,\"before\":null,\"editable\":0,\"expiryDate\":null,\"postDate\":null,\"section\":null,\"sectionId\":\"6\",\"type\":null}}','2015-02-20 20:27:59','2015-02-20 20:27:59','69ed23a9-fe54-4836-8fe8-65258a78f2b1'),(74,74,1,2,0,NULL,NULL,'pending','DeleteStaleTemplateCaches',NULL,'{\"elementId\":[\"94\",\"93\",\"36\",\"92\",\"37\",\"35\",\"39\",\"95\",\"40\",\"38\",\"96\",\"97\",\"82\",\"83\",\"84\",\"85\",\"99\",\"98\",\"100\",\"101\",\"102\",\"103\",\"104\",\"105\",\"106\",\"107\",\"108\",\"109\",\"110\",\"111\",\"112\",\"114\",\"115\",\"113\",\"116\",\"117\",\"118\",\"119\",\"120\",\"88\",\"121\",\"122\",\"123\",\"124\",\"125\",\"126\",\"127\",\"128\",\"129\",\"130\",\"131\",\"133\",\"132\",\"76\",\"134\",\"135\",\"136\",\"137\",\"138\",\"139\",\"140\",\"141\",\"142\",\"143\",\"144\",\"145\",\"146\",\"147\",\"149\",\"148\",\"151\",\"150\",\"156\",\"158\",\"159\",\"160\",\"161\",\"162\",\"163\",\"164\",\"165\",\"166\",\"167\",\"168\",\"169\",\"170\",\"171\",\"172\",\"173\",\"174\",\"175\",\"176\",\"177\",\"178\",\"179\",\"180\",\"181\",\"182\",\"183\",\"184\",\"185\",\"186\",\"187\",\"188\",\"70\",\"189\",\"190\",\"191\",\"192\",\"64\",\"193\",\"194\",\"52\",\"41\",\"195\",\"196\",\"197\",\"198\",\"199\",\"200\",\"201\",\"202\",\"55\",\"203\",\"204\",\"205\",\"206\",\"207\",\"208\",\"209\",\"210\",\"211\",\"212\",\"213\",\"214\",\"215\",\"216\",\"218\",\"217\",\"219\",\"220\",\"221\",\"222\",\"223\",\"224\",\"225\",\"226\",\"227\",\"228\",\"87\",\"2\",\"229\",\"230\",\"231\",\"232\",\"233\",\"234\",\"235\",\"236\",\"237\",\"238\",\"239\",\"240\",\"241\",\"242\",\"243\",\"244\",\"245\",\"246\",\"247\",\"248\",\"249\",\"250\",\"251\",\"252\",\"253\",\"254\",\"255\",\"256\",\"257\",\"258\",\"259\",\"260\",\"261\",\"262\",\"264\",\"263\",\"265\",\"266\",\"267\",\"269\",\"268\",\"270\",\"271\",\"272\",\"273\",\"274\",\"275\",\"276\",\"277\",\"278\",\"279\",\"280\",\"281\",\"282\",\"283\",\"284\",\"286\",\"285\",\"287\",\"288\",\"289\",\"291\",\"290\",\"292\",\"293\",\"294\"]}','2015-02-20 20:32:43','2015-06-08 16:14:53','bffacdb2-8b9e-4030-bac2-606b3ff89820'),(75,75,1,2,0,NULL,NULL,'pending','ResaveElements','Resaving Advisory Council entries','{\"elementType\":\"Entry\",\"criteria\":{\"ancestorDist\":null,\"ancestorOf\":null,\"archived\":0,\"dateCreated\":null,\"dateUpdated\":null,\"descendantDist\":null,\"descendantOf\":null,\"fixedOrder\":0,\"id\":null,\"indexBy\":null,\"level\":null,\"limit\":null,\"locale\":\"en_us\",\"localeEnabled\":null,\"nextSiblingOf\":null,\"offset\":0,\"order\":\"lft, postDate desc\",\"positionedAfter\":null,\"positionedBefore\":null,\"prevSiblingOf\":null,\"relatedTo\":null,\"ref\":null,\"search\":null,\"siblingOf\":null,\"slug\":null,\"status\":null,\"title\":null,\"uri\":null,\"kind\":null,\"childField\":null,\"childOf\":null,\"depth\":null,\"parentField\":null,\"parentOf\":null,\"after\":null,\"authorGroup\":null,\"authorGroupId\":null,\"authorId\":null,\"before\":null,\"editable\":0,\"expiryDate\":null,\"postDate\":null,\"section\":null,\"sectionId\":\"17\",\"type\":null}}','2015-02-24 22:17:31','2015-02-24 22:17:31','74c9ef5d-9424-47a6-9a26-afad30d38205'),(76,76,1,2,0,NULL,NULL,'pending','ResaveElements','Resaving Programs/Services entries','{\"elementType\":\"Entry\",\"criteria\":{\"ancestorDist\":null,\"ancestorOf\":null,\"archived\":0,\"dateCreated\":null,\"dateUpdated\":null,\"descendantDist\":null,\"descendantOf\":null,\"fixedOrder\":0,\"id\":null,\"indexBy\":null,\"level\":null,\"limit\":null,\"locale\":\"en_us\",\"localeEnabled\":null,\"nextSiblingOf\":null,\"offset\":0,\"order\":\"lft, postDate desc\",\"positionedAfter\":null,\"positionedBefore\":null,\"prevSiblingOf\":null,\"relatedTo\":null,\"ref\":null,\"search\":null,\"siblingOf\":null,\"slug\":null,\"status\":null,\"title\":null,\"uri\":null,\"kind\":null,\"childField\":null,\"childOf\":null,\"depth\":null,\"parentField\":null,\"parentOf\":null,\"after\":null,\"authorGroup\":null,\"authorGroupId\":null,\"authorId\":null,\"before\":null,\"editable\":0,\"expiryDate\":null,\"postDate\":null,\"section\":null,\"sectionId\":\"7\",\"type\":null}}','2015-02-26 23:20:42','2015-02-26 23:20:42','14d55d33-b56d-45e8-ab30-4f43d4cbaa25'),(77,77,1,2,0,NULL,NULL,'pending','ResaveElements','Resaving Programs/Services entries','{\"elementType\":\"Entry\",\"criteria\":{\"ancestorDist\":null,\"ancestorOf\":null,\"archived\":0,\"dateCreated\":null,\"dateUpdated\":null,\"descendantDist\":null,\"descendantOf\":null,\"fixedOrder\":0,\"id\":null,\"indexBy\":null,\"level\":null,\"limit\":null,\"locale\":\"en_us\",\"localeEnabled\":null,\"nextSiblingOf\":null,\"offset\":0,\"order\":\"lft, postDate desc\",\"positionedAfter\":null,\"positionedBefore\":null,\"prevSiblingOf\":null,\"relatedTo\":null,\"ref\":null,\"search\":null,\"siblingOf\":null,\"slug\":null,\"status\":null,\"title\":null,\"uri\":null,\"kind\":null,\"childField\":null,\"childOf\":null,\"depth\":null,\"parentField\":null,\"parentOf\":null,\"after\":null,\"authorGroup\":null,\"authorGroupId\":null,\"authorId\":null,\"before\":null,\"editable\":0,\"expiryDate\":null,\"postDate\":null,\"section\":null,\"sectionId\":\"7\",\"type\":null}}','2015-02-27 19:00:57','2015-02-27 19:00:57','3d5f83d2-982c-4b91-8a16-76446d853858'),(78,78,1,2,0,NULL,NULL,'pending','ResaveElements','Resaving Give entries','{\"elementType\":\"Entry\",\"criteria\":{\"ancestorDist\":null,\"ancestorOf\":null,\"archived\":0,\"dateCreated\":null,\"dateUpdated\":null,\"descendantDist\":null,\"descendantOf\":null,\"fixedOrder\":0,\"id\":null,\"indexBy\":null,\"level\":null,\"limit\":null,\"locale\":\"en_us\",\"localeEnabled\":null,\"nextSiblingOf\":null,\"offset\":0,\"order\":\"lft, postDate desc\",\"positionedAfter\":null,\"positionedBefore\":null,\"prevSiblingOf\":null,\"relatedTo\":null,\"ref\":null,\"search\":null,\"siblingOf\":null,\"slug\":null,\"status\":null,\"title\":null,\"uri\":null,\"kind\":null,\"childField\":null,\"childOf\":null,\"depth\":null,\"parentField\":null,\"parentOf\":null,\"after\":null,\"authorGroup\":null,\"authorGroupId\":null,\"authorId\":null,\"before\":null,\"editable\":0,\"expiryDate\":null,\"postDate\":null,\"section\":null,\"sectionId\":\"13\",\"type\":null}}','2015-03-03 16:45:01','2015-03-03 16:45:01','36ba77e4-5f52-4209-8e45-fbb49bc3555a'),(79,79,1,2,0,NULL,NULL,'pending','ResaveElements','Resaving About Us entries','{\"elementType\":\"Entry\",\"criteria\":{\"ancestorDist\":null,\"ancestorOf\":null,\"archived\":0,\"dateCreated\":null,\"dateUpdated\":null,\"descendantDist\":null,\"descendantOf\":null,\"fixedOrder\":0,\"id\":null,\"indexBy\":null,\"level\":null,\"limit\":null,\"locale\":\"en_us\",\"localeEnabled\":null,\"nextSiblingOf\":null,\"offset\":0,\"order\":\"lft, postDate desc\",\"positionedAfter\":null,\"positionedBefore\":null,\"prevSiblingOf\":null,\"relatedTo\":null,\"ref\":null,\"search\":null,\"siblingOf\":null,\"slug\":null,\"status\":null,\"title\":null,\"uri\":null,\"kind\":null,\"childField\":null,\"childOf\":null,\"depth\":null,\"parentField\":null,\"parentOf\":null,\"after\":null,\"authorGroup\":null,\"authorGroupId\":null,\"authorId\":null,\"before\":null,\"editable\":0,\"expiryDate\":null,\"postDate\":null,\"section\":null,\"sectionId\":\"19\",\"type\":null}}','2015-03-03 16:50:24','2015-03-03 16:50:24','7d4faf28-2dd8-4f2c-b717-c7d789264e11'),(80,80,1,2,0,NULL,NULL,'pending','ResaveElements','Resaving About Us entries','{\"elementType\":\"Entry\",\"criteria\":{\"ancestorDist\":null,\"ancestorOf\":null,\"archived\":0,\"dateCreated\":null,\"dateUpdated\":null,\"descendantDist\":null,\"descendantOf\":null,\"fixedOrder\":0,\"id\":null,\"indexBy\":null,\"level\":null,\"limit\":null,\"locale\":\"en_us\",\"localeEnabled\":null,\"nextSiblingOf\":null,\"offset\":0,\"order\":\"lft, postDate desc\",\"positionedAfter\":null,\"positionedBefore\":null,\"prevSiblingOf\":null,\"relatedTo\":null,\"ref\":null,\"search\":null,\"siblingOf\":null,\"slug\":null,\"status\":null,\"title\":null,\"uri\":null,\"kind\":null,\"childField\":null,\"childOf\":null,\"depth\":null,\"parentField\":null,\"parentOf\":null,\"after\":null,\"authorGroup\":null,\"authorGroupId\":null,\"authorId\":null,\"before\":null,\"editable\":0,\"expiryDate\":null,\"postDate\":null,\"section\":null,\"sectionId\":\"19\",\"type\":null}}','2015-03-03 16:50:57','2015-03-03 16:50:57','836bdc18-1805-4918-b5f0-0bc8114a08f4'),(81,81,1,2,0,NULL,NULL,'pending','ResaveElements','Resaving About Us entries','{\"elementType\":\"Entry\",\"criteria\":{\"ancestorDist\":null,\"ancestorOf\":null,\"archived\":0,\"dateCreated\":null,\"dateUpdated\":null,\"descendantDist\":null,\"descendantOf\":null,\"fixedOrder\":0,\"id\":null,\"indexBy\":null,\"level\":null,\"limit\":null,\"locale\":\"en_us\",\"localeEnabled\":null,\"nextSiblingOf\":null,\"offset\":0,\"order\":\"lft, postDate desc\",\"positionedAfter\":null,\"positionedBefore\":null,\"prevSiblingOf\":null,\"relatedTo\":null,\"ref\":null,\"search\":null,\"siblingOf\":null,\"slug\":null,\"status\":null,\"title\":null,\"uri\":null,\"kind\":null,\"childField\":null,\"childOf\":null,\"depth\":null,\"parentField\":null,\"parentOf\":null,\"after\":null,\"authorGroup\":null,\"authorGroupId\":null,\"authorId\":null,\"before\":null,\"editable\":0,\"expiryDate\":null,\"postDate\":null,\"section\":null,\"sectionId\":\"19\",\"type\":null}}','2015-03-03 16:51:03','2015-03-03 16:51:03','14b5bcc8-5956-4065-b66f-453e81455436'),(82,82,1,2,0,NULL,NULL,'pending','ResaveElements','Resaving Financials entries','{\"elementType\":\"Entry\",\"criteria\":{\"ancestorDist\":null,\"ancestorOf\":null,\"archived\":0,\"dateCreated\":null,\"dateUpdated\":null,\"descendantDist\":null,\"descendantOf\":null,\"fixedOrder\":0,\"id\":null,\"indexBy\":null,\"level\":null,\"limit\":null,\"locale\":\"en_us\",\"localeEnabled\":null,\"nextSiblingOf\":null,\"offset\":0,\"order\":\"lft, postDate desc\",\"positionedAfter\":null,\"positionedBefore\":null,\"prevSiblingOf\":null,\"relatedTo\":null,\"ref\":null,\"search\":null,\"siblingOf\":null,\"slug\":null,\"status\":null,\"title\":null,\"uri\":null,\"kind\":null,\"childField\":null,\"childOf\":null,\"depth\":null,\"parentField\":null,\"parentOf\":null,\"after\":null,\"authorGroup\":null,\"authorGroupId\":null,\"authorId\":null,\"before\":null,\"editable\":0,\"expiryDate\":null,\"postDate\":null,\"section\":null,\"sectionId\":\"18\",\"type\":null}}','2015-03-03 16:51:34','2015-03-03 16:51:34','07e95abe-290e-46b9-9b45-cc12aa76009e'),(83,83,1,2,0,NULL,NULL,'pending','ResaveElements','Resaving Homepage entries','{\"elementType\":\"Entry\",\"criteria\":{\"ancestorDist\":null,\"ancestorOf\":null,\"archived\":0,\"dateCreated\":null,\"dateUpdated\":null,\"descendantDist\":null,\"descendantOf\":null,\"fixedOrder\":0,\"id\":null,\"indexBy\":null,\"level\":null,\"limit\":null,\"locale\":\"en_us\",\"localeEnabled\":null,\"nextSiblingOf\":null,\"offset\":0,\"order\":\"lft, postDate desc\",\"positionedAfter\":null,\"positionedBefore\":null,\"prevSiblingOf\":null,\"relatedTo\":null,\"ref\":null,\"search\":null,\"siblingOf\":null,\"slug\":null,\"status\":null,\"title\":null,\"uri\":null,\"kind\":null,\"childField\":null,\"childOf\":null,\"depth\":null,\"parentField\":null,\"parentOf\":null,\"after\":null,\"authorGroup\":null,\"authorGroupId\":null,\"authorId\":null,\"before\":null,\"editable\":0,\"expiryDate\":null,\"postDate\":null,\"section\":null,\"sectionId\":\"1\",\"type\":null}}','2015-03-03 16:51:40','2015-03-03 16:51:40','dd7bd80f-3482-4282-b2ba-e52b3206a555'),(84,84,1,2,0,NULL,NULL,'pending','ResaveElements','Resaving About Us entries','{\"elementType\":\"Entry\",\"criteria\":{\"ancestorDist\":null,\"ancestorOf\":null,\"archived\":0,\"dateCreated\":null,\"dateUpdated\":null,\"descendantDist\":null,\"descendantOf\":null,\"fixedOrder\":0,\"id\":null,\"indexBy\":null,\"level\":null,\"limit\":null,\"locale\":\"en_us\",\"localeEnabled\":null,\"nextSiblingOf\":null,\"offset\":0,\"order\":\"lft, postDate desc\",\"positionedAfter\":null,\"positionedBefore\":null,\"prevSiblingOf\":null,\"relatedTo\":null,\"ref\":null,\"search\":null,\"siblingOf\":null,\"slug\":null,\"status\":null,\"title\":null,\"uri\":null,\"kind\":null,\"childField\":null,\"childOf\":null,\"depth\":null,\"parentField\":null,\"parentOf\":null,\"after\":null,\"authorGroup\":null,\"authorGroupId\":null,\"authorId\":null,\"before\":null,\"editable\":0,\"expiryDate\":null,\"postDate\":null,\"section\":null,\"sectionId\":\"19\",\"type\":null}}','2015-03-03 16:52:24','2015-03-03 16:52:24','5af813d7-8e88-4087-afb9-6dc107a0a898'),(85,85,1,2,0,NULL,NULL,'pending','ResaveElements','Resaving About Us entries','{\"elementType\":\"Entry\",\"criteria\":{\"ancestorDist\":null,\"ancestorOf\":null,\"archived\":0,\"dateCreated\":null,\"dateUpdated\":null,\"descendantDist\":null,\"descendantOf\":null,\"fixedOrder\":0,\"id\":null,\"indexBy\":null,\"level\":null,\"limit\":null,\"locale\":\"en_us\",\"localeEnabled\":null,\"nextSiblingOf\":null,\"offset\":0,\"order\":\"lft, postDate desc\",\"positionedAfter\":null,\"positionedBefore\":null,\"prevSiblingOf\":null,\"relatedTo\":null,\"ref\":null,\"search\":null,\"siblingOf\":null,\"slug\":null,\"status\":null,\"title\":null,\"uri\":null,\"kind\":null,\"childField\":null,\"childOf\":null,\"depth\":null,\"parentField\":null,\"parentOf\":null,\"after\":null,\"authorGroup\":null,\"authorGroupId\":null,\"authorId\":null,\"before\":null,\"editable\":0,\"expiryDate\":null,\"postDate\":null,\"section\":null,\"sectionId\":\"19\",\"type\":null}}','2015-03-03 20:40:27','2015-03-03 20:40:27','1f074b5c-e01b-46ec-8272-e6f054fde71a'),(86,86,1,2,0,NULL,NULL,'pending','ResaveElements','Resaving Volunteer entries','{\"elementType\":\"Entry\",\"criteria\":{\"ancestorDist\":null,\"ancestorOf\":null,\"archived\":0,\"dateCreated\":null,\"dateUpdated\":null,\"descendantDist\":null,\"descendantOf\":null,\"fixedOrder\":0,\"id\":null,\"indexBy\":null,\"level\":null,\"limit\":null,\"locale\":\"en_us\",\"localeEnabled\":null,\"nextSiblingOf\":null,\"offset\":0,\"order\":\"lft, postDate desc\",\"positionedAfter\":null,\"positionedBefore\":null,\"prevSiblingOf\":null,\"relatedTo\":null,\"ref\":null,\"search\":null,\"siblingOf\":null,\"slug\":null,\"status\":null,\"title\":null,\"uri\":null,\"kind\":null,\"childField\":null,\"childOf\":null,\"depth\":null,\"parentField\":null,\"parentOf\":null,\"after\":null,\"authorGroup\":null,\"authorGroupId\":null,\"authorId\":null,\"before\":null,\"editable\":0,\"expiryDate\":null,\"postDate\":null,\"section\":null,\"sectionId\":\"14\",\"type\":null}}','2015-03-04 21:47:59','2015-03-04 21:47:59','f3412cce-fe26-4f65-81fb-712c8c91c465'),(87,87,1,2,0,NULL,NULL,'pending','ResaveElements','Resaving About Us entries','{\"elementType\":\"Entry\",\"criteria\":{\"ancestorDist\":null,\"ancestorOf\":null,\"archived\":0,\"dateCreated\":null,\"dateUpdated\":null,\"descendantDist\":null,\"descendantOf\":null,\"fixedOrder\":0,\"id\":null,\"indexBy\":null,\"level\":null,\"limit\":null,\"locale\":\"en_us\",\"localeEnabled\":null,\"nextSiblingOf\":null,\"offset\":0,\"order\":\"lft, postDate desc\",\"positionedAfter\":null,\"positionedBefore\":null,\"prevSiblingOf\":null,\"relatedTo\":null,\"ref\":null,\"search\":null,\"siblingOf\":null,\"slug\":null,\"status\":null,\"title\":null,\"uri\":null,\"kind\":null,\"childField\":null,\"childOf\":null,\"depth\":null,\"parentField\":null,\"parentOf\":null,\"after\":null,\"authorGroup\":null,\"authorGroupId\":null,\"authorId\":null,\"before\":null,\"editable\":0,\"expiryDate\":null,\"postDate\":null,\"section\":null,\"sectionId\":\"19\",\"type\":null}}','2015-03-04 21:48:10','2015-03-04 21:48:10','e8b3bc02-2e6a-4a64-a2a2-ae8c46be1647'),(88,88,1,2,0,NULL,NULL,'pending','ResaveElements','Resaving Volunteer entries','{\"elementType\":\"Entry\",\"criteria\":{\"ancestorDist\":null,\"ancestorOf\":null,\"archived\":0,\"dateCreated\":null,\"dateUpdated\":null,\"descendantDist\":null,\"descendantOf\":null,\"fixedOrder\":0,\"id\":null,\"indexBy\":null,\"level\":null,\"limit\":null,\"locale\":\"en_us\",\"localeEnabled\":null,\"nextSiblingOf\":null,\"offset\":0,\"order\":\"lft, postDate desc\",\"positionedAfter\":null,\"positionedBefore\":null,\"prevSiblingOf\":null,\"relatedTo\":null,\"ref\":null,\"search\":null,\"siblingOf\":null,\"slug\":null,\"status\":null,\"title\":null,\"uri\":null,\"kind\":null,\"childField\":null,\"childOf\":null,\"depth\":null,\"parentField\":null,\"parentOf\":null,\"after\":null,\"authorGroup\":null,\"authorGroupId\":null,\"authorId\":null,\"before\":null,\"editable\":0,\"expiryDate\":null,\"postDate\":null,\"section\":null,\"sectionId\":\"14\",\"type\":null}}','2015-03-04 21:48:19','2015-03-04 21:48:19','28866f44-559d-48f0-a546-ce3b4c8c3268'),(89,89,1,2,0,NULL,NULL,'pending','ResaveElements','Resaving Volunteer entries','{\"elementType\":\"Entry\",\"criteria\":{\"ancestorDist\":null,\"ancestorOf\":null,\"archived\":0,\"dateCreated\":null,\"dateUpdated\":null,\"descendantDist\":null,\"descendantOf\":null,\"fixedOrder\":0,\"id\":null,\"indexBy\":null,\"level\":null,\"limit\":null,\"locale\":\"en_us\",\"localeEnabled\":null,\"nextSiblingOf\":null,\"offset\":0,\"order\":\"lft, postDate desc\",\"positionedAfter\":null,\"positionedBefore\":null,\"prevSiblingOf\":null,\"relatedTo\":null,\"ref\":null,\"search\":null,\"siblingOf\":null,\"slug\":null,\"status\":null,\"title\":null,\"uri\":null,\"kind\":null,\"childField\":null,\"childOf\":null,\"depth\":null,\"parentField\":null,\"parentOf\":null,\"after\":null,\"authorGroup\":null,\"authorGroupId\":null,\"authorId\":null,\"before\":null,\"editable\":0,\"expiryDate\":null,\"postDate\":null,\"section\":null,\"sectionId\":\"14\",\"type\":null}}','2015-03-04 21:48:27','2015-03-04 21:48:27','98026cd9-d83b-45d8-a7bd-9ed70475b8ea'),(90,90,1,2,0,NULL,NULL,'pending','ResaveElements','Resaving Calendar entries','{\"elementType\":\"Entry\",\"criteria\":{\"ancestorDist\":null,\"ancestorOf\":null,\"archived\":0,\"dateCreated\":null,\"dateUpdated\":null,\"descendantDist\":null,\"descendantOf\":null,\"fixedOrder\":0,\"id\":null,\"indexBy\":null,\"level\":null,\"limit\":null,\"locale\":\"en_us\",\"localeEnabled\":null,\"nextSiblingOf\":null,\"offset\":0,\"order\":\"lft, postDate desc\",\"positionedAfter\":null,\"positionedBefore\":null,\"prevSiblingOf\":null,\"relatedTo\":null,\"ref\":null,\"search\":null,\"siblingOf\":null,\"slug\":null,\"status\":null,\"title\":null,\"uri\":null,\"kind\":null,\"childField\":null,\"childOf\":null,\"depth\":null,\"parentField\":null,\"parentOf\":null,\"after\":null,\"authorGroup\":null,\"authorGroupId\":null,\"authorId\":null,\"before\":null,\"editable\":0,\"expiryDate\":null,\"postDate\":null,\"section\":null,\"sectionId\":\"6\",\"type\":null}}','2015-03-05 14:38:41','2015-03-05 14:38:41','0cd55b8e-85d2-4754-81b5-d351e1dcee99'),(91,91,1,2,0,NULL,NULL,'pending','ResaveElements','Resaving TGP Locations entries','{\"elementType\":\"Entry\",\"criteria\":{\"ancestorDist\":null,\"ancestorOf\":null,\"archived\":0,\"dateCreated\":null,\"dateUpdated\":null,\"descendantDist\":null,\"descendantOf\":null,\"fixedOrder\":0,\"id\":null,\"indexBy\":null,\"level\":null,\"limit\":null,\"locale\":\"en_us\",\"localeEnabled\":null,\"nextSiblingOf\":null,\"offset\":0,\"order\":\"lft, postDate desc\",\"positionedAfter\":null,\"positionedBefore\":null,\"prevSiblingOf\":null,\"relatedTo\":null,\"ref\":null,\"search\":null,\"siblingOf\":null,\"slug\":null,\"status\":null,\"title\":null,\"uri\":null,\"kind\":null,\"childField\":null,\"childOf\":null,\"depth\":null,\"parentField\":null,\"parentOf\":null,\"after\":null,\"authorGroup\":null,\"authorGroupId\":null,\"authorId\":null,\"before\":null,\"editable\":0,\"expiryDate\":null,\"postDate\":null,\"section\":null,\"sectionId\":\"21\",\"type\":null}}','2015-03-05 20:34:24','2015-03-05 20:34:24','808949a3-0f65-4e11-8dfb-2b2a823a2ef1'),(92,92,1,2,0,NULL,NULL,'pending','ResaveElements','Resaving Programs/Services entries','{\"elementType\":\"Entry\",\"criteria\":{\"ancestorDist\":null,\"ancestorOf\":null,\"archived\":0,\"dateCreated\":null,\"dateUpdated\":null,\"descendantDist\":null,\"descendantOf\":null,\"fixedOrder\":0,\"id\":null,\"indexBy\":null,\"level\":null,\"limit\":null,\"locale\":\"en_us\",\"localeEnabled\":null,\"nextSiblingOf\":null,\"offset\":0,\"order\":\"lft, postDate desc\",\"positionedAfter\":null,\"positionedBefore\":null,\"prevSiblingOf\":null,\"relatedTo\":null,\"ref\":null,\"search\":null,\"siblingOf\":null,\"slug\":null,\"status\":null,\"title\":null,\"uri\":null,\"kind\":null,\"childField\":null,\"childOf\":null,\"depth\":null,\"parentField\":null,\"parentOf\":null,\"after\":null,\"authorGroup\":null,\"authorGroupId\":null,\"authorId\":null,\"before\":null,\"editable\":0,\"expiryDate\":null,\"postDate\":null,\"section\":null,\"sectionId\":\"7\",\"type\":null}}','2015-03-05 20:39:04','2015-03-05 20:39:04','91b0807d-a877-47a8-9409-f2c99bec8bae'),(93,93,1,2,0,NULL,NULL,'pending','ResaveElements','Resaving Calendar entries','{\"elementType\":\"Entry\",\"criteria\":{\"ancestorDist\":null,\"ancestorOf\":null,\"archived\":0,\"dateCreated\":null,\"dateUpdated\":null,\"descendantDist\":null,\"descendantOf\":null,\"fixedOrder\":0,\"id\":null,\"indexBy\":null,\"level\":null,\"limit\":null,\"locale\":\"en_us\",\"localeEnabled\":null,\"nextSiblingOf\":null,\"offset\":0,\"order\":\"lft, postDate desc\",\"positionedAfter\":null,\"positionedBefore\":null,\"prevSiblingOf\":null,\"relatedTo\":null,\"ref\":null,\"search\":null,\"siblingOf\":null,\"slug\":null,\"status\":null,\"title\":null,\"uri\":null,\"kind\":null,\"childField\":null,\"childOf\":null,\"depth\":null,\"parentField\":null,\"parentOf\":null,\"after\":null,\"authorGroup\":null,\"authorGroupId\":null,\"authorId\":null,\"before\":null,\"editable\":0,\"expiryDate\":null,\"postDate\":null,\"section\":null,\"sectionId\":\"6\",\"type\":null}}','2015-03-05 21:26:56','2015-03-05 21:26:56','bed770e4-9ba8-47b7-b2ad-f2e8b1ff65bc'),(94,94,1,2,0,NULL,NULL,'pending','ResaveElements','Resaving More Ways to Support entries','{\"elementType\":\"Entry\",\"criteria\":{\"ancestorDist\":null,\"ancestorOf\":null,\"archived\":0,\"dateCreated\":null,\"dateUpdated\":null,\"descendantDist\":null,\"descendantOf\":null,\"fixedOrder\":0,\"id\":null,\"indexBy\":null,\"level\":null,\"limit\":null,\"locale\":\"en_us\",\"localeEnabled\":null,\"nextSiblingOf\":null,\"offset\":0,\"order\":\"lft, postDate desc\",\"positionedAfter\":null,\"positionedBefore\":null,\"prevSiblingOf\":null,\"relatedTo\":null,\"ref\":null,\"search\":null,\"siblingOf\":null,\"slug\":null,\"status\":null,\"title\":null,\"uri\":null,\"kind\":null,\"childField\":null,\"childOf\":null,\"depth\":null,\"parentField\":null,\"parentOf\":null,\"after\":null,\"authorGroup\":null,\"authorGroupId\":null,\"authorId\":null,\"before\":null,\"editable\":0,\"expiryDate\":null,\"postDate\":null,\"section\":null,\"sectionId\":\"13\",\"type\":null}}','2015-03-06 16:33:57','2015-03-06 16:33:57','3816013f-d42f-4491-ba63-de7bdf849d28'),(95,95,1,2,0,NULL,NULL,'pending','ResaveElements','Resaving Contact Us entries','{\"elementType\":\"Entry\",\"criteria\":{\"ancestorDist\":null,\"ancestorOf\":null,\"archived\":0,\"dateCreated\":null,\"dateUpdated\":null,\"descendantDist\":null,\"descendantOf\":null,\"fixedOrder\":0,\"id\":null,\"indexBy\":null,\"level\":null,\"limit\":null,\"locale\":\"en_us\",\"localeEnabled\":null,\"nextSiblingOf\":null,\"offset\":0,\"order\":\"lft, postDate desc\",\"positionedAfter\":null,\"positionedBefore\":null,\"prevSiblingOf\":null,\"relatedTo\":null,\"ref\":null,\"search\":null,\"siblingOf\":null,\"slug\":null,\"status\":null,\"title\":null,\"uri\":null,\"kind\":null,\"childField\":null,\"childOf\":null,\"depth\":null,\"parentField\":null,\"parentOf\":null,\"after\":null,\"authorGroup\":null,\"authorGroupId\":null,\"authorId\":null,\"before\":null,\"editable\":0,\"expiryDate\":null,\"postDate\":null,\"section\":null,\"sectionId\":\"8\",\"type\":null}}','2015-03-10 15:29:29','2015-03-10 15:29:29','f7afad40-85bd-41b0-b264-5a7e88090316'),(96,96,1,2,0,NULL,NULL,'pending','ResaveElements','Resaving Referral entries','{\"elementType\":\"Entry\",\"criteria\":{\"ancestorDist\":null,\"ancestorOf\":null,\"archived\":0,\"dateCreated\":null,\"dateUpdated\":null,\"descendantDist\":null,\"descendantOf\":null,\"fixedOrder\":0,\"id\":null,\"indexBy\":null,\"level\":null,\"limit\":null,\"locale\":\"en_us\",\"localeEnabled\":null,\"nextSiblingOf\":null,\"offset\":0,\"order\":\"lft, postDate desc\",\"positionedAfter\":null,\"positionedBefore\":null,\"prevSiblingOf\":null,\"relatedTo\":null,\"ref\":null,\"search\":null,\"siblingOf\":null,\"slug\":null,\"status\":null,\"title\":null,\"uri\":null,\"kind\":null,\"childField\":null,\"childOf\":null,\"depth\":null,\"parentField\":null,\"parentOf\":null,\"after\":null,\"authorGroup\":null,\"authorGroupId\":null,\"authorId\":null,\"before\":null,\"editable\":0,\"expiryDate\":null,\"postDate\":null,\"section\":null,\"sectionId\":\"9\",\"type\":null}}','2015-03-10 15:35:11','2015-03-10 15:35:11','cfec63a5-2f5a-43f3-a8de-e92770416153'),(97,97,1,2,0,NULL,NULL,'pending','ResaveElements','Resaving Referral entries','{\"elementType\":\"Entry\",\"criteria\":{\"ancestorDist\":null,\"ancestorOf\":null,\"archived\":0,\"dateCreated\":null,\"dateUpdated\":null,\"descendantDist\":null,\"descendantOf\":null,\"fixedOrder\":0,\"id\":null,\"indexBy\":null,\"level\":null,\"limit\":null,\"locale\":\"en_us\",\"localeEnabled\":null,\"nextSiblingOf\":null,\"offset\":0,\"order\":\"lft, postDate desc\",\"positionedAfter\":null,\"positionedBefore\":null,\"prevSiblingOf\":null,\"relatedTo\":null,\"ref\":null,\"search\":null,\"siblingOf\":null,\"slug\":null,\"status\":null,\"title\":null,\"uri\":null,\"kind\":null,\"childField\":null,\"childOf\":null,\"depth\":null,\"parentField\":null,\"parentOf\":null,\"after\":null,\"authorGroup\":null,\"authorGroupId\":null,\"authorId\":null,\"before\":null,\"editable\":0,\"expiryDate\":null,\"postDate\":null,\"section\":null,\"sectionId\":\"9\",\"type\":null}}','2015-03-10 15:35:23','2015-03-10 15:35:23','48b29e5d-28a5-4e91-a663-09d861dbb2e2'),(98,98,1,2,0,NULL,NULL,'pending','ResaveElements','Resaving Donate entries','{\"elementType\":\"Entry\",\"criteria\":{\"ancestorDist\":null,\"ancestorOf\":null,\"archived\":0,\"dateCreated\":null,\"dateUpdated\":null,\"descendantDist\":null,\"descendantOf\":null,\"fixedOrder\":0,\"id\":null,\"indexBy\":null,\"level\":null,\"limit\":null,\"locale\":\"en_us\",\"localeEnabled\":null,\"nextSiblingOf\":null,\"offset\":0,\"order\":\"lft, postDate desc\",\"positionedAfter\":null,\"positionedBefore\":null,\"prevSiblingOf\":null,\"relatedTo\":null,\"ref\":null,\"search\":null,\"siblingOf\":null,\"slug\":null,\"status\":null,\"title\":null,\"uri\":null,\"kind\":null,\"childField\":null,\"childOf\":null,\"depth\":null,\"parentField\":null,\"parentOf\":null,\"after\":null,\"authorGroup\":null,\"authorGroupId\":null,\"authorId\":null,\"before\":null,\"editable\":0,\"expiryDate\":null,\"postDate\":null,\"section\":null,\"sectionId\":\"11\",\"type\":null}}','2015-03-10 15:40:17','2015-03-10 15:40:17','041f7131-cfed-4ad3-b9e1-7b07cc01459f'),(99,99,1,2,0,NULL,NULL,'pending','ResaveElements','Resaving More Ways to Support entries','{\"elementType\":\"Entry\",\"criteria\":{\"ancestorDist\":null,\"ancestorOf\":null,\"archived\":0,\"dateCreated\":null,\"dateUpdated\":null,\"descendantDist\":null,\"descendantOf\":null,\"fixedOrder\":0,\"id\":null,\"indexBy\":null,\"level\":null,\"limit\":null,\"locale\":\"en_us\",\"localeEnabled\":null,\"nextSiblingOf\":null,\"offset\":0,\"order\":\"lft, postDate desc\",\"positionedAfter\":null,\"positionedBefore\":null,\"prevSiblingOf\":null,\"relatedTo\":null,\"ref\":null,\"search\":null,\"siblingOf\":null,\"slug\":null,\"status\":null,\"title\":null,\"uri\":null,\"kind\":null,\"childField\":null,\"childOf\":null,\"depth\":null,\"parentField\":null,\"parentOf\":null,\"after\":null,\"authorGroup\":null,\"authorGroupId\":null,\"authorId\":null,\"before\":null,\"editable\":0,\"expiryDate\":null,\"postDate\":null,\"section\":null,\"sectionId\":\"13\",\"type\":null}}','2015-03-10 15:45:27','2015-03-10 15:45:27','4e72b419-2542-47b0-af33-5e072a6a4402'),(100,100,1,2,0,NULL,NULL,'pending','ResaveElements','Resaving Warehouse entries','{\"elementType\":\"Entry\",\"criteria\":{\"ancestorDist\":null,\"ancestorOf\":null,\"archived\":0,\"dateCreated\":null,\"dateUpdated\":null,\"descendantDist\":null,\"descendantOf\":null,\"fixedOrder\":0,\"id\":null,\"indexBy\":null,\"level\":null,\"limit\":null,\"locale\":\"en_us\",\"localeEnabled\":null,\"nextSiblingOf\":null,\"offset\":0,\"order\":\"lft, postDate desc\",\"positionedAfter\":null,\"positionedBefore\":null,\"prevSiblingOf\":null,\"relatedTo\":null,\"ref\":null,\"search\":null,\"siblingOf\":null,\"slug\":null,\"status\":null,\"title\":null,\"uri\":null,\"kind\":null,\"childField\":null,\"childOf\":null,\"depth\":null,\"parentField\":null,\"parentOf\":null,\"after\":null,\"authorGroup\":null,\"authorGroupId\":null,\"authorId\":null,\"before\":null,\"editable\":0,\"expiryDate\":null,\"postDate\":null,\"section\":null,\"sectionId\":\"12\",\"type\":null}}','2015-03-10 15:45:50','2015-03-10 15:45:50','1b6e33c1-bd72-43aa-8f7e-ef542f88d6c4'),(101,101,1,2,0,NULL,NULL,'pending','ResaveElements','Resaving Resources entries','{\"elementType\":\"Entry\",\"criteria\":{\"ancestorDist\":null,\"ancestorOf\":null,\"archived\":0,\"dateCreated\":null,\"dateUpdated\":null,\"descendantDist\":null,\"descendantOf\":null,\"fixedOrder\":0,\"id\":null,\"indexBy\":null,\"level\":null,\"limit\":null,\"locale\":\"en_us\",\"localeEnabled\":null,\"nextSiblingOf\":null,\"offset\":0,\"order\":\"lft, postDate desc\",\"positionedAfter\":null,\"positionedBefore\":null,\"prevSiblingOf\":null,\"relatedTo\":null,\"ref\":null,\"search\":null,\"siblingOf\":null,\"slug\":null,\"status\":null,\"title\":null,\"uri\":null,\"kind\":null,\"childField\":null,\"childOf\":null,\"depth\":null,\"parentField\":null,\"parentOf\":null,\"after\":null,\"authorGroup\":null,\"authorGroupId\":null,\"authorId\":null,\"before\":null,\"editable\":0,\"expiryDate\":null,\"postDate\":null,\"section\":null,\"sectionId\":\"5\",\"type\":null}}','2015-03-10 16:51:26','2015-03-10 16:51:26','ab9796c6-e34d-4bb9-8c85-e74feebdc6cd'),(102,102,1,2,0,NULL,NULL,'pending','ResaveElements','Resaving Resources entries','{\"elementType\":\"Entry\",\"criteria\":{\"ancestorDist\":null,\"ancestorOf\":null,\"archived\":0,\"dateCreated\":null,\"dateUpdated\":null,\"descendantDist\":null,\"descendantOf\":null,\"fixedOrder\":0,\"id\":null,\"indexBy\":null,\"level\":null,\"limit\":null,\"locale\":\"en_us\",\"localeEnabled\":null,\"nextSiblingOf\":null,\"offset\":0,\"order\":\"lft, postDate desc\",\"positionedAfter\":null,\"positionedBefore\":null,\"prevSiblingOf\":null,\"relatedTo\":null,\"ref\":null,\"search\":null,\"siblingOf\":null,\"slug\":null,\"status\":null,\"title\":null,\"uri\":null,\"kind\":null,\"childField\":null,\"childOf\":null,\"depth\":null,\"parentField\":null,\"parentOf\":null,\"after\":null,\"authorGroup\":null,\"authorGroupId\":null,\"authorId\":null,\"before\":null,\"editable\":0,\"expiryDate\":null,\"postDate\":null,\"section\":null,\"sectionId\":\"5\",\"type\":null}}','2015-03-10 16:51:44','2015-03-10 16:51:44','2aa0b754-4368-4d80-bc7a-ceb60e325bf4'),(103,103,1,2,0,NULL,NULL,'pending','ResaveElements','Resaving Contact Us entries','{\"elementType\":\"Entry\",\"criteria\":{\"ancestorDist\":null,\"ancestorOf\":null,\"archived\":0,\"dateCreated\":null,\"dateUpdated\":null,\"descendantDist\":null,\"descendantOf\":null,\"fixedOrder\":0,\"id\":null,\"indexBy\":null,\"level\":null,\"limit\":null,\"locale\":\"en_us\",\"localeEnabled\":null,\"nextSiblingOf\":null,\"offset\":0,\"order\":\"lft, postDate desc\",\"positionedAfter\":null,\"positionedBefore\":null,\"prevSiblingOf\":null,\"relatedTo\":null,\"ref\":null,\"search\":null,\"siblingOf\":null,\"slug\":null,\"status\":null,\"title\":null,\"uri\":null,\"kind\":null,\"childField\":null,\"childOf\":null,\"depth\":null,\"parentField\":null,\"parentOf\":null,\"after\":null,\"authorGroup\":null,\"authorGroupId\":null,\"authorId\":null,\"before\":null,\"editable\":0,\"expiryDate\":null,\"postDate\":null,\"section\":null,\"sectionId\":\"8\",\"type\":null}}','2015-03-18 17:32:45','2015-03-18 17:32:45','1eb71785-982c-43e2-a2d7-bd4b9ad049fc'),(104,104,1,2,0,NULL,NULL,'pending','ResaveElements','Resaving Speaking in the Community entries','{\"elementType\":\"Entry\",\"criteria\":{\"ancestorDist\":null,\"ancestorOf\":null,\"archived\":0,\"dateCreated\":null,\"dateUpdated\":null,\"descendantDist\":null,\"descendantOf\":null,\"fixedOrder\":0,\"id\":null,\"indexBy\":null,\"level\":null,\"limit\":null,\"locale\":\"en_us\",\"localeEnabled\":null,\"nextSiblingOf\":null,\"offset\":0,\"order\":\"lft, postDate desc\",\"positionedAfter\":null,\"positionedBefore\":null,\"prevSiblingOf\":null,\"relatedTo\":null,\"ref\":null,\"search\":null,\"siblingOf\":null,\"slug\":null,\"status\":null,\"title\":null,\"uri\":null,\"kind\":null,\"childField\":null,\"childOf\":null,\"depth\":null,\"parentField\":null,\"parentOf\":null,\"after\":null,\"authorGroup\":null,\"authorGroupId\":null,\"authorId\":null,\"before\":null,\"editable\":0,\"expiryDate\":null,\"postDate\":null,\"section\":null,\"sectionId\":\"10\",\"type\":null}}','2015-03-18 18:28:36','2015-03-18 18:28:36','9e4eab48-1823-44e5-865f-3fe8eb5d34af'),(105,105,1,2,0,NULL,NULL,'pending','ResaveElements','Resaving Speaking in the Community entries','{\"elementType\":\"Entry\",\"criteria\":{\"ancestorDist\":null,\"ancestorOf\":null,\"archived\":0,\"dateCreated\":null,\"dateUpdated\":null,\"descendantDist\":null,\"descendantOf\":null,\"fixedOrder\":0,\"id\":null,\"indexBy\":null,\"level\":null,\"limit\":null,\"locale\":\"en_us\",\"localeEnabled\":null,\"nextSiblingOf\":null,\"offset\":0,\"order\":\"lft, postDate desc\",\"positionedAfter\":null,\"positionedBefore\":null,\"prevSiblingOf\":null,\"relatedTo\":null,\"ref\":null,\"search\":null,\"siblingOf\":null,\"slug\":null,\"status\":null,\"title\":null,\"uri\":null,\"kind\":null,\"childField\":null,\"childOf\":null,\"depth\":null,\"parentField\":null,\"parentOf\":null,\"after\":null,\"authorGroup\":null,\"authorGroupId\":null,\"authorId\":null,\"before\":null,\"editable\":0,\"expiryDate\":null,\"postDate\":null,\"section\":null,\"sectionId\":\"10\",\"type\":null}}','2015-03-18 18:38:31','2015-03-18 18:38:31','d54560fe-1540-4cb4-ba4a-d7f58df8c30b'),(106,106,1,2,0,NULL,NULL,'pending','ResaveElements','Resaving Repeating Elements entries','{\"elementType\":\"Entry\",\"criteria\":{\"ancestorDist\":null,\"ancestorOf\":null,\"archived\":0,\"dateCreated\":null,\"dateUpdated\":null,\"descendantDist\":null,\"descendantOf\":null,\"fixedOrder\":0,\"id\":null,\"indexBy\":null,\"level\":null,\"limit\":null,\"locale\":\"en_us\",\"localeEnabled\":null,\"nextSiblingOf\":null,\"offset\":0,\"order\":\"lft, postDate desc\",\"positionedAfter\":null,\"positionedBefore\":null,\"prevSiblingOf\":null,\"relatedTo\":null,\"ref\":null,\"search\":null,\"siblingOf\":null,\"slug\":null,\"status\":null,\"title\":null,\"uri\":null,\"kind\":null,\"childField\":null,\"childOf\":null,\"depth\":null,\"parentField\":null,\"parentOf\":null,\"after\":null,\"authorGroup\":null,\"authorGroupId\":null,\"authorId\":null,\"before\":null,\"editable\":0,\"expiryDate\":null,\"postDate\":null,\"section\":null,\"sectionId\":\"22\",\"type\":null}}','2015-03-20 13:41:59','2015-03-20 13:41:59','819f40d9-06fa-417e-b6d5-964e4eaff1c1'),(107,107,1,2,0,NULL,NULL,'pending','ResaveElements','Resaving Calendar entries','{\"elementType\":\"Entry\",\"criteria\":{\"ancestorDist\":null,\"ancestorOf\":null,\"archived\":0,\"dateCreated\":null,\"dateUpdated\":null,\"descendantDist\":null,\"descendantOf\":null,\"fixedOrder\":0,\"id\":null,\"indexBy\":null,\"level\":null,\"limit\":null,\"locale\":\"en_us\",\"localeEnabled\":null,\"nextSiblingOf\":null,\"offset\":0,\"order\":\"lft, postDate desc\",\"positionedAfter\":null,\"positionedBefore\":null,\"prevSiblingOf\":null,\"relatedTo\":null,\"ref\":null,\"search\":null,\"siblingOf\":null,\"slug\":null,\"status\":null,\"title\":null,\"uri\":null,\"kind\":null,\"childField\":null,\"childOf\":null,\"depth\":null,\"parentField\":null,\"parentOf\":null,\"after\":null,\"authorGroup\":null,\"authorGroupId\":null,\"authorId\":null,\"before\":null,\"editable\":0,\"expiryDate\":null,\"postDate\":null,\"section\":null,\"sectionId\":\"6\",\"type\":null}}','2015-04-26 22:02:38','2015-04-26 22:02:38','b13f1ad0-088b-4f05-b42d-8f07271e03c1'),(108,108,1,2,0,NULL,NULL,'pending','ResaveElements','Resaving Calendar entries','{\"elementType\":\"Entry\",\"criteria\":{\"ancestorDist\":null,\"ancestorOf\":null,\"archived\":0,\"dateCreated\":null,\"dateUpdated\":null,\"descendantDist\":null,\"descendantOf\":null,\"fixedOrder\":0,\"id\":null,\"indexBy\":null,\"level\":null,\"limit\":null,\"locale\":\"en_us\",\"localeEnabled\":null,\"nextSiblingOf\":null,\"offset\":0,\"order\":\"lft, postDate desc\",\"positionedAfter\":null,\"positionedBefore\":null,\"prevSiblingOf\":null,\"relatedTo\":null,\"ref\":null,\"search\":null,\"siblingOf\":null,\"slug\":null,\"status\":null,\"title\":null,\"uri\":null,\"kind\":null,\"childField\":null,\"childOf\":null,\"depth\":null,\"parentField\":null,\"parentOf\":null,\"after\":null,\"authorGroup\":null,\"authorGroupId\":null,\"authorId\":null,\"before\":null,\"editable\":0,\"expiryDate\":null,\"postDate\":null,\"section\":null,\"sectionId\":\"6\",\"type\":null}}','2015-04-26 22:03:21','2015-04-26 22:03:21','86a73454-3d6e-4d3c-9674-ba3a9bd548ad');
/*!40000 ALTER TABLE `craft_tasks` ENABLE KEYS */;
UNLOCK TABLES;

--
-- Table structure for table `craft_templatecachecriteria`
--

DROP TABLE IF EXISTS `craft_templatecachecriteria`;
/*!40101 SET @saved_cs_client     = @@character_set_client */;
/*!40101 SET character_set_client = utf8 */;
CREATE TABLE `craft_templatecachecriteria` (
  `id` int(11) NOT NULL AUTO_INCREMENT,
  `cacheId` int(11) NOT NULL,
  `type` varchar(150) COLLATE utf8_unicode_ci NOT NULL,
  `criteria` text COLLATE utf8_unicode_ci NOT NULL,
  PRIMARY KEY (`id`),
  KEY `craft_templatecachecriteria_cacheId_fk` (`cacheId`),
  KEY `craft_templatecachecriteria_type_idx` (`type`),
  CONSTRAINT `craft_templatecachecriteria_cacheId_fk` FOREIGN KEY (`cacheId`) REFERENCES `craft_templatecaches` (`id`) ON DELETE CASCADE
) ENGINE=InnoDB DEFAULT CHARSET=utf8 COLLATE=utf8_unicode_ci;
/*!40101 SET character_set_client = @saved_cs_client */;

--
-- Dumping data for table `craft_templatecachecriteria`
--

LOCK TABLES `craft_templatecachecriteria` WRITE;
/*!40000 ALTER TABLE `craft_templatecachecriteria` DISABLE KEYS */;
/*!40000 ALTER TABLE `craft_templatecachecriteria` ENABLE KEYS */;
UNLOCK TABLES;

--
-- Table structure for table `craft_templatecacheelements`
--

DROP TABLE IF EXISTS `craft_templatecacheelements`;
/*!40101 SET @saved_cs_client     = @@character_set_client */;
/*!40101 SET character_set_client = utf8 */;
CREATE TABLE `craft_templatecacheelements` (
  `cacheId` int(11) NOT NULL,
  `elementId` int(11) NOT NULL,
  KEY `craft_templatecacheelements_cacheId_fk` (`cacheId`),
  KEY `craft_templatecacheelements_elementId_fk` (`elementId`),
  CONSTRAINT `craft_templatecacheelements_cacheId_fk` FOREIGN KEY (`cacheId`) REFERENCES `craft_templatecaches` (`id`) ON DELETE CASCADE,
  CONSTRAINT `craft_templatecacheelements_elementId_fk` FOREIGN KEY (`elementId`) REFERENCES `craft_elements` (`id`) ON DELETE CASCADE
) ENGINE=InnoDB DEFAULT CHARSET=utf8 COLLATE=utf8_unicode_ci;
/*!40101 SET character_set_client = @saved_cs_client */;

--
-- Dumping data for table `craft_templatecacheelements`
--

LOCK TABLES `craft_templatecacheelements` WRITE;
/*!40000 ALTER TABLE `craft_templatecacheelements` DISABLE KEYS */;
/*!40000 ALTER TABLE `craft_templatecacheelements` ENABLE KEYS */;
UNLOCK TABLES;

--
-- Table structure for table `craft_templatecaches`
--

DROP TABLE IF EXISTS `craft_templatecaches`;
/*!40101 SET @saved_cs_client     = @@character_set_client */;
/*!40101 SET character_set_client = utf8 */;
CREATE TABLE `craft_templatecaches` (
  `id` int(11) NOT NULL AUTO_INCREMENT,
  `cacheKey` varchar(255) COLLATE utf8_unicode_ci NOT NULL,
  `locale` char(12) COLLATE utf8_unicode_ci NOT NULL,
  `path` varchar(255) COLLATE utf8_unicode_ci DEFAULT NULL,
  `expiryDate` datetime NOT NULL,
  `body` mediumtext COLLATE utf8_unicode_ci NOT NULL,
  PRIMARY KEY (`id`),
  KEY `craft_templatecaches_expiryDate_cacheKey_locale_path_idx` (`expiryDate`,`cacheKey`,`locale`,`path`),
  KEY `craft_templatecaches_locale_fk` (`locale`),
  CONSTRAINT `craft_templatecaches_locale_fk` FOREIGN KEY (`locale`) REFERENCES `craft_locales` (`locale`) ON DELETE CASCADE ON UPDATE CASCADE
) ENGINE=InnoDB DEFAULT CHARSET=utf8 COLLATE=utf8_unicode_ci;
/*!40101 SET character_set_client = @saved_cs_client */;

--
-- Dumping data for table `craft_templatecaches`
--

LOCK TABLES `craft_templatecaches` WRITE;
/*!40000 ALTER TABLE `craft_templatecaches` DISABLE KEYS */;
/*!40000 ALTER TABLE `craft_templatecaches` ENABLE KEYS */;
UNLOCK TABLES;

--
-- Table structure for table `craft_tokens`
--

DROP TABLE IF EXISTS `craft_tokens`;
/*!40101 SET @saved_cs_client     = @@character_set_client */;
/*!40101 SET character_set_client = utf8 */;
CREATE TABLE `craft_tokens` (
  `id` int(11) NOT NULL AUTO_INCREMENT,
  `token` char(32) COLLATE utf8_unicode_ci NOT NULL,
  `route` text COLLATE utf8_unicode_ci,
  `usageLimit` tinyint(3) unsigned DEFAULT NULL,
  `usageCount` tinyint(3) unsigned DEFAULT NULL,
  `expiryDate` datetime NOT NULL,
  `dateCreated` datetime NOT NULL,
  `dateUpdated` datetime NOT NULL,
  `uid` char(36) COLLATE utf8_unicode_ci NOT NULL DEFAULT '0',
  PRIMARY KEY (`id`),
  UNIQUE KEY `craft_tokens_token_unq_idx` (`token`),
  KEY `craft_tokens_expiryDate_idx` (`expiryDate`)
) ENGINE=InnoDB AUTO_INCREMENT=4 DEFAULT CHARSET=utf8 COLLATE=utf8_unicode_ci;
/*!40101 SET character_set_client = @saved_cs_client */;

--
-- Dumping data for table `craft_tokens`
--

LOCK TABLES `craft_tokens` WRITE;
/*!40000 ALTER TABLE `craft_tokens` DISABLE KEYS */;
INSERT INTO `craft_tokens` VALUES (1,'Dpj9VzuhxhjwEMq~4b4a8zb088oEaVw4','{\"action\":\"entries\\/viewSharedEntry\",\"params\":{\"entryId\":\"116\",\"locale\":\"en_us\"}}',NULL,NULL,'2015-05-27 14:52:47','2015-05-26 14:52:47','2015-05-26 14:52:47','f200dd8f-22fc-44ab-9886-6a61fc39a446'),(2,'DDRMbr6eW6do7Siu70z6ocf83XqnaA1I','{\"action\":\"entries\\/viewSharedEntry\",\"params\":{\"entryId\":\"116\",\"locale\":\"en_us\"}}',NULL,NULL,'2015-05-27 15:03:21','2015-05-26 15:03:21','2015-05-26 15:03:21','8ddb9fcd-7188-420b-84c3-4ec2f219c919'),(3,'c7KpeIKfC8DoLw9TWHV2RZlG0xxkiWTD','{\"action\":\"entries\\/viewSharedEntry\",\"params\":{\"entryId\":\"116\",\"locale\":\"en_us\"}}',NULL,NULL,'2015-05-27 15:21:01','2015-05-26 15:21:01','2015-05-26 15:21:01','bed968ef-f9eb-422e-ba2b-8e34f6e8de00');
/*!40000 ALTER TABLE `craft_tokens` ENABLE KEYS */;
UNLOCK TABLES;

--
-- Table structure for table `craft_usergroups`
--

DROP TABLE IF EXISTS `craft_usergroups`;
/*!40101 SET @saved_cs_client     = @@character_set_client */;
/*!40101 SET character_set_client = utf8 */;
CREATE TABLE `craft_usergroups` (
  `id` int(11) NOT NULL AUTO_INCREMENT,
  `name` varchar(255) COLLATE utf8_unicode_ci NOT NULL,
  `handle` varchar(255) COLLATE utf8_unicode_ci NOT NULL,
  `dateCreated` datetime NOT NULL,
  `dateUpdated` datetime NOT NULL,
  `uid` char(36) COLLATE utf8_unicode_ci NOT NULL DEFAULT '0',
  PRIMARY KEY (`id`)
) ENGINE=InnoDB AUTO_INCREMENT=2 DEFAULT CHARSET=utf8 COLLATE=utf8_unicode_ci;
/*!40101 SET character_set_client = @saved_cs_client */;

--
-- Dumping data for table `craft_usergroups`
--

LOCK TABLES `craft_usergroups` WRITE;
/*!40000 ALTER TABLE `craft_usergroups` DISABLE KEYS */;
INSERT INTO `craft_usergroups` VALUES (1,'Editors','editors','2015-05-09 01:35:19','2015-05-09 01:35:19','0b8c6481-4520-4b93-bc00-b780314186ed');
/*!40000 ALTER TABLE `craft_usergroups` ENABLE KEYS */;
UNLOCK TABLES;

--
-- Table structure for table `craft_usergroups_users`
--

DROP TABLE IF EXISTS `craft_usergroups_users`;
/*!40101 SET @saved_cs_client     = @@character_set_client */;
/*!40101 SET character_set_client = utf8 */;
CREATE TABLE `craft_usergroups_users` (
  `id` int(11) NOT NULL AUTO_INCREMENT,
  `groupId` int(11) NOT NULL,
  `userId` int(11) NOT NULL,
  `dateCreated` datetime NOT NULL,
  `dateUpdated` datetime NOT NULL,
  `uid` char(36) COLLATE utf8_unicode_ci NOT NULL DEFAULT '0',
  PRIMARY KEY (`id`),
  UNIQUE KEY `craft_usergroups_users_groupId_userId_unq_idx` (`groupId`,`userId`),
  KEY `craft_usergroups_users_userId_fk` (`userId`),
  CONSTRAINT `craft_usergroups_users_groupId_fk` FOREIGN KEY (`groupId`) REFERENCES `craft_usergroups` (`id`) ON DELETE CASCADE,
  CONSTRAINT `craft_usergroups_users_userId_fk` FOREIGN KEY (`userId`) REFERENCES `craft_users` (`id`) ON DELETE CASCADE
) ENGINE=InnoDB AUTO_INCREMENT=3 DEFAULT CHARSET=utf8 COLLATE=utf8_unicode_ci;
/*!40101 SET character_set_client = @saved_cs_client */;

--
-- Dumping data for table `craft_usergroups_users`
--

LOCK TABLES `craft_usergroups_users` WRITE;
/*!40000 ALTER TABLE `craft_usergroups_users` DISABLE KEYS */;
INSERT INTO `craft_usergroups_users` VALUES (1,1,281,'2015-05-09 01:35:42','2015-05-09 01:35:42','ce624632-b247-4a41-9ef4-28d4159051ea'),(2,1,270,'2015-05-09 01:36:22','2015-05-09 01:36:22','25a54cfa-77ed-4480-b550-684a94fce85b');
/*!40000 ALTER TABLE `craft_usergroups_users` ENABLE KEYS */;
UNLOCK TABLES;

--
-- Table structure for table `craft_userpermissions`
--

DROP TABLE IF EXISTS `craft_userpermissions`;
/*!40101 SET @saved_cs_client     = @@character_set_client */;
/*!40101 SET character_set_client = utf8 */;
CREATE TABLE `craft_userpermissions` (
  `id` int(11) NOT NULL AUTO_INCREMENT,
  `name` varchar(255) COLLATE utf8_unicode_ci NOT NULL,
  `dateCreated` datetime NOT NULL,
  `dateUpdated` datetime NOT NULL,
  `uid` char(36) COLLATE utf8_unicode_ci NOT NULL DEFAULT '0',
  PRIMARY KEY (`id`),
  UNIQUE KEY `craft_userpermissions_name_unq_idx` (`name`)
) ENGINE=InnoDB AUTO_INCREMENT=172 DEFAULT CHARSET=utf8 COLLATE=utf8_unicode_ci;
/*!40101 SET character_set_client = @saved_cs_client */;

--
-- Dumping data for table `craft_userpermissions`
--

LOCK TABLES `craft_userpermissions` WRITE;
/*!40000 ALTER TABLE `craft_userpermissions` DISABLE KEYS */;
INSERT INTO `craft_userpermissions` VALUES (1,'accesssitewhensystemisoff','2015-03-04 16:18:49','2015-03-04 16:18:49','15aef840-5ebe-4b07-b9c5-222d6e09e964'),(2,'accesscp','2015-03-04 16:18:49','2015-03-04 16:18:49','1de605b0-cb7d-4d46-a748-5aaa12b6ab56'),(3,'accesscpwhensystemisoff','2015-03-04 16:18:49','2015-03-04 16:18:49','663935de-adbf-4130-b7b5-f508f8744582'),(4,'accessplugin-calendars','2015-03-04 16:18:49','2015-03-04 16:18:49','9491ed69-22e8-4abd-bffd-979e91b03c11'),(5,'editentries:19','2015-03-04 16:18:49','2015-03-04 16:18:49','f2bf790c-a611-43c1-bf97-ab956b2f945b'),(6,'publishentries:19','2015-03-04 16:18:49','2015-03-04 16:18:49','55d1f916-7130-44f5-916f-79584edd4f45'),(7,'editpeerentrydrafts:19','2015-03-04 16:18:49','2015-03-04 16:18:49','55507461-1625-4768-bb52-bdf65ff5b3cc'),(8,'publishpeerentrydrafts:19','2015-03-04 16:18:49','2015-03-04 16:18:49','aa348df9-673b-4ddf-b187-1e3bbfeef140'),(9,'deletepeerentrydrafts:19','2015-03-04 16:18:49','2015-03-04 16:18:49','7266c201-0c64-45f3-bcf5-e2397a5d4975'),(10,'editentries:17','2015-03-04 16:18:49','2015-03-04 16:18:49','b4c63b4e-383e-421e-99b8-42c8c0051262'),(11,'createentries:17','2015-03-04 16:18:49','2015-03-04 16:18:49','019f6916-d013-41ff-bdec-5997493821a6'),(12,'publishentries:17','2015-03-04 16:18:49','2015-03-04 16:18:49','07bd46a9-deac-4a9c-a9cf-2ad160a62a6b'),(13,'deleteentries:17','2015-03-04 16:18:49','2015-03-04 16:18:49','6727e15b-c9b0-4460-9370-9a971aad9308'),(14,'editpeerentries:17','2015-03-04 16:18:49','2015-03-04 16:18:49','85009bb6-2cf1-4084-8642-1f02b9b6f61e'),(15,'editpeerentrydrafts:17','2015-03-04 16:18:49','2015-03-04 16:18:49','d2abd1fc-c17a-4c83-ba6c-7646952dbcaa'),(16,'editentries:20','2015-03-04 16:18:49','2015-03-04 16:18:49','583d2fa1-4e48-4f5e-b5c4-c5150535afa1'),(17,'createentries:20','2015-03-04 16:18:49','2015-03-04 16:18:49','6b7593a5-8225-4e2a-ac34-4217bbd1bb10'),(18,'publishentries:20','2015-03-04 16:18:49','2015-03-04 16:18:49','f373216b-33d9-4a33-be2b-9fd11eb4a3f9'),(19,'deleteentries:20','2015-03-04 16:18:49','2015-03-04 16:18:49','ed923ecf-dc13-45cf-9309-aa60c6af987e'),(20,'editpeerentries:20','2015-03-04 16:18:49','2015-03-04 16:18:49','64767116-fe02-47e3-9aca-dfe93017cf03'),(21,'editpeerentrydrafts:20','2015-03-04 16:18:49','2015-03-04 16:18:49','d0cb93f2-5c3d-4a58-9e28-2e3c10a2b1eb'),(22,'editentries:6','2015-03-04 16:18:49','2015-03-04 16:18:49','1921ac00-ed7d-45d3-b6cf-55e33184fa9b'),(23,'createentries:6','2015-03-04 16:18:49','2015-03-04 16:18:49','ba00d25c-ecaa-47d5-aac1-4a671c2a452d'),(24,'publishentries:6','2015-03-04 16:18:49','2015-03-04 16:18:49','3b1319f9-e9c0-4f9c-b5a1-179f1fb08c72'),(25,'deleteentries:6','2015-03-04 16:18:49','2015-03-04 16:18:49','7ceae9e9-4b8f-4c20-83cf-807d26378d3c'),(26,'editpeerentries:6','2015-03-04 16:18:49','2015-03-04 16:18:49','39f3f0f4-ce2b-41a7-8ee5-99875dd1c562'),(27,'editpeerentrydrafts:6','2015-03-04 16:18:49','2015-03-04 16:18:49','37eb1481-c88b-42be-852f-c81323610076'),(28,'editentries:8','2015-03-04 16:18:49','2015-03-04 16:18:49','4f190779-2bcc-4027-8025-da9c7c6677ab'),(29,'createentries:8','2015-03-04 16:18:49','2015-03-04 16:18:49','8158063c-550e-49ff-8d56-1d09c65a4fbc'),(30,'publishentries:8','2015-03-04 16:18:49','2015-03-04 16:18:49','3693532a-b201-4a25-a932-caa6593891a6'),(31,'deleteentries:8','2015-03-04 16:18:49','2015-03-04 16:18:49','97a2ce13-8525-416d-a57d-070983610d95'),(32,'editpeerentries:8','2015-03-04 16:18:49','2015-03-04 16:18:49','9e566f9e-d750-44e1-8efe-32c3d82d1672'),(33,'editpeerentrydrafts:8','2015-03-04 16:18:49','2015-03-04 16:18:49','0137bf6e-6920-4ec6-bfcf-9a21556613e7'),(34,'editentries:11','2015-03-04 16:18:49','2015-03-04 16:18:49','23b04be2-f4c9-4485-9be3-253432cc7855'),(35,'createentries:11','2015-03-04 16:18:49','2015-03-04 16:18:49','16df995e-9abe-42f8-aed5-37816d2f63aa'),(36,'publishentries:11','2015-03-04 16:18:49','2015-03-04 16:18:49','910c8f01-38c3-4061-aef5-13319e5d18d2'),(37,'deleteentries:11','2015-03-04 16:18:49','2015-03-04 16:18:49','35046fe7-147c-42a2-9049-9ff6ca8907fe'),(38,'editpeerentries:11','2015-03-04 16:18:49','2015-03-04 16:18:49','93151876-d528-4dd7-9e13-6c0deb5e403b'),(39,'editpeerentrydrafts:11','2015-03-04 16:18:49','2015-03-04 16:18:49','a39da3f0-ef63-4226-bcca-2c27bd36895a'),(40,'editentries:18','2015-03-04 16:18:49','2015-03-04 16:18:49','5bb4b603-a1aa-4489-9e0a-3ca55a80fdc5'),(41,'publishentries:18','2015-03-04 16:18:49','2015-03-04 16:18:49','357482ea-955e-4cd0-b60d-94c916ec6c0e'),(42,'editpeerentrydrafts:18','2015-03-04 16:18:49','2015-03-04 16:18:49','8fed6808-a425-4477-85cb-d93e713b28f0'),(43,'editentries:13','2015-03-04 16:18:49','2015-03-04 16:18:49','b0449a0b-f179-4db7-b6ac-9c679ae3bd3e'),(44,'createentries:13','2015-03-04 16:18:49','2015-03-04 16:18:49','a595c292-707a-4ce8-a3e7-af25f5aee860'),(45,'publishentries:13','2015-03-04 16:18:49','2015-03-04 16:18:49','079c35b9-0425-47ea-b835-133627653680'),(46,'deleteentries:13','2015-03-04 16:18:49','2015-03-04 16:18:49','b6cafd66-d517-499c-b00f-9d34c907d6fc'),(47,'editpeerentries:13','2015-03-04 16:18:49','2015-03-04 16:18:49','9ba1ba3e-d987-4f94-b002-203fa540df89'),(48,'editpeerentrydrafts:13','2015-03-04 16:18:49','2015-03-04 16:18:49','8c686caa-b018-4388-aecb-49948698ce03'),(49,'editentries:1','2015-03-04 16:18:49','2015-03-04 16:18:49','0f75e6a3-f91a-4a9b-a857-245bacca3484'),(50,'publishentries:1','2015-03-04 16:18:49','2015-03-04 16:18:49','32520485-70c8-4038-a610-a000a551cb02'),(51,'editpeerentrydrafts:1','2015-03-04 16:18:49','2015-03-04 16:18:49','776842aa-abe1-4b57-a526-4620380c67f3'),(52,'editentries:7','2015-03-04 16:18:49','2015-03-04 16:18:49','bf946e95-1c0c-4ca5-9abb-cd27604e8757'),(53,'createentries:7','2015-03-04 16:18:49','2015-03-04 16:18:49','3943bf27-3ae5-45e3-aa7b-50e0af55f917'),(54,'publishentries:7','2015-03-04 16:18:49','2015-03-04 16:18:49','c2bf9c91-ab2d-4cb8-8dfe-49f3ba53cc92'),(55,'deleteentries:7','2015-03-04 16:18:49','2015-03-04 16:18:49','01be4295-3333-4ef1-acdd-373028155ac0'),(56,'editpeerentries:7','2015-03-04 16:18:49','2015-03-04 16:18:49','49fee849-6416-4ba9-a75b-3e188e3cf697'),(57,'editpeerentrydrafts:7','2015-03-04 16:18:49','2015-03-04 16:18:49','645244fd-65f1-4b68-b857-4c2022a173a7'),(58,'editentries:9','2015-03-04 16:18:49','2015-03-04 16:18:49','645c17c3-f047-45d0-b0c4-369621d445db'),(59,'createentries:9','2015-03-04 16:18:49','2015-03-04 16:18:49','db227d41-21be-4000-bec0-5a39d2278519'),(60,'publishentries:9','2015-03-04 16:18:49','2015-03-04 16:18:49','6be2954f-3156-48b7-a6e4-3645251f8a9f'),(61,'deleteentries:9','2015-03-04 16:18:49','2015-03-04 16:18:49','f6f9f5e7-b96e-433b-af26-c47b2e143bf8'),(62,'editpeerentries:9','2015-03-04 16:18:49','2015-03-04 16:18:49','b92703c3-a7da-4bda-ae0a-8834ed147115'),(63,'editpeerentrydrafts:9','2015-03-04 16:18:49','2015-03-04 16:18:49','afc4899a-ae5b-4ffd-9ad3-785a1957845e'),(64,'editentries:5','2015-03-04 16:18:49','2015-03-04 16:18:49','84697882-1f37-4ff8-a560-a66da2f27e7f'),(65,'createentries:5','2015-03-04 16:18:49','2015-03-04 16:18:49','cc1a9315-4d8b-4025-a902-0a6b7a4e9e1c'),(66,'publishentries:5','2015-03-04 16:18:49','2015-03-04 16:18:49','97faa905-7012-43e8-af78-86bb06863da2'),(67,'deleteentries:5','2015-03-04 16:18:49','2015-03-04 16:18:49','f315de3d-45f4-45a9-a61d-61b5493858e9'),(68,'editpeerentries:5','2015-03-04 16:18:49','2015-03-04 16:18:49','25e0feef-06c6-4616-80c8-c22230f8054e'),(69,'editpeerentrydrafts:5','2015-03-04 16:18:49','2015-03-04 16:18:49','5a502053-5d2a-4878-9c96-15bb016a34fb'),(70,'editentries:10','2015-03-04 16:18:49','2015-03-04 16:18:49','f1d3c2af-37d4-4ed6-80f5-688247de0668'),(71,'createentries:10','2015-03-04 16:18:49','2015-03-04 16:18:49','3feea92a-77aa-47ae-ba15-217036f80394'),(72,'publishentries:10','2015-03-04 16:18:49','2015-03-04 16:18:49','e9031bfb-6b2d-40e2-bb57-8108b1c69b4e'),(73,'deleteentries:10','2015-03-04 16:18:49','2015-03-04 16:18:49','8e8a0abf-d30b-4c2a-bc55-69fd6158f64a'),(74,'editpeerentries:10','2015-03-04 16:18:49','2015-03-04 16:18:49','cb65b593-e06e-46d2-8291-fd1385c83379'),(75,'editpeerentrydrafts:10','2015-03-04 16:18:49','2015-03-04 16:18:49','1690abf8-5a90-4dce-904c-2afe6c4b7f18'),(76,'editentries:15','2015-03-04 16:18:49','2015-03-04 16:18:49','0a57fafe-6b34-47ae-8ed4-ada3545ebd5d'),(77,'createentries:15','2015-03-04 16:18:49','2015-03-04 16:18:49','4203c28a-5b47-4369-af18-968614eb648e'),(78,'publishentries:15','2015-03-04 16:18:49','2015-03-04 16:18:49','be6ea1b1-4cd9-437b-86fa-187dc4cbabcb'),(79,'deleteentries:15','2015-03-04 16:18:49','2015-03-04 16:18:49','f4cf9f20-0d31-4fae-ab89-724a5de2467b'),(80,'editpeerentries:15','2015-03-04 16:18:49','2015-03-04 16:18:49','e8a5596e-b9df-4a26-bfc0-7073bf521123'),(81,'editpeerentrydrafts:15','2015-03-04 16:18:49','2015-03-04 16:18:49','f3208b9f-6949-4163-8bd8-b161e3cfc7aa'),(82,'editentries:4','2015-03-04 16:18:49','2015-03-04 16:18:49','ba246238-5e00-431c-a0b1-1c3d64155fd2'),(83,'createentries:4','2015-03-04 16:18:49','2015-03-04 16:18:49','3b1d53e1-440d-46c8-91e1-00a04c804fb1'),(84,'publishentries:4','2015-03-04 16:18:49','2015-03-04 16:18:49','10ae5f85-49d8-4971-8f56-501f1aec7b44'),(85,'deleteentries:4','2015-03-04 16:18:49','2015-03-04 16:18:49','83b27dcd-40b8-47d4-99ef-924e0a6dcd79'),(86,'editpeerentries:4','2015-03-04 16:18:49','2015-03-04 16:18:49','a315368f-5efd-4635-98d4-1389d5908a09'),(87,'editpeerentrydrafts:4','2015-03-04 16:18:49','2015-03-04 16:18:49','96a9778d-3143-4fdd-9670-b822e7552bee'),(88,'editentries:14','2015-03-04 16:18:49','2015-03-04 16:18:49','102f9cb6-e69e-477a-84b2-c27b7d6abb0a'),(89,'createentries:14','2015-03-04 16:18:49','2015-03-04 16:18:49','164271eb-0958-41d2-a026-242112fb3376'),(90,'publishentries:14','2015-03-04 16:18:49','2015-03-04 16:18:49','ec37c783-3403-4dc5-a1fe-f2b6d60b29c6'),(91,'deleteentries:14','2015-03-04 16:18:49','2015-03-04 16:18:49','c41cfa9d-28b0-4279-bc82-385326c1322d'),(92,'editpeerentries:14','2015-03-04 16:18:49','2015-03-04 16:18:49','e1cf527c-fbc5-4946-ae85-aa9badd5fac1'),(93,'editpeerentrydrafts:14','2015-03-04 16:18:49','2015-03-04 16:18:49','b8ef9ad5-6fee-44a7-859f-40995c3d4fe4'),(94,'editentries:12','2015-03-04 16:18:49','2015-03-04 16:18:49','560d63c4-1a21-4cfe-afee-33f560966260'),(95,'createentries:12','2015-03-04 16:18:49','2015-03-04 16:18:49','54d3c01c-8609-4e15-b578-a810d0a707c4'),(96,'publishentries:12','2015-03-04 16:18:49','2015-03-04 16:18:49','e29789bc-7c78-4b8b-aa5b-ff06db6b019e'),(97,'deleteentries:12','2015-03-04 16:18:49','2015-03-04 16:18:49','51523b36-0091-4c9e-bc68-d49fbd64b13e'),(98,'editpeerentries:12','2015-03-04 16:18:49','2015-03-04 16:18:49','4294651b-a1e3-4349-9861-7d031b1d27b0'),(99,'editpeerentrydrafts:12','2015-03-04 16:18:49','2015-03-04 16:18:49','c418ac90-6687-4ed6-bd32-a7202241ae89'),(100,'editcategories:6','2015-03-04 16:18:49','2015-03-04 16:18:49','a1cf745f-4eb1-45cf-940c-4d722ca5e4df'),(101,'editcategories:7','2015-03-04 16:18:49','2015-03-04 16:18:49','77011db6-5f50-4fd0-a162-1cf399691547'),(102,'editcategories:5','2015-03-04 16:18:49','2015-03-04 16:18:49','f00e2059-3503-4ce4-b3d4-62ad821d87b9'),(103,'editcategories:4','2015-03-04 16:18:49','2015-03-04 16:18:49','7d70280a-5010-4da8-ad95-7bf298b54e47'),(104,'editcategories:8','2015-03-04 16:18:49','2015-03-04 16:18:49','a77d441b-2a83-485e-a2ea-61a89ad8a1b7'),(105,'editcategories:9','2015-03-04 16:18:49','2015-03-04 16:18:49','73baad58-ae1b-483d-8b4d-41d2ceadf684'),(106,'viewassetsource:2','2015-03-04 16:18:49','2015-03-04 16:18:49','96163452-7ab7-4353-a75b-876c33c982c0'),(107,'uploadtoassetsource:2','2015-03-04 16:18:49','2015-03-04 16:18:49','bff34707-8d04-425b-80c6-defcc2f57095'),(108,'createsubfoldersinassetsource:2','2015-03-04 16:18:49','2015-03-04 16:18:49','e3fdf41e-42e9-4ef0-98c4-6fa7d1aa7124'),(109,'removefromassetsource:2','2015-03-04 16:18:49','2015-03-04 16:18:49','f6c281d9-e0fc-429f-8f9b-94134edb8667'),(110,'editusers','2015-05-09 01:29:11','2015-05-09 01:29:11','77d20fe1-806d-4ae7-97b3-2bdb8d47df63'),(111,'registerusers','2015-05-09 01:29:11','2015-05-09 01:29:11','8d7ebc1a-bea6-49f1-9d73-e9d4a9d93d8a'),(112,'publishpeerentries:17','2015-05-09 01:29:11','2015-05-09 01:29:11','c709be1d-869e-468d-8c97-a912ebd0b10d'),(113,'deletepeerentries:17','2015-05-09 01:29:11','2015-05-09 01:29:11','5a83e0c1-161c-4b4d-a91d-12283bc63e05'),(114,'publishpeerentrydrafts:17','2015-05-09 01:29:11','2015-05-09 01:29:11','45036534-3f1c-4d21-b538-1c3f64f67973'),(115,'deletepeerentrydrafts:17','2015-05-09 01:29:11','2015-05-09 01:29:11','c99384ba-8657-42b3-af7c-2d02bccb3ef5'),(116,'publishpeerentries:20','2015-05-09 01:29:11','2015-05-09 01:29:11','a58bbcf9-611b-47dc-8108-081c82620399'),(117,'deletepeerentries:20','2015-05-09 01:29:11','2015-05-09 01:29:11','71bb9b27-eb54-4f14-b00c-88f456c02ed0'),(118,'publishpeerentrydrafts:20','2015-05-09 01:29:11','2015-05-09 01:29:11','2015b2fd-c86f-4f4c-b6f2-9b72471c47e2'),(119,'deletepeerentrydrafts:20','2015-05-09 01:29:11','2015-05-09 01:29:11','7431f2e5-281c-450b-a72c-745f883c5b3d'),(120,'publishpeerentries:6','2015-05-09 01:29:11','2015-05-09 01:29:11','8904d23f-afc6-4912-aab2-3031fd7f1c3e'),(121,'deletepeerentries:6','2015-05-09 01:29:11','2015-05-09 01:29:11','c4d04996-b459-4ba7-992f-bd8bbacd0c1e'),(122,'publishpeerentrydrafts:6','2015-05-09 01:29:11','2015-05-09 01:29:11','fea84e4a-fedd-40b7-9a56-eed449227b76'),(123,'deletepeerentrydrafts:6','2015-05-09 01:29:11','2015-05-09 01:29:11','5e26f1d2-74b4-4db0-9285-9e0d2111abc6'),(124,'publishpeerentrydrafts:8','2015-05-09 01:29:11','2015-05-09 01:29:11','007f9454-27c9-4d1a-a400-77a80f2d0580'),(125,'deletepeerentrydrafts:8','2015-05-09 01:29:11','2015-05-09 01:29:11','e1ea0b02-621e-4725-bee8-39626b2d3e34'),(126,'publishpeerentrydrafts:11','2015-05-09 01:29:11','2015-05-09 01:29:11','b4c888db-d5fd-47cc-96bb-3bb1994827b8'),(127,'deletepeerentrydrafts:11','2015-05-09 01:29:11','2015-05-09 01:29:11','ebed124a-c175-44b4-acaf-cc8b599ce0f1'),(128,'publishpeerentrydrafts:18','2015-05-09 01:29:11','2015-05-09 01:29:11','8e69bc64-0df8-47ef-bd78-725f8dd43ee3'),(129,'deletepeerentrydrafts:18','2015-05-09 01:29:11','2015-05-09 01:29:11','64c119e0-e27b-4c98-b301-3a2262f64b06'),(130,'publishpeerentrydrafts:1','2015-05-09 01:29:11','2015-05-09 01:29:11','69c4bab2-aa4e-4234-9744-c506707dffb0'),(131,'deletepeerentrydrafts:1','2015-05-09 01:29:11','2015-05-09 01:29:11','4b925eb3-f4c6-4afd-ad76-30528f31bc44'),(132,'publishpeerentrydrafts:13','2015-05-09 01:29:11','2015-05-09 01:29:11','39634bab-ff13-424f-927d-10138e46f37a'),(133,'deletepeerentrydrafts:13','2015-05-09 01:29:11','2015-05-09 01:29:11','5dfb7e3c-f916-442e-8c79-cad30f8a3d0e'),(134,'publishpeerentries:7','2015-05-09 01:29:11','2015-05-09 01:29:11','24cc9258-6d91-4bdb-a86d-96f907c3fd18'),(135,'deletepeerentries:7','2015-05-09 01:29:11','2015-05-09 01:29:11','d25a1168-07dd-4fd4-8cf7-a7972617aa09'),(136,'publishpeerentrydrafts:7','2015-05-09 01:29:11','2015-05-09 01:29:11','fb61a21c-b204-48bf-80a5-e02ce93564f4'),(137,'deletepeerentrydrafts:7','2015-05-09 01:29:11','2015-05-09 01:29:11','397b913f-4bb2-4a91-a117-3d901bc07034'),(138,'publishpeerentrydrafts:9','2015-05-09 01:29:11','2015-05-09 01:29:11','9525dd13-603d-447a-bb6f-76d41f6a223c'),(139,'deletepeerentrydrafts:9','2015-05-09 01:29:11','2015-05-09 01:29:11','89722c7b-1d23-4db7-88e7-be649e68e5a9'),(140,'editentries:22','2015-05-09 01:29:11','2015-05-09 01:29:11','cff457d0-74d8-421d-b288-a1b5e8125a83'),(141,'publishentries:22','2015-05-09 01:29:11','2015-05-09 01:29:11','ceef6058-59f7-4935-8aa7-fe27d04ac892'),(142,'editpeerentrydrafts:22','2015-05-09 01:29:11','2015-05-09 01:29:11','af2013db-c98f-4fbb-a3b3-7091143842ba'),(143,'publishpeerentrydrafts:22','2015-05-09 01:29:11','2015-05-09 01:29:11','0a219af7-65ad-414a-9145-0191dda8c7f4'),(144,'deletepeerentrydrafts:22','2015-05-09 01:29:11','2015-05-09 01:29:11','b5212492-847f-43cc-b0fc-46e73d099254'),(145,'publishpeerentries:5','2015-05-09 01:29:11','2015-05-09 01:29:11','addc563b-d721-4406-83e6-6522988bde86'),(146,'deletepeerentries:5','2015-05-09 01:29:11','2015-05-09 01:29:11','b6787873-5194-4bf3-beed-720101807e18'),(147,'publishpeerentrydrafts:5','2015-05-09 01:29:11','2015-05-09 01:29:11','0dd037aa-4a2e-4e53-9ae6-d50c6aab4ad2'),(148,'deletepeerentrydrafts:5','2015-05-09 01:29:11','2015-05-09 01:29:11','8cb37be3-a6e6-4b8f-91da-73f7f3e8cbca'),(149,'publishpeerentries:15','2015-05-09 01:29:11','2015-05-09 01:29:11','41b6a23e-f2f5-40f2-9949-6e7155bf7526'),(150,'deletepeerentries:15','2015-05-09 01:29:11','2015-05-09 01:29:11','2b96665b-8cf3-45c5-a4cd-895486e8c5a0'),(151,'publishpeerentrydrafts:15','2015-05-09 01:29:11','2015-05-09 01:29:11','7d9121b5-0c68-45aa-ab03-77cb445b60c1'),(152,'deletepeerentrydrafts:15','2015-05-09 01:29:11','2015-05-09 01:29:11','1deda000-3fc7-4a75-afe7-b0f753a0b69d'),(153,'publishpeerentries:4','2015-05-09 01:29:11','2015-05-09 01:29:11','3a908086-0e7f-4b7b-b74f-9ca4e3380f89'),(154,'deletepeerentries:4','2015-05-09 01:29:11','2015-05-09 01:29:11','f6c916ae-4e01-4cdc-9f26-7be66425664f'),(155,'publishpeerentrydrafts:4','2015-05-09 01:29:11','2015-05-09 01:29:11','921ad80f-d9a4-4dd7-953a-d080dbdbaee8'),(156,'deletepeerentrydrafts:4','2015-05-09 01:29:11','2015-05-09 01:29:11','fad708a2-a73f-4196-9748-12c9c4e9ee4a'),(157,'editentries:21','2015-05-09 01:29:11','2015-05-09 01:29:11','07261f82-f39f-4654-97ca-08a20cf54122'),(158,'createentries:21','2015-05-09 01:29:11','2015-05-09 01:29:11','4352c848-836a-40cc-800d-41f3d5e768f1'),(159,'publishentries:21','2015-05-09 01:29:11','2015-05-09 01:29:11','f69be7d8-e728-4618-a3d0-adbd556839b6'),(160,'deleteentries:21','2015-05-09 01:29:11','2015-05-09 01:29:11','ca05291c-f583-401c-968c-8f53e56d6b83'),(161,'editpeerentries:21','2015-05-09 01:29:11','2015-05-09 01:29:11','fdf6d4a4-8d1c-41d7-8109-2de6443aa067'),(162,'publishpeerentries:21','2015-05-09 01:29:11','2015-05-09 01:29:11','c25ea5a7-5553-4698-9874-cdc6c64694ae'),(163,'deletepeerentries:21','2015-05-09 01:29:11','2015-05-09 01:29:11','2a4278b1-0f6f-466e-970f-af31cbe1d9f1'),(164,'editpeerentrydrafts:21','2015-05-09 01:29:11','2015-05-09 01:29:11','e8a58522-d26f-44af-9076-ffcc9ec4edd4'),(165,'publishpeerentrydrafts:21','2015-05-09 01:29:11','2015-05-09 01:29:11','1dcc8403-c4a3-485d-97f1-ebe027cd7d51'),(166,'deletepeerentrydrafts:21','2015-05-09 01:29:11','2015-05-09 01:29:11','ce7060ba-0709-44f0-b4a8-3f97f4e7ccf2'),(167,'publishpeerentrydrafts:14','2015-05-09 01:29:11','2015-05-09 01:29:11','8f091b21-641b-4e29-b282-81aa6cc5a7e7'),(168,'deletepeerentrydrafts:14','2015-05-09 01:29:11','2015-05-09 01:29:11','94fd7efb-1684-4e66-954f-3f3591666430'),(169,'publishpeerentrydrafts:12','2015-05-09 01:29:11','2015-05-09 01:29:11','16defd03-fbd1-4c9b-9ce8-17832f5eb443'),(170,'deletepeerentrydrafts:12','2015-05-09 01:29:11','2015-05-09 01:29:11','3c28bc49-d1bf-4b13-828e-7ddaa0c05d4e'),(171,'performupdates','2015-05-09 01:35:19','2015-05-09 01:35:19','ffeb9888-309c-433f-ba8d-ccdede08c127');
/*!40000 ALTER TABLE `craft_userpermissions` ENABLE KEYS */;
UNLOCK TABLES;

--
-- Table structure for table `craft_userpermissions_usergroups`
--

DROP TABLE IF EXISTS `craft_userpermissions_usergroups`;
/*!40101 SET @saved_cs_client     = @@character_set_client */;
/*!40101 SET character_set_client = utf8 */;
CREATE TABLE `craft_userpermissions_usergroups` (
  `id` int(11) NOT NULL AUTO_INCREMENT,
  `permissionId` int(11) NOT NULL,
  `groupId` int(11) NOT NULL,
  `dateCreated` datetime NOT NULL,
  `dateUpdated` datetime NOT NULL,
  `uid` char(36) COLLATE utf8_unicode_ci NOT NULL DEFAULT '0',
  PRIMARY KEY (`id`),
  UNIQUE KEY `craft_userpermissions_usergroups_permissionId_groupId_unq_idx` (`permissionId`,`groupId`),
  KEY `craft_userpermissions_usergroups_groupId_fk` (`groupId`),
  CONSTRAINT `craft_userpermissions_usergroups_groupId_fk` FOREIGN KEY (`groupId`) REFERENCES `craft_usergroups` (`id`) ON DELETE CASCADE,
  CONSTRAINT `craft_userpermissions_usergroups_permissionId_fk` FOREIGN KEY (`permissionId`) REFERENCES `craft_userpermissions` (`id`) ON DELETE CASCADE
) ENGINE=InnoDB AUTO_INCREMENT=136 DEFAULT CHARSET=utf8 COLLATE=utf8_unicode_ci;
/*!40101 SET character_set_client = @saved_cs_client */;

--
-- Dumping data for table `craft_userpermissions_usergroups`
--

LOCK TABLES `craft_userpermissions_usergroups` WRITE;
/*!40000 ALTER TABLE `craft_userpermissions_usergroups` DISABLE KEYS */;
INSERT INTO `craft_userpermissions_usergroups` VALUES (1,1,1,'2015-05-09 01:35:19','2015-05-09 01:35:19','21939e5d-8804-4dee-bd68-22afcd032061'),(2,2,1,'2015-05-09 01:35:19','2015-05-09 01:35:19','4cb68d95-6a80-47a9-a256-99918f6e7e92'),(3,3,1,'2015-05-09 01:35:19','2015-05-09 01:35:19','71d7df79-94a9-4031-9ff2-8bc7d877db0e'),(4,171,1,'2015-05-09 01:35:19','2015-05-09 01:35:19','5d2a2736-be24-4869-ad3e-8dde669b2188'),(5,4,1,'2015-05-09 01:35:19','2015-05-09 01:35:19','439bf909-177a-4b3a-851e-93dacfaa9090'),(6,5,1,'2015-05-09 01:35:19','2015-05-09 01:35:19','46b99faa-f3dd-420d-8c47-ffdcbb5aa976'),(7,6,1,'2015-05-09 01:35:19','2015-05-09 01:35:19','de9f955c-ba7d-426a-ac2e-d219f9928acd'),(8,7,1,'2015-05-09 01:35:19','2015-05-09 01:35:19','503f5965-1b01-4d65-b7f4-2e7f0322bc2f'),(9,8,1,'2015-05-09 01:35:19','2015-05-09 01:35:19','b9805381-c774-4967-9167-91b55fd41a42'),(10,9,1,'2015-05-09 01:35:19','2015-05-09 01:35:19','21a74042-ccb0-4383-b51e-8a06c2298673'),(11,10,1,'2015-05-09 01:35:19','2015-05-09 01:35:19','9f6e4469-d2d6-47ce-8d93-250e48376946'),(12,11,1,'2015-05-09 01:35:19','2015-05-09 01:35:19','9d001ba0-65e5-4ed9-8ea0-4f658cd9e008'),(13,12,1,'2015-05-09 01:35:19','2015-05-09 01:35:19','ae2f1205-c81d-4194-8945-5614235c5d7d'),(14,13,1,'2015-05-09 01:35:19','2015-05-09 01:35:19','e3d0e9f5-e178-46f3-bb4b-3a9ddc8a988a'),(15,14,1,'2015-05-09 01:35:19','2015-05-09 01:35:19','bc466625-576e-449d-a3c7-f39ebd7667fd'),(16,112,1,'2015-05-09 01:35:19','2015-05-09 01:35:19','e60ac063-9d09-410d-97d3-e7d3d4178e14'),(17,113,1,'2015-05-09 01:35:19','2015-05-09 01:35:19','069134fa-c3cd-4411-b99c-956d346a538b'),(18,15,1,'2015-05-09 01:35:19','2015-05-09 01:35:19','253c4aea-6629-480b-9083-3f847afbab20'),(19,114,1,'2015-05-09 01:35:19','2015-05-09 01:35:19','c4fadbcc-9aba-4a1c-be50-bc9a277da99e'),(20,115,1,'2015-05-09 01:35:19','2015-05-09 01:35:19','6b25fc0d-528a-475d-8d89-fa6da7aae895'),(21,16,1,'2015-05-09 01:35:19','2015-05-09 01:35:19','4f314c85-5a98-4032-81af-d2401c36ef8f'),(22,17,1,'2015-05-09 01:35:19','2015-05-09 01:35:19','438e72e7-2a90-4b1f-96ce-046e2ef3f7e8'),(23,18,1,'2015-05-09 01:35:19','2015-05-09 01:35:19','8a29bdec-05b4-4220-9eea-3795ddebd674'),(24,19,1,'2015-05-09 01:35:19','2015-05-09 01:35:19','435d63be-8995-492a-9ae7-8c0a2e886fc5'),(25,20,1,'2015-05-09 01:35:19','2015-05-09 01:35:19','62246942-6020-48d9-aff1-3765ef73af8b'),(26,116,1,'2015-05-09 01:35:19','2015-05-09 01:35:19','62e8d49d-e2f7-4ff1-a44d-cecffeeaaa59'),(27,117,1,'2015-05-09 01:35:19','2015-05-09 01:35:19','e4bb7867-0fc9-4f5b-b97d-6562f0c2e302'),(28,21,1,'2015-05-09 01:35:19','2015-05-09 01:35:19','5a40e0d6-860b-4be9-ac58-31816be6b0dc'),(29,118,1,'2015-05-09 01:35:19','2015-05-09 01:35:19','afac4579-fa75-47e0-959b-68f39618df03'),(30,119,1,'2015-05-09 01:35:19','2015-05-09 01:35:19','3647160c-c8c1-4faa-bdee-d06d1edbea49'),(31,22,1,'2015-05-09 01:35:19','2015-05-09 01:35:19','a49fe00b-16a3-44e5-bdb5-662026c0fda9'),(32,23,1,'2015-05-09 01:35:19','2015-05-09 01:35:19','19722d2c-67fb-4f1b-a8d9-d837affa359e'),(33,24,1,'2015-05-09 01:35:19','2015-05-09 01:35:19','e92417a3-506f-47ed-8d56-1f9ebbfce580'),(34,25,1,'2015-05-09 01:35:19','2015-05-09 01:35:19','e5758a32-4443-4804-ac90-ea2a3ee6dcfd'),(35,26,1,'2015-05-09 01:35:19','2015-05-09 01:35:19','508f4d20-2b62-4f80-a649-ee2bb6fe1cd4'),(36,120,1,'2015-05-09 01:35:19','2015-05-09 01:35:19','c040545c-7f55-4823-a5fe-02d477d5bc73'),(37,121,1,'2015-05-09 01:35:19','2015-05-09 01:35:19','5cff9a69-ac4c-404a-b924-fdc8c1ea030c'),(38,27,1,'2015-05-09 01:35:19','2015-05-09 01:35:19','ec770e27-1d61-4d65-8d89-d0b6a0612423'),(39,122,1,'2015-05-09 01:35:19','2015-05-09 01:35:19','1079ebf1-6db3-4758-a1b0-3379b326e30c'),(40,123,1,'2015-05-09 01:35:19','2015-05-09 01:35:19','a1782bca-a040-4843-b53b-c493429159fe'),(41,28,1,'2015-05-09 01:35:19','2015-05-09 01:35:19','8c002ee9-d71a-41e4-9713-0fef4d675e90'),(42,30,1,'2015-05-09 01:35:19','2015-05-09 01:35:19','1067c094-e478-4796-ac9f-ef4ed7c806ec'),(43,33,1,'2015-05-09 01:35:19','2015-05-09 01:35:19','9f2e01f8-938d-4ab5-bc6a-0c708b07f0f5'),(44,124,1,'2015-05-09 01:35:19','2015-05-09 01:35:19','d8edc29d-79d3-4c6e-80b9-bfbef76d8a70'),(45,125,1,'2015-05-09 01:35:19','2015-05-09 01:35:19','39158ab7-10d1-427b-9cad-cdfb9cc9429a'),(46,34,1,'2015-05-09 01:35:19','2015-05-09 01:35:19','aff6a903-3294-4166-99e3-a49f816a20dd'),(47,36,1,'2015-05-09 01:35:19','2015-05-09 01:35:19','e995450c-8c2a-47cb-bca1-057b7fa927e1'),(48,39,1,'2015-05-09 01:35:19','2015-05-09 01:35:19','49421b6f-7f87-4a65-af37-141538f70003'),(49,126,1,'2015-05-09 01:35:19','2015-05-09 01:35:19','1fea7ad1-3350-420d-b563-dd9a8c675e23'),(50,127,1,'2015-05-09 01:35:19','2015-05-09 01:35:19','87a8a0c7-a6f0-4ceb-8dde-6b824a3eb4c8'),(51,40,1,'2015-05-09 01:35:19','2015-05-09 01:35:19','e19dd684-341f-4998-8fb9-7254779179c5'),(52,41,1,'2015-05-09 01:35:19','2015-05-09 01:35:19','04a3a78b-49f6-42ae-b955-42e49f1ffe45'),(53,42,1,'2015-05-09 01:35:19','2015-05-09 01:35:19','8f187558-f5dd-4f50-947e-a7e55a9203d3'),(54,128,1,'2015-05-09 01:35:19','2015-05-09 01:35:19','9a50d03e-01c5-431a-84e9-2aa9915690e0'),(55,129,1,'2015-05-09 01:35:19','2015-05-09 01:35:19','c5072ffc-b5c2-4846-ba73-3fa1047adca9'),(56,49,1,'2015-05-09 01:35:19','2015-05-09 01:35:19','10fa3a3f-e8d0-4d86-a6e7-f8594a4101e6'),(57,50,1,'2015-05-09 01:35:19','2015-05-09 01:35:19','5be0d98e-e989-4722-acaf-1a994ad83513'),(58,51,1,'2015-05-09 01:35:19','2015-05-09 01:35:19','8633fa9d-3975-40f9-bc24-60f0c0d23264'),(59,130,1,'2015-05-09 01:35:19','2015-05-09 01:35:19','67ca5a87-b009-4eeb-84c1-e95e52698cb0'),(60,131,1,'2015-05-09 01:35:19','2015-05-09 01:35:19','013d3666-7418-4eed-99eb-8b210979d572'),(61,43,1,'2015-05-09 01:35:19','2015-05-09 01:35:19','2311695c-8ade-4fe7-ab0c-f71ca8466b84'),(62,45,1,'2015-05-09 01:35:19','2015-05-09 01:35:19','5def9202-57d8-4045-9de9-db8fd9972f6f'),(63,48,1,'2015-05-09 01:35:19','2015-05-09 01:35:19','72075f79-e69b-43f2-8157-3842d87ac69f'),(64,132,1,'2015-05-09 01:35:19','2015-05-09 01:35:19','4837d6ac-6034-4737-9ae4-c2bbd5211eef'),(65,133,1,'2015-05-09 01:35:19','2015-05-09 01:35:19','7f5876db-8ca3-4a16-95b4-0f0a99935c4d'),(66,52,1,'2015-05-09 01:35:19','2015-05-09 01:35:19','cfd8c2b9-b6e2-4939-8a50-53df8a7ffeb0'),(67,53,1,'2015-05-09 01:35:19','2015-05-09 01:35:19','f12514d3-5970-4d16-90ad-69c339b17d84'),(68,54,1,'2015-05-09 01:35:19','2015-05-09 01:35:19','982fa51f-db5f-4f6e-a0bd-3c26ed49b50f'),(69,55,1,'2015-05-09 01:35:19','2015-05-09 01:35:19','7500b349-4477-41b6-9261-43b774d0b0eb'),(70,56,1,'2015-05-09 01:35:19','2015-05-09 01:35:19','a41efe8d-a03d-45d7-8ba6-8d2ed540ef6a'),(71,134,1,'2015-05-09 01:35:19','2015-05-09 01:35:19','33f2d82d-6742-4222-a985-17e5412214e3'),(72,135,1,'2015-05-09 01:35:19','2015-05-09 01:35:19','930f9c42-039c-4189-a18b-85a3d0b5bc53'),(73,57,1,'2015-05-09 01:35:19','2015-05-09 01:35:19','19579d60-004f-4da3-ba11-3142f78a45c5'),(74,136,1,'2015-05-09 01:35:19','2015-05-09 01:35:19','da356b4a-0104-476f-a9da-9cd307837238'),(75,137,1,'2015-05-09 01:35:19','2015-05-09 01:35:19','7bbd7b7b-0204-4177-b960-5d1704c72a06'),(76,58,1,'2015-05-09 01:35:19','2015-05-09 01:35:19','e87f9a0e-a655-4f46-bc54-89ba69bb1514'),(77,60,1,'2015-05-09 01:35:19','2015-05-09 01:35:19','b120c583-075f-4cb3-8e05-562e568871d5'),(78,63,1,'2015-05-09 01:35:19','2015-05-09 01:35:19','50470a0e-c25a-4da0-8b32-5b752d667253'),(79,138,1,'2015-05-09 01:35:19','2015-05-09 01:35:19','29a50037-27b4-4c2e-aa91-27138eff74e1'),(80,139,1,'2015-05-09 01:35:19','2015-05-09 01:35:19','05f00678-cf02-41c1-a779-bc332b3b0ef2'),(81,140,1,'2015-05-09 01:35:19','2015-05-09 01:35:19','aa8c050f-87d6-412e-b5f7-77d8859e5e9d'),(82,141,1,'2015-05-09 01:35:19','2015-05-09 01:35:19','22c9c7c8-b188-493e-8d2c-537f1390b0d3'),(83,142,1,'2015-05-09 01:35:19','2015-05-09 01:35:19','172d29a9-adc5-4f89-a5d1-0112e775253b'),(84,143,1,'2015-05-09 01:35:19','2015-05-09 01:35:19','637e9865-4506-473b-9dfc-9884e8241398'),(85,144,1,'2015-05-09 01:35:19','2015-05-09 01:35:19','077a553c-821b-4373-8cc1-05a1981c1158'),(86,64,1,'2015-05-09 01:35:19','2015-05-09 01:35:19','9d786c58-d9ad-48d1-a675-5bf610fca3ac'),(87,65,1,'2015-05-09 01:35:19','2015-05-09 01:35:19','95ee93f7-0a6b-43f0-b6e9-eb73f5485674'),(88,66,1,'2015-05-09 01:35:19','2015-05-09 01:35:19','6e484e8d-1730-4794-ae9a-080b18cbf864'),(89,67,1,'2015-05-09 01:35:19','2015-05-09 01:35:19','6856ea3f-4094-403f-854e-da46922674b0'),(90,68,1,'2015-05-09 01:35:19','2015-05-09 01:35:19','78bf5484-759e-412d-8438-b13e2a6fc736'),(91,145,1,'2015-05-09 01:35:19','2015-05-09 01:35:19','5d4220f3-06e6-4c00-a344-c16c9c4c2e70'),(92,146,1,'2015-05-09 01:35:19','2015-05-09 01:35:19','9809698d-7ab2-42e3-b911-81aa1661cc97'),(93,69,1,'2015-05-09 01:35:19','2015-05-09 01:35:19','e35e80f3-b104-4bd9-9c0c-ff8b361463ff'),(94,147,1,'2015-05-09 01:35:19','2015-05-09 01:35:19','5cc664c9-d638-4868-b28b-49d1c33c210e'),(95,148,1,'2015-05-09 01:35:19','2015-05-09 01:35:19','68b866b0-3050-48ef-b3a6-0ae9412febc3'),(96,76,1,'2015-05-09 01:35:19','2015-05-09 01:35:19','9efa6eed-3bea-42ef-8903-fb8ec3e1dffd'),(97,77,1,'2015-05-09 01:35:19','2015-05-09 01:35:19','ab651049-9c5d-4914-9378-59a2974a7cc0'),(98,78,1,'2015-05-09 01:35:19','2015-05-09 01:35:19','92fac9bc-be0f-4c90-bd9d-c0ba4bd74472'),(99,79,1,'2015-05-09 01:35:19','2015-05-09 01:35:19','853bee67-676d-4207-8761-b646c0a2d4de'),(100,80,1,'2015-05-09 01:35:19','2015-05-09 01:35:19','715b11ee-9f14-4c71-b70c-cfaa5c5a475a'),(101,149,1,'2015-05-09 01:35:19','2015-05-09 01:35:19','11df6461-2d0d-4996-848c-825f6c13f188'),(102,150,1,'2015-05-09 01:35:19','2015-05-09 01:35:19','276e1730-11d1-47d5-ac07-04f036c3a14e'),(103,81,1,'2015-05-09 01:35:19','2015-05-09 01:35:19','eccfd9e7-a7b4-4ad3-8e0b-a44c1445c421'),(104,151,1,'2015-05-09 01:35:19','2015-05-09 01:35:19','637cf36d-e630-4a1e-b3eb-038e07924184'),(105,152,1,'2015-05-09 01:35:19','2015-05-09 01:35:19','6019e25c-6191-4003-b9ce-6f86873799ad'),(106,82,1,'2015-05-09 01:35:19','2015-05-09 01:35:19','c569e726-6298-4235-916f-3c22b64124cb'),(107,83,1,'2015-05-09 01:35:19','2015-05-09 01:35:19','02b85eff-8176-4f96-ad0f-fae61883417a'),(108,84,1,'2015-05-09 01:35:19','2015-05-09 01:35:19','a8e986e2-b647-4033-8519-457890eebae5'),(109,85,1,'2015-05-09 01:35:19','2015-05-09 01:35:19','5759314f-d9c7-4b86-9e1b-02a60b8b6798'),(110,86,1,'2015-05-09 01:35:19','2015-05-09 01:35:19','46b1b732-6dea-4f16-ade5-c4c9a7b16cd6'),(111,153,1,'2015-05-09 01:35:19','2015-05-09 01:35:19','6ec487a6-f469-43f0-a6f0-682a60c43ecb'),(112,154,1,'2015-05-09 01:35:19','2015-05-09 01:35:19','dfc9f4c4-4381-4913-a749-06014e15a7ac'),(113,87,1,'2015-05-09 01:35:19','2015-05-09 01:35:19','0466a1ae-6fb4-44a3-a27f-5f90389fe022'),(114,155,1,'2015-05-09 01:35:19','2015-05-09 01:35:19','7151e206-8565-4608-a2fd-d225fc6e9108'),(115,156,1,'2015-05-09 01:35:19','2015-05-09 01:35:19','1f8bd869-106a-420a-8c8b-0327d70ace6f'),(116,157,1,'2015-05-09 01:35:19','2015-05-09 01:35:19','3433d6c9-2830-459c-91b7-1333bf19ed71'),(117,158,1,'2015-05-09 01:35:19','2015-05-09 01:35:19','65d692ed-b460-4190-bdb6-eec8555a1284'),(118,159,1,'2015-05-09 01:35:19','2015-05-09 01:35:19','9f66d08e-a94a-4258-a623-8d69e827c791'),(119,160,1,'2015-05-09 01:35:19','2015-05-09 01:35:19','8dd4a442-bfba-476e-95fe-4a00cb9013e9'),(120,161,1,'2015-05-09 01:35:19','2015-05-09 01:35:19','45b71573-e7b2-4dce-8978-bf02de8c7485'),(121,162,1,'2015-05-09 01:35:19','2015-05-09 01:35:19','a6603925-c55b-4d9a-bb82-abd076a002e6'),(122,163,1,'2015-05-09 01:35:19','2015-05-09 01:35:19','4873e042-c248-4df2-a6ea-8322c18a82b6'),(123,164,1,'2015-05-09 01:35:19','2015-05-09 01:35:19','58948be4-e73c-4cb8-9354-1e36905a926d'),(124,165,1,'2015-05-09 01:35:19','2015-05-09 01:35:19','54fd6195-65c4-4f21-bcfd-3d950f147e35'),(125,166,1,'2015-05-09 01:35:19','2015-05-09 01:35:19','6d2b5487-2ea9-4741-84d9-0ac7d2fb3589'),(126,88,1,'2015-05-09 01:35:19','2015-05-09 01:35:19','940d1e7f-7473-4cc0-8dd9-0d1d4c817687'),(127,90,1,'2015-05-09 01:35:19','2015-05-09 01:35:19','38452396-d364-46bf-9d61-17b1caa62d0d'),(128,93,1,'2015-05-09 01:35:19','2015-05-09 01:35:19','9c3b1ae8-888b-493e-841e-1296d5db1539'),(129,167,1,'2015-05-09 01:35:19','2015-05-09 01:35:19','fc5dac06-8265-4193-b89d-b308128d8422'),(130,168,1,'2015-05-09 01:35:19','2015-05-09 01:35:19','d1932271-c466-45c4-8f8c-77bb5516be18'),(131,94,1,'2015-05-09 01:35:19','2015-05-09 01:35:19','b5a3083b-b52b-4717-ba47-d76c7bf39714'),(132,96,1,'2015-05-09 01:35:19','2015-05-09 01:35:19','e5e19bd8-c690-4b4c-80d4-682f2c8e72f1'),(133,99,1,'2015-05-09 01:35:19','2015-05-09 01:35:19','5b14db8e-6e4a-46c4-a039-47ca43ad8300'),(134,169,1,'2015-05-09 01:35:19','2015-05-09 01:35:19','d4a98e3d-6b78-4901-8b0f-fc975fe46cc8'),(135,170,1,'2015-05-09 01:35:19','2015-05-09 01:35:19','22a25974-002c-4ec4-a7b2-cde4f2b436fe');
/*!40000 ALTER TABLE `craft_userpermissions_usergroups` ENABLE KEYS */;
UNLOCK TABLES;

--
-- Table structure for table `craft_userpermissions_users`
--

DROP TABLE IF EXISTS `craft_userpermissions_users`;
/*!40101 SET @saved_cs_client     = @@character_set_client */;
/*!40101 SET character_set_client = utf8 */;
CREATE TABLE `craft_userpermissions_users` (
  `id` int(11) NOT NULL AUTO_INCREMENT,
  `permissionId` int(11) NOT NULL,
  `userId` int(11) NOT NULL,
  `dateCreated` datetime NOT NULL,
  `dateUpdated` datetime NOT NULL,
  `uid` char(36) COLLATE utf8_unicode_ci NOT NULL DEFAULT '0',
  PRIMARY KEY (`id`),
  UNIQUE KEY `craft_userpermissions_users_permissionId_userId_unq_idx` (`permissionId`,`userId`),
  KEY `craft_userpermissions_users_userId_fk` (`userId`),
  CONSTRAINT `craft_userpermissions_users_permissionId_fk` FOREIGN KEY (`permissionId`) REFERENCES `craft_userpermissions` (`id`) ON DELETE CASCADE,
  CONSTRAINT `craft_userpermissions_users_userId_fk` FOREIGN KEY (`userId`) REFERENCES `craft_users` (`id`) ON DELETE CASCADE
) ENGINE=InnoDB AUTO_INCREMENT=704 DEFAULT CHARSET=utf8 COLLATE=utf8_unicode_ci;
/*!40101 SET character_set_client = @saved_cs_client */;

--
-- Dumping data for table `craft_userpermissions_users`
--

LOCK TABLES `craft_userpermissions_users` WRITE;
/*!40000 ALTER TABLE `craft_userpermissions_users` DISABLE KEYS */;
INSERT INTO `craft_userpermissions_users` VALUES (328,1,123,'2015-03-04 16:37:00','2015-03-04 16:37:00','d1c09251-a924-4bc9-ab3b-205a6eb1fc90'),(329,2,123,'2015-03-04 16:37:00','2015-03-04 16:37:00','45b1fa9c-4d55-436e-ad75-cca6d0cbf093'),(330,3,123,'2015-03-04 16:37:00','2015-03-04 16:37:00','24191db0-322f-4992-ad4b-f9649af0275a'),(331,4,123,'2015-03-04 16:37:00','2015-03-04 16:37:00','50508014-bd9f-4c78-8324-906e252f284a'),(332,5,123,'2015-03-04 16:37:00','2015-03-04 16:37:00','3f4592ce-a9e8-48bd-999f-1da02a041cc6'),(333,6,123,'2015-03-04 16:37:00','2015-03-04 16:37:00','419eb410-9d80-4122-ac1e-cd4bb28daf38'),(334,7,123,'2015-03-04 16:37:00','2015-03-04 16:37:00','e278dd45-5ac2-4b96-a9dc-e324e9e04d37'),(335,10,123,'2015-03-04 16:37:00','2015-03-04 16:37:00','bee15eba-cf8f-4b81-bffb-d9af6ef421b4'),(336,11,123,'2015-03-04 16:37:00','2015-03-04 16:37:00','30238654-a2a1-4d7f-ae41-6614587eb174'),(337,12,123,'2015-03-04 16:37:00','2015-03-04 16:37:00','b60e7147-0235-4977-805a-d0add8744166'),(338,13,123,'2015-03-04 16:37:00','2015-03-04 16:37:00','fce8cf37-cb09-43ac-8d02-853fe631800f'),(339,14,123,'2015-03-04 16:37:00','2015-03-04 16:37:00','c060d4c6-e3ac-4b96-879e-fccb493d62f7'),(340,15,123,'2015-03-04 16:37:00','2015-03-04 16:37:00','36d643d2-f043-479f-893d-b2158f02ed89'),(341,16,123,'2015-03-04 16:37:00','2015-03-04 16:37:00','0d42c6b6-3c93-4bc9-ad2d-2bac523bdbe5'),(342,17,123,'2015-03-04 16:37:00','2015-03-04 16:37:00','be62a11e-d4fb-46d3-91a0-1dc22384772b'),(343,18,123,'2015-03-04 16:37:00','2015-03-04 16:37:00','bf9c5958-2c1c-4dc2-8379-56c1a8f24998'),(344,19,123,'2015-03-04 16:37:00','2015-03-04 16:37:00','9207066b-09a7-443d-9e07-540b7a2423b6'),(345,20,123,'2015-03-04 16:37:00','2015-03-04 16:37:00','479813f0-a0e4-44e6-be9f-f9ae2bf7c49e'),(346,21,123,'2015-03-04 16:37:00','2015-03-04 16:37:00','0bc0aa3f-c00f-4305-bdd7-d5feca985c98'),(347,22,123,'2015-03-04 16:37:00','2015-03-04 16:37:00','1f3bdfaa-d766-409d-af0a-215b74a54f1a'),(348,23,123,'2015-03-04 16:37:00','2015-03-04 16:37:00','d90430f6-bbfc-4203-8777-b9f6a55d22a4'),(349,24,123,'2015-03-04 16:37:00','2015-03-04 16:37:00','f14d4e3f-6dba-42f7-82e7-100796b4a1d2'),(350,25,123,'2015-03-04 16:37:00','2015-03-04 16:37:00','2ffaa089-f58e-4975-8b20-9b716abe576d'),(351,26,123,'2015-03-04 16:37:00','2015-03-04 16:37:00','d7ccce0e-fc76-4dbb-a6f1-77d403fe2489'),(352,27,123,'2015-03-04 16:37:00','2015-03-04 16:37:00','fbe10560-237d-4eff-985b-a36baf248ec1'),(353,28,123,'2015-03-04 16:37:00','2015-03-04 16:37:00','47be18c8-8844-4969-a1a8-9cec6a22bbad'),(354,29,123,'2015-03-04 16:37:00','2015-03-04 16:37:00','f02dd7be-d1d7-42ac-a99b-8a972b142166'),(355,30,123,'2015-03-04 16:37:00','2015-03-04 16:37:00','06a2bd88-bcaf-4292-a158-3e21a48debfe'),(356,31,123,'2015-03-04 16:37:00','2015-03-04 16:37:00','ab305bbc-d283-42a5-b5ea-4b4e9495c203'),(357,32,123,'2015-03-04 16:37:00','2015-03-04 16:37:00','f711aeec-46e7-417d-a494-5ec209539e3b'),(358,33,123,'2015-03-04 16:37:00','2015-03-04 16:37:00','f1815394-7ed1-4405-a896-ae343e5d1166'),(359,34,123,'2015-03-04 16:37:00','2015-03-04 16:37:00','8377c6f2-3b45-4d8b-8ca3-29cdfc84b9f6'),(360,35,123,'2015-03-04 16:37:00','2015-03-04 16:37:00','1fc95f2d-f01c-4644-900e-84ba3046108a'),(361,36,123,'2015-03-04 16:37:00','2015-03-04 16:37:00','0ca6c2ee-9f05-4bb2-b791-931d37819798'),(362,37,123,'2015-03-04 16:37:00','2015-03-04 16:37:00','9723afa3-fa69-4d20-84b2-52556dad595d'),(363,38,123,'2015-03-04 16:37:00','2015-03-04 16:37:00','faaddc1c-482f-48b8-a895-c80a6a799aad'),(364,39,123,'2015-03-04 16:37:00','2015-03-04 16:37:00','c11e7b75-d800-4e26-b02b-551fd4976517'),(365,40,123,'2015-03-04 16:37:00','2015-03-04 16:37:00','c89f1260-d41d-464e-9d21-3f87d7f342ac'),(366,41,123,'2015-03-04 16:37:00','2015-03-04 16:37:00','582f97d9-66a7-4b01-bd5b-71ff536638f3'),(367,42,123,'2015-03-04 16:37:00','2015-03-04 16:37:00','5ac30919-3a41-4090-bf31-04cf33d829b0'),(368,43,123,'2015-03-04 16:37:00','2015-03-04 16:37:00','0f4a3136-6921-452f-9763-10d8adfc08e8'),(369,44,123,'2015-03-04 16:37:00','2015-03-04 16:37:00','15cd3b27-df84-44a7-8634-4887f607ea69'),(370,45,123,'2015-03-04 16:37:00','2015-03-04 16:37:00','5df3764f-a1f5-4873-ba5a-2b6e1c173b69'),(371,46,123,'2015-03-04 16:37:00','2015-03-04 16:37:00','a85efeaf-cb5e-41c0-9b80-a04900068791'),(372,47,123,'2015-03-04 16:37:00','2015-03-04 16:37:00','f1efbaa3-a49c-4980-a29b-c026282f55b2'),(373,48,123,'2015-03-04 16:37:00','2015-03-04 16:37:00','2750fc61-8e58-4662-b645-6e8c54babeea'),(374,49,123,'2015-03-04 16:37:00','2015-03-04 16:37:00','d92212ce-358c-4e34-b03a-bcd52b9b605e'),(375,50,123,'2015-03-04 16:37:00','2015-03-04 16:37:00','cadf20a6-20c3-4e02-9fb2-7f5d2b7ddafa'),(376,51,123,'2015-03-04 16:37:00','2015-03-04 16:37:00','b524b3b5-88ca-4ed6-b6ba-5e2b4f031244'),(377,52,123,'2015-03-04 16:37:00','2015-03-04 16:37:00','8dd40e00-b69d-4dc3-94aa-ac0b066b5783'),(378,53,123,'2015-03-04 16:37:00','2015-03-04 16:37:00','234731c1-7694-4c27-8d78-ebd06b2020b0'),(379,54,123,'2015-03-04 16:37:00','2015-03-04 16:37:00','f60c0d16-fea1-4029-9b42-7901abd7ad97'),(380,55,123,'2015-03-04 16:37:00','2015-03-04 16:37:00','795d0c9a-75c9-45f2-a2df-c102898d9ac6'),(381,56,123,'2015-03-04 16:37:00','2015-03-04 16:37:00','5939d463-001c-4598-88bc-9acdf16bfd22'),(382,57,123,'2015-03-04 16:37:00','2015-03-04 16:37:00','f3787915-bf1a-4bf6-a2f6-2af71a55490f'),(383,58,123,'2015-03-04 16:37:00','2015-03-04 16:37:00','a6baaeaf-2f57-421d-be9f-9c00947b3c6a'),(384,59,123,'2015-03-04 16:37:00','2015-03-04 16:37:00','d2527919-98a2-40f8-97de-53910813aabb'),(385,60,123,'2015-03-04 16:37:00','2015-03-04 16:37:00','6380c0b6-e8da-4198-a4b0-941a9094cbe3'),(386,61,123,'2015-03-04 16:37:00','2015-03-04 16:37:00','3a5325f0-e4ef-4f8b-8701-ce612e693edf'),(387,62,123,'2015-03-04 16:37:00','2015-03-04 16:37:00','667f3dbe-16aa-41e5-94a1-ce37d9b84409'),(388,63,123,'2015-03-04 16:37:00','2015-03-04 16:37:00','69e71266-3b1b-4148-9c81-a6ee1d265ee2'),(389,64,123,'2015-03-04 16:37:00','2015-03-04 16:37:00','159ebbab-5ca4-4067-bc9c-03787f324d29'),(390,65,123,'2015-03-04 16:37:00','2015-03-04 16:37:00','3087676a-1da7-4c00-9f7d-e48956831ce2'),(391,66,123,'2015-03-04 16:37:00','2015-03-04 16:37:00','b11b51ea-b4ba-4cac-b442-260149dde2bb'),(392,67,123,'2015-03-04 16:37:00','2015-03-04 16:37:00','2cc962fe-1640-45e1-aefd-b2da9c1b454f'),(393,68,123,'2015-03-04 16:37:00','2015-03-04 16:37:00','e381390a-a1aa-4db7-9c55-7fd2f478f921'),(394,69,123,'2015-03-04 16:37:00','2015-03-04 16:37:00','8b644630-195a-4f1c-9f53-b420495554a3'),(395,70,123,'2015-03-04 16:37:00','2015-03-04 16:37:00','cfed32ad-3f89-446d-9a51-031743b45ec1'),(396,71,123,'2015-03-04 16:37:00','2015-03-04 16:37:00','433794fb-d211-4a06-9785-b2d0322a9bb7'),(397,72,123,'2015-03-04 16:37:00','2015-03-04 16:37:00','d115cbce-4a0b-43ca-96c2-9694620fc44a'),(398,73,123,'2015-03-04 16:37:00','2015-03-04 16:37:00','60d5d6a0-e05b-4673-ae5d-9fbd594dbece'),(399,74,123,'2015-03-04 16:37:00','2015-03-04 16:37:00','f5671bb4-0fcd-4547-aba9-513210149f54'),(400,75,123,'2015-03-04 16:37:00','2015-03-04 16:37:00','023625b5-5342-4d0e-9f56-1be8bdc5b3a9'),(401,76,123,'2015-03-04 16:37:00','2015-03-04 16:37:00','e801a918-c54b-4370-b3b8-78905f0b7752'),(402,77,123,'2015-03-04 16:37:00','2015-03-04 16:37:00','0e57d7f6-93aa-4ee3-9a3d-7bd5f74b6bbb'),(403,78,123,'2015-03-04 16:37:00','2015-03-04 16:37:00','9843ad52-f0d5-4431-8d75-55d534e35934'),(404,79,123,'2015-03-04 16:37:00','2015-03-04 16:37:00','86987b04-1977-4fc6-80f2-c008dd47af7b'),(405,80,123,'2015-03-04 16:37:00','2015-03-04 16:37:00','5281e1db-00f7-4f06-9802-077e10f51e6a'),(406,81,123,'2015-03-04 16:37:00','2015-03-04 16:37:00','8fc58e09-02ce-4444-b8cf-379d066ca9be'),(407,82,123,'2015-03-04 16:37:00','2015-03-04 16:37:00','3114dfe6-9295-4d4c-b8e9-da22d284106f'),(408,83,123,'2015-03-04 16:37:00','2015-03-04 16:37:00','576c2e62-1a79-4567-956e-75cf04cccd14'),(409,84,123,'2015-03-04 16:37:00','2015-03-04 16:37:00','ed7dd4e6-145a-4462-8fae-a19715948eaf'),(410,85,123,'2015-03-04 16:37:00','2015-03-04 16:37:00','13956bc3-8b9d-455e-a143-7e4e138af7f8'),(411,86,123,'2015-03-04 16:37:00','2015-03-04 16:37:00','3be5e909-bfac-42c1-8540-b12b987cda05'),(412,87,123,'2015-03-04 16:37:00','2015-03-04 16:37:00','5114f33f-2d2c-4fd1-b25f-59ff552c28b7'),(413,88,123,'2015-03-04 16:37:00','2015-03-04 16:37:00','9022f562-d1e2-4e04-bcb0-94f4044638c0'),(414,89,123,'2015-03-04 16:37:00','2015-03-04 16:37:00','b37198d4-26b2-499e-8747-6dd85ac3a22b'),(415,90,123,'2015-03-04 16:37:00','2015-03-04 16:37:00','87bf748b-1c08-45f0-9f3f-d5414eee095e'),(416,91,123,'2015-03-04 16:37:00','2015-03-04 16:37:00','dedf4be1-7e50-4bb0-850c-18261549b88e'),(417,92,123,'2015-03-04 16:37:00','2015-03-04 16:37:00','5b890141-de59-473f-8ad9-82b501ae3627'),(418,93,123,'2015-03-04 16:37:00','2015-03-04 16:37:00','a802a824-9688-4a63-a98e-15f89362ff79'),(419,94,123,'2015-03-04 16:37:00','2015-03-04 16:37:00','95ec054e-8de1-4717-a623-da76ead1e0c1'),(420,95,123,'2015-03-04 16:37:00','2015-03-04 16:37:00','cce2b6a4-bb94-47f5-b87d-07b0a2352ded'),(421,96,123,'2015-03-04 16:37:00','2015-03-04 16:37:00','b856bf17-8cb4-42ac-85d1-9a18803e75cd'),(422,97,123,'2015-03-04 16:37:00','2015-03-04 16:37:00','0e2cb5eb-5c2e-4375-9667-8e8195983b47'),(423,98,123,'2015-03-04 16:37:00','2015-03-04 16:37:00','e63ced16-9dac-47b9-a465-f1d807b2466c'),(424,99,123,'2015-03-04 16:37:00','2015-03-04 16:37:00','325ece47-d493-4b76-bb9b-fa156e606604'),(425,100,123,'2015-03-04 16:37:00','2015-03-04 16:37:00','0c76f55d-5209-415d-ae2a-004b9c58235c'),(426,101,123,'2015-03-04 16:37:00','2015-03-04 16:37:00','cd9f7822-2a96-4b45-aac0-18a98ea7cb71'),(427,102,123,'2015-03-04 16:37:00','2015-03-04 16:37:00','789a5183-cdbc-4ae5-8068-2e40ea79ac5d'),(428,103,123,'2015-03-04 16:37:00','2015-03-04 16:37:00','a13b3731-e1c1-43e3-9ea7-be8b63097861'),(429,105,123,'2015-03-04 16:37:00','2015-03-04 16:37:00','e2975533-576c-44ab-bcaa-d5c95eeffda7'),(430,106,123,'2015-03-04 16:37:00','2015-03-04 16:37:00','7690688d-3441-4df9-8644-5e2e75c1d6c4'),(431,107,123,'2015-03-04 16:37:00','2015-03-04 16:37:00','f16be58e-813e-4cf4-8eeb-e784ad02a291'),(432,108,123,'2015-03-04 16:37:00','2015-03-04 16:37:00','11e25a4b-e57f-4338-885f-2e0d682b2159'),(433,109,123,'2015-03-04 16:37:00','2015-03-04 16:37:00','97945804-c9cd-40f5-824d-58e6ff8a9a85'),(569,1,281,'2015-05-09 01:35:42','2015-05-09 01:35:42','e1e600d7-4c07-4214-b69f-c1cdd81c0363'),(570,2,281,'2015-05-09 01:35:42','2015-05-09 01:35:42','85b7b0ca-1da8-4516-bac9-7ef7ad7f6572'),(571,4,281,'2015-05-09 01:35:42','2015-05-09 01:35:42','6ff18673-bacc-4ddb-92e6-5c9440fcbaed'),(572,110,281,'2015-05-09 01:35:42','2015-05-09 01:35:42','e822756d-3c06-4e21-bdec-024d4ee52668'),(573,111,281,'2015-05-09 01:35:42','2015-05-09 01:35:42','8861625b-6490-46db-b5ff-90b08690796e'),(574,5,281,'2015-05-09 01:35:42','2015-05-09 01:35:42','5b851c1d-f8ed-45f2-a0d3-60372a3a43c8'),(575,6,281,'2015-05-09 01:35:42','2015-05-09 01:35:42','c6fe5144-5fa4-4b3a-a2e4-4940925f0580'),(576,7,281,'2015-05-09 01:35:42','2015-05-09 01:35:42','fbfe154b-2aac-4012-9c34-5aae214a8a49'),(577,8,281,'2015-05-09 01:35:42','2015-05-09 01:35:42','efe789d8-de80-407c-b64f-146162031438'),(578,9,281,'2015-05-09 01:35:42','2015-05-09 01:35:42','8b0feaac-fdb7-44e4-810c-c1911d12e8e8'),(579,10,281,'2015-05-09 01:35:42','2015-05-09 01:35:42','4b608d7c-65ec-405b-a882-1d7fc97e8a30'),(580,11,281,'2015-05-09 01:35:42','2015-05-09 01:35:42','754e1af9-808c-4692-92a2-bb80fdad8298'),(581,12,281,'2015-05-09 01:35:42','2015-05-09 01:35:42','83df38d2-157f-4f69-9975-950240767957'),(582,13,281,'2015-05-09 01:35:42','2015-05-09 01:35:42','0a56abb3-6e65-4f45-b1b5-f961e88aea60'),(583,14,281,'2015-05-09 01:35:42','2015-05-09 01:35:42','7968bde1-928b-448e-9ef0-c64275d3da3e'),(584,112,281,'2015-05-09 01:35:42','2015-05-09 01:35:42','ce1c37a6-86ce-4ef7-9bf5-79d743a14337'),(585,113,281,'2015-05-09 01:35:42','2015-05-09 01:35:42','efdbed30-7f6f-40f8-8a38-cfffb536034d'),(586,15,281,'2015-05-09 01:35:42','2015-05-09 01:35:42','b3a4a25c-f747-4a70-990d-67876746e016'),(587,114,281,'2015-05-09 01:35:42','2015-05-09 01:35:42','7f5f4508-8d13-450d-94c0-f88b6d6e0bd9'),(588,115,281,'2015-05-09 01:35:42','2015-05-09 01:35:42','81516b78-ad5d-4f80-ad7e-4f6fadd25b17'),(589,16,281,'2015-05-09 01:35:42','2015-05-09 01:35:42','24f424c9-92f3-4cfd-876b-acfd2c7de69a'),(590,17,281,'2015-05-09 01:35:42','2015-05-09 01:35:42','96285db9-d019-4f9d-b71e-ba2844a23341'),(591,18,281,'2015-05-09 01:35:42','2015-05-09 01:35:42','882b16ae-c747-4d26-92f8-ae47057022aa'),(592,19,281,'2015-05-09 01:35:42','2015-05-09 01:35:42','63a63505-aec5-43d2-af26-1eb8378b2083'),(593,20,281,'2015-05-09 01:35:42','2015-05-09 01:35:42','297a6b1d-e45a-45f9-b30e-0ea45f33d55b'),(594,116,281,'2015-05-09 01:35:42','2015-05-09 01:35:42','3f6fdab5-3f06-4887-a1bc-5923288037ce'),(595,117,281,'2015-05-09 01:35:42','2015-05-09 01:35:42','51187711-08a1-487e-b2ec-8b092ffbeed6'),(596,21,281,'2015-05-09 01:35:42','2015-05-09 01:35:42','cb16493b-be35-4fd4-8f56-e05d7de920e5'),(597,118,281,'2015-05-09 01:35:42','2015-05-09 01:35:42','47100324-0a68-4561-af48-3d85d7aaaa8c'),(598,119,281,'2015-05-09 01:35:42','2015-05-09 01:35:42','1bf13bc7-a107-44f2-8ec7-0b4c4306a09e'),(599,22,281,'2015-05-09 01:35:42','2015-05-09 01:35:42','afadb556-a95d-463a-aa7c-c1b2e87dc84a'),(600,23,281,'2015-05-09 01:35:42','2015-05-09 01:35:42','733d5585-94a6-4d00-a9c1-4a3e401277c0'),(601,24,281,'2015-05-09 01:35:42','2015-05-09 01:35:42','b54e1f4f-8d33-46e8-aa57-e774b108c6fe'),(602,25,281,'2015-05-09 01:35:42','2015-05-09 01:35:42','9d24c8ee-9f26-44e6-b07f-687ade1d6f4c'),(603,26,281,'2015-05-09 01:35:42','2015-05-09 01:35:42','fe35f10b-3b24-4908-af10-da16bf3baaeb'),(604,120,281,'2015-05-09 01:35:42','2015-05-09 01:35:42','a81263e9-5fca-4fb3-aa83-21a0b007dbc5'),(605,121,281,'2015-05-09 01:35:42','2015-05-09 01:35:42','8f1589ce-9d7f-493f-a9ea-65ca8b29f3b1'),(606,27,281,'2015-05-09 01:35:42','2015-05-09 01:35:42','7a5a379c-6528-4134-b146-2f175554d05d'),(607,122,281,'2015-05-09 01:35:42','2015-05-09 01:35:42','1f51be41-25a9-42c7-a585-b53c648bce4d'),(608,123,281,'2015-05-09 01:35:42','2015-05-09 01:35:42','fc2b9e92-763f-47a0-8b57-c090ac115cf3'),(609,28,281,'2015-05-09 01:35:42','2015-05-09 01:35:42','77fd5e17-dc25-4d6a-987c-d62cdcc0bf61'),(610,30,281,'2015-05-09 01:35:42','2015-05-09 01:35:42','e3aa58fe-803f-4828-9591-37d359147403'),(611,33,281,'2015-05-09 01:35:42','2015-05-09 01:35:42','8268c535-3d9d-4acd-b5c3-bd870aba7dd4'),(612,124,281,'2015-05-09 01:35:42','2015-05-09 01:35:42','de4aea4c-8d6e-41dd-a236-37849c2edf7b'),(613,125,281,'2015-05-09 01:35:42','2015-05-09 01:35:42','c46ecca9-1ddd-44fb-a656-0f1e09c8e6b7'),(614,34,281,'2015-05-09 01:35:42','2015-05-09 01:35:42','28217e67-3a7c-4048-85ea-f2a0ac156976'),(615,36,281,'2015-05-09 01:35:42','2015-05-09 01:35:42','b4c26388-084d-4bb4-83e0-463adc64cb3c'),(616,39,281,'2015-05-09 01:35:42','2015-05-09 01:35:42','33c0bcc9-0c9f-44e7-b74e-3d3f5bddc202'),(617,126,281,'2015-05-09 01:35:42','2015-05-09 01:35:42','dbd7e406-eb7a-4d97-b754-042d67ed8a75'),(618,127,281,'2015-05-09 01:35:42','2015-05-09 01:35:42','7c5d75c1-3439-4c93-b000-3c6adc074531'),(619,40,281,'2015-05-09 01:35:42','2015-05-09 01:35:42','36245cdf-a890-467d-8d29-6d7ca10127c3'),(620,41,281,'2015-05-09 01:35:42','2015-05-09 01:35:42','18bcdd4e-6e6f-4bfb-8d7f-3ff3f0ee00b6'),(621,42,281,'2015-05-09 01:35:42','2015-05-09 01:35:42','2b2df5e4-ec16-4cf3-9403-315d260198a3'),(622,128,281,'2015-05-09 01:35:42','2015-05-09 01:35:42','974869cb-083e-42b7-8889-23c19c36efb1'),(623,129,281,'2015-05-09 01:35:42','2015-05-09 01:35:42','9ed69f47-f380-4531-aa6d-98ce37712c28'),(624,49,281,'2015-05-09 01:35:42','2015-05-09 01:35:42','476bbcff-27e3-4af0-8732-e6453ea208aa'),(625,50,281,'2015-05-09 01:35:42','2015-05-09 01:35:42','2a217246-b0e9-4d20-ba73-6195f34e0ed9'),(626,51,281,'2015-05-09 01:35:42','2015-05-09 01:35:42','95853771-dbf3-49e9-b02c-28ae36537ab9'),(627,130,281,'2015-05-09 01:35:42','2015-05-09 01:35:42','fc250322-9f85-465e-85d4-065cc7ce1561'),(628,131,281,'2015-05-09 01:35:42','2015-05-09 01:35:42','e7b7fe83-4264-41ef-8bb6-0d718fe9e157'),(629,43,281,'2015-05-09 01:35:42','2015-05-09 01:35:42','8b155668-7767-4367-b888-e26226eca28a'),(630,45,281,'2015-05-09 01:35:42','2015-05-09 01:35:42','d5a41b50-8eaf-4966-92f5-fbddd8dd6468'),(631,48,281,'2015-05-09 01:35:42','2015-05-09 01:35:42','1cb38936-fa9f-4ce4-b2e7-cc3d92d62b85'),(632,132,281,'2015-05-09 01:35:42','2015-05-09 01:35:42','4a58d3e3-16f9-4f5e-a96e-dfb8ac4ef842'),(633,133,281,'2015-05-09 01:35:42','2015-05-09 01:35:42','3682ba7d-e2f0-4567-b582-80102ea42d7a'),(634,52,281,'2015-05-09 01:35:42','2015-05-09 01:35:42','b8469d01-9a7b-4223-a458-b06f5a51e3cd'),(635,53,281,'2015-05-09 01:35:42','2015-05-09 01:35:42','ed1828c0-423b-43d1-b799-94791f08aede'),(636,54,281,'2015-05-09 01:35:42','2015-05-09 01:35:42','8def21cc-926c-4d58-96fd-aeab05fc1a3b'),(637,55,281,'2015-05-09 01:35:42','2015-05-09 01:35:42','8052bfe6-91d9-4f17-ba88-5319fe6ce3ca'),(638,56,281,'2015-05-09 01:35:42','2015-05-09 01:35:42','ed4f4faa-1143-4c78-bf59-9c3f2ec73de9'),(639,134,281,'2015-05-09 01:35:42','2015-05-09 01:35:42','2aa3a122-34b1-45de-8d72-72bbf41d1c0d'),(640,135,281,'2015-05-09 01:35:42','2015-05-09 01:35:42','e6b7562e-9344-4e2a-a48c-12a7b7471936'),(641,57,281,'2015-05-09 01:35:42','2015-05-09 01:35:42','196dfbe0-1e5a-42f9-9199-5c21163d6cf8'),(642,136,281,'2015-05-09 01:35:42','2015-05-09 01:35:42','5dd0b369-7971-41f2-9e93-34cd8f330d4d'),(643,137,281,'2015-05-09 01:35:42','2015-05-09 01:35:42','86db9e67-11f4-48eb-a259-f0743896fc64'),(644,58,281,'2015-05-09 01:35:42','2015-05-09 01:35:42','75474676-60bd-4410-8614-723ade175c79'),(645,60,281,'2015-05-09 01:35:42','2015-05-09 01:35:42','8d5621d1-19b9-4dda-9118-ac0bde3d3676'),(646,63,281,'2015-05-09 01:35:42','2015-05-09 01:35:42','c6b747af-3459-40c3-b898-b326f96b1855'),(647,138,281,'2015-05-09 01:35:42','2015-05-09 01:35:42','87b49ed9-b3c9-46d7-a12b-bb5965b76b98'),(648,139,281,'2015-05-09 01:35:42','2015-05-09 01:35:42','c102afe9-f36e-42ad-b224-678a81f045cc'),(649,140,281,'2015-05-09 01:35:42','2015-05-09 01:35:42','f3de15c9-7c77-4f9d-97e7-1f47ff125021'),(650,141,281,'2015-05-09 01:35:42','2015-05-09 01:35:42','468f2f54-15f9-4a6c-859f-d95aadc8a21a'),(651,142,281,'2015-05-09 01:35:42','2015-05-09 01:35:42','5fa2cffe-13f1-405b-b525-56ce3eebb51e'),(652,143,281,'2015-05-09 01:35:42','2015-05-09 01:35:42','2895f9b6-2fdc-4a13-9503-a9b7dc14a1cd'),(653,144,281,'2015-05-09 01:35:42','2015-05-09 01:35:42','4e883018-9a43-45f3-8456-627b472e0e34'),(654,64,281,'2015-05-09 01:35:42','2015-05-09 01:35:42','f888e67d-0c5b-4164-adf9-6db63476b898'),(655,65,281,'2015-05-09 01:35:42','2015-05-09 01:35:42','540c61d8-f182-4375-8476-38129eca4995'),(656,66,281,'2015-05-09 01:35:42','2015-05-09 01:35:42','41b1e8ac-9730-4562-9d40-81352e30fe81'),(657,67,281,'2015-05-09 01:35:42','2015-05-09 01:35:42','3ee7c410-aace-4653-be0f-7c23af9fd78d'),(658,68,281,'2015-05-09 01:35:42','2015-05-09 01:35:42','5a866868-7cb5-4724-a383-5d1b3a912d88'),(659,145,281,'2015-05-09 01:35:42','2015-05-09 01:35:42','71c225cb-bbbd-4c24-9f35-7e532dc065da'),(660,146,281,'2015-05-09 01:35:42','2015-05-09 01:35:42','e1108093-d0c1-492d-9b4c-d57f26f4c30d'),(661,69,281,'2015-05-09 01:35:42','2015-05-09 01:35:42','cae4df6d-4317-4317-be0e-bb0c97b79157'),(662,147,281,'2015-05-09 01:35:42','2015-05-09 01:35:42','630e3fd7-2006-4d8f-9aee-7dba647c2a20'),(663,148,281,'2015-05-09 01:35:42','2015-05-09 01:35:42','8f116430-57dc-4b3f-a089-62a7c883297f'),(664,76,281,'2015-05-09 01:35:42','2015-05-09 01:35:42','fbf661e8-5648-45f4-af1a-cb8c89fc66d9'),(665,77,281,'2015-05-09 01:35:42','2015-05-09 01:35:42','edc76837-d4e9-4f00-952c-f45399ec43d0'),(666,78,281,'2015-05-09 01:35:42','2015-05-09 01:35:42','95438a96-65c8-4c9c-8ec5-817cd166700e'),(667,79,281,'2015-05-09 01:35:42','2015-05-09 01:35:42','e4589e0f-6bb3-4673-97ba-8f090bdd0693'),(668,80,281,'2015-05-09 01:35:42','2015-05-09 01:35:42','408453d9-6d92-4827-8c05-7edbb764ce74'),(669,149,281,'2015-05-09 01:35:42','2015-05-09 01:35:42','901f5f93-60cf-4324-907a-06b9fcfcf383'),(670,150,281,'2015-05-09 01:35:42','2015-05-09 01:35:42','f16a1553-24b1-4b71-93da-7a0bee7ad26a'),(671,81,281,'2015-05-09 01:35:42','2015-05-09 01:35:42','49f29a26-e8ff-4a91-ad43-c0215a5bb0b9'),(672,151,281,'2015-05-09 01:35:42','2015-05-09 01:35:42','97875346-b0bc-4bf8-9f61-81fc38f72c3e'),(673,152,281,'2015-05-09 01:35:42','2015-05-09 01:35:42','e1781d71-e9c5-4d1b-b60f-bd53d7dbf86b'),(674,82,281,'2015-05-09 01:35:42','2015-05-09 01:35:42','71d82867-3246-4614-a822-9bf2264d3888'),(675,83,281,'2015-05-09 01:35:42','2015-05-09 01:35:42','e529b0df-0b4a-4322-9427-637e5e353462'),(676,84,281,'2015-05-09 01:35:42','2015-05-09 01:35:42','132e0520-6027-4114-8f05-7ec3004ff19d'),(677,85,281,'2015-05-09 01:35:42','2015-05-09 01:35:42','4b816ed4-6fc9-4c79-abc9-7f44cfe1c10e'),(678,86,281,'2015-05-09 01:35:42','2015-05-09 01:35:42','4d55618d-c5d1-4ae3-bc1b-66093bb55c0d'),(679,153,281,'2015-05-09 01:35:42','2015-05-09 01:35:42','2454887a-2663-40ee-93b3-35990246360f'),(680,154,281,'2015-05-09 01:35:42','2015-05-09 01:35:42','4d748216-3928-43ec-87bd-65d6447ac181'),(681,87,281,'2015-05-09 01:35:42','2015-05-09 01:35:42','eb28e679-f023-4144-99d3-efd56a41dab6'),(682,155,281,'2015-05-09 01:35:42','2015-05-09 01:35:42','8c1a05b2-7d38-45e1-8f3f-fe72eee8195e'),(683,156,281,'2015-05-09 01:35:42','2015-05-09 01:35:42','af1d857a-f03a-4b4a-a6e4-bf7d9fb2c3e4'),(684,157,281,'2015-05-09 01:35:42','2015-05-09 01:35:42','edf7dc62-c4fc-4ff6-a54e-0f4725386c05'),(685,158,281,'2015-05-09 01:35:42','2015-05-09 01:35:42','6214484b-0958-4783-8f64-e84868451ac9'),(686,159,281,'2015-05-09 01:35:42','2015-05-09 01:35:42','eb6dd705-15c8-409c-a11a-1ddf2b08613f'),(687,160,281,'2015-05-09 01:35:42','2015-05-09 01:35:42','a4b6b8df-1852-4404-b4a7-6f59474c6298'),(688,161,281,'2015-05-09 01:35:42','2015-05-09 01:35:42','146f0877-3fc8-46cc-a679-5f132a9752ac'),(689,162,281,'2015-05-09 01:35:42','2015-05-09 01:35:42','cc3777ec-d6a8-48b0-ad44-2e5e3848557a'),(690,163,281,'2015-05-09 01:35:42','2015-05-09 01:35:42','c22e27b8-3f2a-4683-b091-4854bec34bf3'),(691,164,281,'2015-05-09 01:35:42','2015-05-09 01:35:42','da97292a-a011-4bd0-a5e4-07c45636b33d'),(692,165,281,'2015-05-09 01:35:42','2015-05-09 01:35:42','713f31b6-c01d-491b-94bb-f5e998a168d2'),(693,166,281,'2015-05-09 01:35:42','2015-05-09 01:35:42','3ca75a28-1389-45f6-a282-93061d0ce384'),(694,88,281,'2015-05-09 01:35:42','2015-05-09 01:35:42','997b3cee-2a26-4219-8a4e-e72209984727'),(695,90,281,'2015-05-09 01:35:42','2015-05-09 01:35:42','82f64a46-dea4-4a03-acc5-492cf26fb39a'),(696,93,281,'2015-05-09 01:35:42','2015-05-09 01:35:42','74b4c1a9-2d10-4ce7-a4e1-d7cd6c1def36'),(697,167,281,'2015-05-09 01:35:42','2015-05-09 01:35:42','49a08275-79e9-42bc-8ab4-272541e1480b'),(698,168,281,'2015-05-09 01:35:42','2015-05-09 01:35:42','2c6b118e-96a2-4fab-8cfd-7f21391829b6'),(699,94,281,'2015-05-09 01:35:42','2015-05-09 01:35:42','d9655483-8b68-475c-ac59-932052f28f79'),(700,96,281,'2015-05-09 01:35:42','2015-05-09 01:35:42','a13ace9c-6f2c-487b-bb70-2996f28b9bbc'),(701,99,281,'2015-05-09 01:35:42','2015-05-09 01:35:42','3ae07543-aded-4468-8425-f03ac2c26338'),(702,169,281,'2015-05-09 01:35:42','2015-05-09 01:35:42','717459a0-688c-4663-90f2-bf363bec40e8'),(703,170,281,'2015-05-09 01:35:42','2015-05-09 01:35:42','1d7cb7d2-9ccb-42b7-93e3-ee3b81d21644');
/*!40000 ALTER TABLE `craft_userpermissions_users` ENABLE KEYS */;
UNLOCK TABLES;

--
-- Table structure for table `craft_users`
--

DROP TABLE IF EXISTS `craft_users`;
/*!40101 SET @saved_cs_client     = @@character_set_client */;
/*!40101 SET character_set_client = utf8 */;
CREATE TABLE `craft_users` (
  `id` int(11) NOT NULL,
  `username` varchar(100) COLLATE utf8_unicode_ci NOT NULL,
  `photo` varchar(50) COLLATE utf8_unicode_ci DEFAULT NULL,
  `firstName` varchar(100) COLLATE utf8_unicode_ci DEFAULT NULL,
  `lastName` varchar(100) COLLATE utf8_unicode_ci DEFAULT NULL,
  `email` varchar(255) COLLATE utf8_unicode_ci NOT NULL,
  `password` char(255) COLLATE utf8_unicode_ci DEFAULT NULL,
  `preferredLocale` char(12) COLLATE utf8_unicode_ci DEFAULT NULL,
  `weekStartDay` tinyint(1) unsigned NOT NULL DEFAULT '0',
  `admin` tinyint(1) unsigned NOT NULL DEFAULT '0',
  `client` tinyint(1) unsigned NOT NULL DEFAULT '0',
  `locked` tinyint(1) unsigned NOT NULL DEFAULT '0',
  `suspended` tinyint(1) unsigned NOT NULL DEFAULT '0',
  `pending` tinyint(1) unsigned NOT NULL DEFAULT '0',
  `archived` tinyint(1) unsigned NOT NULL DEFAULT '0',
  `lastLoginDate` datetime DEFAULT NULL,
  `lastLoginAttemptIPAddress` varchar(45) COLLATE utf8_unicode_ci DEFAULT NULL,
  `invalidLoginWindowStart` datetime DEFAULT NULL,
  `invalidLoginCount` tinyint(4) unsigned DEFAULT NULL,
  `lastInvalidLoginDate` datetime DEFAULT NULL,
  `lockoutDate` datetime DEFAULT NULL,
  `verificationCode` char(100) COLLATE utf8_unicode_ci DEFAULT NULL,
  `verificationCodeIssuedDate` datetime DEFAULT NULL,
  `unverifiedEmail` varchar(255) COLLATE utf8_unicode_ci DEFAULT NULL,
  `passwordResetRequired` tinyint(1) unsigned NOT NULL DEFAULT '0',
  `lastPasswordChangeDate` datetime DEFAULT NULL,
  `dateCreated` datetime NOT NULL,
  `dateUpdated` datetime NOT NULL,
  `uid` char(36) COLLATE utf8_unicode_ci NOT NULL DEFAULT '0',
  PRIMARY KEY (`id`),
  UNIQUE KEY `craft_users_username_unq_idx` (`username`),
  UNIQUE KEY `craft_users_email_unq_idx` (`email`),
  KEY `craft_users_verificationCode_idx` (`verificationCode`),
  KEY `craft_users_uid_idx` (`uid`),
  KEY `craft_users_preferredLocale_fk` (`preferredLocale`),
  CONSTRAINT `craft_users_id_fk` FOREIGN KEY (`id`) REFERENCES `craft_elements` (`id`) ON DELETE CASCADE,
  CONSTRAINT `craft_users_preferredLocale_fk` FOREIGN KEY (`preferredLocale`) REFERENCES `craft_locales` (`locale`) ON DELETE SET NULL ON UPDATE CASCADE
) ENGINE=InnoDB DEFAULT CHARSET=utf8 COLLATE=utf8_unicode_ci;
/*!40101 SET character_set_client = @saved_cs_client */;

--
-- Dumping data for table `craft_users`
--

LOCK TABLES `craft_users` WRITE;
/*!40000 ALTER TABLE `craft_users` DISABLE KEYS */;
INSERT INTO `craft_users` VALUES (1,'thegatheringplaceadmin',NULL,NULL,NULL,'branden@d-i.co','$2a$13$McoCQ2XFZ1EMRrEH5RljwOlQY4G24BnOc0bWzAZAl5xjzyHbmGeqS',NULL,0,1,0,0,0,0,0,'2015-06-08 14:57:12','107.143.104.66',NULL,NULL,NULL,NULL,NULL,NULL,NULL,0,'2015-01-25 16:17:43','2015-01-25 16:17:43','2015-06-08 14:57:12','3838043b-f60e-43fb-a66b-e266068bef6c'),(4,'jvanwyhe',NULL,'Julie','VanWyhe','julie@d-i.co','$2a$13$PILcTbsZvLySWjHdrAATYuUNaUwVnIY8D2sF0giTYNa0pyaBprqMm',NULL,0,1,0,0,0,0,0,'2015-06-05 21:57:38','50.53.241.243',NULL,NULL,'2015-04-02 17:04:17',NULL,NULL,NULL,NULL,0,'2015-02-18 16:34:00','2015-01-26 15:32:46','2015-06-05 21:57:38','9e104e75-5ea1-45ba-8b46-349cf9707be4'),(5,'tproctor',NULL,'Tim','Proctor','timandcamiproctor@gmail.com','$2a$13$2hxv2Imkj82Sn1vppsN7P.HW8pDO1d2bWBe6tEYPYFz3KB7vbmLwm',NULL,0,1,0,0,0,0,0,'2015-02-20 18:35:10','74.93.226.26',NULL,NULL,NULL,NULL,NULL,NULL,NULL,0,'2015-01-26 15:35:43','2015-01-26 15:33:30','2015-02-20 18:35:10','fbf2ad3c-1ee1-468a-ae71-00d252286032'),(30,'joshwalsh',NULL,'Josh','Walsh','josh@d-i.co','$2a$13$KXS84eaKC4qUdHDIoV.wOO1a8mRZWF3j/782WFiGt74L/DakoQMr2',NULL,0,1,0,0,0,0,0,'2015-02-26 15:35:59','24.56.81.22',NULL,NULL,NULL,NULL,NULL,NULL,NULL,0,'2015-02-18 16:34:27','2015-02-18 16:33:00','2015-02-26 15:35:59','fe673b07-3362-4030-afd3-27a2bee712de'),(96,'dlimburg',NULL,'Dale','Limburg','dale@d-i.co','$2a$13$p8Oas0fbPVX8SFeflEczBOrYNy3PoDve.Knl7ZeZ75VGNBOnV.ZXa',NULL,0,1,0,0,0,0,0,'2015-02-23 15:31:33','73.3.249.53',NULL,NULL,NULL,NULL,NULL,NULL,NULL,0,'2015-02-23 15:31:26','2015-02-23 15:29:51','2015-02-23 15:31:33','92623db3-d52e-405d-bf0a-e95e8679f5b1'),(123,'jeremywalsh',NULL,'Jeremy','Walsh','jewalsh@designinginteractive.com','$2a$13$L1TBgLuNIcPP9xkS03HYTuJmSD6G/EMjlisVCeUb1S6GuV8npZjQG',NULL,0,0,0,0,0,0,0,'2015-03-28 19:11:34','50.4.159.6',NULL,NULL,'2015-03-28 19:11:29',NULL,NULL,NULL,NULL,0,'2015-03-04 16:39:19','2015-03-04 16:37:00','2015-03-28 19:11:35','e65ac1dd-bf8f-43b1-ba12-3332fd368656'),(270,'vfeiler',NULL,'Victoria','Feiler','vfeiler@flourishagency.com','$2a$13$iPJiEcAusT4smCnG51aXlu6TRS0BmXl0DxFK1XgMQ0ju2bcnspKEW',NULL,0,0,0,0,0,0,0,'2015-06-03 14:36:44','24.56.81.22',NULL,NULL,NULL,NULL,NULL,NULL,NULL,0,'2015-05-01 15:41:59','2015-05-01 15:34:23','2015-06-03 14:36:44','bc093945-3967-4390-a0a8-bb5d3a8e56d5'),(281,'krisaustin',NULL,'Kris','Austin','austin@touchedbycancer.org','$2a$13$6RRPcJE.cea7eXQ8KNkGkOygKM1LJHq6NOlNAJhxY9reGeu6MHzdW',NULL,0,0,0,0,0,0,0,'2015-06-04 16:18:44','207.58.198.162',NULL,NULL,NULL,NULL,NULL,NULL,NULL,0,'2015-05-19 20:17:18','2015-05-09 01:29:11','2015-06-04 16:18:44','e0bd4712-95f9-4b7f-8f8a-c78c65efbe93');
/*!40000 ALTER TABLE `craft_users` ENABLE KEYS */;
UNLOCK TABLES;

--
-- Table structure for table `craft_widgets`
--

DROP TABLE IF EXISTS `craft_widgets`;
/*!40101 SET @saved_cs_client     = @@character_set_client */;
/*!40101 SET character_set_client = utf8 */;
CREATE TABLE `craft_widgets` (
  `id` int(11) NOT NULL AUTO_INCREMENT,
  `userId` int(11) NOT NULL,
  `type` varchar(150) COLLATE utf8_unicode_ci NOT NULL,
  `sortOrder` tinyint(4) DEFAULT NULL,
  `settings` text COLLATE utf8_unicode_ci,
  `enabled` tinyint(1) unsigned NOT NULL DEFAULT '1',
  `dateCreated` datetime NOT NULL,
  `dateUpdated` datetime NOT NULL,
  `uid` char(36) COLLATE utf8_unicode_ci NOT NULL DEFAULT '0',
  PRIMARY KEY (`id`),
  KEY `craft_widgets_userId_fk` (`userId`),
  CONSTRAINT `craft_widgets_userId_fk` FOREIGN KEY (`userId`) REFERENCES `craft_users` (`id`) ON DELETE CASCADE
) ENGINE=InnoDB AUTO_INCREMENT=30 DEFAULT CHARSET=utf8 COLLATE=utf8_unicode_ci;
/*!40101 SET character_set_client = @saved_cs_client */;

--
-- Dumping data for table `craft_widgets`
--

LOCK TABLES `craft_widgets` WRITE;
/*!40000 ALTER TABLE `craft_widgets` DISABLE KEYS */;
INSERT INTO `craft_widgets` VALUES (1,1,'RecentEntries',1,NULL,1,'2015-01-25 16:17:51','2015-01-25 16:17:51','77292e9e-6f86-41fb-be98-0fdcf8ac3855'),(2,1,'GetHelp',2,NULL,1,'2015-01-25 16:17:51','2015-01-25 16:17:51','225cf480-a676-4bbf-bee1-b64ac489198f'),(3,1,'Updates',3,NULL,1,'2015-01-25 16:17:51','2015-01-25 16:17:51','3caa8f81-744a-42a2-a51f-1b5795e6a3bd'),(4,1,'Feed',4,'{\"url\":\"http:\\/\\/feeds.feedburner.com\\/blogandtonic\",\"title\":\"Blog & Tonic\"}',0,'2015-01-25 16:17:51','2015-01-25 16:54:50','7a14c28e-6599-490d-b7e0-5032c700ff07'),(5,5,'RecentEntries',1,NULL,1,'2015-01-26 15:35:55','2015-01-26 15:35:55','d2457b39-3e52-46cf-b720-8196025059da'),(6,5,'GetHelp',2,NULL,1,'2015-01-26 15:35:55','2015-01-26 15:35:55','5598510b-0241-4d22-b49e-32432da12811'),(7,5,'Updates',3,NULL,0,'2015-01-26 15:35:55','2015-01-26 17:30:20','e8ebf938-5424-4096-85c9-ef0b80f39a7f'),(8,5,'Feed',4,'{\"url\":\"http:\\/\\/feeds.feedburner.com\\/blogandtonic\",\"title\":\"Blog & Tonic\"}',1,'2015-01-26 15:35:55','2015-01-26 15:35:55','7d13d0e2-0393-441c-969c-30a38955da62'),(9,4,'RecentEntries',1,NULL,1,'2015-01-26 15:36:17','2015-01-26 15:36:17','475bc462-efe9-4b68-a046-48957777dd47'),(10,4,'GetHelp',2,NULL,1,'2015-01-26 15:36:17','2015-01-26 15:36:17','ed428f8a-37bd-470d-923c-d37c8e3acec7'),(11,4,'Updates',3,NULL,0,'2015-01-26 15:36:17','2015-01-26 17:30:31','492b8c54-703c-4867-b824-698ced05a454'),(12,4,'Feed',4,'{\"url\":\"http:\\/\\/feeds.feedburner.com\\/blogandtonic\",\"title\":\"Blog & Tonic\"}',1,'2015-01-26 15:36:17','2015-01-26 15:36:17','0c8e33cf-8c5a-45f1-9495-3f05dd9e5f96'),(13,30,'RecentEntries',1,NULL,1,'2015-02-18 16:40:55','2015-02-18 16:40:55','d6a8c9dc-c718-46e8-af65-292ab1bbd921'),(14,30,'GetHelp',2,NULL,1,'2015-02-18 16:40:55','2015-02-18 16:40:55','f2d1aa86-31b6-410b-9a9a-317c9cae4cbf'),(15,30,'Updates',3,NULL,1,'2015-02-18 16:40:55','2015-02-18 16:40:55','e49d9bf8-ca29-41bb-8fec-a730b610dd7c'),(16,30,'Feed',4,'{\"url\":\"http:\\/\\/feeds.feedburner.com\\/blogandtonic\",\"title\":\"Blog & Tonic\"}',1,'2015-02-18 16:40:55','2015-02-18 16:40:55','7a0c617c-2cbf-456f-993a-21112b513fe6'),(17,96,'RecentEntries',1,NULL,1,'2015-02-23 15:31:33','2015-02-23 15:31:33','ab35e0e7-4323-446b-a8a0-240d80028ace'),(18,96,'GetHelp',2,NULL,1,'2015-02-23 15:31:33','2015-02-23 15:31:33','a2698965-7324-473b-8a04-65b58034f356'),(19,96,'Updates',3,NULL,1,'2015-02-23 15:31:33','2015-02-23 15:31:33','a24c8b54-98c0-48c4-97e8-d7a6eeba1bf7'),(20,96,'Feed',4,'{\"url\":\"http:\\/\\/feeds.feedburner.com\\/blogandtonic\",\"title\":\"Blog & Tonic\"}',1,'2015-02-23 15:31:33','2015-02-23 15:31:33','1f7c491e-fd1e-41b7-a5fe-acb387208f75'),(21,123,'RecentEntries',1,NULL,1,'2015-03-04 16:39:29','2015-03-04 16:39:29','9be75f88-80ba-4707-93f2-787aca954b01'),(22,123,'Feed',2,'{\"url\":\"http:\\/\\/feeds.feedburner.com\\/blogandtonic\",\"title\":\"Blog & Tonic\"}',1,'2015-03-04 16:39:29','2015-03-04 16:39:29','d4842189-e7b3-4937-9239-28bc91a84290'),(23,270,'RecentEntries',1,NULL,1,'2015-05-01 15:42:45','2015-05-01 15:42:45','4575ffb8-77b4-4d98-9cf8-ee83709b7fe8'),(24,270,'GetHelp',2,NULL,1,'2015-05-01 15:42:45','2015-05-01 15:42:45','6e29de0c-6a98-42d4-af6d-532c720beacf'),(25,270,'Updates',3,NULL,1,'2015-05-01 15:42:45','2015-05-01 15:42:45','de8745a0-9156-44c1-ace3-364c6d58472a'),(26,270,'Feed',4,'{\"url\":\"http:\\/\\/feeds.feedburner.com\\/blogandtonic\",\"title\":\"Blog & Tonic\"}',1,'2015-05-01 15:42:45','2015-05-01 15:42:45','a1e1e605-fec3-4180-9a4a-891da25691c6'),(27,281,'RecentEntries',1,NULL,1,'2015-05-19 20:17:29','2015-05-19 20:17:29','93179dea-6980-4dec-89d9-34bf028d1e5e'),(28,281,'Updates',2,NULL,1,'2015-05-19 20:17:29','2015-05-19 20:17:29','7e83f8de-8e18-42e3-bfea-2a4d64cc2243'),(29,281,'Feed',3,'{\"url\":\"http:\\/\\/feeds.feedburner.com\\/blogandtonic\",\"title\":\"Blog & Tonic\"}',1,'2015-05-19 20:17:29','2015-05-19 20:17:29','727ca778-e4f3-4178-83d5-cec0cd78e176');
/*!40000 ALTER TABLE `craft_widgets` ENABLE KEYS */;
UNLOCK TABLES;
/*!40103 SET TIME_ZONE=@OLD_TIME_ZONE */;

/*!40101 SET SQL_MODE=@OLD_SQL_MODE */;
/*!40014 SET FOREIGN_KEY_CHECKS=@OLD_FOREIGN_KEY_CHECKS */;
/*!40014 SET UNIQUE_CHECKS=@OLD_UNIQUE_CHECKS */;
/*!40101 SET CHARACTER_SET_CLIENT=@OLD_CHARACTER_SET_CLIENT */;
/*!40101 SET CHARACTER_SET_RESULTS=@OLD_CHARACTER_SET_RESULTS */;
/*!40101 SET COLLATION_CONNECTION=@OLD_COLLATION_CONNECTION */;
/*!40111 SET SQL_NOTES=@OLD_SQL_NOTES */;

-- Dump completed on 2015-06-08 17:50:14
