-- MySQL dump 10.13  Distrib 5.5.41, for debian-linux-gnu (x86_64)
--
-- Host: localhost    Database: craft
-- ------------------------------------------------------
-- Server version	5.5.41-0ubuntu0.12.04.1

/*!40101 SET @OLD_CHARACTER_SET_CLIENT=@@CHARACTER_SET_CLIENT */;
/*!40101 SET @OLD_CHARACTER_SET_RESULTS=@@CHARACTER_SET_RESULTS */;
/*!40101 SET @OLD_COLLATION_CONNECTION=@@COLLATION_CONNECTION */;
/*!40101 SET NAMES utf8 */;
/*!40103 SET @OLD_TIME_ZONE=@@TIME_ZONE */;
/*!40103 SET TIME_ZONE='+00:00' */;
/*!40014 SET @OLD_UNIQUE_CHECKS=@@UNIQUE_CHECKS, UNIQUE_CHECKS=0 */;
/*!40014 SET @OLD_FOREIGN_KEY_CHECKS=@@FOREIGN_KEY_CHECKS, FOREIGN_KEY_CHECKS=0 */;
/*!40101 SET @OLD_SQL_MODE=@@SQL_MODE, SQL_MODE='NO_AUTO_VALUE_ON_ZERO' */;
/*!40111 SET @OLD_SQL_NOTES=@@SQL_NOTES, SQL_NOTES=0 */;

--
-- Table structure for table `craft_assetfiles`
--

DROP TABLE IF EXISTS `craft_assetfiles`;
/*!40101 SET @saved_cs_client     = @@character_set_client */;
/*!40101 SET character_set_client = utf8 */;
CREATE TABLE `craft_assetfiles` (
  `id` int(11) NOT NULL,
  `sourceId` int(11) DEFAULT NULL,
  `folderId` int(11) NOT NULL,
  `filename` varchar(255) COLLATE utf8_unicode_ci NOT NULL,
  `kind` varchar(50) COLLATE utf8_unicode_ci NOT NULL DEFAULT 'unknown',
  `width` smallint(6) unsigned DEFAULT NULL,
  `height` smallint(6) unsigned DEFAULT NULL,
  `size` int(11) unsigned DEFAULT NULL,
  `dateModified` datetime DEFAULT NULL,
  `dateCreated` datetime NOT NULL,
  `dateUpdated` datetime NOT NULL,
  `uid` char(36) COLLATE utf8_unicode_ci NOT NULL DEFAULT '0',
  PRIMARY KEY (`id`),
  UNIQUE KEY `craft_assetfiles_filename_folderId_unq_idx` (`filename`,`folderId`),
  KEY `craft_assetfiles_sourceId_fk` (`sourceId`),
  KEY `craft_assetfiles_folderId_fk` (`folderId`),
  CONSTRAINT `craft_assetfiles_folderId_fk` FOREIGN KEY (`folderId`) REFERENCES `craft_assetfolders` (`id`) ON DELETE CASCADE,
  CONSTRAINT `craft_assetfiles_id_fk` FOREIGN KEY (`id`) REFERENCES `craft_elements` (`id`) ON DELETE CASCADE,
  CONSTRAINT `craft_assetfiles_sourceId_fk` FOREIGN KEY (`sourceId`) REFERENCES `craft_assetsources` (`id`) ON DELETE CASCADE
) ENGINE=InnoDB DEFAULT CHARSET=utf8 COLLATE=utf8_unicode_ci;
/*!40101 SET character_set_client = @saved_cs_client */;

--
-- Dumping data for table `craft_assetfiles`
--

LOCK TABLES `craft_assetfiles` WRITE;
/*!40000 ALTER TABLE `craft_assetfiles` DISABLE KEYS */;
/*!40000 ALTER TABLE `craft_assetfiles` ENABLE KEYS */;
UNLOCK TABLES;

--
-- Table structure for table `craft_assetfolders`
--

DROP TABLE IF EXISTS `craft_assetfolders`;
/*!40101 SET @saved_cs_client     = @@character_set_client */;
/*!40101 SET character_set_client = utf8 */;
CREATE TABLE `craft_assetfolders` (
  `id` int(11) NOT NULL AUTO_INCREMENT,
  `parentId` int(11) DEFAULT NULL,
  `sourceId` int(11) DEFAULT NULL,
  `name` varchar(255) COLLATE utf8_unicode_ci NOT NULL,
  `path` varchar(255) COLLATE utf8_unicode_ci DEFAULT NULL,
  `dateCreated` datetime NOT NULL,
  `dateUpdated` datetime NOT NULL,
  `uid` char(36) COLLATE utf8_unicode_ci NOT NULL DEFAULT '0',
  PRIMARY KEY (`id`),
  UNIQUE KEY `craft_assetfolders_name_parentId_sourceId_unq_idx` (`name`,`parentId`,`sourceId`),
  KEY `craft_assetfolders_parentId_fk` (`parentId`),
  KEY `craft_assetfolders_sourceId_fk` (`sourceId`),
  CONSTRAINT `craft_assetfolders_sourceId_fk` FOREIGN KEY (`sourceId`) REFERENCES `craft_assetsources` (`id`) ON DELETE CASCADE,
  CONSTRAINT `craft_assetfolders_parentId_fk` FOREIGN KEY (`parentId`) REFERENCES `craft_assetfolders` (`id`) ON DELETE CASCADE
) ENGINE=InnoDB DEFAULT CHARSET=utf8 COLLATE=utf8_unicode_ci;
/*!40101 SET character_set_client = @saved_cs_client */;

--
-- Dumping data for table `craft_assetfolders`
--

LOCK TABLES `craft_assetfolders` WRITE;
/*!40000 ALTER TABLE `craft_assetfolders` DISABLE KEYS */;
/*!40000 ALTER TABLE `craft_assetfolders` ENABLE KEYS */;
UNLOCK TABLES;

--
-- Table structure for table `craft_assetindexdata`
--

DROP TABLE IF EXISTS `craft_assetindexdata`;
/*!40101 SET @saved_cs_client     = @@character_set_client */;
/*!40101 SET character_set_client = utf8 */;
CREATE TABLE `craft_assetindexdata` (
  `id` int(11) NOT NULL AUTO_INCREMENT,
  `sessionId` varchar(36) COLLATE utf8_unicode_ci NOT NULL DEFAULT '',
  `sourceId` int(10) NOT NULL,
  `offset` int(10) NOT NULL,
  `uri` varchar(255) COLLATE utf8_unicode_ci DEFAULT NULL,
  `size` int(10) DEFAULT NULL,
  `recordId` int(10) DEFAULT NULL,
  `dateCreated` datetime NOT NULL,
  `dateUpdated` datetime NOT NULL,
  `uid` char(36) COLLATE utf8_unicode_ci NOT NULL DEFAULT '0',
  PRIMARY KEY (`id`),
  UNIQUE KEY `craft_assetindexdata_sessionId_sourceId_offset_unq_idx` (`sessionId`,`sourceId`,`offset`),
  KEY `craft_assetindexdata_sourceId_fk` (`sourceId`),
  CONSTRAINT `craft_assetindexdata_sourceId_fk` FOREIGN KEY (`sourceId`) REFERENCES `craft_assetsources` (`id`) ON DELETE CASCADE
) ENGINE=InnoDB DEFAULT CHARSET=utf8 COLLATE=utf8_unicode_ci;
/*!40101 SET character_set_client = @saved_cs_client */;

--
-- Dumping data for table `craft_assetindexdata`
--

LOCK TABLES `craft_assetindexdata` WRITE;
/*!40000 ALTER TABLE `craft_assetindexdata` DISABLE KEYS */;
/*!40000 ALTER TABLE `craft_assetindexdata` ENABLE KEYS */;
UNLOCK TABLES;

--
-- Table structure for table `craft_assetsources`
--

DROP TABLE IF EXISTS `craft_assetsources`;
/*!40101 SET @saved_cs_client     = @@character_set_client */;
/*!40101 SET character_set_client = utf8 */;
CREATE TABLE `craft_assetsources` (
  `id` int(11) NOT NULL AUTO_INCREMENT,
  `name` varchar(255) COLLATE utf8_unicode_ci NOT NULL,
  `handle` varchar(255) COLLATE utf8_unicode_ci NOT NULL,
  `type` varchar(150) COLLATE utf8_unicode_ci NOT NULL,
  `settings` text COLLATE utf8_unicode_ci,
  `sortOrder` tinyint(4) DEFAULT NULL,
  `fieldLayoutId` int(10) DEFAULT NULL,
  `dateCreated` datetime NOT NULL,
  `dateUpdated` datetime NOT NULL,
  `uid` char(36) COLLATE utf8_unicode_ci NOT NULL DEFAULT '0',
  PRIMARY KEY (`id`),
  UNIQUE KEY `craft_assetsources_name_unq_idx` (`name`),
  UNIQUE KEY `craft_assetsources_handle_unq_idx` (`handle`),
  KEY `craft_assetsources_fieldLayoutId_fk` (`fieldLayoutId`),
  CONSTRAINT `craft_assetsources_fieldLayoutId_fk` FOREIGN KEY (`fieldLayoutId`) REFERENCES `craft_fieldlayouts` (`id`) ON DELETE SET NULL
) ENGINE=InnoDB DEFAULT CHARSET=utf8 COLLATE=utf8_unicode_ci;
/*!40101 SET character_set_client = @saved_cs_client */;

--
-- Dumping data for table `craft_assetsources`
--

LOCK TABLES `craft_assetsources` WRITE;
/*!40000 ALTER TABLE `craft_assetsources` DISABLE KEYS */;
/*!40000 ALTER TABLE `craft_assetsources` ENABLE KEYS */;
UNLOCK TABLES;

--
-- Table structure for table `craft_assettransformindex`
--

DROP TABLE IF EXISTS `craft_assettransformindex`;
/*!40101 SET @saved_cs_client     = @@character_set_client */;
/*!40101 SET character_set_client = utf8 */;
CREATE TABLE `craft_assettransformindex` (
  `id` int(11) NOT NULL AUTO_INCREMENT,
  `fileId` int(11) NOT NULL,
  `filename` varchar(255) COLLATE utf8_unicode_ci DEFAULT NULL,
  `format` varchar(255) COLLATE utf8_unicode_ci DEFAULT NULL,
  `location` varchar(255) COLLATE utf8_unicode_ci NOT NULL,
  `sourceId` int(11) DEFAULT NULL,
  `fileExists` tinyint(1) DEFAULT NULL,
  `inProgress` tinyint(1) DEFAULT NULL,
  `dateIndexed` datetime DEFAULT NULL,
  `dateCreated` datetime NOT NULL,
  `dateUpdated` datetime NOT NULL,
  `uid` char(36) COLLATE utf8_unicode_ci NOT NULL DEFAULT '0',
  PRIMARY KEY (`id`),
  KEY `craft_assettransformindex_sourceId_fileId_location_idx` (`sourceId`,`fileId`,`location`)
) ENGINE=InnoDB DEFAULT CHARSET=utf8 COLLATE=utf8_unicode_ci;
/*!40101 SET character_set_client = @saved_cs_client */;

--
-- Dumping data for table `craft_assettransformindex`
--

LOCK TABLES `craft_assettransformindex` WRITE;
/*!40000 ALTER TABLE `craft_assettransformindex` DISABLE KEYS */;
/*!40000 ALTER TABLE `craft_assettransformindex` ENABLE KEYS */;
UNLOCK TABLES;

--
-- Table structure for table `craft_assettransforms`
--

DROP TABLE IF EXISTS `craft_assettransforms`;
/*!40101 SET @saved_cs_client     = @@character_set_client */;
/*!40101 SET character_set_client = utf8 */;
CREATE TABLE `craft_assettransforms` (
  `id` int(11) NOT NULL AUTO_INCREMENT,
  `name` varchar(255) COLLATE utf8_unicode_ci NOT NULL,
  `handle` varchar(255) COLLATE utf8_unicode_ci NOT NULL,
  `mode` enum('stretch','fit','crop') COLLATE utf8_unicode_ci NOT NULL DEFAULT 'crop',
  `position` enum('top-left','top-center','top-right','center-left','center-center','center-right','bottom-left','bottom-center','bottom-right') COLLATE utf8_unicode_ci NOT NULL DEFAULT 'center-center',
  `height` int(10) DEFAULT NULL,
  `width` int(10) DEFAULT NULL,
  `format` varchar(255) COLLATE utf8_unicode_ci DEFAULT NULL,
  `quality` int(10) DEFAULT NULL,
  `dimensionChangeTime` datetime DEFAULT NULL,
  `dateCreated` datetime NOT NULL,
  `dateUpdated` datetime NOT NULL,
  `uid` char(36) COLLATE utf8_unicode_ci NOT NULL DEFAULT '0',
  PRIMARY KEY (`id`),
  UNIQUE KEY `craft_assettransforms_name_unq_idx` (`name`),
  UNIQUE KEY `craft_assettransforms_handle_unq_idx` (`handle`)
) ENGINE=InnoDB DEFAULT CHARSET=utf8 COLLATE=utf8_unicode_ci;
/*!40101 SET character_set_client = @saved_cs_client */;

--
-- Dumping data for table `craft_assettransforms`
--

LOCK TABLES `craft_assettransforms` WRITE;
/*!40000 ALTER TABLE `craft_assettransforms` DISABLE KEYS */;
/*!40000 ALTER TABLE `craft_assettransforms` ENABLE KEYS */;
UNLOCK TABLES;

--
-- Table structure for table `craft_categories`
--

DROP TABLE IF EXISTS `craft_categories`;
/*!40101 SET @saved_cs_client     = @@character_set_client */;
/*!40101 SET character_set_client = utf8 */;
CREATE TABLE `craft_categories` (
  `id` int(11) NOT NULL,
  `groupId` int(11) NOT NULL,
  `dateCreated` datetime NOT NULL,
  `dateUpdated` datetime NOT NULL,
  `uid` char(36) COLLATE utf8_unicode_ci NOT NULL DEFAULT '0',
  PRIMARY KEY (`id`),
  KEY `craft_categories_groupId_fk` (`groupId`),
  CONSTRAINT `craft_categories_groupId_fk` FOREIGN KEY (`groupId`) REFERENCES `craft_categorygroups` (`id`) ON DELETE CASCADE,
  CONSTRAINT `craft_categories_id_fk` FOREIGN KEY (`id`) REFERENCES `craft_elements` (`id`) ON DELETE CASCADE
) ENGINE=InnoDB DEFAULT CHARSET=utf8 COLLATE=utf8_unicode_ci;
/*!40101 SET character_set_client = @saved_cs_client */;

--
-- Dumping data for table `craft_categories`
--

LOCK TABLES `craft_categories` WRITE;
/*!40000 ALTER TABLE `craft_categories` DISABLE KEYS */;
/*!40000 ALTER TABLE `craft_categories` ENABLE KEYS */;
UNLOCK TABLES;

--
-- Table structure for table `craft_categorygroups`
--

DROP TABLE IF EXISTS `craft_categorygroups`;
/*!40101 SET @saved_cs_client     = @@character_set_client */;
/*!40101 SET character_set_client = utf8 */;
CREATE TABLE `craft_categorygroups` (
  `id` int(11) NOT NULL AUTO_INCREMENT,
  `structureId` int(11) NOT NULL,
  `fieldLayoutId` int(11) DEFAULT NULL,
  `name` varchar(255) COLLATE utf8_unicode_ci NOT NULL,
  `handle` varchar(255) COLLATE utf8_unicode_ci NOT NULL,
  `hasUrls` tinyint(1) unsigned NOT NULL DEFAULT '1',
  `template` varchar(500) COLLATE utf8_unicode_ci DEFAULT NULL,
  `dateCreated` datetime NOT NULL,
  `dateUpdated` datetime NOT NULL,
  `uid` char(36) COLLATE utf8_unicode_ci NOT NULL DEFAULT '0',
  PRIMARY KEY (`id`),
  UNIQUE KEY `craft_categorygroups_name_unq_idx` (`name`),
  UNIQUE KEY `craft_categorygroups_handle_unq_idx` (`handle`),
  KEY `craft_categorygroups_structureId_fk` (`structureId`),
  KEY `craft_categorygroups_fieldLayoutId_fk` (`fieldLayoutId`),
  CONSTRAINT `craft_categorygroups_fieldLayoutId_fk` FOREIGN KEY (`fieldLayoutId`) REFERENCES `craft_fieldlayouts` (`id`) ON DELETE SET NULL,
  CONSTRAINT `craft_categorygroups_structureId_fk` FOREIGN KEY (`structureId`) REFERENCES `craft_structures` (`id`) ON DELETE CASCADE
) ENGINE=InnoDB DEFAULT CHARSET=utf8 COLLATE=utf8_unicode_ci;
/*!40101 SET character_set_client = @saved_cs_client */;

--
-- Dumping data for table `craft_categorygroups`
--

LOCK TABLES `craft_categorygroups` WRITE;
/*!40000 ALTER TABLE `craft_categorygroups` DISABLE KEYS */;
/*!40000 ALTER TABLE `craft_categorygroups` ENABLE KEYS */;
UNLOCK TABLES;

--
-- Table structure for table `craft_categorygroups_i18n`
--

DROP TABLE IF EXISTS `craft_categorygroups_i18n`;
/*!40101 SET @saved_cs_client     = @@character_set_client */;
/*!40101 SET character_set_client = utf8 */;
CREATE TABLE `craft_categorygroups_i18n` (
  `id` int(11) NOT NULL AUTO_INCREMENT,
  `groupId` int(11) NOT NULL,
  `locale` char(12) COLLATE utf8_unicode_ci NOT NULL,
  `urlFormat` varchar(255) COLLATE utf8_unicode_ci DEFAULT NULL,
  `nestedUrlFormat` varchar(255) COLLATE utf8_unicode_ci DEFAULT NULL,
  `dateCreated` datetime NOT NULL,
  `dateUpdated` datetime NOT NULL,
  `uid` char(36) COLLATE utf8_unicode_ci NOT NULL DEFAULT '0',
  PRIMARY KEY (`id`),
  UNIQUE KEY `craft_categorygroups_i18n_groupId_locale_unq_idx` (`groupId`,`locale`),
  KEY `craft_categorygroups_i18n_locale_fk` (`locale`),
  CONSTRAINT `craft_categorygroups_i18n_locale_fk` FOREIGN KEY (`locale`) REFERENCES `craft_locales` (`locale`) ON DELETE CASCADE ON UPDATE CASCADE,
  CONSTRAINT `craft_categorygroups_i18n_groupId_fk` FOREIGN KEY (`groupId`) REFERENCES `craft_categorygroups` (`id`) ON DELETE CASCADE
) ENGINE=InnoDB DEFAULT CHARSET=utf8 COLLATE=utf8_unicode_ci;
/*!40101 SET character_set_client = @saved_cs_client */;

--
-- Dumping data for table `craft_categorygroups_i18n`
--

LOCK TABLES `craft_categorygroups_i18n` WRITE;
/*!40000 ALTER TABLE `craft_categorygroups_i18n` DISABLE KEYS */;
/*!40000 ALTER TABLE `craft_categorygroups_i18n` ENABLE KEYS */;
UNLOCK TABLES;

--
-- Table structure for table `craft_content`
--

DROP TABLE IF EXISTS `craft_content`;
/*!40101 SET @saved_cs_client     = @@character_set_client */;
/*!40101 SET character_set_client = utf8 */;
CREATE TABLE `craft_content` (
  `id` int(11) NOT NULL AUTO_INCREMENT,
  `elementId` int(11) NOT NULL,
  `locale` char(12) COLLATE utf8_unicode_ci NOT NULL,
  `title` varchar(255) COLLATE utf8_unicode_ci DEFAULT NULL,
  `field_body` text COLLATE utf8_unicode_ci,
  `dateCreated` datetime NOT NULL,
  `dateUpdated` datetime NOT NULL,
  `uid` char(36) COLLATE utf8_unicode_ci NOT NULL DEFAULT '0',
  PRIMARY KEY (`id`),
  UNIQUE KEY `craft_content_elementId_locale_unq_idx` (`elementId`,`locale`),
  KEY `craft_content_title_idx` (`title`),
  KEY `craft_content_locale_fk` (`locale`),
  CONSTRAINT `craft_content_elementId_fk` FOREIGN KEY (`elementId`) REFERENCES `craft_elements` (`id`) ON DELETE CASCADE,
  CONSTRAINT `craft_content_locale_fk` FOREIGN KEY (`locale`) REFERENCES `craft_locales` (`locale`) ON DELETE CASCADE ON UPDATE CASCADE
) ENGINE=InnoDB AUTO_INCREMENT=4 DEFAULT CHARSET=utf8 COLLATE=utf8_unicode_ci;
/*!40101 SET character_set_client = @saved_cs_client */;

--
-- Dumping data for table `craft_content`
--

LOCK TABLES `craft_content` WRITE;
/*!40000 ALTER TABLE `craft_content` DISABLE KEYS */;
INSERT INTO `craft_content` VALUES (1,1,'en_us',NULL,NULL,'2015-01-25 16:17:43','2015-01-25 16:17:43','4bc74fd9-ec4e-4473-ba46-df1f25a225ee'),(2,2,'en_us','Welcome to Tgp.d-i.co!','<p>It’s true, this site doesn’t have a whole lot of content yet, but don’t worry. Our web developers have just installed the CMS, and they’re setting things up for the content editors this very moment. Soon Tgp.d-i.co will be an oasis of fresh perspectives, sharp analyses, and astute opinions that will keep you coming back again and again.</p>','2015-01-25 16:17:44','2015-01-25 16:17:44','9c372cae-90ed-44dc-8d06-9b84bb1fa0eb'),(3,3,'en_us','We just installed Craft!','<p>Craft is the CMS that’s powering Tgp.d-i.co. It’s beautiful, powerful, flexible, and easy-to-use, and it’s made by Pixel &amp; Tonic. We can’t wait to dive in and see what it’s capable of!</p><!--pagebreak--><p>This is even more captivating content, which you couldn’t see on the News index page because it was entered after a Page Break, and the News index template only likes to show the content on the first page.</p><p>Craft: a nice alternative to Word, if you’re making a website.</p>','2015-01-25 16:17:44','2015-01-25 16:17:44','cae577ec-9bcf-44ff-a883-ede106fc23fe');
/*!40000 ALTER TABLE `craft_content` ENABLE KEYS */;
UNLOCK TABLES;

--
-- Table structure for table `craft_deprecationerrors`
--

DROP TABLE IF EXISTS `craft_deprecationerrors`;
/*!40101 SET @saved_cs_client     = @@character_set_client */;
/*!40101 SET character_set_client = utf8 */;
CREATE TABLE `craft_deprecationerrors` (
  `id` int(11) NOT NULL AUTO_INCREMENT,
  `key` varchar(255) COLLATE utf8_unicode_ci NOT NULL,
  `fingerprint` varchar(255) COLLATE utf8_unicode_ci NOT NULL,
  `lastOccurrence` datetime NOT NULL,
  `file` varchar(255) COLLATE utf8_unicode_ci NOT NULL,
  `line` smallint(6) unsigned NOT NULL,
  `class` varchar(255) COLLATE utf8_unicode_ci DEFAULT NULL,
  `method` varchar(255) COLLATE utf8_unicode_ci DEFAULT NULL,
  `template` varchar(255) COLLATE utf8_unicode_ci DEFAULT NULL,
  `templateLine` smallint(6) unsigned DEFAULT NULL,
  `message` varchar(255) COLLATE utf8_unicode_ci DEFAULT NULL,
  `traces` text COLLATE utf8_unicode_ci,
  `dateCreated` datetime NOT NULL,
  `dateUpdated` datetime NOT NULL,
  `uid` char(36) COLLATE utf8_unicode_ci NOT NULL DEFAULT '0',
  PRIMARY KEY (`id`),
  UNIQUE KEY `craft_deprecationerrors_key_fingerprint_unq_idx` (`key`,`fingerprint`)
) ENGINE=InnoDB DEFAULT CHARSET=utf8 COLLATE=utf8_unicode_ci;
/*!40101 SET character_set_client = @saved_cs_client */;

--
-- Dumping data for table `craft_deprecationerrors`
--

LOCK TABLES `craft_deprecationerrors` WRITE;
/*!40000 ALTER TABLE `craft_deprecationerrors` DISABLE KEYS */;
/*!40000 ALTER TABLE `craft_deprecationerrors` ENABLE KEYS */;
UNLOCK TABLES;

--
-- Table structure for table `craft_elements`
--

DROP TABLE IF EXISTS `craft_elements`;
/*!40101 SET @saved_cs_client     = @@character_set_client */;
/*!40101 SET character_set_client = utf8 */;
CREATE TABLE `craft_elements` (
  `id` int(11) NOT NULL AUTO_INCREMENT,
  `type` varchar(150) COLLATE utf8_unicode_ci NOT NULL,
  `enabled` tinyint(1) unsigned NOT NULL DEFAULT '1',
  `archived` tinyint(1) unsigned NOT NULL DEFAULT '0',
  `dateCreated` datetime NOT NULL,
  `dateUpdated` datetime NOT NULL,
  `uid` char(36) COLLATE utf8_unicode_ci NOT NULL DEFAULT '0',
  PRIMARY KEY (`id`),
  KEY `craft_elements_type_idx` (`type`),
  KEY `craft_elements_enabled_idx` (`enabled`),
  KEY `craft_elements_archived_dateCreated_idx` (`archived`,`dateCreated`)
) ENGINE=InnoDB AUTO_INCREMENT=4 DEFAULT CHARSET=utf8 COLLATE=utf8_unicode_ci;
/*!40101 SET character_set_client = @saved_cs_client */;

--
-- Dumping data for table `craft_elements`
--

LOCK TABLES `craft_elements` WRITE;
/*!40000 ALTER TABLE `craft_elements` DISABLE KEYS */;
INSERT INTO `craft_elements` VALUES (1,'User',1,0,'2015-01-25 16:17:43','2015-01-25 16:17:43','675c6c43-cf37-407a-baa3-7384d4b9308b'),(2,'Entry',1,0,'2015-01-25 16:17:44','2015-01-25 16:17:44','b17e9737-cc3a-48de-b256-7b94198cf023'),(3,'Entry',1,0,'2015-01-25 16:17:44','2015-01-25 16:17:44','2aba1eaa-7f86-416b-8e79-e37d44a4c030');
/*!40000 ALTER TABLE `craft_elements` ENABLE KEYS */;
UNLOCK TABLES;

--
-- Table structure for table `craft_elements_i18n`
--

DROP TABLE IF EXISTS `craft_elements_i18n`;
/*!40101 SET @saved_cs_client     = @@character_set_client */;
/*!40101 SET character_set_client = utf8 */;
CREATE TABLE `craft_elements_i18n` (
  `id` int(11) NOT NULL AUTO_INCREMENT,
  `elementId` int(11) NOT NULL,
  `locale` char(12) COLLATE utf8_unicode_ci NOT NULL,
  `slug` varchar(255) COLLATE utf8_unicode_ci DEFAULT NULL,
  `uri` varchar(255) COLLATE utf8_unicode_ci DEFAULT NULL,
  `enabled` tinyint(1) unsigned NOT NULL DEFAULT '1',
  `dateCreated` datetime NOT NULL,
  `dateUpdated` datetime NOT NULL,
  `uid` char(36) COLLATE utf8_unicode_ci NOT NULL DEFAULT '0',
  PRIMARY KEY (`id`),
  UNIQUE KEY `craft_elements_i18n_elementId_locale_unq_idx` (`elementId`,`locale`),
  UNIQUE KEY `craft_elements_i18n_uri_locale_unq_idx` (`uri`,`locale`),
  KEY `craft_elements_i18n_slug_locale_idx` (`slug`,`locale`),
  KEY `craft_elements_i18n_enabled_idx` (`enabled`),
  KEY `craft_elements_i18n_locale_fk` (`locale`),
  CONSTRAINT `craft_elements_i18n_locale_fk` FOREIGN KEY (`locale`) REFERENCES `craft_locales` (`locale`) ON DELETE CASCADE ON UPDATE CASCADE,
  CONSTRAINT `craft_elements_i18n_elementId_fk` FOREIGN KEY (`elementId`) REFERENCES `craft_elements` (`id`) ON DELETE CASCADE
) ENGINE=InnoDB AUTO_INCREMENT=4 DEFAULT CHARSET=utf8 COLLATE=utf8_unicode_ci;
/*!40101 SET character_set_client = @saved_cs_client */;

--
-- Dumping data for table `craft_elements_i18n`
--

LOCK TABLES `craft_elements_i18n` WRITE;
/*!40000 ALTER TABLE `craft_elements_i18n` DISABLE KEYS */;
INSERT INTO `craft_elements_i18n` VALUES (1,1,'en_us','',NULL,1,'2015-01-25 16:17:43','2015-01-25 16:17:43','ff67df16-fb2f-4aa9-983f-4d92913a665e'),(2,2,'en_us','homepage','__home__',1,'2015-01-25 16:17:44','2015-01-25 16:17:44','8c08a307-7e03-48a4-ba9f-411503169f24'),(3,3,'en_us','we-just-installed-craft','news/2015/we-just-installed-craft',1,'2015-01-25 16:17:44','2015-01-25 16:17:44','372b1871-7708-48a2-b3b7-9d9149cbdcda');
/*!40000 ALTER TABLE `craft_elements_i18n` ENABLE KEYS */;
UNLOCK TABLES;

--
-- Table structure for table `craft_emailmessages`
--

DROP TABLE IF EXISTS `craft_emailmessages`;
/*!40101 SET @saved_cs_client     = @@character_set_client */;
/*!40101 SET character_set_client = utf8 */;
CREATE TABLE `craft_emailmessages` (
  `id` int(11) NOT NULL AUTO_INCREMENT,
  `key` char(150) COLLATE utf8_unicode_ci NOT NULL,
  `locale` char(12) COLLATE utf8_unicode_ci NOT NULL,
  `subject` varchar(1000) COLLATE utf8_unicode_ci NOT NULL,
  `body` text COLLATE utf8_unicode_ci NOT NULL,
  `dateCreated` datetime NOT NULL,
  `dateUpdated` datetime NOT NULL,
  `uid` char(36) COLLATE utf8_unicode_ci NOT NULL DEFAULT '0',
  PRIMARY KEY (`id`),
  UNIQUE KEY `craft_emailmessages_key_locale_unq_idx` (`key`,`locale`),
  KEY `craft_emailmessages_locale_fk` (`locale`),
  CONSTRAINT `craft_emailmessages_locale_fk` FOREIGN KEY (`locale`) REFERENCES `craft_locales` (`locale`) ON DELETE CASCADE ON UPDATE CASCADE
) ENGINE=InnoDB DEFAULT CHARSET=utf8 COLLATE=utf8_unicode_ci;
/*!40101 SET character_set_client = @saved_cs_client */;

--
-- Dumping data for table `craft_emailmessages`
--

LOCK TABLES `craft_emailmessages` WRITE;
/*!40000 ALTER TABLE `craft_emailmessages` DISABLE KEYS */;
/*!40000 ALTER TABLE `craft_emailmessages` ENABLE KEYS */;
UNLOCK TABLES;

--
-- Table structure for table `craft_entries`
--

DROP TABLE IF EXISTS `craft_entries`;
/*!40101 SET @saved_cs_client     = @@character_set_client */;
/*!40101 SET character_set_client = utf8 */;
CREATE TABLE `craft_entries` (
  `id` int(11) NOT NULL,
  `sectionId` int(11) NOT NULL,
  `typeId` int(11) DEFAULT NULL,
  `authorId` int(11) DEFAULT NULL,
  `postDate` datetime DEFAULT NULL,
  `expiryDate` datetime DEFAULT NULL,
  `dateCreated` datetime NOT NULL,
  `dateUpdated` datetime NOT NULL,
  `uid` char(36) COLLATE utf8_unicode_ci NOT NULL DEFAULT '0',
  PRIMARY KEY (`id`),
  KEY `craft_entries_sectionId_idx` (`sectionId`),
  KEY `craft_entries_typeId_idx` (`typeId`),
  KEY `craft_entries_postDate_idx` (`postDate`),
  KEY `craft_entries_expiryDate_idx` (`expiryDate`),
  KEY `craft_entries_authorId_fk` (`authorId`),
  CONSTRAINT `craft_entries_authorId_fk` FOREIGN KEY (`authorId`) REFERENCES `craft_users` (`id`) ON DELETE CASCADE,
  CONSTRAINT `craft_entries_id_fk` FOREIGN KEY (`id`) REFERENCES `craft_elements` (`id`) ON DELETE CASCADE,
  CONSTRAINT `craft_entries_sectionId_fk` FOREIGN KEY (`sectionId`) REFERENCES `craft_sections` (`id`) ON DELETE CASCADE,
  CONSTRAINT `craft_entries_typeId_fk` FOREIGN KEY (`typeId`) REFERENCES `craft_entrytypes` (`id`) ON DELETE CASCADE
) ENGINE=InnoDB DEFAULT CHARSET=utf8 COLLATE=utf8_unicode_ci;
/*!40101 SET character_set_client = @saved_cs_client */;

--
-- Dumping data for table `craft_entries`
--

LOCK TABLES `craft_entries` WRITE;
/*!40000 ALTER TABLE `craft_entries` DISABLE KEYS */;
INSERT INTO `craft_entries` VALUES (2,1,1,NULL,'2015-01-25 16:17:44',NULL,'2015-01-25 16:17:44','2015-01-25 16:17:44','3a5e6933-7e1f-4b58-9ef8-336d78cf7be2'),(3,2,2,1,'2015-01-25 16:17:44',NULL,'2015-01-25 16:17:44','2015-01-25 16:17:44','4fd37d84-7634-4bf5-9775-00f872519b69');
/*!40000 ALTER TABLE `craft_entries` ENABLE KEYS */;
UNLOCK TABLES;

--
-- Table structure for table `craft_entrydrafts`
--

DROP TABLE IF EXISTS `craft_entrydrafts`;
/*!40101 SET @saved_cs_client     = @@character_set_client */;
/*!40101 SET character_set_client = utf8 */;
CREATE TABLE `craft_entrydrafts` (
  `id` int(11) NOT NULL AUTO_INCREMENT,
  `entryId` int(11) NOT NULL,
  `sectionId` int(11) NOT NULL,
  `creatorId` int(11) NOT NULL,
  `locale` char(12) COLLATE utf8_unicode_ci NOT NULL,
  `name` varchar(255) COLLATE utf8_unicode_ci NOT NULL,
  `notes` tinytext COLLATE utf8_unicode_ci,
  `data` mediumtext COLLATE utf8_unicode_ci NOT NULL,
  `dateCreated` datetime NOT NULL,
  `dateUpdated` datetime NOT NULL,
  `uid` char(36) COLLATE utf8_unicode_ci NOT NULL DEFAULT '0',
  PRIMARY KEY (`id`),
  KEY `craft_entrydrafts_entryId_locale_idx` (`entryId`,`locale`),
  KEY `craft_entrydrafts_sectionId_fk` (`sectionId`),
  KEY `craft_entrydrafts_creatorId_fk` (`creatorId`),
  KEY `craft_entrydrafts_locale_fk` (`locale`),
  CONSTRAINT `craft_entrydrafts_locale_fk` FOREIGN KEY (`locale`) REFERENCES `craft_locales` (`locale`) ON DELETE CASCADE ON UPDATE CASCADE,
  CONSTRAINT `craft_entrydrafts_creatorId_fk` FOREIGN KEY (`creatorId`) REFERENCES `craft_users` (`id`) ON DELETE CASCADE,
  CONSTRAINT `craft_entrydrafts_entryId_fk` FOREIGN KEY (`entryId`) REFERENCES `craft_entries` (`id`) ON DELETE CASCADE,
  CONSTRAINT `craft_entrydrafts_sectionId_fk` FOREIGN KEY (`sectionId`) REFERENCES `craft_sections` (`id`) ON DELETE CASCADE
) ENGINE=InnoDB DEFAULT CHARSET=utf8 COLLATE=utf8_unicode_ci;
/*!40101 SET character_set_client = @saved_cs_client */;

--
-- Dumping data for table `craft_entrydrafts`
--

LOCK TABLES `craft_entrydrafts` WRITE;
/*!40000 ALTER TABLE `craft_entrydrafts` DISABLE KEYS */;
/*!40000 ALTER TABLE `craft_entrydrafts` ENABLE KEYS */;
UNLOCK TABLES;

--
-- Table structure for table `craft_entrytypes`
--

DROP TABLE IF EXISTS `craft_entrytypes`;
/*!40101 SET @saved_cs_client     = @@character_set_client */;
/*!40101 SET character_set_client = utf8 */;
CREATE TABLE `craft_entrytypes` (
  `id` int(11) NOT NULL AUTO_INCREMENT,
  `sectionId` int(11) NOT NULL,
  `fieldLayoutId` int(11) DEFAULT NULL,
  `name` varchar(255) COLLATE utf8_unicode_ci NOT NULL,
  `handle` varchar(255) COLLATE utf8_unicode_ci NOT NULL,
  `hasTitleField` tinyint(1) unsigned NOT NULL DEFAULT '1',
  `titleLabel` varchar(255) COLLATE utf8_unicode_ci DEFAULT 'Title',
  `titleFormat` varchar(255) COLLATE utf8_unicode_ci DEFAULT NULL,
  `sortOrder` tinyint(4) DEFAULT NULL,
  `dateCreated` datetime NOT NULL,
  `dateUpdated` datetime NOT NULL,
  `uid` char(36) COLLATE utf8_unicode_ci NOT NULL DEFAULT '0',
  PRIMARY KEY (`id`),
  UNIQUE KEY `craft_entrytypes_name_sectionId_unq_idx` (`name`,`sectionId`),
  UNIQUE KEY `craft_entrytypes_handle_sectionId_unq_idx` (`handle`,`sectionId`),
  KEY `craft_entrytypes_sectionId_fk` (`sectionId`),
  KEY `craft_entrytypes_fieldLayoutId_fk` (`fieldLayoutId`),
  CONSTRAINT `craft_entrytypes_fieldLayoutId_fk` FOREIGN KEY (`fieldLayoutId`) REFERENCES `craft_fieldlayouts` (`id`) ON DELETE SET NULL,
  CONSTRAINT `craft_entrytypes_sectionId_fk` FOREIGN KEY (`sectionId`) REFERENCES `craft_sections` (`id`) ON DELETE CASCADE
) ENGINE=InnoDB AUTO_INCREMENT=3 DEFAULT CHARSET=utf8 COLLATE=utf8_unicode_ci;
/*!40101 SET character_set_client = @saved_cs_client */;

--
-- Dumping data for table `craft_entrytypes`
--

LOCK TABLES `craft_entrytypes` WRITE;
/*!40000 ALTER TABLE `craft_entrytypes` DISABLE KEYS */;
INSERT INTO `craft_entrytypes` VALUES (1,1,3,'Homepage','homepage',1,'Title',NULL,NULL,'2015-01-25 16:17:44','2015-01-25 16:17:44','25e1a8ed-5241-4118-9128-0268e146b99b'),(2,2,5,'News','news',1,'Title',NULL,NULL,'2015-01-25 16:17:44','2015-01-25 16:17:44','ff95f25a-fe59-45af-a525-9bba3cef8ab2');
/*!40000 ALTER TABLE `craft_entrytypes` ENABLE KEYS */;
UNLOCK TABLES;

--
-- Table structure for table `craft_entryversions`
--

DROP TABLE IF EXISTS `craft_entryversions`;
/*!40101 SET @saved_cs_client     = @@character_set_client */;
/*!40101 SET character_set_client = utf8 */;
CREATE TABLE `craft_entryversions` (
  `id` int(11) NOT NULL AUTO_INCREMENT,
  `entryId` int(11) NOT NULL,
  `sectionId` int(11) NOT NULL,
  `creatorId` int(11) DEFAULT NULL,
  `locale` char(12) COLLATE utf8_unicode_ci NOT NULL,
  `num` smallint(6) unsigned NOT NULL,
  `notes` tinytext COLLATE utf8_unicode_ci,
  `data` mediumtext COLLATE utf8_unicode_ci NOT NULL,
  `dateCreated` datetime NOT NULL,
  `dateUpdated` datetime NOT NULL,
  `uid` char(36) COLLATE utf8_unicode_ci NOT NULL DEFAULT '0',
  PRIMARY KEY (`id`),
  KEY `craft_entryversions_entryId_locale_idx` (`entryId`,`locale`),
  KEY `craft_entryversions_sectionId_fk` (`sectionId`),
  KEY `craft_entryversions_creatorId_fk` (`creatorId`),
  KEY `craft_entryversions_locale_fk` (`locale`),
  CONSTRAINT `craft_entryversions_locale_fk` FOREIGN KEY (`locale`) REFERENCES `craft_locales` (`locale`) ON DELETE CASCADE ON UPDATE CASCADE,
  CONSTRAINT `craft_entryversions_creatorId_fk` FOREIGN KEY (`creatorId`) REFERENCES `craft_users` (`id`) ON DELETE SET NULL,
  CONSTRAINT `craft_entryversions_entryId_fk` FOREIGN KEY (`entryId`) REFERENCES `craft_entries` (`id`) ON DELETE CASCADE,
  CONSTRAINT `craft_entryversions_sectionId_fk` FOREIGN KEY (`sectionId`) REFERENCES `craft_sections` (`id`) ON DELETE CASCADE
) ENGINE=InnoDB DEFAULT CHARSET=utf8 COLLATE=utf8_unicode_ci;
/*!40101 SET character_set_client = @saved_cs_client */;

--
-- Dumping data for table `craft_entryversions`
--

LOCK TABLES `craft_entryversions` WRITE;
/*!40000 ALTER TABLE `craft_entryversions` DISABLE KEYS */;
/*!40000 ALTER TABLE `craft_entryversions` ENABLE KEYS */;
UNLOCK TABLES;

--
-- Table structure for table `craft_fieldgroups`
--

DROP TABLE IF EXISTS `craft_fieldgroups`;
/*!40101 SET @saved_cs_client     = @@character_set_client */;
/*!40101 SET character_set_client = utf8 */;
CREATE TABLE `craft_fieldgroups` (
  `id` int(11) NOT NULL AUTO_INCREMENT,
  `name` varchar(255) COLLATE utf8_unicode_ci NOT NULL,
  `dateCreated` datetime NOT NULL,
  `dateUpdated` datetime NOT NULL,
  `uid` char(36) COLLATE utf8_unicode_ci NOT NULL DEFAULT '0',
  PRIMARY KEY (`id`),
  UNIQUE KEY `craft_fieldgroups_name_unq_idx` (`name`)
) ENGINE=InnoDB AUTO_INCREMENT=2 DEFAULT CHARSET=utf8 COLLATE=utf8_unicode_ci;
/*!40101 SET character_set_client = @saved_cs_client */;

--
-- Dumping data for table `craft_fieldgroups`
--

LOCK TABLES `craft_fieldgroups` WRITE;
/*!40000 ALTER TABLE `craft_fieldgroups` DISABLE KEYS */;
INSERT INTO `craft_fieldgroups` VALUES (1,'Default','2015-01-25 16:17:44','2015-01-25 16:17:44','c6c908d5-ef19-499b-a679-642de3e7660e');
/*!40000 ALTER TABLE `craft_fieldgroups` ENABLE KEYS */;
UNLOCK TABLES;

--
-- Table structure for table `craft_fieldlayoutfields`
--

DROP TABLE IF EXISTS `craft_fieldlayoutfields`;
/*!40101 SET @saved_cs_client     = @@character_set_client */;
/*!40101 SET character_set_client = utf8 */;
CREATE TABLE `craft_fieldlayoutfields` (
  `id` int(11) NOT NULL AUTO_INCREMENT,
  `layoutId` int(11) NOT NULL,
  `tabId` int(11) NOT NULL,
  `fieldId` int(11) NOT NULL,
  `required` tinyint(1) unsigned NOT NULL DEFAULT '0',
  `sortOrder` tinyint(4) DEFAULT NULL,
  `dateCreated` datetime NOT NULL,
  `dateUpdated` datetime NOT NULL,
  `uid` char(36) COLLATE utf8_unicode_ci NOT NULL DEFAULT '0',
  PRIMARY KEY (`id`),
  UNIQUE KEY `craft_fieldlayoutfields_layoutId_fieldId_unq_idx` (`layoutId`,`fieldId`),
  KEY `craft_fieldlayoutfields_sortOrder_idx` (`sortOrder`),
  KEY `craft_fieldlayoutfields_tabId_fk` (`tabId`),
  KEY `craft_fieldlayoutfields_fieldId_fk` (`fieldId`),
  CONSTRAINT `craft_fieldlayoutfields_fieldId_fk` FOREIGN KEY (`fieldId`) REFERENCES `craft_fields` (`id`) ON DELETE CASCADE,
  CONSTRAINT `craft_fieldlayoutfields_layoutId_fk` FOREIGN KEY (`layoutId`) REFERENCES `craft_fieldlayouts` (`id`) ON DELETE CASCADE,
  CONSTRAINT `craft_fieldlayoutfields_tabId_fk` FOREIGN KEY (`tabId`) REFERENCES `craft_fieldlayouttabs` (`id`) ON DELETE CASCADE
) ENGINE=InnoDB AUTO_INCREMENT=4 DEFAULT CHARSET=utf8 COLLATE=utf8_unicode_ci;
/*!40101 SET character_set_client = @saved_cs_client */;

--
-- Dumping data for table `craft_fieldlayoutfields`
--

LOCK TABLES `craft_fieldlayoutfields` WRITE;
/*!40000 ALTER TABLE `craft_fieldlayoutfields` DISABLE KEYS */;
INSERT INTO `craft_fieldlayoutfields` VALUES (1,3,1,1,1,1,'2015-01-25 16:17:44','2015-01-25 16:17:44','a2dc124c-cf6c-4228-bb56-41113079b343'),(2,5,2,1,1,1,'2015-01-25 16:17:44','2015-01-25 16:17:44','6bb3d614-cc51-4bd5-8252-4344b240ff3b'),(3,5,2,2,0,2,'2015-01-25 16:17:44','2015-01-25 16:17:44','7026006e-f553-442a-b808-f84c7a9dcef9');
/*!40000 ALTER TABLE `craft_fieldlayoutfields` ENABLE KEYS */;
UNLOCK TABLES;

--
-- Table structure for table `craft_fieldlayouts`
--

DROP TABLE IF EXISTS `craft_fieldlayouts`;
/*!40101 SET @saved_cs_client     = @@character_set_client */;
/*!40101 SET character_set_client = utf8 */;
CREATE TABLE `craft_fieldlayouts` (
  `id` int(11) NOT NULL AUTO_INCREMENT,
  `type` varchar(150) COLLATE utf8_unicode_ci NOT NULL,
  `dateCreated` datetime NOT NULL,
  `dateUpdated` datetime NOT NULL,
  `uid` char(36) COLLATE utf8_unicode_ci NOT NULL DEFAULT '0',
  PRIMARY KEY (`id`),
  KEY `craft_fieldlayouts_type_idx` (`type`)
) ENGINE=InnoDB AUTO_INCREMENT=6 DEFAULT CHARSET=utf8 COLLATE=utf8_unicode_ci;
/*!40101 SET character_set_client = @saved_cs_client */;

--
-- Dumping data for table `craft_fieldlayouts`
--

LOCK TABLES `craft_fieldlayouts` WRITE;
/*!40000 ALTER TABLE `craft_fieldlayouts` DISABLE KEYS */;
INSERT INTO `craft_fieldlayouts` VALUES (1,'Tag','2015-01-25 16:17:44','2015-01-25 16:17:44','0ff5712f-5691-40c6-8874-9e1fa8ef23d5'),(3,'Entry','2015-01-25 16:17:44','2015-01-25 16:17:44','bfd16a71-7dfe-436a-85ad-9305aeed50a2'),(5,'Entry','2015-01-25 16:17:44','2015-01-25 16:17:44','bd18b98b-5e8f-4a1c-9f47-483383fe544a');
/*!40000 ALTER TABLE `craft_fieldlayouts` ENABLE KEYS */;
UNLOCK TABLES;

--
-- Table structure for table `craft_fieldlayouttabs`
--

DROP TABLE IF EXISTS `craft_fieldlayouttabs`;
/*!40101 SET @saved_cs_client     = @@character_set_client */;
/*!40101 SET character_set_client = utf8 */;
CREATE TABLE `craft_fieldlayouttabs` (
  `id` int(11) NOT NULL AUTO_INCREMENT,
  `layoutId` int(11) NOT NULL,
  `name` varchar(255) COLLATE utf8_unicode_ci NOT NULL,
  `sortOrder` tinyint(4) DEFAULT NULL,
  `dateCreated` datetime NOT NULL,
  `dateUpdated` datetime NOT NULL,
  `uid` char(36) COLLATE utf8_unicode_ci NOT NULL DEFAULT '0',
  PRIMARY KEY (`id`),
  KEY `craft_fieldlayouttabs_sortOrder_idx` (`sortOrder`),
  KEY `craft_fieldlayouttabs_layoutId_fk` (`layoutId`),
  CONSTRAINT `craft_fieldlayouttabs_layoutId_fk` FOREIGN KEY (`layoutId`) REFERENCES `craft_fieldlayouts` (`id`) ON DELETE CASCADE
) ENGINE=InnoDB AUTO_INCREMENT=3 DEFAULT CHARSET=utf8 COLLATE=utf8_unicode_ci;
/*!40101 SET character_set_client = @saved_cs_client */;

--
-- Dumping data for table `craft_fieldlayouttabs`
--

LOCK TABLES `craft_fieldlayouttabs` WRITE;
/*!40000 ALTER TABLE `craft_fieldlayouttabs` DISABLE KEYS */;
INSERT INTO `craft_fieldlayouttabs` VALUES (1,3,'Content',1,'2015-01-25 16:17:44','2015-01-25 16:17:44','f3c9a563-40b1-42d2-ac33-cd79d9d991f8'),(2,5,'Content',1,'2015-01-25 16:17:44','2015-01-25 16:17:44','d3fbe061-02aa-43a0-8e5c-3c1c591a54ae');
/*!40000 ALTER TABLE `craft_fieldlayouttabs` ENABLE KEYS */;
UNLOCK TABLES;

--
-- Table structure for table `craft_fields`
--

DROP TABLE IF EXISTS `craft_fields`;
/*!40101 SET @saved_cs_client     = @@character_set_client */;
/*!40101 SET character_set_client = utf8 */;
CREATE TABLE `craft_fields` (
  `id` int(11) NOT NULL AUTO_INCREMENT,
  `groupId` int(11) DEFAULT NULL,
  `name` varchar(255) COLLATE utf8_unicode_ci NOT NULL,
  `handle` varchar(58) COLLATE utf8_unicode_ci NOT NULL,
  `context` varchar(255) COLLATE utf8_unicode_ci NOT NULL DEFAULT 'global',
  `instructions` text COLLATE utf8_unicode_ci,
  `translatable` tinyint(1) unsigned NOT NULL DEFAULT '0',
  `type` varchar(150) COLLATE utf8_unicode_ci NOT NULL,
  `settings` text COLLATE utf8_unicode_ci,
  `dateCreated` datetime NOT NULL,
  `dateUpdated` datetime NOT NULL,
  `uid` char(36) COLLATE utf8_unicode_ci NOT NULL DEFAULT '0',
  PRIMARY KEY (`id`),
  UNIQUE KEY `craft_fields_handle_context_unq_idx` (`handle`,`context`),
  KEY `craft_fields_context_idx` (`context`),
  KEY `craft_fields_groupId_fk` (`groupId`),
  CONSTRAINT `craft_fields_groupId_fk` FOREIGN KEY (`groupId`) REFERENCES `craft_fieldgroups` (`id`) ON DELETE CASCADE
) ENGINE=InnoDB AUTO_INCREMENT=3 DEFAULT CHARSET=utf8 COLLATE=utf8_unicode_ci;
/*!40101 SET character_set_client = @saved_cs_client */;

--
-- Dumping data for table `craft_fields`
--

LOCK TABLES `craft_fields` WRITE;
/*!40000 ALTER TABLE `craft_fields` DISABLE KEYS */;
INSERT INTO `craft_fields` VALUES (1,1,'Body','body','global',NULL,1,'RichText','{\"configFile\":\"Standard.json\",\"columnType\":\"text\"}','2015-01-25 16:17:44','2015-01-25 16:17:44','3e60a341-571b-4f7a-be1a-da12d58d7c66'),(2,1,'Tags','tags','global',NULL,0,'Tags','{\"source\":\"taggroup:1\"}','2015-01-25 16:17:44','2015-01-25 16:17:44','d3d135ab-238d-46b4-ab16-e2ce4d1bd879');
/*!40000 ALTER TABLE `craft_fields` ENABLE KEYS */;
UNLOCK TABLES;

--
-- Table structure for table `craft_globalsets`
--

DROP TABLE IF EXISTS `craft_globalsets`;
/*!40101 SET @saved_cs_client     = @@character_set_client */;
/*!40101 SET character_set_client = utf8 */;
CREATE TABLE `craft_globalsets` (
  `id` int(11) NOT NULL,
  `name` varchar(255) COLLATE utf8_unicode_ci NOT NULL,
  `handle` varchar(255) COLLATE utf8_unicode_ci NOT NULL,
  `fieldLayoutId` int(10) DEFAULT NULL,
  `dateCreated` datetime NOT NULL,
  `dateUpdated` datetime NOT NULL,
  `uid` char(36) COLLATE utf8_unicode_ci NOT NULL DEFAULT '0',
  PRIMARY KEY (`id`),
  UNIQUE KEY `craft_globalsets_name_unq_idx` (`name`),
  UNIQUE KEY `craft_globalsets_handle_unq_idx` (`handle`),
  KEY `craft_globalsets_fieldLayoutId_fk` (`fieldLayoutId`),
  CONSTRAINT `craft_globalsets_fieldLayoutId_fk` FOREIGN KEY (`fieldLayoutId`) REFERENCES `craft_fieldlayouts` (`id`) ON DELETE SET NULL,
  CONSTRAINT `craft_globalsets_id_fk` FOREIGN KEY (`id`) REFERENCES `craft_elements` (`id`) ON DELETE CASCADE
) ENGINE=InnoDB DEFAULT CHARSET=utf8 COLLATE=utf8_unicode_ci;
/*!40101 SET character_set_client = @saved_cs_client */;

--
-- Dumping data for table `craft_globalsets`
--

LOCK TABLES `craft_globalsets` WRITE;
/*!40000 ALTER TABLE `craft_globalsets` DISABLE KEYS */;
/*!40000 ALTER TABLE `craft_globalsets` ENABLE KEYS */;
UNLOCK TABLES;

--
-- Table structure for table `craft_info`
--

DROP TABLE IF EXISTS `craft_info`;
/*!40101 SET @saved_cs_client     = @@character_set_client */;
/*!40101 SET character_set_client = utf8 */;
CREATE TABLE `craft_info` (
  `id` int(11) NOT NULL AUTO_INCREMENT,
  `version` varchar(15) COLLATE utf8_unicode_ci NOT NULL,
  `build` int(11) unsigned NOT NULL,
  `schemaVersion` varchar(15) COLLATE utf8_unicode_ci NOT NULL,
  `releaseDate` datetime NOT NULL,
  `edition` tinyint(1) unsigned NOT NULL DEFAULT '0',
  `siteName` varchar(100) COLLATE utf8_unicode_ci NOT NULL,
  `siteUrl` varchar(255) COLLATE utf8_unicode_ci NOT NULL,
  `timezone` varchar(30) COLLATE utf8_unicode_ci DEFAULT NULL,
  `on` tinyint(1) unsigned NOT NULL DEFAULT '0',
  `maintenance` tinyint(1) unsigned NOT NULL DEFAULT '0',
  `track` varchar(40) COLLATE utf8_unicode_ci NOT NULL,
  `dateCreated` datetime NOT NULL,
  `dateUpdated` datetime NOT NULL,
  `uid` char(36) COLLATE utf8_unicode_ci NOT NULL DEFAULT '0',
  PRIMARY KEY (`id`)
) ENGINE=InnoDB AUTO_INCREMENT=2 DEFAULT CHARSET=utf8 COLLATE=utf8_unicode_ci;
/*!40101 SET character_set_client = @saved_cs_client */;

--
-- Dumping data for table `craft_info`
--

LOCK TABLES `craft_info` WRITE;
/*!40000 ALTER TABLE `craft_info` DISABLE KEYS */;
INSERT INTO `craft_info` VALUES (1,'2.3',2625,'2.3.1','2015-01-06 22:37:09',0,'The Gathering Place','http://tgp.d-i.co','UTC',1,0,'stable','2015-01-25 16:17:42','2015-01-25 16:17:42','45e20c88-e795-4f82-ad32-2a41d022f7df');
/*!40000 ALTER TABLE `craft_info` ENABLE KEYS */;
UNLOCK TABLES;

--
-- Table structure for table `craft_locales`
--

DROP TABLE IF EXISTS `craft_locales`;
/*!40101 SET @saved_cs_client     = @@character_set_client */;
/*!40101 SET character_set_client = utf8 */;
CREATE TABLE `craft_locales` (
  `locale` char(12) COLLATE utf8_unicode_ci NOT NULL,
  `sortOrder` tinyint(4) DEFAULT NULL,
  `dateCreated` datetime NOT NULL,
  `dateUpdated` datetime NOT NULL,
  `uid` char(36) COLLATE utf8_unicode_ci NOT NULL DEFAULT '0',
  PRIMARY KEY (`locale`),
  KEY `craft_locales_sortOrder_idx` (`sortOrder`)
) ENGINE=InnoDB DEFAULT CHARSET=utf8 COLLATE=utf8_unicode_ci;
/*!40101 SET character_set_client = @saved_cs_client */;

--
-- Dumping data for table `craft_locales`
--

LOCK TABLES `craft_locales` WRITE;
/*!40000 ALTER TABLE `craft_locales` DISABLE KEYS */;
INSERT INTO `craft_locales` VALUES ('en_us',1,'2015-01-25 16:17:43','2015-01-25 16:17:43','d2477640-6250-476d-8623-1d2ff5105d35');
/*!40000 ALTER TABLE `craft_locales` ENABLE KEYS */;
UNLOCK TABLES;

--
-- Table structure for table `craft_matrixblocks`
--

DROP TABLE IF EXISTS `craft_matrixblocks`;
/*!40101 SET @saved_cs_client     = @@character_set_client */;
/*!40101 SET character_set_client = utf8 */;
CREATE TABLE `craft_matrixblocks` (
  `id` int(11) NOT NULL,
  `ownerId` int(11) NOT NULL,
  `fieldId` int(11) NOT NULL,
  `typeId` int(11) DEFAULT NULL,
  `sortOrder` tinyint(4) DEFAULT NULL,
  `ownerLocale` char(12) COLLATE utf8_unicode_ci DEFAULT NULL,
  `dateCreated` datetime NOT NULL,
  `dateUpdated` datetime NOT NULL,
  `uid` char(36) COLLATE utf8_unicode_ci NOT NULL DEFAULT '0',
  PRIMARY KEY (`id`),
  KEY `craft_matrixblocks_ownerId_idx` (`ownerId`),
  KEY `craft_matrixblocks_fieldId_idx` (`fieldId`),
  KEY `craft_matrixblocks_typeId_idx` (`typeId`),
  KEY `craft_matrixblocks_sortOrder_idx` (`sortOrder`),
  KEY `craft_matrixblocks_ownerLocale_fk` (`ownerLocale`),
  CONSTRAINT `craft_matrixblocks_typeId_fk` FOREIGN KEY (`typeId`) REFERENCES `craft_matrixblocktypes` (`id`) ON DELETE CASCADE,
  CONSTRAINT `craft_matrixblocks_fieldId_fk` FOREIGN KEY (`fieldId`) REFERENCES `craft_fields` (`id`) ON DELETE CASCADE,
  CONSTRAINT `craft_matrixblocks_id_fk` FOREIGN KEY (`id`) REFERENCES `craft_elements` (`id`) ON DELETE CASCADE,
  CONSTRAINT `craft_matrixblocks_ownerId_fk` FOREIGN KEY (`ownerId`) REFERENCES `craft_elements` (`id`) ON DELETE CASCADE,
  CONSTRAINT `craft_matrixblocks_ownerLocale_fk` FOREIGN KEY (`ownerLocale`) REFERENCES `craft_locales` (`locale`) ON DELETE CASCADE ON UPDATE CASCADE
) ENGINE=InnoDB DEFAULT CHARSET=utf8 COLLATE=utf8_unicode_ci;
/*!40101 SET character_set_client = @saved_cs_client */;

--
-- Dumping data for table `craft_matrixblocks`
--

LOCK TABLES `craft_matrixblocks` WRITE;
/*!40000 ALTER TABLE `craft_matrixblocks` DISABLE KEYS */;
/*!40000 ALTER TABLE `craft_matrixblocks` ENABLE KEYS */;
UNLOCK TABLES;

--
-- Table structure for table `craft_matrixblocktypes`
--

DROP TABLE IF EXISTS `craft_matrixblocktypes`;
/*!40101 SET @saved_cs_client     = @@character_set_client */;
/*!40101 SET character_set_client = utf8 */;
CREATE TABLE `craft_matrixblocktypes` (
  `id` int(11) NOT NULL AUTO_INCREMENT,
  `fieldId` int(11) NOT NULL,
  `fieldLayoutId` int(11) DEFAULT NULL,
  `name` varchar(255) COLLATE utf8_unicode_ci NOT NULL,
  `handle` varchar(255) COLLATE utf8_unicode_ci NOT NULL,
  `sortOrder` tinyint(4) DEFAULT NULL,
  `dateCreated` datetime NOT NULL,
  `dateUpdated` datetime NOT NULL,
  `uid` char(36) COLLATE utf8_unicode_ci NOT NULL DEFAULT '0',
  PRIMARY KEY (`id`),
  UNIQUE KEY `craft_matrixblocktypes_name_fieldId_unq_idx` (`name`,`fieldId`),
  UNIQUE KEY `craft_matrixblocktypes_handle_fieldId_unq_idx` (`handle`,`fieldId`),
  KEY `craft_matrixblocktypes_fieldId_fk` (`fieldId`),
  KEY `craft_matrixblocktypes_fieldLayoutId_fk` (`fieldLayoutId`),
  CONSTRAINT `craft_matrixblocktypes_fieldLayoutId_fk` FOREIGN KEY (`fieldLayoutId`) REFERENCES `craft_fieldlayouts` (`id`) ON DELETE SET NULL,
  CONSTRAINT `craft_matrixblocktypes_fieldId_fk` FOREIGN KEY (`fieldId`) REFERENCES `craft_fields` (`id`) ON DELETE CASCADE
) ENGINE=InnoDB DEFAULT CHARSET=utf8 COLLATE=utf8_unicode_ci;
/*!40101 SET character_set_client = @saved_cs_client */;

--
-- Dumping data for table `craft_matrixblocktypes`
--

LOCK TABLES `craft_matrixblocktypes` WRITE;
/*!40000 ALTER TABLE `craft_matrixblocktypes` DISABLE KEYS */;
/*!40000 ALTER TABLE `craft_matrixblocktypes` ENABLE KEYS */;
UNLOCK TABLES;

--
-- Table structure for table `craft_migrations`
--

DROP TABLE IF EXISTS `craft_migrations`;
/*!40101 SET @saved_cs_client     = @@character_set_client */;
/*!40101 SET character_set_client = utf8 */;
CREATE TABLE `craft_migrations` (
  `id` int(11) NOT NULL AUTO_INCREMENT,
  `pluginId` int(11) DEFAULT NULL,
  `version` varchar(255) COLLATE utf8_unicode_ci NOT NULL,
  `applyTime` datetime NOT NULL,
  `dateCreated` datetime NOT NULL,
  `dateUpdated` datetime NOT NULL,
  `uid` char(36) COLLATE utf8_unicode_ci NOT NULL DEFAULT '0',
  PRIMARY KEY (`id`),
  UNIQUE KEY `craft_migrations_version_unq_idx` (`version`),
  KEY `craft_migrations_pluginId_fk` (`pluginId`),
  CONSTRAINT `craft_migrations_pluginId_fk` FOREIGN KEY (`pluginId`) REFERENCES `craft_plugins` (`id`) ON DELETE CASCADE
) ENGINE=InnoDB AUTO_INCREMENT=15 DEFAULT CHARSET=utf8 COLLATE=utf8_unicode_ci;
/*!40101 SET character_set_client = @saved_cs_client */;

--
-- Dumping data for table `craft_migrations`
--

LOCK TABLES `craft_migrations` WRITE;
/*!40000 ALTER TABLE `craft_migrations` DISABLE KEYS */;
INSERT INTO `craft_migrations` VALUES (1,NULL,'m000000_000000_base','2015-01-25 16:17:42','2015-01-25 16:17:42','2015-01-25 16:17:42','413d36ca-f91b-4629-af64-e7285726838b'),(2,NULL,'m140730_000001_add_filename_and_format_to_transformindex','2015-01-25 16:17:42','2015-01-25 16:17:42','2015-01-25 16:17:42','d6409c1b-5f22-4302-962d-4d4d1727d62e'),(3,NULL,'m140815_000001_add_format_to_transforms','2015-01-25 16:17:42','2015-01-25 16:17:43','2015-01-25 16:17:43','8f6cdc7d-01e6-4ed7-8201-21f3458f2178'),(4,NULL,'m140822_000001_allow_more_than_128_items_per_field','2015-01-25 16:17:42','2015-01-25 16:17:43','2015-01-25 16:17:43','01a4735d-aa7a-4b2a-b443-fc8770078d77'),(5,NULL,'m140829_000001_single_title_formats','2015-01-25 16:17:42','2015-01-25 16:17:43','2015-01-25 16:17:43','7f7daa8f-3334-4529-9428-0d38b1c288e6'),(6,NULL,'m140831_000001_extended_cache_keys','2015-01-25 16:17:42','2015-01-25 16:17:43','2015-01-25 16:17:43','ccb16e0f-5634-4d0e-b80f-b22658a05b27'),(7,NULL,'m140922_000001_delete_orphaned_matrix_blocks','2015-01-25 16:17:42','2015-01-25 16:17:43','2015-01-25 16:17:43','81ee3172-b79c-4d84-b4a0-f376bee2191f'),(8,NULL,'m141008_000001_elements_index_tune','2015-01-25 16:17:42','2015-01-25 16:17:43','2015-01-25 16:17:43','b9c1d8eb-635d-426e-829e-98bd9e5bbc41'),(9,NULL,'m141009_000001_assets_source_handle','2015-01-25 16:17:42','2015-01-25 16:17:43','2015-01-25 16:17:43','d5cdaaca-6416-40ce-a6f8-4b04e36cb370'),(10,NULL,'m141024_000001_field_layout_tabs','2015-01-25 16:17:42','2015-01-25 16:17:43','2015-01-25 16:17:43','8fc9c534-30c1-4d35-82c6-0730dbc39d33'),(11,NULL,'m141030_000001_drop_structure_move_permission','2015-01-25 16:17:42','2015-01-25 16:17:43','2015-01-25 16:17:43','94a487ac-fae1-47ff-bd0c-651b4dcbaade'),(12,NULL,'m141103_000001_tag_titles','2015-01-25 16:17:42','2015-01-25 16:17:43','2015-01-25 16:17:43','8fc87e7c-48c5-41fc-a0ba-941967a87ba7'),(13,NULL,'m141109_000001_user_status_shuffle','2015-01-25 16:17:42','2015-01-25 16:17:43','2015-01-25 16:17:43','3779d525-6c7f-4681-b6c8-d4feb0f36901'),(14,NULL,'m141126_000001_user_week_start_day','2015-01-25 16:17:42','2015-01-25 16:17:43','2015-01-25 16:17:43','0e79f2ae-b9d7-4eea-a9cd-a5c65e389378');
/*!40000 ALTER TABLE `craft_migrations` ENABLE KEYS */;
UNLOCK TABLES;

--
-- Table structure for table `craft_plugins`
--

DROP TABLE IF EXISTS `craft_plugins`;
/*!40101 SET @saved_cs_client     = @@character_set_client */;
/*!40101 SET character_set_client = utf8 */;
CREATE TABLE `craft_plugins` (
  `id` int(11) NOT NULL AUTO_INCREMENT,
  `class` varchar(150) COLLATE utf8_unicode_ci NOT NULL,
  `version` char(15) COLLATE utf8_unicode_ci NOT NULL,
  `enabled` tinyint(1) unsigned NOT NULL DEFAULT '0',
  `settings` text COLLATE utf8_unicode_ci,
  `installDate` datetime NOT NULL,
  `dateCreated` datetime NOT NULL,
  `dateUpdated` datetime NOT NULL,
  `uid` char(36) COLLATE utf8_unicode_ci NOT NULL DEFAULT '0',
  PRIMARY KEY (`id`)
) ENGINE=InnoDB DEFAULT CHARSET=utf8 COLLATE=utf8_unicode_ci;
/*!40101 SET character_set_client = @saved_cs_client */;

--
-- Dumping data for table `craft_plugins`
--

LOCK TABLES `craft_plugins` WRITE;
/*!40000 ALTER TABLE `craft_plugins` DISABLE KEYS */;
/*!40000 ALTER TABLE `craft_plugins` ENABLE KEYS */;
UNLOCK TABLES;

--
-- Table structure for table `craft_rackspaceaccess`
--

DROP TABLE IF EXISTS `craft_rackspaceaccess`;
/*!40101 SET @saved_cs_client     = @@character_set_client */;
/*!40101 SET character_set_client = utf8 */;
CREATE TABLE `craft_rackspaceaccess` (
  `id` int(11) NOT NULL AUTO_INCREMENT,
  `connectionKey` varchar(255) COLLATE utf8_unicode_ci NOT NULL,
  `token` varchar(255) COLLATE utf8_unicode_ci NOT NULL,
  `storageUrl` varchar(255) COLLATE utf8_unicode_ci NOT NULL,
  `cdnUrl` varchar(255) COLLATE utf8_unicode_ci NOT NULL,
  `dateCreated` datetime NOT NULL,
  `dateUpdated` datetime NOT NULL,
  `uid` char(36) COLLATE utf8_unicode_ci NOT NULL DEFAULT '0',
  PRIMARY KEY (`id`),
  UNIQUE KEY `craft_rackspaceaccess_connectionKey_unq_idx` (`connectionKey`)
) ENGINE=InnoDB DEFAULT CHARSET=utf8 COLLATE=utf8_unicode_ci;
/*!40101 SET character_set_client = @saved_cs_client */;

--
-- Dumping data for table `craft_rackspaceaccess`
--

LOCK TABLES `craft_rackspaceaccess` WRITE;
/*!40000 ALTER TABLE `craft_rackspaceaccess` DISABLE KEYS */;
/*!40000 ALTER TABLE `craft_rackspaceaccess` ENABLE KEYS */;
UNLOCK TABLES;

--
-- Table structure for table `craft_relations`
--

DROP TABLE IF EXISTS `craft_relations`;
/*!40101 SET @saved_cs_client     = @@character_set_client */;
/*!40101 SET character_set_client = utf8 */;
CREATE TABLE `craft_relations` (
  `id` int(11) NOT NULL AUTO_INCREMENT,
  `fieldId` int(11) NOT NULL,
  `sourceId` int(11) NOT NULL,
  `sourceLocale` char(12) COLLATE utf8_unicode_ci DEFAULT NULL,
  `targetId` int(11) NOT NULL,
  `sortOrder` smallint(6) DEFAULT NULL,
  `dateCreated` datetime NOT NULL,
  `dateUpdated` datetime NOT NULL,
  `uid` char(36) COLLATE utf8_unicode_ci NOT NULL DEFAULT '0',
  PRIMARY KEY (`id`),
  UNIQUE KEY `craft_relations_fieldId_sourceId_sourceLocale_targetId_unq_idx` (`fieldId`,`sourceId`,`sourceLocale`,`targetId`),
  KEY `craft_relations_sourceId_fk` (`sourceId`),
  KEY `craft_relations_sourceLocale_fk` (`sourceLocale`),
  KEY `craft_relations_targetId_fk` (`targetId`),
  CONSTRAINT `craft_relations_targetId_fk` FOREIGN KEY (`targetId`) REFERENCES `craft_elements` (`id`) ON DELETE CASCADE,
  CONSTRAINT `craft_relations_fieldId_fk` FOREIGN KEY (`fieldId`) REFERENCES `craft_fields` (`id`) ON DELETE CASCADE,
  CONSTRAINT `craft_relations_sourceId_fk` FOREIGN KEY (`sourceId`) REFERENCES `craft_elements` (`id`) ON DELETE CASCADE,
  CONSTRAINT `craft_relations_sourceLocale_fk` FOREIGN KEY (`sourceLocale`) REFERENCES `craft_locales` (`locale`) ON DELETE CASCADE ON UPDATE CASCADE
) ENGINE=InnoDB DEFAULT CHARSET=utf8 COLLATE=utf8_unicode_ci;
/*!40101 SET character_set_client = @saved_cs_client */;

--
-- Dumping data for table `craft_relations`
--

LOCK TABLES `craft_relations` WRITE;
/*!40000 ALTER TABLE `craft_relations` DISABLE KEYS */;
/*!40000 ALTER TABLE `craft_relations` ENABLE KEYS */;
UNLOCK TABLES;

--
-- Table structure for table `craft_routes`
--

DROP TABLE IF EXISTS `craft_routes`;
/*!40101 SET @saved_cs_client     = @@character_set_client */;
/*!40101 SET character_set_client = utf8 */;
CREATE TABLE `craft_routes` (
  `id` int(11) NOT NULL AUTO_INCREMENT,
  `locale` char(12) COLLATE utf8_unicode_ci DEFAULT NULL,
  `urlParts` varchar(255) COLLATE utf8_unicode_ci NOT NULL,
  `urlPattern` varchar(255) COLLATE utf8_unicode_ci NOT NULL,
  `template` varchar(255) COLLATE utf8_unicode_ci NOT NULL,
  `sortOrder` tinyint(4) DEFAULT NULL,
  `dateCreated` datetime NOT NULL,
  `dateUpdated` datetime NOT NULL,
  `uid` char(36) COLLATE utf8_unicode_ci NOT NULL DEFAULT '0',
  PRIMARY KEY (`id`),
  UNIQUE KEY `craft_routes_urlPattern_unq_idx` (`urlPattern`),
  KEY `craft_routes_locale_idx` (`locale`),
  CONSTRAINT `craft_routes_locale_fk` FOREIGN KEY (`locale`) REFERENCES `craft_locales` (`locale`) ON DELETE CASCADE ON UPDATE CASCADE
) ENGINE=InnoDB DEFAULT CHARSET=utf8 COLLATE=utf8_unicode_ci;
/*!40101 SET character_set_client = @saved_cs_client */;

--
-- Dumping data for table `craft_routes`
--

LOCK TABLES `craft_routes` WRITE;
/*!40000 ALTER TABLE `craft_routes` DISABLE KEYS */;
/*!40000 ALTER TABLE `craft_routes` ENABLE KEYS */;
UNLOCK TABLES;

--
-- Table structure for table `craft_searchindex`
--

DROP TABLE IF EXISTS `craft_searchindex`;
/*!40101 SET @saved_cs_client     = @@character_set_client */;
/*!40101 SET character_set_client = utf8 */;
CREATE TABLE `craft_searchindex` (
  `elementId` int(11) NOT NULL,
  `attribute` varchar(25) COLLATE utf8_unicode_ci NOT NULL,
  `fieldId` int(11) NOT NULL,
  `locale` char(12) COLLATE utf8_unicode_ci NOT NULL,
  `keywords` text COLLATE utf8_unicode_ci NOT NULL,
  PRIMARY KEY (`elementId`,`attribute`,`fieldId`,`locale`),
  FULLTEXT KEY `craft_searchindex_keywords_idx` (`keywords`)
) ENGINE=MyISAM DEFAULT CHARSET=utf8 COLLATE=utf8_unicode_ci;
/*!40101 SET character_set_client = @saved_cs_client */;

--
-- Dumping data for table `craft_searchindex`
--

LOCK TABLES `craft_searchindex` WRITE;
/*!40000 ALTER TABLE `craft_searchindex` DISABLE KEYS */;
INSERT INTO `craft_searchindex` VALUES (1,'username',0,'en_us',' thegatheringplaceadmin '),(1,'firstname',0,'en_us',''),(1,'lastname',0,'en_us',''),(1,'fullname',0,'en_us',''),(1,'email',0,'en_us',' branden d i co '),(1,'slug',0,'en_us',''),(2,'field',1,'en_us',' it s true this site doesn t have a whole lot of content yet but don t worry our web developers have just installed the cms and they re setting things up for the content editors this very moment soon tgp d i co will be an oasis of fresh perspectives sharp analyses and astute opinions that will keep you coming back again and again '),(2,'slug',0,'en_us',' homepage '),(2,'title',0,'en_us',' welcome to tgp d i co '),(3,'field',1,'en_us',' craft is the cms that s powering tgp d i co it s beautiful powerful flexible and easy to use and it s made by pixel tonic we can t wait to dive in and see what it s capable of this is even more captivating content which you couldn t see on the news index page because it was entered after a page break and the news index template only likes to show the content on the first page craft a nice alternative to word if you re making a website '),(3,'field',2,'en_us',''),(3,'slug',0,'en_us',''),(3,'title',0,'en_us',' we just installed craft ');
/*!40000 ALTER TABLE `craft_searchindex` ENABLE KEYS */;
UNLOCK TABLES;

--
-- Table structure for table `craft_sections`
--

DROP TABLE IF EXISTS `craft_sections`;
/*!40101 SET @saved_cs_client     = @@character_set_client */;
/*!40101 SET character_set_client = utf8 */;
CREATE TABLE `craft_sections` (
  `id` int(11) NOT NULL AUTO_INCREMENT,
  `structureId` int(11) DEFAULT NULL,
  `name` varchar(255) COLLATE utf8_unicode_ci NOT NULL,
  `handle` varchar(255) COLLATE utf8_unicode_ci NOT NULL,
  `type` enum('single','channel','structure') COLLATE utf8_unicode_ci NOT NULL DEFAULT 'channel',
  `hasUrls` tinyint(1) unsigned NOT NULL DEFAULT '1',
  `template` varchar(500) COLLATE utf8_unicode_ci DEFAULT NULL,
  `enableVersioning` tinyint(1) unsigned NOT NULL DEFAULT '0',
  `dateCreated` datetime NOT NULL,
  `dateUpdated` datetime NOT NULL,
  `uid` char(36) COLLATE utf8_unicode_ci NOT NULL DEFAULT '0',
  PRIMARY KEY (`id`),
  UNIQUE KEY `craft_sections_name_unq_idx` (`name`),
  UNIQUE KEY `craft_sections_handle_unq_idx` (`handle`),
  KEY `craft_sections_structureId_fk` (`structureId`),
  CONSTRAINT `craft_sections_structureId_fk` FOREIGN KEY (`structureId`) REFERENCES `craft_structures` (`id`) ON DELETE SET NULL
) ENGINE=InnoDB AUTO_INCREMENT=3 DEFAULT CHARSET=utf8 COLLATE=utf8_unicode_ci;
/*!40101 SET character_set_client = @saved_cs_client */;

--
-- Dumping data for table `craft_sections`
--

LOCK TABLES `craft_sections` WRITE;
/*!40000 ALTER TABLE `craft_sections` DISABLE KEYS */;
INSERT INTO `craft_sections` VALUES (1,NULL,'Homepage','homepage','single',1,'index',1,'2015-01-25 16:17:44','2015-01-25 16:17:44','7f177e50-81ed-4caa-b939-33614d102797'),(2,NULL,'News','news','channel',1,'news/_entry',1,'2015-01-25 16:17:44','2015-01-25 16:17:44','01c35d1b-b6a9-4a42-9e86-4e951995b8d2');
/*!40000 ALTER TABLE `craft_sections` ENABLE KEYS */;
UNLOCK TABLES;

--
-- Table structure for table `craft_sections_i18n`
--

DROP TABLE IF EXISTS `craft_sections_i18n`;
/*!40101 SET @saved_cs_client     = @@character_set_client */;
/*!40101 SET character_set_client = utf8 */;
CREATE TABLE `craft_sections_i18n` (
  `id` int(11) NOT NULL AUTO_INCREMENT,
  `sectionId` int(11) NOT NULL,
  `locale` char(12) COLLATE utf8_unicode_ci NOT NULL,
  `enabledByDefault` tinyint(1) unsigned NOT NULL DEFAULT '1',
  `urlFormat` varchar(255) COLLATE utf8_unicode_ci DEFAULT NULL,
  `nestedUrlFormat` varchar(255) COLLATE utf8_unicode_ci DEFAULT NULL,
  `dateCreated` datetime NOT NULL,
  `dateUpdated` datetime NOT NULL,
  `uid` char(36) COLLATE utf8_unicode_ci NOT NULL DEFAULT '0',
  PRIMARY KEY (`id`),
  UNIQUE KEY `craft_sections_i18n_sectionId_locale_unq_idx` (`sectionId`,`locale`),
  KEY `craft_sections_i18n_locale_fk` (`locale`),
  CONSTRAINT `craft_sections_i18n_locale_fk` FOREIGN KEY (`locale`) REFERENCES `craft_locales` (`locale`) ON DELETE CASCADE ON UPDATE CASCADE,
  CONSTRAINT `craft_sections_i18n_sectionId_fk` FOREIGN KEY (`sectionId`) REFERENCES `craft_sections` (`id`) ON DELETE CASCADE
) ENGINE=InnoDB AUTO_INCREMENT=3 DEFAULT CHARSET=utf8 COLLATE=utf8_unicode_ci;
/*!40101 SET character_set_client = @saved_cs_client */;

--
-- Dumping data for table `craft_sections_i18n`
--

LOCK TABLES `craft_sections_i18n` WRITE;
/*!40000 ALTER TABLE `craft_sections_i18n` DISABLE KEYS */;
INSERT INTO `craft_sections_i18n` VALUES (1,1,'en_us',1,'__home__',NULL,'2015-01-25 16:17:44','2015-01-25 16:17:44','f8a9649b-87e0-492f-a22e-4a66f7359e47'),(2,2,'en_us',1,'news/{postDate.year}/{slug}',NULL,'2015-01-25 16:17:44','2015-01-25 16:17:44','53333681-3461-4c27-89e2-66df55e084ff');
/*!40000 ALTER TABLE `craft_sections_i18n` ENABLE KEYS */;
UNLOCK TABLES;

--
-- Table structure for table `craft_sessions`
--

DROP TABLE IF EXISTS `craft_sessions`;
/*!40101 SET @saved_cs_client     = @@character_set_client */;
/*!40101 SET character_set_client = utf8 */;
CREATE TABLE `craft_sessions` (
  `id` int(11) NOT NULL AUTO_INCREMENT,
  `userId` int(11) NOT NULL,
  `token` char(100) COLLATE utf8_unicode_ci NOT NULL,
  `dateCreated` datetime NOT NULL,
  `dateUpdated` datetime NOT NULL,
  `uid` char(36) COLLATE utf8_unicode_ci NOT NULL DEFAULT '0',
  PRIMARY KEY (`id`),
  KEY `craft_sessions_uid_idx` (`uid`),
  KEY `craft_sessions_token_idx` (`token`),
  KEY `craft_sessions_dateUpdated_idx` (`dateUpdated`),
  KEY `craft_sessions_userId_fk` (`userId`),
  CONSTRAINT `craft_sessions_userId_fk` FOREIGN KEY (`userId`) REFERENCES `craft_users` (`id`) ON DELETE CASCADE
) ENGINE=InnoDB AUTO_INCREMENT=4 DEFAULT CHARSET=utf8 COLLATE=utf8_unicode_ci;
/*!40101 SET character_set_client = @saved_cs_client */;

--
-- Dumping data for table `craft_sessions`
--

LOCK TABLES `craft_sessions` WRITE;
/*!40000 ALTER TABLE `craft_sessions` DISABLE KEYS */;
INSERT INTO `craft_sessions` VALUES (1,1,'96eb2456a3bd697ac5fb1dd7cc683b614ef37dd1czozNjoiMDg3OTcxZDctZWZlYi00YThhLTgwZTgtNDQwY2NkN2E0ZWI1Ijs=','2015-01-25 16:17:44','2015-01-25 16:17:44','ff74b52c-8529-4e4f-85ee-d80cad897a0d'),(2,1,'e83db3967e689f344955170425ab47bd17e488fcczozNjoiMDZmMDdkMzAtNWE5YS00ODVkLWFlNmQtNGE3OWI2NTYxNWVlIjs=','2015-01-25 17:51:04','2015-01-25 17:51:04','4448a462-73f6-463a-9719-f799ab284ff7'),(3,1,'ee1306d842f5ac9f140710d69737c082b32a92c4czozNjoiN2NhYzI2MmYtNGZmMi00YmZhLWE5MjUtYWZiYjhkZDUyZDc5Ijs=','2015-01-26 13:40:06','2015-01-26 13:40:06','1365cf48-f707-48d8-a899-04f22254cbd3');
/*!40000 ALTER TABLE `craft_sessions` ENABLE KEYS */;
UNLOCK TABLES;

--
-- Table structure for table `craft_shunnedmessages`
--

DROP TABLE IF EXISTS `craft_shunnedmessages`;
/*!40101 SET @saved_cs_client     = @@character_set_client */;
/*!40101 SET character_set_client = utf8 */;
CREATE TABLE `craft_shunnedmessages` (
  `id` int(11) NOT NULL AUTO_INCREMENT,
  `userId` int(11) NOT NULL,
  `message` varchar(255) COLLATE utf8_unicode_ci NOT NULL,
  `expiryDate` datetime DEFAULT NULL,
  `dateCreated` datetime NOT NULL,
  `dateUpdated` datetime NOT NULL,
  `uid` char(36) COLLATE utf8_unicode_ci NOT NULL DEFAULT '0',
  PRIMARY KEY (`id`),
  UNIQUE KEY `craft_shunnedmessages_userId_message_unq_idx` (`userId`,`message`),
  CONSTRAINT `craft_shunnedmessages_userId_fk` FOREIGN KEY (`userId`) REFERENCES `craft_users` (`id`) ON DELETE CASCADE
) ENGINE=InnoDB DEFAULT CHARSET=utf8 COLLATE=utf8_unicode_ci;
/*!40101 SET character_set_client = @saved_cs_client */;

--
-- Dumping data for table `craft_shunnedmessages`
--

LOCK TABLES `craft_shunnedmessages` WRITE;
/*!40000 ALTER TABLE `craft_shunnedmessages` DISABLE KEYS */;
/*!40000 ALTER TABLE `craft_shunnedmessages` ENABLE KEYS */;
UNLOCK TABLES;

--
-- Table structure for table `craft_structureelements`
--

DROP TABLE IF EXISTS `craft_structureelements`;
/*!40101 SET @saved_cs_client     = @@character_set_client */;
/*!40101 SET character_set_client = utf8 */;
CREATE TABLE `craft_structureelements` (
  `id` int(11) NOT NULL AUTO_INCREMENT,
  `structureId` int(11) NOT NULL,
  `elementId` int(11) DEFAULT NULL,
  `root` int(11) unsigned DEFAULT NULL,
  `lft` int(11) unsigned NOT NULL,
  `rgt` int(11) unsigned NOT NULL,
  `level` smallint(6) unsigned NOT NULL,
  `dateCreated` datetime NOT NULL,
  `dateUpdated` datetime NOT NULL,
  `uid` char(36) COLLATE utf8_unicode_ci NOT NULL DEFAULT '0',
  PRIMARY KEY (`id`),
  UNIQUE KEY `craft_structureelements_structureId_elementId_unq_idx` (`structureId`,`elementId`),
  KEY `craft_structureelements_root_idx` (`root`),
  KEY `craft_structureelements_lft_idx` (`lft`),
  KEY `craft_structureelements_rgt_idx` (`rgt`),
  KEY `craft_structureelements_level_idx` (`level`),
  KEY `craft_structureelements_elementId_fk` (`elementId`),
  CONSTRAINT `craft_structureelements_elementId_fk` FOREIGN KEY (`elementId`) REFERENCES `craft_elements` (`id`) ON DELETE CASCADE,
  CONSTRAINT `craft_structureelements_structureId_fk` FOREIGN KEY (`structureId`) REFERENCES `craft_structures` (`id`) ON DELETE CASCADE
) ENGINE=InnoDB DEFAULT CHARSET=utf8 COLLATE=utf8_unicode_ci;
/*!40101 SET character_set_client = @saved_cs_client */;

--
-- Dumping data for table `craft_structureelements`
--

LOCK TABLES `craft_structureelements` WRITE;
/*!40000 ALTER TABLE `craft_structureelements` DISABLE KEYS */;
/*!40000 ALTER TABLE `craft_structureelements` ENABLE KEYS */;
UNLOCK TABLES;

--
-- Table structure for table `craft_structures`
--

DROP TABLE IF EXISTS `craft_structures`;
/*!40101 SET @saved_cs_client     = @@character_set_client */;
/*!40101 SET character_set_client = utf8 */;
CREATE TABLE `craft_structures` (
  `id` int(11) NOT NULL AUTO_INCREMENT,
  `maxLevels` smallint(6) unsigned DEFAULT NULL,
  `dateCreated` datetime NOT NULL,
  `dateUpdated` datetime NOT NULL,
  `uid` char(36) COLLATE utf8_unicode_ci NOT NULL DEFAULT '0',
  PRIMARY KEY (`id`)
) ENGINE=InnoDB DEFAULT CHARSET=utf8 COLLATE=utf8_unicode_ci;
/*!40101 SET character_set_client = @saved_cs_client */;

--
-- Dumping data for table `craft_structures`
--

LOCK TABLES `craft_structures` WRITE;
/*!40000 ALTER TABLE `craft_structures` DISABLE KEYS */;
/*!40000 ALTER TABLE `craft_structures` ENABLE KEYS */;
UNLOCK TABLES;

--
-- Table structure for table `craft_systemsettings`
--

DROP TABLE IF EXISTS `craft_systemsettings`;
/*!40101 SET @saved_cs_client     = @@character_set_client */;
/*!40101 SET character_set_client = utf8 */;
CREATE TABLE `craft_systemsettings` (
  `id` int(11) NOT NULL AUTO_INCREMENT,
  `category` varchar(15) COLLATE utf8_unicode_ci NOT NULL,
  `settings` text COLLATE utf8_unicode_ci,
  `dateCreated` datetime NOT NULL,
  `dateUpdated` datetime NOT NULL,
  `uid` char(36) COLLATE utf8_unicode_ci NOT NULL DEFAULT '0',
  PRIMARY KEY (`id`),
  UNIQUE KEY `craft_systemsettings_category_unq_idx` (`category`)
) ENGINE=InnoDB AUTO_INCREMENT=2 DEFAULT CHARSET=utf8 COLLATE=utf8_unicode_ci;
/*!40101 SET character_set_client = @saved_cs_client */;

--
-- Dumping data for table `craft_systemsettings`
--

LOCK TABLES `craft_systemsettings` WRITE;
/*!40000 ALTER TABLE `craft_systemsettings` DISABLE KEYS */;
INSERT INTO `craft_systemsettings` VALUES (1,'email','{\"protocol\":\"php\",\"emailAddress\":\"branden@d-i.co\",\"senderName\":\"The Gathering Place\"}','2015-01-25 16:17:44','2015-01-25 16:17:44','1d32fddc-acb2-4c3e-912b-8c4ab0bf416a');
/*!40000 ALTER TABLE `craft_systemsettings` ENABLE KEYS */;
UNLOCK TABLES;

--
-- Table structure for table `craft_taggroups`
--

DROP TABLE IF EXISTS `craft_taggroups`;
/*!40101 SET @saved_cs_client     = @@character_set_client */;
/*!40101 SET character_set_client = utf8 */;
CREATE TABLE `craft_taggroups` (
  `id` int(11) NOT NULL AUTO_INCREMENT,
  `name` varchar(255) COLLATE utf8_unicode_ci NOT NULL,
  `handle` varchar(255) COLLATE utf8_unicode_ci NOT NULL,
  `fieldLayoutId` int(10) DEFAULT NULL,
  `dateCreated` datetime NOT NULL,
  `dateUpdated` datetime NOT NULL,
  `uid` char(36) COLLATE utf8_unicode_ci NOT NULL DEFAULT '0',
  PRIMARY KEY (`id`),
  UNIQUE KEY `craft_taggroups_name_unq_idx` (`name`),
  UNIQUE KEY `craft_taggroups_handle_unq_idx` (`handle`),
  KEY `craft_taggroups_fieldLayoutId_fk` (`fieldLayoutId`),
  CONSTRAINT `craft_taggroups_fieldLayoutId_fk` FOREIGN KEY (`fieldLayoutId`) REFERENCES `craft_fieldlayouts` (`id`) ON DELETE SET NULL
) ENGINE=InnoDB AUTO_INCREMENT=2 DEFAULT CHARSET=utf8 COLLATE=utf8_unicode_ci;
/*!40101 SET character_set_client = @saved_cs_client */;

--
-- Dumping data for table `craft_taggroups`
--

LOCK TABLES `craft_taggroups` WRITE;
/*!40000 ALTER TABLE `craft_taggroups` DISABLE KEYS */;
INSERT INTO `craft_taggroups` VALUES (1,'Default','default',1,'2015-01-25 16:17:44','2015-01-25 16:17:44','52db1a4a-4692-4637-adfc-56be8088897c');
/*!40000 ALTER TABLE `craft_taggroups` ENABLE KEYS */;
UNLOCK TABLES;

--
-- Table structure for table `craft_tags`
--

DROP TABLE IF EXISTS `craft_tags`;
/*!40101 SET @saved_cs_client     = @@character_set_client */;
/*!40101 SET character_set_client = utf8 */;
CREATE TABLE `craft_tags` (
  `id` int(11) NOT NULL,
  `groupId` int(11) NOT NULL,
  `dateCreated` datetime NOT NULL,
  `dateUpdated` datetime NOT NULL,
  `uid` char(36) COLLATE utf8_unicode_ci NOT NULL DEFAULT '0',
  PRIMARY KEY (`id`),
  KEY `craft_tags_groupId_fk` (`groupId`),
  CONSTRAINT `craft_tags_groupId_fk` FOREIGN KEY (`groupId`) REFERENCES `craft_taggroups` (`id`) ON DELETE CASCADE,
  CONSTRAINT `craft_tags_id_fk` FOREIGN KEY (`id`) REFERENCES `craft_elements` (`id`) ON DELETE CASCADE
) ENGINE=InnoDB DEFAULT CHARSET=utf8 COLLATE=utf8_unicode_ci;
/*!40101 SET character_set_client = @saved_cs_client */;

--
-- Dumping data for table `craft_tags`
--

LOCK TABLES `craft_tags` WRITE;
/*!40000 ALTER TABLE `craft_tags` DISABLE KEYS */;
/*!40000 ALTER TABLE `craft_tags` ENABLE KEYS */;
UNLOCK TABLES;

--
-- Table structure for table `craft_tasks`
--

DROP TABLE IF EXISTS `craft_tasks`;
/*!40101 SET @saved_cs_client     = @@character_set_client */;
/*!40101 SET character_set_client = utf8 */;
CREATE TABLE `craft_tasks` (
  `id` int(11) NOT NULL AUTO_INCREMENT,
  `root` int(11) unsigned DEFAULT NULL,
  `lft` int(11) unsigned NOT NULL,
  `rgt` int(11) unsigned NOT NULL,
  `level` smallint(6) unsigned NOT NULL,
  `currentStep` int(11) unsigned DEFAULT NULL,
  `totalSteps` int(11) unsigned DEFAULT NULL,
  `status` enum('pending','error','running') COLLATE utf8_unicode_ci DEFAULT NULL,
  `type` varchar(150) COLLATE utf8_unicode_ci NOT NULL,
  `description` varchar(255) COLLATE utf8_unicode_ci DEFAULT NULL,
  `settings` text COLLATE utf8_unicode_ci,
  `dateCreated` datetime NOT NULL,
  `dateUpdated` datetime NOT NULL,
  `uid` char(36) COLLATE utf8_unicode_ci NOT NULL DEFAULT '0',
  PRIMARY KEY (`id`),
  KEY `craft_tasks_root_idx` (`root`),
  KEY `craft_tasks_lft_idx` (`lft`),
  KEY `craft_tasks_rgt_idx` (`rgt`),
  KEY `craft_tasks_level_idx` (`level`)
) ENGINE=InnoDB AUTO_INCREMENT=2 DEFAULT CHARSET=utf8 COLLATE=utf8_unicode_ci;
/*!40101 SET character_set_client = @saved_cs_client */;

--
-- Dumping data for table `craft_tasks`
--

LOCK TABLES `craft_tasks` WRITE;
/*!40000 ALTER TABLE `craft_tasks` DISABLE KEYS */;
/*!40000 ALTER TABLE `craft_tasks` ENABLE KEYS */;
UNLOCK TABLES;

--
-- Table structure for table `craft_templatecachecriteria`
--

DROP TABLE IF EXISTS `craft_templatecachecriteria`;
/*!40101 SET @saved_cs_client     = @@character_set_client */;
/*!40101 SET character_set_client = utf8 */;
CREATE TABLE `craft_templatecachecriteria` (
  `id` int(11) NOT NULL AUTO_INCREMENT,
  `cacheId` int(11) NOT NULL,
  `type` varchar(150) COLLATE utf8_unicode_ci NOT NULL,
  `criteria` text COLLATE utf8_unicode_ci NOT NULL,
  PRIMARY KEY (`id`),
  KEY `craft_templatecachecriteria_cacheId_fk` (`cacheId`),
  KEY `craft_templatecachecriteria_type_idx` (`type`),
  CONSTRAINT `craft_templatecachecriteria_cacheId_fk` FOREIGN KEY (`cacheId`) REFERENCES `craft_templatecaches` (`id`) ON DELETE CASCADE
) ENGINE=InnoDB DEFAULT CHARSET=utf8 COLLATE=utf8_unicode_ci;
/*!40101 SET character_set_client = @saved_cs_client */;

--
-- Dumping data for table `craft_templatecachecriteria`
--

LOCK TABLES `craft_templatecachecriteria` WRITE;
/*!40000 ALTER TABLE `craft_templatecachecriteria` DISABLE KEYS */;
/*!40000 ALTER TABLE `craft_templatecachecriteria` ENABLE KEYS */;
UNLOCK TABLES;

--
-- Table structure for table `craft_templatecacheelements`
--

DROP TABLE IF EXISTS `craft_templatecacheelements`;
/*!40101 SET @saved_cs_client     = @@character_set_client */;
/*!40101 SET character_set_client = utf8 */;
CREATE TABLE `craft_templatecacheelements` (
  `cacheId` int(11) NOT NULL,
  `elementId` int(11) NOT NULL,
  KEY `craft_templatecacheelements_cacheId_fk` (`cacheId`),
  KEY `craft_templatecacheelements_elementId_fk` (`elementId`),
  CONSTRAINT `craft_templatecacheelements_elementId_fk` FOREIGN KEY (`elementId`) REFERENCES `craft_elements` (`id`) ON DELETE CASCADE,
  CONSTRAINT `craft_templatecacheelements_cacheId_fk` FOREIGN KEY (`cacheId`) REFERENCES `craft_templatecaches` (`id`) ON DELETE CASCADE
) ENGINE=InnoDB DEFAULT CHARSET=utf8 COLLATE=utf8_unicode_ci;
/*!40101 SET character_set_client = @saved_cs_client */;

--
-- Dumping data for table `craft_templatecacheelements`
--

LOCK TABLES `craft_templatecacheelements` WRITE;
/*!40000 ALTER TABLE `craft_templatecacheelements` DISABLE KEYS */;
/*!40000 ALTER TABLE `craft_templatecacheelements` ENABLE KEYS */;
UNLOCK TABLES;

--
-- Table structure for table `craft_templatecaches`
--

DROP TABLE IF EXISTS `craft_templatecaches`;
/*!40101 SET @saved_cs_client     = @@character_set_client */;
/*!40101 SET character_set_client = utf8 */;
CREATE TABLE `craft_templatecaches` (
  `id` int(11) NOT NULL AUTO_INCREMENT,
  `cacheKey` varchar(255) COLLATE utf8_unicode_ci NOT NULL,
  `locale` char(12) COLLATE utf8_unicode_ci NOT NULL,
  `path` varchar(255) COLLATE utf8_unicode_ci DEFAULT NULL,
  `expiryDate` datetime NOT NULL,
  `body` mediumtext COLLATE utf8_unicode_ci NOT NULL,
  PRIMARY KEY (`id`),
  KEY `craft_templatecaches_expiryDate_cacheKey_locale_path_idx` (`expiryDate`,`cacheKey`,`locale`,`path`),
  KEY `craft_templatecaches_locale_fk` (`locale`),
  CONSTRAINT `craft_templatecaches_locale_fk` FOREIGN KEY (`locale`) REFERENCES `craft_locales` (`locale`) ON DELETE CASCADE ON UPDATE CASCADE
) ENGINE=InnoDB DEFAULT CHARSET=utf8 COLLATE=utf8_unicode_ci;
/*!40101 SET character_set_client = @saved_cs_client */;

--
-- Dumping data for table `craft_templatecaches`
--

LOCK TABLES `craft_templatecaches` WRITE;
/*!40000 ALTER TABLE `craft_templatecaches` DISABLE KEYS */;
/*!40000 ALTER TABLE `craft_templatecaches` ENABLE KEYS */;
UNLOCK TABLES;

--
-- Table structure for table `craft_tokens`
--

DROP TABLE IF EXISTS `craft_tokens`;
/*!40101 SET @saved_cs_client     = @@character_set_client */;
/*!40101 SET character_set_client = utf8 */;
CREATE TABLE `craft_tokens` (
  `id` int(11) NOT NULL AUTO_INCREMENT,
  `token` char(32) COLLATE utf8_unicode_ci NOT NULL,
  `route` text COLLATE utf8_unicode_ci,
  `usageLimit` tinyint(3) unsigned DEFAULT NULL,
  `usageCount` tinyint(3) unsigned DEFAULT NULL,
  `expiryDate` datetime NOT NULL,
  `dateCreated` datetime NOT NULL,
  `dateUpdated` datetime NOT NULL,
  `uid` char(36) COLLATE utf8_unicode_ci NOT NULL DEFAULT '0',
  PRIMARY KEY (`id`),
  UNIQUE KEY `craft_tokens_token_unq_idx` (`token`),
  KEY `craft_tokens_expiryDate_idx` (`expiryDate`)
) ENGINE=InnoDB DEFAULT CHARSET=utf8 COLLATE=utf8_unicode_ci;
/*!40101 SET character_set_client = @saved_cs_client */;

--
-- Dumping data for table `craft_tokens`
--

LOCK TABLES `craft_tokens` WRITE;
/*!40000 ALTER TABLE `craft_tokens` DISABLE KEYS */;
/*!40000 ALTER TABLE `craft_tokens` ENABLE KEYS */;
UNLOCK TABLES;

--
-- Table structure for table `craft_usergroups`
--

DROP TABLE IF EXISTS `craft_usergroups`;
/*!40101 SET @saved_cs_client     = @@character_set_client */;
/*!40101 SET character_set_client = utf8 */;
CREATE TABLE `craft_usergroups` (
  `id` int(11) NOT NULL AUTO_INCREMENT,
  `name` varchar(255) COLLATE utf8_unicode_ci NOT NULL,
  `handle` varchar(255) COLLATE utf8_unicode_ci NOT NULL,
  `dateCreated` datetime NOT NULL,
  `dateUpdated` datetime NOT NULL,
  `uid` char(36) COLLATE utf8_unicode_ci NOT NULL DEFAULT '0',
  PRIMARY KEY (`id`)
) ENGINE=InnoDB DEFAULT CHARSET=utf8 COLLATE=utf8_unicode_ci;
/*!40101 SET character_set_client = @saved_cs_client */;

--
-- Dumping data for table `craft_usergroups`
--

LOCK TABLES `craft_usergroups` WRITE;
/*!40000 ALTER TABLE `craft_usergroups` DISABLE KEYS */;
/*!40000 ALTER TABLE `craft_usergroups` ENABLE KEYS */;
UNLOCK TABLES;

--
-- Table structure for table `craft_usergroups_users`
--

DROP TABLE IF EXISTS `craft_usergroups_users`;
/*!40101 SET @saved_cs_client     = @@character_set_client */;
/*!40101 SET character_set_client = utf8 */;
CREATE TABLE `craft_usergroups_users` (
  `id` int(11) NOT NULL AUTO_INCREMENT,
  `groupId` int(11) NOT NULL,
  `userId` int(11) NOT NULL,
  `dateCreated` datetime NOT NULL,
  `dateUpdated` datetime NOT NULL,
  `uid` char(36) COLLATE utf8_unicode_ci NOT NULL DEFAULT '0',
  PRIMARY KEY (`id`),
  UNIQUE KEY `craft_usergroups_users_groupId_userId_unq_idx` (`groupId`,`userId`),
  KEY `craft_usergroups_users_userId_fk` (`userId`),
  CONSTRAINT `craft_usergroups_users_userId_fk` FOREIGN KEY (`userId`) REFERENCES `craft_users` (`id`) ON DELETE CASCADE,
  CONSTRAINT `craft_usergroups_users_groupId_fk` FOREIGN KEY (`groupId`) REFERENCES `craft_usergroups` (`id`) ON DELETE CASCADE
) ENGINE=InnoDB DEFAULT CHARSET=utf8 COLLATE=utf8_unicode_ci;
/*!40101 SET character_set_client = @saved_cs_client */;

--
-- Dumping data for table `craft_usergroups_users`
--

LOCK TABLES `craft_usergroups_users` WRITE;
/*!40000 ALTER TABLE `craft_usergroups_users` DISABLE KEYS */;
/*!40000 ALTER TABLE `craft_usergroups_users` ENABLE KEYS */;
UNLOCK TABLES;

--
-- Table structure for table `craft_userpermissions`
--

DROP TABLE IF EXISTS `craft_userpermissions`;
/*!40101 SET @saved_cs_client     = @@character_set_client */;
/*!40101 SET character_set_client = utf8 */;
CREATE TABLE `craft_userpermissions` (
  `id` int(11) NOT NULL AUTO_INCREMENT,
  `name` varchar(255) COLLATE utf8_unicode_ci NOT NULL,
  `dateCreated` datetime NOT NULL,
  `dateUpdated` datetime NOT NULL,
  `uid` char(36) COLLATE utf8_unicode_ci NOT NULL DEFAULT '0',
  PRIMARY KEY (`id`),
  UNIQUE KEY `craft_userpermissions_name_unq_idx` (`name`)
) ENGINE=InnoDB DEFAULT CHARSET=utf8 COLLATE=utf8_unicode_ci;
/*!40101 SET character_set_client = @saved_cs_client */;

--
-- Dumping data for table `craft_userpermissions`
--

LOCK TABLES `craft_userpermissions` WRITE;
/*!40000 ALTER TABLE `craft_userpermissions` DISABLE KEYS */;
/*!40000 ALTER TABLE `craft_userpermissions` ENABLE KEYS */;
UNLOCK TABLES;

--
-- Table structure for table `craft_userpermissions_usergroups`
--

DROP TABLE IF EXISTS `craft_userpermissions_usergroups`;
/*!40101 SET @saved_cs_client     = @@character_set_client */;
/*!40101 SET character_set_client = utf8 */;
CREATE TABLE `craft_userpermissions_usergroups` (
  `id` int(11) NOT NULL AUTO_INCREMENT,
  `permissionId` int(11) NOT NULL,
  `groupId` int(11) NOT NULL,
  `dateCreated` datetime NOT NULL,
  `dateUpdated` datetime NOT NULL,
  `uid` char(36) COLLATE utf8_unicode_ci NOT NULL DEFAULT '0',
  PRIMARY KEY (`id`),
  UNIQUE KEY `craft_userpermissions_usergroups_permissionId_groupId_unq_idx` (`permissionId`,`groupId`),
  KEY `craft_userpermissions_usergroups_groupId_fk` (`groupId`),
  CONSTRAINT `craft_userpermissions_usergroups_groupId_fk` FOREIGN KEY (`groupId`) REFERENCES `craft_usergroups` (`id`) ON DELETE CASCADE,
  CONSTRAINT `craft_userpermissions_usergroups_permissionId_fk` FOREIGN KEY (`permissionId`) REFERENCES `craft_userpermissions` (`id`) ON DELETE CASCADE
) ENGINE=InnoDB DEFAULT CHARSET=utf8 COLLATE=utf8_unicode_ci;
/*!40101 SET character_set_client = @saved_cs_client */;

--
-- Dumping data for table `craft_userpermissions_usergroups`
--

LOCK TABLES `craft_userpermissions_usergroups` WRITE;
/*!40000 ALTER TABLE `craft_userpermissions_usergroups` DISABLE KEYS */;
/*!40000 ALTER TABLE `craft_userpermissions_usergroups` ENABLE KEYS */;
UNLOCK TABLES;

--
-- Table structure for table `craft_userpermissions_users`
--

DROP TABLE IF EXISTS `craft_userpermissions_users`;
/*!40101 SET @saved_cs_client     = @@character_set_client */;
/*!40101 SET character_set_client = utf8 */;
CREATE TABLE `craft_userpermissions_users` (
  `id` int(11) NOT NULL AUTO_INCREMENT,
  `permissionId` int(11) NOT NULL,
  `userId` int(11) NOT NULL,
  `dateCreated` datetime NOT NULL,
  `dateUpdated` datetime NOT NULL,
  `uid` char(36) COLLATE utf8_unicode_ci NOT NULL DEFAULT '0',
  PRIMARY KEY (`id`),
  UNIQUE KEY `craft_userpermissions_users_permissionId_userId_unq_idx` (`permissionId`,`userId`),
  KEY `craft_userpermissions_users_userId_fk` (`userId`),
  CONSTRAINT `craft_userpermissions_users_userId_fk` FOREIGN KEY (`userId`) REFERENCES `craft_users` (`id`) ON DELETE CASCADE,
  CONSTRAINT `craft_userpermissions_users_permissionId_fk` FOREIGN KEY (`permissionId`) REFERENCES `craft_userpermissions` (`id`) ON DELETE CASCADE
) ENGINE=InnoDB DEFAULT CHARSET=utf8 COLLATE=utf8_unicode_ci;
/*!40101 SET character_set_client = @saved_cs_client */;

--
-- Dumping data for table `craft_userpermissions_users`
--

LOCK TABLES `craft_userpermissions_users` WRITE;
/*!40000 ALTER TABLE `craft_userpermissions_users` DISABLE KEYS */;
/*!40000 ALTER TABLE `craft_userpermissions_users` ENABLE KEYS */;
UNLOCK TABLES;

--
-- Table structure for table `craft_users`
--

DROP TABLE IF EXISTS `craft_users`;
/*!40101 SET @saved_cs_client     = @@character_set_client */;
/*!40101 SET character_set_client = utf8 */;
CREATE TABLE `craft_users` (
  `id` int(11) NOT NULL,
  `username` varchar(100) COLLATE utf8_unicode_ci NOT NULL,
  `photo` varchar(50) COLLATE utf8_unicode_ci DEFAULT NULL,
  `firstName` varchar(100) COLLATE utf8_unicode_ci DEFAULT NULL,
  `lastName` varchar(100) COLLATE utf8_unicode_ci DEFAULT NULL,
  `email` varchar(255) COLLATE utf8_unicode_ci NOT NULL,
  `password` char(255) COLLATE utf8_unicode_ci DEFAULT NULL,
  `preferredLocale` char(12) COLLATE utf8_unicode_ci DEFAULT NULL,
  `weekStartDay` tinyint(1) unsigned NOT NULL DEFAULT '0',
  `admin` tinyint(1) unsigned NOT NULL DEFAULT '0',
  `client` tinyint(1) unsigned NOT NULL DEFAULT '0',
  `locked` tinyint(1) unsigned NOT NULL DEFAULT '0',
  `suspended` tinyint(1) unsigned NOT NULL DEFAULT '0',
  `pending` tinyint(1) unsigned NOT NULL DEFAULT '0',
  `archived` tinyint(1) unsigned NOT NULL DEFAULT '0',
  `lastLoginDate` datetime DEFAULT NULL,
  `lastLoginAttemptIPAddress` varchar(45) COLLATE utf8_unicode_ci DEFAULT NULL,
  `invalidLoginWindowStart` datetime DEFAULT NULL,
  `invalidLoginCount` tinyint(4) unsigned DEFAULT NULL,
  `lastInvalidLoginDate` datetime DEFAULT NULL,
  `lockoutDate` datetime DEFAULT NULL,
  `verificationCode` char(100) COLLATE utf8_unicode_ci DEFAULT NULL,
  `verificationCodeIssuedDate` datetime DEFAULT NULL,
  `unverifiedEmail` varchar(255) COLLATE utf8_unicode_ci DEFAULT NULL,
  `passwordResetRequired` tinyint(1) unsigned NOT NULL DEFAULT '0',
  `lastPasswordChangeDate` datetime DEFAULT NULL,
  `dateCreated` datetime NOT NULL,
  `dateUpdated` datetime NOT NULL,
  `uid` char(36) COLLATE utf8_unicode_ci NOT NULL DEFAULT '0',
  PRIMARY KEY (`id`),
  UNIQUE KEY `craft_users_username_unq_idx` (`username`),
  UNIQUE KEY `craft_users_email_unq_idx` (`email`),
  KEY `craft_users_verificationCode_idx` (`verificationCode`),
  KEY `craft_users_uid_idx` (`uid`),
  KEY `craft_users_preferredLocale_fk` (`preferredLocale`),
  CONSTRAINT `craft_users_preferredLocale_fk` FOREIGN KEY (`preferredLocale`) REFERENCES `craft_locales` (`locale`) ON DELETE SET NULL ON UPDATE CASCADE,
  CONSTRAINT `craft_users_id_fk` FOREIGN KEY (`id`) REFERENCES `craft_elements` (`id`) ON DELETE CASCADE
) ENGINE=InnoDB DEFAULT CHARSET=utf8 COLLATE=utf8_unicode_ci;
/*!40101 SET character_set_client = @saved_cs_client */;

--
-- Dumping data for table `craft_users`
--

LOCK TABLES `craft_users` WRITE;
/*!40000 ALTER TABLE `craft_users` DISABLE KEYS */;
INSERT INTO `craft_users` VALUES (1,'thegatheringplaceadmin',NULL,NULL,NULL,'branden@d-i.co','$2a$13$McoCQ2XFZ1EMRrEH5RljwOlQY4G24BnOc0bWzAZAl5xjzyHbmGeqS',NULL,0,1,0,0,0,0,0,'2015-01-26 13:40:06','107.10.198.163',NULL,NULL,NULL,NULL,NULL,NULL,NULL,0,'2015-01-25 16:17:43','2015-01-25 16:17:43','2015-01-26 13:40:06','3838043b-f60e-43fb-a66b-e266068bef6c');
/*!40000 ALTER TABLE `craft_users` ENABLE KEYS */;
UNLOCK TABLES;

--
-- Table structure for table `craft_widgets`
--

DROP TABLE IF EXISTS `craft_widgets`;
/*!40101 SET @saved_cs_client     = @@character_set_client */;
/*!40101 SET character_set_client = utf8 */;
CREATE TABLE `craft_widgets` (
  `id` int(11) NOT NULL AUTO_INCREMENT,
  `userId` int(11) NOT NULL,
  `type` varchar(150) COLLATE utf8_unicode_ci NOT NULL,
  `sortOrder` tinyint(4) DEFAULT NULL,
  `settings` text COLLATE utf8_unicode_ci,
  `enabled` tinyint(1) unsigned NOT NULL DEFAULT '1',
  `dateCreated` datetime NOT NULL,
  `dateUpdated` datetime NOT NULL,
  `uid` char(36) COLLATE utf8_unicode_ci NOT NULL DEFAULT '0',
  PRIMARY KEY (`id`),
  KEY `craft_widgets_userId_fk` (`userId`),
  CONSTRAINT `craft_widgets_userId_fk` FOREIGN KEY (`userId`) REFERENCES `craft_users` (`id`) ON DELETE CASCADE
) ENGINE=InnoDB AUTO_INCREMENT=5 DEFAULT CHARSET=utf8 COLLATE=utf8_unicode_ci;
/*!40101 SET character_set_client = @saved_cs_client */;

--
-- Dumping data for table `craft_widgets`
--

LOCK TABLES `craft_widgets` WRITE;
/*!40000 ALTER TABLE `craft_widgets` DISABLE KEYS */;
INSERT INTO `craft_widgets` VALUES (1,1,'RecentEntries',1,NULL,1,'2015-01-25 16:17:51','2015-01-25 16:17:51','77292e9e-6f86-41fb-be98-0fdcf8ac3855'),(2,1,'GetHelp',2,NULL,1,'2015-01-25 16:17:51','2015-01-25 16:17:51','225cf480-a676-4bbf-bee1-b64ac489198f'),(3,1,'Updates',3,NULL,1,'2015-01-25 16:17:51','2015-01-25 16:17:51','3caa8f81-744a-42a2-a51f-1b5795e6a3bd'),(4,1,'Feed',4,'{\"url\":\"http:\\/\\/feeds.feedburner.com\\/blogandtonic\",\"title\":\"Blog & Tonic\"}',0,'2015-01-25 16:17:51','2015-01-25 16:54:50','7a14c28e-6599-490d-b7e0-5032c700ff07');
/*!40000 ALTER TABLE `craft_widgets` ENABLE KEYS */;
UNLOCK TABLES;
/*!40103 SET TIME_ZONE=@OLD_TIME_ZONE */;

/*!40101 SET SQL_MODE=@OLD_SQL_MODE */;
/*!40014 SET FOREIGN_KEY_CHECKS=@OLD_FOREIGN_KEY_CHECKS */;
/*!40014 SET UNIQUE_CHECKS=@OLD_UNIQUE_CHECKS */;
/*!40101 SET CHARACTER_SET_CLIENT=@OLD_CHARACTER_SET_CLIENT */;
/*!40101 SET CHARACTER_SET_RESULTS=@OLD_CHARACTER_SET_RESULTS */;
/*!40101 SET COLLATION_CONNECTION=@OLD_COLLATION_CONNECTION */;
/*!40111 SET SQL_NOTES=@OLD_SQL_NOTES */;

-- Dump completed on 2015-01-26 13:59:07
